0.007383441181,0.01278283867,0.005208333333,-0.03828468468,-0.0120978669,-0.05607859683,-0.04147450148,-0.03296660176,-0.02332350636,0.01095487247,-0.1563132774,-0.02146696663,0.04463987532,-0.02163288376,-0.01248,0.004830917874,-0.04195556186,-0.01164294955,0.02465233881,-0.02702101635,-0.01565044563,-0.00931933467,-0.02783476626,-0.02688323475,-0.008618019741,0.006533465434,0.05111503015,0.004273504274
0.01465865107,0.06049615552,-0.0414507772,0.01404397548,0.008150949311,0.00395897986,0.01442302145,0.03977134394,0.07164144888,0.01444051662,0.06030086144,-0.01096895347,0.05594629156,0.03026698837,0.009478289047,0.009615384615,0.009125067096,0.04581151832,-0.1082665022,0.01587301587,0.02384891459,0.04191474161,0.0633932077,0.05025085225,-0.04347826087,0.01298758114,0.05497523882,0.04680851064
0.06160214268,0.02845417237,0.005405405405,0.02310216389,0.01012574583,0.01183010444,0.01894969119,0.0163956818,0.03620708097,0.02669339042,0.02526273242,0.01478747442,0.09032192956,0.01242399921,0.006259529733,0.02619047619,-0.009042553191,-0.0112640801,0.0674507091,0,0.01708285365,0.1072,0.03076930177,0.04066571739,0.01817613814,0.02243551678,-0.01804563352,-0.002035772358
0.1570336391,0.07621707901,0.02150537634,0.02934165475,0.04007773117,0.05263819569,-0.03720571984,-0.01344346641,0.01613763441,0.04505523759,-0.01233983836,0.009110409065,0.06571640133,0.03237296787,0.08413749103,0.01160092807,0.03466785126,0.1430379747,-0.03791315619,0.0234375,0.0152681055,0.04830718415,0.06716544881,0.03217643337,0,-0.01880695678,0.004088189964,0.002039925181
-0.002973437294,-0.04288715857,-0.03684210526,-0.01973333333,-0.01348576503,0.009255941717,-0.05797101449,0.002724358195,-0.010581921,-0.01326710395,-0.01872106019,-0.03971119134,0.002692374501,-0.02378397711,-0.02015595115,-0.0447266055,-0.01586762075,-0.06755260244,-0.01313573594,-0.04199083969,0.007514248575,0.007680189051,0.006994063228,0.008908717715,-0.04018019023,-0.02236380464,0.006100813008,-0.05284552846
-0.04731923918,0,0.01092896175,0.004467098104,0,-0.007336843974,-0.05640615385,0.03533013444,0.008008487628,0.02185698305,0,0.007518796992,-0.02139454309,-0.01550596425,-0.02342342342,0.01680675497,0.008961518187,-0.05106888361,0.05324232082,0.007968178283,-0.02686541983,0.0267735001,-0.00867873273,-0.006611943883,-0.03256273521,0.009802950242,-0.02828920149,0.02575107296
0.02177391304,0.02685950413,-0.005405405405,0.03563487086,0.007819531953,0.0314239733,0.01086517015,-0.009189531151,0.03449563712,0.04275789474,-0.01269169751,0.01305671642,0.03279341476,0.02361980649,-0.002998154982,-0.0035400303,0.04262602241,-0.0225281602,0.02527543746,0.007905188333,0.004604582146,-0.01674914351,0.01400838065,0.004437301779,0.02885250826,-0.003237745352,0.00207568258,-0.004184100418
0.06379357298,0.0611167002,-0.008147826087,0.004307971812,0.03486835985,0.02149767109,0.03763870968,0.0344410076,0.04870524139,0.01419313157,0.01499732191,-0.01104975632,-0.007927325706,0.004394687881,0.02405736757,0.05094597156,0.008518800111,-0.01024327785,0.02465233881,0.03137274587,0.01679085538,0.03590785908,0.01209059031,0.0199079646,0.07008656808,0.01298758114,0,0.008403361345
-0.091456,-0.02879829343,0.002735330475,-0.02142005509,-0.033693522,-0.04560935043,-0.01554397702,-0.03457451672,-0.0488999468,-0.04353625035,-0.04014613355,-0.04841727648,-0.037361783,-0.02734928087,-0.07055191627,-0.01352877299,-0.008446843142,0.01034928849,-0.03608883405,-0.05323226301,-0.03303214856,-0.04017565169,-0.04436908989,-0.0303619275,-0.04803416005,-0.08333423306,0.006227427236,-0.04583333333
-0.009368836292,-0.01696156193,-0.01092896175,-0.008752765874,-0.007758861289,0.03860106698,-0.0157894072,-0.007956278356,0.02056563729,-0.008137865007,0,0.03131125264,0.03602997263,-0.005625848255,0,-0.003426749123,-0.001702032071,0.05633802817,0.07488,-0.0281062047,-0.01397500297,0.04565365521,-0.003569821509,-0.01566347861,-0.004585775498,0.04195989517,0.01237777279,-0.01092052402
0.05390030577,0.1035253227,0.02762430939,0.04857235699,0.02734023402,0.06194781179,0.08555257518,0.05882352941,0.03275781464,0.0327975491,0.00879641377,0.02277046761,0.1016024253,0.02488717666,0.09178548283,0.01376146789,0.01023825802,0.05212121212,0.1860672819,0.04958677686,0.007874510461,0.04366039844,0.05196721029,0.02954181818,-0.009213803429,0.01678064771,0.04887967779,-0.006619007926
0.006072464746,0.02733408324,0.03225806452,0.02104582385,0.04183550542,0.009996452872,0.02955676673,0.06565492615,0.06340633439,0.0666612487,0.05676196864,0.04267470924,0.0121481365,-0.005520292984,0.03183201009,0.03393665158,0.05743167995,-0.01036866359,0.0296184739,0.02362204724,0.04687272727,0,0.06303481265,0.02428617849,0.08837418811,0.06600370208,0.04465073507,0.04888888889
-0.05391992489,0.06843315449,-0.0026,0.01855346327,-0.001839587932,0.02475442461,0.02870824386,0.002369287268,0.03211743119,0.03571428571,0.0186052047,-0.003558718861,0.1270926393,0.03218246811,0.02250826981,0.02407002188,0.04153636761,-0.009313154831,0.04753778645,0.03076923077,-0.02089587789,0.06270627063,0.01442235581,-0.002151724138,0.02564650281,0.006194824089,-0.00371154624,0
0.02530658538,0.05697888912,-0.02872468418,0.01417337116,0,0.001609737353,0.009309802083,-0.03545952608,-0.02001052437,0.008625287356,0.01421505628,-0.03214285714,-0.01488782438,0.01183339088,0.04395527112,-0.00641025641,0.03067026548,-0.02115158637,0.06353269723,0.02611343284,0.004576508271,0.04918583179,0.03317751163,-0.01943492204,-0.02083984172,-0.03692455989,0.009325373134,-0.004237288136
0.006222345133,0.03703703704,0.0376344086,0.03992028717,0.02925947379,0.06430674796,0.04607540617,0.02696079504,0.09977360462,0.05982422872,0.02999001613,0.03874243542,0.05614832954,0.09033378831,0.02101859337,0.03548215054,0.00297349514,0.07322929172,0.04288840263,0.0581821567,0.03186438968,-0.02496,0.05657324027,0.05726127041,0.07659891257,0.02236380464,-0.007393737209,0.01276595745
-0.04294352068,-0.02767389678,-0.007767875648,-0.01727145419,-0.0213165075,-0.02114061922,-0.02643181121,-0.01670373874,-0.004117126984,-0.04301075269,0.001938634754,0.003552407964,-0.03885392514,-0.01267023254,-0.02058590657,-0.004153693298,-0.04154313835,-0.02460850112,-0.07385648342,-0.02749156009,-0.02205533635,-0.03208073515,0.01586838513,-0.02708,-0.03162314009,-0.009374078909,-0.01861607036,0.03361344538
0.006389546988,0,-0.007837042978,-0.0097625,0.003624324795,0.01851188343,-0.0588165025,-0.02913008433,0.0248446382,-0.008431460674,0.001934883721,0.005312581416,0.02340007582,0.003947823414,-0.01057666397,-0.009383123058,0.009295241684,0.07568807339,0.05301314001,-0.00352793514,0.03909609039,0.00661185047,0.008547008547,0.008565281147,0,-0.009462783791,-0.01898134655,-0.0243902439
0.05093451277,-0.005,-0.005263157895,0.02168671657,0.003628598215,-0.004543855535,-0.0576920858,-0.02499598279,-0.02828920149,-0.0283196751,-0.01741746203,-0.02993239437,-0.04158809267,-0.006888699662,-0.03186491455,-0.01789642105,0.009201857484,-0.005330490405,0.1430722892,-0.02836879433,-0.02170900693,-0.02298947368,-0.02966101695,-0.01910481833,-0.004080383556,-0.04140428043,-0.09477476139,-0.0375
0.06665761607,-0.01005025126,0.01058201058,0.07529312922,0.01620910962,0.07458452356,0.04081207832,0.04102345767,0.03950449731,0.04080680673,0.01576082848,0.02359643876,0.004356839183,0.02079018102,0.04395527112,0.01607891289,0.05774448144,-0.004287245445,0.007340485601,0.04014014599,0.03254347655,0.04706085158,0.0327510917,-0.004335900704,0.0245826078,0.02325542356,-0.09401709402,0
0.0596919944,0.006833268255,-0.00784921466,-0.01794762786,0.01240977802,0.01132740776,0,-0.04926186361,0.048,-0.005593302379,0.04070697674,-0.0124141844,0.03666258527,0.03491982597,-0.01583131231,0.004219409283,-0.005741933603,-0.0182992465,0,0.01053198895,0.01289385315,0.1222423444,0.02114164905,0.01086608696,0.01200889733,-0.03571448102,0.009433962264,0.02164502165
-0.0214388662,0.06728718247,0.02901940256,0.03656296435,0.04728195988,0.007009366899,-0.05882352941,-0.0207266588,0.106870229,0.0225351097,0.01301440881,0.07540416633,0.07498397057,-0.009374686523,0.09631049353,0.02835966387,0.03756742495,0.1228070175,0.1313527653,0.04861111111,0.0169760924,0.07738575515,0.01242236025,0.03871669236,-0.02372044206,0.08081163234,-0.00233271028,0.02966101695
-0.09045719546,-0.09147892442,-0.01794461538,0.001760841592,-0.030087501,-0.03477597883,-0.0104125,-0.02116062235,-0.1034482759,0.01652003738,0.04044753468,0.02671125666,-0.1133574007,-0.06149370794,-0.1317432567,-0.05311551071,-0.01392911128,-0.109375,-0.1291494633,-0.1258278146,-0.009738187939,-0.03860294118,-0.08588957055,-0.008281546065,-0.02428412425,-0.02492313181,-0.02810293919,-0.02469135802
0.02111868295,-0.05559444056,0.06004779092,0.0088,0,0.001440413352,-0.0157894072,0.02972967756,-0.02307692308,-0.008134452616,0.04063909902,0.02764494997,-0.06231411981,-0.04938743882,-0.02524090321,-0.0323625154,0.01130356299,-0.009868421053,0.118528352,-0.02652121212,0.01264031827,-0.04284399122,0.04921700224,-0.00418203196,-0.03319765633,0.06389504725,-0.05783110234,0.0253164557
-0.06786044668,-0.1102170461,0.06896551724,-0.1064547475,-0.0896691,-0.1294971372,-0.08556540935,-0.03149558331,-0.09843149606,-0.09288824383,-0.06959611435,0.004744303797,-0.07691436339,-0.1314980292,-0.1412025083,-0.07357872656,-0.07821221136,-0.07751937984,-0.1522550017,-0.0933857954,-0.09153705335,-0.1589967446,-0.1385927505,-0.08385772363,-0.09870882105,-0.05104951697,-0.07418077062,-0.04526748971
0.009498830368,0.07436934793,-0.03455852535,0.0527375,0.02272975234,0.08099522429,0.1228070175,0,0.06113579833,0.07228915663,0.06019199776,-0.01574807118,0.08332310713,0.06471426874,0.02680182115,-0.001201446357,0.05302832378,-0.0156062425,0.1562,0.02146624183,0.02289708241,0.0412597871,0.04207920792,-0.05492010955,0.04284375418,-0.02215151079,0.03039142887,0.004310344828
-0.07836528334,-0.146195592,0.007156058593,-0.03525332763,-0.05554370244,-0.04281797921,-0.0520875,-0.01897190745,-0.06995272397,-0.05057078652,-0.04646397885,0.02400262145,-0.1048935206,-0.06421772655,-0.1306784908,-0.01445783133,-0.05179547428,0.04756097561,-0.08787407023,-0.04622521008,-0.02387816775,-0.03303480906,-0.0783847981,-0.04115851296,-0.09131110826,-0.02589106132,-0.02949503269,-0.04721030043
0.0272,0.0945647944,-0.05923791469,-0.005772307692,-0.003934487952,-0.03035110855,-0.04945076682,-0.06077345341,0.02654867257,-0.01478830569,0.009045539613,-0.06875,0.05859276133,0.01101810117,0.0901741892,0.0207804401,-0.01669219107,0.02095459837,0.01498198369,-0.004398268886,-0.03058293639,-0.07164700743,-0.002577319588,-0.002521212121,-0.02010989011,-0.02325542356,-0.01104982143,-0.01351351351
-0.01987835633,0.01244370704,0.007552614398,0.0154739357,-0.02360567746,0.01483244438,0,0.005881395361,-0.01724137931,0.01501028233,0.01607418856,0.01845369128,0,-0.007265350412,-0.07927259887,-0.0239521417,0.007716870676,-0.02052451539,0,-0.01328141593,-0.006308503107,-0.0368,-0.002583979328,-0.01012654126,-0.01025328826,-0.0204061757,-0.03909755618,0.02283105023
-0.03375208113,-0.0935268641,0.007504,-0.005717350758,-0.01413030854,0,0.0115699957,-0.008770510204,-0.05263157895,0,0,0.01153479152,0,-0.02563858857,-0.02627037392,0.03926388076,-0.007657776604,0,0.06558295964,-0.008968674215,-0.006348552973,0.03058432675,-0.01813471503,0.03324385373,0,-0.01388945746,0.01162790698,-0.02902142857
-0.05592105263,0.0896177686,0.02481379727,-0.01723841985,-0.03475221864,-0.01786125594,-0.1085755037,0.0707954348,-0.0138962963,-0.04141104294,0.01936923233,0.0113980456,-0.01844989042,-0.05012681071,0.01152028358,-0.007083838647,-0.01080048837,0.05122235157,0,-0.04524919637,-0.001598606398,0.06665402484,-0.03693931398,-0.08415049505,-0.04145421583,-0.01408509175,-0.02298850575,-0.04827236146
-0.1037000166,-0.03697558663,-0.02179555721,-0.04287888617,-0.07627842643,-0.05288461538,-0.2243538462,0.002754373798,-0.02816922568,-0.05246419753,-0.03279612681,0,-0.07141117246,-0.06596834444,-0.02657451572,-0.001187160404,-0.08112855244,-0.06755260244,-0.0273540242,-0.03791497945,-0.02879971062,-0.09031111111,-0.1150684932,-0.03514780413,-0.1027052585,-0.03213969912,-0.02352941176,-0.002419323671
0.008237689745,0.1474280089,-0.01732277228,0.07331951668,0.03210605126,0.07503911218,0.02479322451,0.07967214884,0.1207816099,0.08467968897,0.04998800014,-0.05152992343,0.04450662353,0.0875731838,0.0625,0.0380952381,0.08998777317,0,-0.03515413737,0.06404779545,0.04777788732,0.01534102013,0.0959752322,-0.008389953568,0.07832731105,0.03320696085,0.03011084337,0.002425190993
-0.04507481869,-0.01673101673,0.01511328922,0.009484601185,-0.03110731811,0.03895763972,0.008051560958,-0.01272510858,-0.07328275862,0.02702235206,0.02210612245,0,-0.06977522917,-0.02207647787,-0.0368,0.004587155963,-0.02336695921,-0.01543942993,-0.1167787743,0.009259259259,-0.01572424032,-0.09027042633,-0.008474576271,0.05931697793,-0.04469614995,-0.01785939859,-0.01753466699,-0.04830917874
-0.04720246107,-0.1439790576,-0.02233638775,-0.01691428571,-0.002290143574,-0.04374464655,-0.1759883263,0.01804293307,-0.03720957923,-0.01169601587,-0.0266117181,-0.05602460041,-0.08747300216,-0.04914262085,-0.04191909322,-0.09360730594,0.001593451481,-0.09408926417,0.008250475989,-0.03669724771,-0.03354417943,-0.04961387919,0.04843304843,-0.01867085367,-0.128651552,-0.05817827701,-0.05059047619,0.01015228426
0.1215820805,0.1327726809,0.007618274112,0.04396774312,-0.01149907301,0.06372373385,-0.009716429387,0.06835234772,0.1207816099,0.06805271529,0.08034395615,0.01079136691,0.1506903353,0.07123831268,0.1235084141,0.08564231738,0.04777594728,0.3754993342,0.1229542593,0.03332571429,0.04297340814,0.03049866429,0.05434782609,0.04347826087,0.06711395324,0.08879856934,0.06895514004,0.02010050251
-0.04012234617,-0.0235095613,-0.04030210458,-0.0402874156,-0.05347533883,-0.04608632766,-0.1666588235,-0.05213278163,-0.08620689655,-0.03047548133,-0.05380198682,-0.04448683274,-0.07936235859,-0.05215284297,-0.08160856935,-0.0162412993,-0.04863423357,-0.05905130687,-0.0730568012,-0.05529994691,-0.01267696912,-0.0885720458,-0.04896907216,-0.05208333333,-0.1006365923,-0.06028190886,-0.06157917457,-0.009852216749
0.1129334583,0.0501094344,0.02886707037,0.03053435115,0.05894980185,0.02576618305,0.08233334275,0.07000214251,0.07074716981,0.03428602776,0.01338855712,0.04655805306,0.1034258053,0.0508867028,0.1196995157,0.01768679245,0.01277605846,0.116255144,0.1495666196,0.01951234741,0.04333811844,0.06470727661,0,-0.02197802198,0.1118975838,0.03773429009,0.0125,0.09452736318
0.09018947368,0.04947345327,0.02551020408,-0.01111703704,0.0278452251,0.02982687051,0.04348733467,0.01869271939,0.01762126958,0.002775715144,0.02803915978,-0.008899644128,0.0234539779,-0.01570360559,0.02763064972,0.0475106327,0.03943652959,0.1198156682,0.04120638261,0.1004868937,-0.01384598073,0.1044078362,-0.008130081301,0.01404044944,0.0880422823,0.02182221297,0.06789135802,0.1136363636
0.003475977136,0.009093759799,0.007466666667,-0.003739348251,0,-0.001523850722,0.041675,-0.02064291564,0.03031016665,0.02753927255,-0.004807692308,-0.01077202376,0.09920863902,0.05585890999,0,0.01548672566,0.03793260018,0.06419753086,0.01970360391,-0.008695652174,0.003117203749,0.08657528724,0.03278688525,0.01108038152,0,0.01778981881,0.008675224742,-0.02857142857
0.01031483335,0.01077273669,0.007403427542,-0.01691428571,-0.03610671637,-0.003052352773,-0.05999952,-0.01171187369,-0.008403361345,-0.03752509394,-0.001610305958,0.007259549211,-0.04859574787,-0.0151223637,-0.03358817971,-0.007627015251,-0.007310743679,-0.0162412993,-0.02592898431,-0.01316491228,0.007776548329,0.007234950376,-0.07671957672,-0.03287685645,-0.06358235368,-0.0034922411,-0.08022959418,0.02100840336
0.03740952381,0.05154744825,-0.004901960784,0.08603874252,0.01872962338,0.01838006538,0.0212679041,0.03317848349,0.04660338983,0.04176917317,0.03390198511,0.00540830388,0.1021952469,0.03452909776,0.04862222222,-0.004390787075,0.005893161244,0.1124213836,0.05968124788,0.0444447605,0.01388874637,0.0108665623,0.03151862464,0.0566574806,0.03085467448,0.02105051651,0.05919531063,0.06172839506
0.09510869565,0.001754214989,-0.0221635468,-0.005284507042,0.04826962126,0.02556443479,0.072925,0.02981572482,0.004055086997,0.008025737119,-0.0015600156,-0.00896344086,0.01323035114,0.01977339973,0,0,0.01464287571,0.006360424028,0.08128,0.02553208873,0.04261865363,0.03908171632,-0.002777777778,0.01072390659,0.04192232864,0.01030826397,0.07941647059,-0.02132093023
-0.03896452284,0,0.02770366669,-0.0035341693,-0.02850826403,0.005862995045,-0.1456299369,-0.02004525193,-0.02823225806,0.01592367501,0.003124906103,0.005427863806,-0.01958639187,-0.01454249522,-0.05297957108,-0.0165363026,-0.00433239416,0.08497191011,0.005770938147,-0.03319524113,-0.01751644138,0.01025775907,-0.008356545961,0.02918208671,-0.02298148913,0.006805877804,-0.02725655692,0.01782500697
0.09658060014,0.01683043098,0.004901960784,0.0106514795,0.04063631044,0.007286025872,0.02271797529,0.00681707515,0.0456500956,-0.0104438206,0.007817882282,0.02517985612,0.02663691012,-0.01107081733,0.08736126029,0.02129865471,0.01015045607,-0.02265372168,0.04590260409,-0.02575124979,0.02228468675,0.08140241257,0.03651685393,-0.02835463918,-0.00588051528,-0.01351405177,0.04481812804,-0.03501945525
-0.02271859488,0,0.009756097561,0.008784558972,-0.00433188937,0.002893329476,-0.04445333333,-0.03160164437,-0.03968253968,-0.01847380064,0,0.0192954386,0.003260755233,0.009948201578,-0.009631215015,-0.007682121066,0.03155696553,0.05960264901,0.02208468139,0.02643190437,-0.002904265549,0.009389294599,-0.0162601626,0.01592367501,-0.02367968649,0.006846707582,0.008047219505,0.01209677419
0.005795402748,-0.004975124378,-0.01690434783,-0.07142618217,-0.06319026104,-0.05339078481,0.01163731756,-0.09090682082,-0.04132231405,-0.04569462366,-0.05572727813,-0.01721175136,-0.06472356189,-0.04063511084,-0.0032416258,-0.02433628319,-0.07648955005,-0.1375,-0.1237269474,-0.06008624952,-0.04081691998,-0.09627921768,-0.01652892562,-0.0417752824,-0.04243032414,-0.04081808026,-0.05319148936,-0.05179282869
0.0694030817,0.02509615385,-0.01720288077,0.02064096252,0.006988635095,-0.03048684573,-0.02297931034,0.005127359959,0.004303448276,0,-0.02130874068,0,0.02421343696,-0.0269551206,0.02935290193,-0.03174603175,-0.00151229311,0.04420289855,0.06753573111,-0.02282391104,-0.006078397688,-0.024016891,-0.005602240896,-0.05177525112,-0.006327236777,-0.05318640626,0.03090337079,-0.01680672269
0.09728780724,0.166119501,0.025,0.06065882353,0.0600443459,0.02201490645,0.1058813564,0.1020377489,0.08155249135,0.08168526564,0.09882935615,0.01576466764,0.1114921561,0.07652019871,0.1391769281,0.1206070258,0.05731704519,0.2713393477,0.126379285,0.07476635514,0.04434424104,0.2253470344,0.09295774648,0.07472183908,0.05732762909,0.05617410503,-0.02997698103,0.04059487179
0.07387586207,0.03072715573,0.0243902439,0.03639247527,0.05664323963,-0.04615720437,0.127658488,-0.09027562521,0.007936507937,-0.007816666667,0.07012614511,0.0120662069,0.03646688111,0.001216283895,-0.02218745555,0.03866422347,0.01854986905,0.0518558952,0.09182340648,-0.0347826087,-0.03660543045,-0.005737825511,-0.03350515464,-0.02674629522,-0.02408912978,0.01418503255,0.07865168539,0.01027025961
0.01376900945,0.07452786015,-0.02380952381,0.02174727356,0.07421411038,0.03548172343,0.1698100392,-0.01526922168,0.06692283465,0.0131192152,0.03273801384,-0.04770030038,0.01466257086,0.1395359916,0.06814545455,0.02514929577,0.05881976901,0.04047742605,0.10288312,0.05405405405,0.02279778085,0.1069103285,0.1013333333,0.05768791209,0.141970071,-0.02447513324,0.04426666667,0.05691056911
0.1108858707,0.05171036386,0.06341463415,0.04582639391,0.02495162628,0.0560751419,0.1209669615,0.07235357893,0.08856140848,0.07514259186,0.102092161,0.07155655544,0.1127340824,0.0139632107,0.05324436577,0.03925423239,0.06217338512,-0.001995012469,-0.01692157501,0.02564102564,0.07726280221,0.04959561527,-0.004842615012,0.03896535674,0.1189165456,0.0860252703,-0.02492977528,0.05
-0.06113138686,-0.009598784614,-0.02063853211,0.01408196787,0.04307880401,0.002948814291,0,-0.01927825915,0.006779697788,0.01204429091,0.05005406704,-0.03171694616,0.01817569842,-0.001051372969,-0.01519167367,0.0377715396,0.01618719803,0.01499250375,0.1206002427,0.05,0.004140948153,-0.1069859263,-0.04622871046,-0.04,0.0386507697,0.01979999889,0.04602743314,-0.003663003663
0.006511175899,-0.002440384884,0.009367646398,0.01542716049,0.005377919504,-0.01470072176,-0.05036517775,-0.04668424308,0.02020212904,0.01904761905,0.001189985812,-0.01724137931,0,0.04771240481,0.02566627281,-0.02729758296,0.01225621201,-0.02954209749,0,-0.01587301587,-0.03296813704,0.08635812594,-0.04336734694,0,-0.06976068351,-0.03883659197,-0.009779989359,0.007352941176
0.006469054746,0.03886209548,0.01392106201,-0.01367544645,-0.02499699967,-0.007460028685,0.03787272727,-0.01030761797,-0.05280555937,-0.03271775701,0.004754285714,0.05789192982,0.01275482094,-0.01214323701,-0.04,-0.02245092228,-0.00242524713,0.01725012684,-0.05001969279,0.04838709677,0.01420543093,0.01798608376,0.056,0.03125,0.02999062793,0.03703724707,0.09630062736,-0.02554744526
0.08782617038,-0.07246181794,0.01601458667,0.087825178,0.001828764353,0.022548297,0.04379587618,0.00260374288,0.01742727486,0.004838684743,0.01303516993,-0.01492275933,0.01512390175,0.03278999053,-0.04686666667,-0.01148327117,0.03641175565,-0.08229426434,-0.02425373134,0.01153230769,0.008404809134,0.052875935,-0.02272727273,0.01515959596,0.02913254474,-0.00973931874,0,0.01498127341
0.06689007452,0,0.01576936937,0.05099173254,0.005493830411,0.01177006174,-0.02796099559,0.02337746655,0.02054794521,0.03846153846,-0.0339089623,0.01683501684,-0.009941316756,-0.02182558835,0.02727845002,-0.009680557104,-0.008201150893,-0.0375,0.1576375611,0.0646452602,0.006940243717,-0.09088682019,-0.007751937984,-0.02736694633,0.03773890747,-0.03278552732,-0.06081441441,0.0036900369
-0.04794180856,-0.01008269259,0.04878031475,0.02426317742,-0.02726669692,-0.03779598418,-0.07914774591,0.02538110171,0.01342281879,-0.01620740741,0.0169452128,0.04138807947,0.04511746238,-0.0628817858,-0.06114250698,-0.112413079,-0.01416681636,-0.03444381705,0.1039640301,-0.03929142857,-0.03724101877,-0.0447318782,-0.0078125,-0.03836710643,0.02726420721,-0.02034267966,-0.05994843146,0
0.06198992881,0.08653916612,-0.02748743345,-0.006576842105,0.04297968559,0.02266040567,0.03125644535,0.01237421391,0.02649006623,0.03058458573,0.02857142857,-0.0333838687,0.02638870905,0.01622771454,0.0765102618,-0.01101321586,0.01078083623,-0.09649122807,0.0064832516,0.007434988461,0.01003119865,0.005500705219,-0.0157480315,0.01596595745,0,0.006923641789,-0.0306122449,0.02573529412
0.02190974493,0.04329646615,0.002177391304,0.02649001009,0.02689309864,0.004429752696,0.1666727273,-0.02445029401,0.0870916129,-0.01826497363,0.05555555556,0,0.03269919766,0.01171996435,0.02101859337,0.006681514477,0.02369320811,0.1689320388,0.04839375671,0.04797666702,0.008507387374,-0.02195258802,0.04266666667,0.02878300496,0,0.05841735446,0.01315368421,0.03584229391
-0.11072,0.02133160957,0.03253437732,0.001288255405,0.02965718307,0.02942041219,0.01948041828,0.01002792246,0.05045009116,0.006980517064,0.01096842105,0.03453684211,0.04752015636,-0.02000348243,0.1159936659,-0.05420530973,0.01505030465,0.06699889258,0.05230405672,-0.02112676056,-0.02109373173,-0.02517031194,-0.04603580563,-0.03053447546,-0.03540128832,0.00973931874,-0.0259658222,-0.01557370242
-0.01205469593,-0.1022151899,0.01050756303,-0.005154639175,-0.005077133372,-0.01571785257,0.03821636578,-0.02977622421,-0.04519774011,0.002305782192,-0.03254826014,-0.01589829163,-0.01079883382,0.005372073579,-0.01614047535,0.01520657816,0.002278431236,0.09911779969,-0.02627442174,0.007194244604,0.007184347294,0.08908341916,0,-0.06299239052,-0.004585775498,0.02572462198,0.04532887326,-0.01229950734
-0.05281369514,-0.04279168135,-0.01663196131,-0.0181388601,-0.04600915931,-0.03337919931,0.02452994096,-0.01279018795,-0.04142011834,-0.05298472247,-0.02464591674,-0.008074980485,0.01308591908,-0.01816121588,-0.05402319572,-0.03341198157,-0.01933994923,-0.05712936733,-0.03605473555,-0.03571428571,-0.001427568675,0.007902735562,-0.01608579088,0.02522364246,-0.05069031543,0.02821571506,-0.03315918367,-0.003558718861
-0.1373774274,0.05111209309,-0.004228315507,-0.007911379045,0.04107874569,-0.006013537723,-0.06586378857,0.00777538796,0.01542716049,0.07541381834,0.05976209918,0.02280130293,0.01941024507,0.0642053215,-0.01734214204,-0.01430276863,0.08004447896,0.0956434652,0.09346837866,-0.01481481481,0.002854469548,0.02090872537,0.02452316076,-0.01367419738,-0.01941158629,0.04877735671,0.05011904963,-0.01428571429
0.04976039229,0.003643497758,-0.02335788244,-0.01063829787,-0.01887258535,-0.00151004423,0,-0.04884429676,-0.006079056919,-0.01582635892,-0.01518085837,-0.04140127389,-0.01269377411,-0.006138631593,0.06561510117,0.02418384364,0.01825976587,0.007769652651,-0.02567281745,0.01503759398,0.0185225529,-0.105093869,0,0.008314718292,-0.09406124343,0,0.0326756396,-0.0308
-0.1611019693,-0.03874616029,0.01304347826,-0.01882150538,0.01049062558,-0.006049311647,-0.03846153846,0.002702259282,-0.01223247576,0.01378569642,-0.008817558995,-0.01328903654,0.008555902416,-0.007207640099,-0.08056297015,-0.02479154624,0.00949578708,-0.1102040816,0.06729545625,0.01110518519,-0.0125872435,-0.1203696912,-0.02127659574,-0.04121318681,0.005462801734,-0.01162352319,-0.03650010122,-0.005604502742
0.03669956973,0.1096666425,0.006441201717,0.015070751,0.01038171489,0.004564596401,0.1,-0.01347969624,0.02476792455,0.0136127478,0.03778133333,-0.006734006734,0.1125300929,0,0.0515307469,0.01694915254,0.01045045045,0.123853211,0.05477626596,-0.01098321455,-0.004252373418,0.04236157438,0.008152173913,-0.005721516202,0.03261570851,0.01470274983,-0.06566464646,-0.01503759398
0.07354736328,0.01819490804,0.004264377776,-0.0458797212,0.061650254,0.01667057536,0.01818181818,0.01093208061,0.02115297234,0.01118206288,-0.03426797681,0.008471864407,0.007645858665,-0.02175973541,0.1470791241,0.01309333333,-0.03929785181,0.02358276644,0.01296628765,0.03332740741,0.08108338181,0.00624,0.04312668464,0.08069127059,0.07367763363,0.09855249347,0.1567667612,-0.007633587786
-0.06595030985,-0.01337018705,-0.01486534228,-0.01839430066,-0.03871347384,-0.01490744123,0.09524285714,-0.04054354015,-0.002963313609,-0.02433982301,0.01109006152,-0.01344541431,-0.02462469833,-0.01164756329,-0.1367540069,-0.03760289091,-0.01614813925,0.007532122286,-0.09485361691,-0.02867399956,-0.02763414613,-0.04038797901,-0.01291989664,-0.03466225211,-0.05882082695,-0.01846930522,-0.0257046729,-0.03076923077
-0.08698033964,0.02710274285,-0.008620689655,-0.01729114601,0.001675338692,0.02571933145,-0.01630427694,0.05070612376,0.01484161349,0.01587670159,0.01534736842,-0.0494011568,0.07571817991,-0.007508916839,-0.01977061023,-0.02808112934,0.03391946555,0.08399296394,0.0849952861,-0.03320462409,0.0378896602,-0.009693454847,0.02617801047,0.01380761275,0,0.03225485136,-0.009592362944,-0.04365079365
-0.005933333333,-0.1354265779,0.01087304348,-0.01465813329,-0.01172383847,-0.0707905676,-0.03314902476,-0.02681007496,-0.01169590643,-0.01562857143,-0.02158452383,0.008957706093,-0.05955049609,-0.03023138516,-0.1161678195,-0.01130854271,-0.03174943918,-0.1196754564,-0.04959561527,-0.03435725191,-0.02085834789,-0.01631389609,-0.06887755102,-0.02179827009,-0.0312566101,-0.03905873065,-0.05811160527,0.03111701245
0.0179733083,0.09104915627,0.03010742329,0.005952380952,0.01526394584,0.009520397195,-0.01714277878,0.07989159572,0.03253964497,0.01587670159,-0.006633042299,0.01776203982,0.0824731584,0.01336020544,0.04000877706,0,0.04262324158,0.03225806452,0.04669808003,0.05929523665,0.001328097677,-0.03657084538,0.008219178082,-0.01114201162,-0.016124156,0.01625852979,0.02313222882,0.02616024518
0.09994070756,-0.06132741578,-0.02296777297,0.00739408284,0,0.004715307002,0.005804624165,-0.04081874328,0.03725403899,0.008928571429,0.002218666667,-0.01047123343,0.007984681666,0.0494536045,-0.03024122653,0.02160309348,0.002099857529,0.01160714286,-0.01310219714,-0.01492537313,-0.02659304027,0.07238700565,-0.03804347826,0.005624763381,-0.04371948513,0.005331309202,-0.04020132825,-0.01176470588
-0.02671298515,0.04291138334,0.01068717949,0.02056275022,0.006667735214,0.006257569641,0.2312195663,-0.01595487051,0.0414320442,0.0199079646,0.04212520488,0,0.03692868812,0.02303687326,0.05946769164,-0.01243781095,0.01778221036,0.07281553398,0.1488970588,0.003781818182,-0.01502915902,0.1126111294,0.03107344633,0.01681576164,0.0457182641,-0.01060607414,0.01832894935,0.007936507937
0.01101538462,-0.03400192334,0.006339090608,0.0100650128,-0.02818202083,-0.004663991976,-0.03286760563,0.04864549254,-0.01591518691,0.02169899071,0.01915927938,0.0299852698,-0.06105961235,-0.001025814676,-0.01601752344,0.02770780856,-0.007192932162,0.07116412999,-0.01386666667,0.03396850698,0.03190032417,0,-0.05205479452,0.06336500996,0.01092560347,0.008042084349,0.0282818644,0.003937007874
-0.01089536795,0.04074521795,-0.004201680672,0.02279212669,-0.006832033554,-0.006247795637,-0.004846620764,0.007735315096,0.00809060093,-0.006372802131,0.03130511464,-0.0222630137,0.02438881626,-0.03688749315,-0.01085217391,-0.006129411765,0.03312245702,0.01344086022,-0.07277206899,-0.04745109489,-0.05376238376,-0.02315773898,0.02601156069,-0.01555220268,0.124320308,0.04255042756,-0.015008,-0.01960784314
0.06590769231,0.02849139109,-0.01476455696,0.01532263096,-0.01031029875,0.02673021346,-0.009763864336,-0.04603737055,0.01336470588,0.06196239316,0.01822845816,0.001754120502,0.01586576005,0.01915014751,0.07138336029,-0.003697171289,0.01302951459,0.08563849943,-0.0101749838,-0.0344768397,-0.01562691854,0.0147693706,0.02535211268,-0.04736,0,-0.02550915184,-0.01015236672,-0.004
0.06702846256,0.1488075467,-0.01284792172,0.004117430162,0.01910191019,0.006123396312,0.07389191682,0.02412954613,0.03693946993,0.01810549088,0.01788304451,-0.01923356643,0.05990325484,0.006266822406,0.005120126034,-0.02351683168,0.004941108012,-0.02443280977,-0.02298173247,0.01983492063,0.002888107426,0.04373787132,0.01098901099,0.01380761275,0.01443376389,0.01832427261,-0.002560021005,0.03011726908
-0.02413158749,-0.03313479443,0,-0.04918032787,-0.0408897612,-0.02587586261,-0.0321028701,-0.04712205838,-0.03307494382,-0.02172978169,-0.01561884762,-0.01069521767,-0.03686472909,-0.05808906654,-0.03820532915,-0.03675343321,-0.03346428197,0.03720930233,-0.005227181343,-0.03501344755,-0.02302397114,0.005649313501,-0.01358695652,-0.04359654018,-0.05213129803,-0.05655549253,-0.06683009493,0.005851090374
0.04951208694,0.06226076555,0.01518085837,0.06178390805,0.06038540246,0.03437295309,0.009474845593,0.08516576496,0.04210526316,0.04848469177,0.02977142857,0.02702998783,0.05102209488,0.04844776407,0.07156922659,0.001313684211,0.02342624297,0.09589513625,0.05786849906,0.05241290323,0.02945698477,0.06108227263,0.07438016529,0.1054080665,0.05999687598,0.06811934079,0.05232814401,0.01937984496
0,0,-0.004273504274,0.005412708173,0.003361155337,0.009070007599,-0.004698591549,0.01012493446,0.02272323232,0.01347818581,0.009618408153,0.00701754386,0.04611620795,-0.002095300395,-0.01977061023,0.01839688493,0.009946256907,-0.008183821215,0.02489970069,0,-0.005721868668,0.04449805656,0.02051282051,-0.01288247423,0,-0.01530463178,-0.00522726892,-0.02281368821
0.004701780337,-0.05275603851,0.01073304721,-0.03768497941,-0.05843885238,-0.0149743669,0,-0.01754103349,-0.01975316446,-0.01900543882,0.02672993423,0,-0.03015167713,-0.02736779572,-0.05055271834,0.04258279759,0.02069093017,-0.03840050778,-0.1261960979,-0.01915107526,-0.01150959372,-0.02508661619,0.04020100503,-0.03656172716,-0.02359234317,-0.0362687518,-0.02105263158,0.01945525292
-0.1126827216,0.02787684261,0.01273881023,0.00978347461,-0.01063938445,0.02127888969,-0.06603421145,-0.01530816739,0.002522932082,0.01356899225,-0.05390599907,0.003484320557,-0.02631805577,-0.01623824517,-0.1169741949,0.02598811881,0.0009643768021,-0.01452145215,0.1110716063,0.03125,0.02910901726,0.05146429747,-0.05314009662,0.01356320244,-0.01448837911,-0.002689413491,-0.01075268817,-0.01908396947
0.04764444444,0.02255247788,-0.01677143221,-0.01384604475,-0.01075379824,-0.001487566821,0.02524848485,-0.01295127084,-0.01005025126,-0.01912651892,0.02161407744,0.01041666667,0.05895880137,-0.01209604042,-0.01210579073,0.009650199566,0.00578557665,0.04655056932,0.025024,0.01893333333,0.001415458119,0.02196908055,0.01530612245,-0.03208528697,0.01470137825,-0.03234637176,-0.01631304348,0
0,0.04863428151,0.01492191071,-0.007020224719,0.005444046335,0.01191826378,0,-0.0446214766,-0.03045685279,0.005851090374,0.001919988185,0.01030927835,0.01160964854,0.01559232411,0.03051826413,-0.009557963313,-0.001915811278,-0.08896,0.05363386613,0.04089838453,0.01836085897,0.03588926997,0.02010050251,-0.005533652741,-0.009658919408,0.005573618207,-0.01380785687,-0.046692607
-0.02777306409,-0.005662514156,-0.004201680672,-0.01980646154,-0.03063642811,-0.01325012823,-0.07389191682,-0.03846021788,-0.02617801047,-0.01356899225,0.01343258831,0.01530340136,-0.04128205552,-0.01206683168,-0.05324547451,-0.04583844794,-0.01633026897,0.01545486477,-0.0509037037,-0.003577142857,-0.02080115096,-0.05770367743,-0.04679802956,-0.05278222222,-0.190246876,-0.03047099167,0.0140011832,-0.06735020408
0.03636257854,0.04241240916,0.02742953586,0.004331323131,0.00558569491,-0.002984011474,0.03723845633,0.03142854228,0.02688172043,0.005897071582,-0.01325454545,0.03517865375,0.03587729723,0.02552998477,0.06872,0.02402229891,0.01855272868,0.02109996541,0.06580919081,0.02150549967,0.03399073237,0.02936378467,0.005167958656,0.02640716203,0,0.02857019114,0.002775715144,0.05033190488
0.09773760737,-0.01357960458,0.006156858622,0.02155402299,0.04990328134,-0.01347789567,0.02563692308,-0.005539261992,0.02617801047,-0.013675,0.03454883824,-0.009708737864,0.02771773469,0.02380977454,0.005838760386,-0.00987654321,0.008630875681,0.04098915989,0.08242530756,0.01053198895,0.02192011659,0.03571863952,0.02570694087,0.09142773552,-0.03613369467,0.03611380128,0.07713464624,0
-0.05937404112,-0.008228282082,0.008163265306,0.06328874647,-0.01056439208,0.00911128292,-0.01999207997,0.01392529081,-0.0306122449,0.02772919677,0.03895201795,-0.02124444444,-0.002248863434,0.003168007241,-0.005804867158,-0.01995012469,0.02091287747,0.02277904328,-0.002110732262,-0.03472222222,-0.01742556254,-0.00688559322,-0.01002506266,-0.01047111647,-0.04375585754,0.01071976881,-0.01790683209,0.025
-0.0339803186,0.008296548423,-0.002021052632,0.02248465608,-0.02490774908,-0.0015032198,-0.01021220322,0.005493616124,-0.02631578947,0.01541421067,0.001782867331,0.005011031749,0.02252310686,-0.002101917359,-0.04094617861,-0.01272264631,0.02048448789,0.04677060134,0.03172795314,0,-0.01500864051,0.04165925926,0,0.02908758444,-0.02613578356,-0.01591357881,0.01041666667,0.05284552846
0.08036920306,0.07147001424,-0.02231554624,0.01423237099,0,0,0.01031756832,0.01366388121,0.07027027027,0.007590109783,-0.01603436179,-0.04153089701,0.05505954741,-0.03168764449,0.04878239151,0.03221443299,-0.01094822959,0.1133738602,0.03080481522,0.02158273381,0.0138512829,0.05779952213,0.00253164557,0.02571527286,0.02683719467,0.02425637394,-0.01030927835,0.04247104247
-0.03021462805,-0.002609038102,-0.03319502075,-0.01275918367,0.001822068047,-0.00753712715,-0.03571822156,-0.01886964975,-0.02778181818,0.01129337463,-0.005443478261,-0.03292626115,0.002089251627,-0.04906569328,-0.02902433579,-0.02871216722,0.0415126648,-0.01883701884,-0.00994441328,-0.01408450704,-0.03142088912,0.004194901581,-0.07575757576,-0.02757282176,-0.006533945891,-0.04736830441,-0.09896666667,-0.01296592593
-0.01675977654,-0.01668229604,-0.00214248927,-0.02583990011,-0.04190129761,-0.01668607667,-0.0581968254,-0.002746808062,-0.007788084314,0.02048721188,-0.02185811461,-0.02867383513,-0.02291885406,-0.03096510707,-0.03594696099,-0.0218529563,0.02922983626,-0.05787423484,-0.0462552797,-0.03571428571,-0.03102872631,-0.01676306769,-0.02732240437,-0.02576494845,0,-0.01104555944,-0.08092560394,-0.02063495875
0.00972465035,0.05882648196,0.02150530235,0.04774556072,0,0.01696922648,-0.01685385684,0,0.04188481675,0.0492729927,0.01862809947,0.001842066421,0.05118049799,0.01419819903,0.04038797901,-0.03022135132,0.01979294873,0.06142941524,0.03375459062,0.01481481481,0.01600874964,0.02979465112,0.008426966292,-0.01588134704,0.01315383825,0.01396351045,0.09121098074,0.03831417625
-0.05069797641,0.007395117326,-0.05473665773,0.02278895307,-0.01330631913,0,-0.1028566727,0.008263121394,0.0351758794,0.006956502382,0.02743115885,-0.04603770472,0.03244932531,-0.01866590974,0.00894085282,-0.07723794038,0.02193814009,0.0531441291,0.04080246591,0.01094306569,0,-0.02893261398,-0.04178272981,-0.005367741935,-0.03245765291,-0.008263657538,-0.08646415463,-0.0147601476
0.02798518096,0.001223471837,0.03118028978,0.05197623762,0.04432358436,0.02883119171,0.03821636578,0.0409867654,0.03154951456,0.01381688755,0.07293908647,0.02509343629,0.01964694899,0.03805347618,0.06506097099,0.02055805124,-0.009083561225,0.02747688243,0.074490513,0.03610129156,0,0.09788114821,0.005813953488,0.02162143463,-0.006709298669,-0.01666502917,0.02208717773,0.005614981273
0.01979374584,0.04530713916,0.01079564304,0.04235310062,0.06272474448,0.03393038896,0.03066978812,0.01049696572,0.04000391531,0.07324545623,0.01162198306,0.01883244846,-0.003856451233,0.005717788676,-0.02218745555,0.01582967673,0.06666976595,0.008999742864,-0.001821919088,0.05574943972,0.03295148729,0.00193490772,0.06647398844,0.09257911044,0.02701846966,0.02542118861,0.02469135802,0.03166042953
0.1019409558,0.03745335192,0,0.04289315718,0.06770677068,0.06989346238,0.1131,-0.01038792404,0.06334841629,0.031746193,0.1245790186,0.01294199761,0.07156484563,0.0467013177,0.1079272727,0.02407705382,0.03906271668,0.1857798165,0.1389525904,0.03630910262,0.04299488617,0.1528101015,0.008130081301,0.04600889495,0.1052512589,0.01928341422,0.03011084337,0.03971119134
0.02200513124,0.05191990986,0.01923418803,-0.02381298701,-0.01300424628,-0.02000154784,0.0588189997,-0.007877410436,-0.03404255319,0.02154349068,-0.03206079095,0,0.003612829443,0.0435270575,0.01030589471,0.02074914689,0.006013391904,0.003653556845,0.03048980934,0.02547770701,0.01861733875,-0.04192259783,0.0188172043,-0.03934814815,0.02382103541,-0.01621464143,0.02047270618,0.03472222222
0.06898715844,0.09121621622,-0.006292641366,0.01995927258,-0.008240671907,0.02449874962,0.09090909091,-0.01851554456,0.01982026432,-0.04969638554,0.01807220206,-0.003649635036,-0.001799911947,0.05734694292,0.08628419206,-0.0216802168,-0.04260020847,0.08565310493,0.01559135497,0.04347826087,-0.006523494128,-0.001748486886,0.03166226913,0.02891555117,0.01743647493,0.01648188936,-0.04298472429,-0.03188187919
0.03224495326,-0.03639658688,0.01265822785,-0.08695652174,0.06977448885,-0.02922308727,0.03703333333,-0.01078471948,-0.03671373378,-0.07924417307,-0.09763267393,-0.003663003663,-0.06486177955,0.03748200748,0.1495304743,0.05540166205,-0.04137600659,-0.03767258383,-0.001531273313,-0.0119047619,0.02496341117,0.04208209827,0.04092071611,0.03513242105,0,0.07567894828,0.1556901144,-0.03292626115
0.007831298946,-0.01532011598,0.008333333333,0.01190095238,-0.0279529496,0.06293175703,0.02232865117,0.0136266559,0.002238565022,0.01721725912,-0.01312517705,-0.03676470588,-0.01926838404,0.007602944985,-0.002029241896,-0.0157480315,-0.009771408512,0.06046320967,0.08446716477,0.02409638554,-0.03845973513,-0.02357453778,0.0687960688,-0.08144737414,0.034293161,-0.03015196591,-0.01553588009,0.04659498208
0.01936100017,0.03628984123,-0.02272396694,-0.002349185315,-0.0287567866,0.03860455851,-0.01310039092,-0.02419439992,-0.02013072083,0.06768171186,-0.03653441347,-0.02290076336,0,0.05565551047,-0.02648592284,-0.02533546667,0.01562754151,0.05875531504,-0.05522517949,0.03234823529,-0.02666832162,0.03623764124,-0.06436781609,-0.002474857341,-0.01658669612,-0.04663187566,-0.01579789474,-0.01712328767
-0.03990290435,-0.003993395538,-0.01268494652,0.004716981132,0.0180965465,-0.002477443279,0.1371605764,-0.002754373798,-0.002286757991,-0.001592388989,0,0.02734375,0.01768083963,0.02770410692,0.09206298201,-0.01778170787,-0.00404901526,0.06498722161,0.07795048935,-0.01139606334,0.008220613016,0.01495080291,-0.05651105651,-0.002465194924,-0.03369780789,0.02989139141,0.06685832606,-0.00871358885
0.01583499667,-0.04818998419,-0.002144746399,-0.05164319249,-0.003241667054,-0.006208990618,0.007788351092,-0.01380990664,-0.02288337898,-0.02221725571,-0.01034477051,-0.03041825095,-0.03474731751,-0.005212079163,0.0287381688,0,-0.03577289407,0.002913952691,-0.01531011892,-0.01152743067,0.002714850367,-0.022956186,-0.0390625,0.01237227723,0,0.007914781666,0.01502951367,0.02108969023
0.03117631648,-0.03058042043,-0.01072618026,-0.002479207921,0.04052035354,0.01875141079,0.04633190322,-0.005606317485,-0.03044133186,0.03246753247,0.02961934707,-0.04705882353,-0.01199458588,0.07954342482,-0.02607617867,-0.004180501393,0.008432611801,-0.05041873184,-0.1581935204,0.008751061229,0.006775507262,-0.07211889524,0.0189701897,-0.01710324539,-0.005812158309,-0.01309065577,0.01728796953,-0.001718421256
0.01702235772,0.07069440963,-0.02820293899,0.001246655074,-0.009346772746,-0.003679670808,-0.01845603408,-0.02534803251,0.04347826087,0.02358742138,0.01184152819,0.004115226337,0.03643518181,0.0008115156433,0.005726872247,-0.02097683016,0.04932874238,0.01241900648,0.07718740604,-0.04624277457,-0.02153212815,0.05605962411,-0.01329787234,0.02735102606,-0.02924895409,-0.03978841463,-0.01213203883,-0.008623448276
-0.05204430011,-0.03250604854,-0.008928571429,-0.02850254572,-0.02514982715,-0.02709979747,-0.01879404149,-0.01156394485,-0.02546666667,-0.01536586085,-0.03178578309,0.01843934426,-0.04492723054,-0.01861036323,-0.05324378255,-0.001430857143,-0.03506035343,-0.02773333333,-0.0326979823,-0.02727757576,0,-0.0428264586,-0.03234501348,-0.01693759588,0.06024164408,-0.03314598377,-0.03440576155,-0.03651905814
-0.005885453268,0.04412535796,0.02477837838,-0.007657142857,0.006441922047,-0.00253075686,-0.01149425287,-0.008770510204,0.009501223758,0.02027836575,-0.0258986603,0.02213608736,0.06135159011,-0.01071697871,0.05022361589,0.01573909182,-0.02559646206,0.004754068385,0.03058784731,0.05919531063,-0.01237949769,0.008930206998,0.00278551532,0.03447460513,-0.02840051831,0.01714115224,-0.01017815849,0.01444043321
-0.005920296898,0.03418704369,-0.02857484457,-0.02699034238,0.001615558599,0.01523125148,0.07751627907,-0.002949370889,-0.009411800139,0,-0.01240851064,0.007874015748,0.0154119328,-0.0008351847948,-0.03250122369,-0.03521352113,-0.001697676118,0.02365787079,0.0078,0.002936470588,-0.004176680049,-0.05673823249,-0.025,0.02619428571,0.04092295888,0.05337187627,0.01799904575,0.02312882562
-0.07737777778,-0.06615120275,-0.004524886878,0.01056805404,-0.02720513687,0.001249556609,-0.03956558148,-0.01775385477,0.007129718308,0.004589624903,-0.02333637821,-0.0058625,-0.02845706167,0.005007182101,-0.1580997673,-0.02627743364,-0.0016962579,-0.03697777778,-0.01238340941,-0.04984891425,-0.00699342971,0.009431692411,-0.002849002849,-0.01856141601,0.03371535883,0.007999209511,0.01768080808,-0.0260842465
0.04513704899,0.01043958242,0.05,0.02091507642,-0.00492680847,0.006239985829,-0.03745617978,-0.02108093574,-0.002362264151,0.01522560786,0.04962323751,0.05697778225,0.01171342192,0.05559593023,0.08683372393,-0.002998507942,0.01615908091,0.0575964556,0.004702005385,0.04011851852,-0.005633209244,0.01301425371,0.02285714286,-0.01419190849,0,0.02116491703,-0.007448109387,-0.001788571429
-0.06992072271,-0.03095558546,-0.01947705628,0.03457318222,-0.004967071332,-0.007441547842,-0.01167318809,0.02153491183,0.0118241582,-0.01799096134,0.03327224735,-0.03531895911,0.01157780619,-0.04166762287,-0.138228464,0.0526341116,0.0259390822,-0.0787222901,-0.01876,-0.02967373139,0,0.005505882353,0.02234636872,0.0311866904,-0.02173248667,-0.0181343759,-0.015008,0.00536960392
0.004410525794,0.00535130719,0.03531996355,-0.04208316832,0.0465056936,0,0.06693564389,0.02108631353,-0.01168598131,-0.006106855311,-0.09829477041,0.03082861142,-0.01717481211,-0.008197768164,0.02252021045,0.02285714286,-0.05791322117,-0.0197044335,-0.09233215116,0.01223247576,0.05382101417,-0.005475733608,0.0218579235,0.03022861225,0.01110763997,0.04485339211,0.1370650726,-0.01957580071
-0.01761397276,-0.04128235342,0.002128777386,-0.03229780795,-0.03649913134,0.03500370836,0.0627274901,0.03244834651,-0.01891260109,-0.01228875628,0.03758774383,0.01869164469,-0.04076554221,-0.01241036289,0,-0.01536536313,-0.02164300675,-0.04696559722,0,0.05438092752,-0.001345065041,-0.09374117647,-0.03743315508,-0.03160981811,-0.03846682001,0.005052846479,-0.0067,-0.003629774606
0.08517904676,0.006611570248,0.02127659574,0.04005776247,0.01812631479,0.001207296746,0.034725,0.0228585129,0,0.03887766376,0.04528695652,0.02568814881,0.0161917948,-0.009208778492,0.02942837422,0.04964777225,0.04424806563,0.06327316974,0.08771220695,0,0.004040630034,0.01417592689,-0.03888888889,0.02099028808,0.01713765464,0.08793794408,0.008988796364,0.0327869808
0.02892581108,0,-0.008333333333,-0.007706274287,0.02426633939,0.009646727503,0.01341741364,-0.03072618733,0.01927718276,0.02245748503,-0.003460668175,-0.02325301826,0.04780139403,0.01436925785,0.01194684871,0.0148627027,0.01101555415,0.04978065993,-0.02419587927,0.04298472429,0.01876701889,0.04203573806,0.01734104046,-0.01370583594,0.0224827562,-0.01847652315,0.02227892126,-0.00176085153
-0.03009175963,-0.0109469075,0.004201680672,-0.02845646252,-0.02843882241,-0.003582958985,-0.003305969022,0.008644109657,0.002367857656,0.03660079274,-0.01739682116,0.005491575092,-0.0114017438,0.0566628286,-0.1105890857,-0.03328688849,-0.02347024665,0.05359738372,0.04464096814,-0.03846153846,-0.005262605318,-0.06721698113,-0.01136363636,-0.02082962963,-0.0274812043,-0.007058133498,-0.0239685439,-0.01060070671
-0.01451560544,0.02660593419,0.01255230126,0.01065244069,-0.003247158736,-0.01678833246,-0.009966750919,-0.005713352922,-0.01179622642,0,0.03362558195,0.005467411198,0.03076454462,-0.0441625612,0.02641202763,0.01101928375,0.048068677,-0.01207104673,0.0569507453,0.04856685714,-0.002647422281,-0.03292246102,0.005747126437,-0.004735679487,0.03390578393,-0.0047415307,0.04687142857,0.03749714286
-0.0336,0.07343672251,0.0144661157,0.03293589895,-0.003273399323,0.01707499312,-0.006716760492,-0.002873091446,0.01671032634,0.01129943503,0.02398369306,0.03623188406,0.05597195358,0.01980587513,0.0515307469,-0.01226376022,0.009827417914,0.1757723861,0.05238752204,0.0272480752,0.01591347023,0.004303066616,0.005714285714,-0.01424423466,0.02185120694,0.00952422964,0.04477286063,-0.008603121799
-0.0565348656,-0.04828678487,0.01832662052,-0.07653061224,-0.001634218011,-0.02158278945,0.02703250549,0.01152547954,0.01642816901,-0.02514413408,-0.04682784306,0.01573146853,-0.02297271513,-0.0388345693,-0.007341406789,0.004140147068,-0.0437971216,-0.04112232779,-0.03699792433,-0.01325841171,-0.002608529588,-0.02755179521,0.02272727273,0.01204429091,0.0267466337,-0.03537393888,-0.02652752018,0.02083333333
-0.02993548387,-0.03916872996,-0.0059968,-0.02209944751,0.003289525458,-0.02695909899,-0.01973679017,0.002848539106,0.01385686414,-0.03724486989,-0.04035368421,-0.01376940109,0.001809683761,-0.006740763189,-0.0419721871,0.03433846154,-0.002542230711,0.01331475461,-0.0132728304,-0.0376344086,0.01439531413,0.008700501952,-0.02222222222,-0.03571809524,-0.01562016954,0.03178302874,-0.05031463418,0.001697959184
-0.1591380686,-0.01981243663,-0.002015285263,0.01976949153,-0.00327873996,-0.04785808275,-0.05033543534,0.01420731212,-0.01366747578,-0.04166666667,0.05484476737,-0.04013693581,-0.04150855123,-0.01694565845,0.1134204276,0.01195434147,0.03061039667,-0.07150496562,-0.05989882732,0.01117318436,-0.009030265331,-0.02808802389,-0.04829545455,-0.002465194924,0.005289343626,-0.05687043009,-0.05960639155,-0.001695081005
0.05644140724,-0.02693617205,0.004032258065,0.008314718292,0.03607460455,-0.02910716418,0.04240270699,0.002800658155,0.00231317252,0.003100621118,0.02946559297,-0.007272727273,0.007525015592,-0.01379021096,0.06945185185,0.03543097113,-0.03217842497,0.07997367122,0.04141698259,0.0414320442,0.003904761905,0.08891796564,-0.06865671642,0.02227326733,-0.01053946957,0.01507386703,-0.007031038731,0.05442176871
-0.01066123622,-0.03804588538,-0.002004819277,0.02747252747,-0.0205690674,0.07084614709,0.02711585867,0.002792836375,0.02073364055,0.05263679325,0.03198383838,-0.01282344322,0.03733060598,-0.02098306555,-0.01302155483,-0.005069718773,0.04348220848,0.02635989639,0.08869926019,-0.01856347401,0.009081422325,0.02445013322,0.0641025641,-0.0145201531,0.03192196484,-0.009901402872,-0.02836868702,0.03225806452
0.01622472454,0.007182651135,-0.01609652766,0.002669518717,-0.008080902083,0.01781362566,-0.003302970297,0.04456590393,-0.004514688992,-0.008828235294,0.008159238262,0.01855293077,0.01351789629,-0.02500347512,-0.00437907029,-0.002547775894,-0.01225621201,-0.03087885986,-0.004242620357,0.005405405405,0.001286280811,0.08368606252,-0.04518072289,0.0122810328,-0.01545918614,-0.02000084214,0.04135847646,-0.020315
-0.04789705707,-0.01069714286,0.01635986467,-0.02133342436,0.006520515387,-0.004998226436,-0.02317357132,0.01600217108,-0.009070327693,-0.02670161045,-0.02103300971,0.001824413332,0.0026624,0.04762710958,-0.01759332356,-0.05108567272,-0.01984990918,0.05851715686,-0.01830655353,-0.03225806452,0.01026849161,0.02023529412,0.01892744479,-0.004846601942,0,0.007652315889,0.004665420561,-0.04146741044
0.01120010011,0.05415646227,-0.002015285263,0.0272480752,-0.02912892852,-0.02010143894,-0.07118624763,-0.01050165187,0.004576675796,-0.01524878049,0.01156757271,-0.007272727273,0.03989378678,0,0.01790839169,-0.005383591674,0.03037786157,0.02011577424,0.03159482124,-0.03056,0.002538918108,-0.005396678967,-0.02786377709,0.04878010708,-0.04712213154,-0.005061380431,0.01860478962,-0.01830021511
0.01101416992,0.01025730943,0.03629032258,0.06101246053,0.003328319519,0.04102759151,0.01094887314,0.01326519981,0.02050485833,0.06502075552,0.03595294118,0.04761904762,0.05627439908,0.006991520018,0.0726852374,0.02706365805,0.03931382526,0.04922684069,0.0501301387,-0.020052814,0.0228134639,0.05977832398,0.02866242038,0.05813538132,0.005492807855,0.09414830243,0,0.05084745763
-0.03549788849,-0.03900724606,0.001948638132,-0.002504,0.004991866288,-0.02956197133,-0.05776445411,-0.005234745624,0.02232142857,0.002902325581,0.003149510917,-0.003496503497,0.009681318426,-0.01389440254,-0.02870209746,-0.0671917095,-0.0165494365,-0.03988642509,-0.05435779038,-0.02047251462,-0.006192065258,-0.02734990373,-0.01547987616,-0.02417925563,-0.03279388166,-0.02325872888,-0.04336835338,-0.02903225806
0.01415064408,-0.01936969478,-0.01165044924,0.01253538861,0.004951202095,-0.01014871136,0.05363678161,0.04210303756,0.02620087336,0.005797128335,0.01886792453,0.01578666667,-0.0048,0.02113098297,-0.01060778265,0.001410169492,0,-0.03914941558,-0.02807697831,0.01493022056,-0.001247787354,-0.01583659513,0.003144654088,0.00676036036,0.01131369469,-0.01904444908,-0.07877010494,-0.008308305648
-0.03353772995,-0.007182651135,0.009820008424,-0.02723168317,-0.02466562446,-0.01538741391,-0.06545473587,-0.01262421324,-0.02340765957,-0.01729114601,-0.01234074074,-0.003454240979,-0.007228943533,-0.09310070042,-0.05765548931,-0.03949233172,-0.03125012699,-0.08398065367,0.007240487625,-0.01471058824,-0.01622904958,-0.005348571429,-0.03761755486,-0.04474256915,-0.0726377884,-0.03155570999,-0.02848521024,-0.0351732936
0.06364107212,0.07967351482,0,0.005089079243,-0.001699991905,-0.02343763121,0.01167318809,-0.007675939287,-0.004357313664,0.008802387343,-0.0343798281,0.01906695062,0.03640790838,0.04942839173,0.05212747431,0.01762118678,-0.03474153589,0.04176,-0.02292232084,0.01493022056,0,0.03947973159,-0.02931596091,0.03044110373,0.006022282445,-0.01002549642,0.02932040823,0.01041666667
0.0271471179,0.02014518277,-0.02723735409,0.06075973979,0.008449562115,-0.01066290599,0.02307699408,0.01288912408,0,0.01453023256,0.04045048544,-0.005104761905,-0.009363969514,0.007244843998,0.05605517241,-0.007212715065,0.007713802709,0.07203194594,0.03809917045,0.002936470588,0.01015121342,-0.005173099881,0.006711409396,0.01364363636,0.05389479198,-0.005061380431,0.02072556042,-0.01374570447
0.04764444444,0.07566315789,0.004,-0.01192940116,0.03853267075,0.07277642089,-0.03007227089,-0.01781333479,0.03282637313,0.01719205589,-0.006210901924,-0.005125484104,0.03072907801,0.05395425351,0.06937986521,0.02761395349,-0.007654755436,0.08452722063,0.1158157362,0.06451643175,0.03517638312,0.07293333333,0.006666666667,0.01120709448,0.02841826863,-0.007632835335,0.07615087229,-0.01393728223
-0.06063691385,-0.03209770227,0.02191553785,-0.007250241546,0.01289932948,-0.02763644024,-0.04651162791,0,0,0.008455249376,0.01251445999,0.03092783505,0.03211387932,0.01023678268,-0.009575455567,-0.04526177146,-0.04370140848,0.02285336856,0.02281344178,-0.01376975766,-0.01820499992,-0.0113499855,-0.05960264901,-0.1263818133,-0.01104629086,-0.005130574858,-0.01178867925,-0.003533568905
-0.03763473234,-0.02685323735,0.007797246636,-0.07542219142,0.009555113897,0.007749160508,0.04065365854,0.002590254169,0.002115254237,-0.0782122905,-0.08500504481,0.004997333333,-0.006666666667,-0.01351073709,0.005820549499,-0.01925693453,-0.06989288847,-0.07619785613,-0.07426417007,-0.002797765363,0.006180855786,0.004902166171,0,-0.01523642448,-0.02235680128,-0.01288390163,0.01909300585,0.04786950355
-0.02790639469,0.06167144579,-0.03288500461,-0.03157894737,-0.0488983115,0.01281595462,-0.007818725566,-0.02584023437,-0.03170919817,-0.04545939394,0.003372954741,-0.03482330965,-0.04250201342,-0.04451960645,-0.02491295179,-0.04683021148,-0.008667568928,-0.007269677059,0.05345836613,-0.03921586203,-0.02457154994,0.01142428286,0.03521126761,-0.03092783505,-0.04000571255,-0.04177715625,-0.0796324885,-0.003384103916
0.01145726056,0.02599131013,-0.016,0.04619130435,0,0.005069677451,0,-0.002652092785,0.0240139738,-0.06349238599,-0.04376565657,0.01374570447,-0.007009319591,0.0143339175,0.0353568375,-0.004751834553,-0.02623991483,0.07097591888,0.08885351353,0.01458199222,0.001260363454,0.001607717042,-0.003401360544,0.007982978723,-0.02975304969,0.02997287709,0.01017815849,0.01018678489
0.1136566119,0.04768990119,0.02845528455,0.01299122282,0.01326306404,0.04030410839,0.05512458307,0.007977435255,0.03411525498,0.1152548624,0.04401101966,-0.005087457627,0.06116871089,0.02473847529,0,-0.127388535,0.05988166399,0.0547008547,-0.004684329872,-0.02298850575,-0.008803074594,0.001605136437,0.006825938567,0.005268579341,0.01226617602,0.005289001372,0.06045364415,-0.01344541431
0.05102857143,0.02417974582,-0.02173596838,0.01794461538,0.006552585679,0.03631437584,0.05596998218,-0.01055239926,0.01443633628,-0.009113722134,-0.003367275906,-0.003407164313,0.0133038166,0.07586293671,0.03983289614,-0.01459854015,-0.02825160933,0.03029547438,-0.04682394556,0.04411294118,0.06345141256,-0.008012820513,-0.03050847458,-0.05511414221,-0.00605877007,-0.002628371341,-0.01187272921,-0.01532951367
0.01457076062,-0.00416,-0.02626577369,0.0226741468,0.02113775446,-0.00934248495,-0.01060067675,0.02133464106,0.002029268293,0.01840490798,0.04398746,-0.03076931492,0.01969372322,0.02563562791,-0.01093151453,0.02036740741,0.03779092625,0.02940464666,0.009812246438,0.03662439042,0.001190216421,0.0339671099,0.03496503497,0.01944888889,0.04268896678,0.03429886856,0.01441538462,-0.0276816609
0.0573924227,0.02509997144,-0.02904564315,-0.02955665025,-0.006375171992,-0.007080547887,0.0178542347,-0.05222012447,0.01825888279,-0.009040963855,-0.05349224378,-0.05114370693,0.02146616812,0.02187811201,0.02215189873,-0.01996085651,-0.0560190929,0.08369577995,0.02192531689,-0.008156521739,0.001192764162,0.05007812187,-0.02364864865,-0.01089913504,-0.01169227396,-0.02040904013,0.03791497945,-0.02846975089
0.03846543685,0.00950855073,0.006413675214,0.01015228426,0,0.02850883912,0.02456421053,-0.002754373798,-0.02191553785,-0.006079056919,0.04795094768,0.01672565056,0,-0.01528733495,-0.007254747932,-0.03889185185,0.08011617874,0.04902917887,-0.0190473288,0.03562097806,-0.04047400418,0.02533287551,-0.0276816609,-0.06336500996,0.02366120118,-0.04166410807,-0.03423586656,0.0347956044
-0.01088282661,-0.04581838256,0.01485854825,0.01005025126,0.0528980044,-0.004624733761,-0.00342738787,0.05801147209,0.01629333212,-0.003053225949,0.02941176471,0.007312635649,0.002097471941,0.01862959885,0.01456898157,-0.02504516392,-0.005494173761,0.04839210009,0.02911022741,0.01851428571,-0.002483191024,0.02760930233,-0.003558718861,0.005891764706,0.02311428933,-0.00271864745,0.00472054952,0.03363124568
0.01322281429,0.0522852184,-0.004184100418,0.00248358209,0.01369262469,0.006965591028,0.03092783505,-0.01827844207,0.03206423107,-0.0245398773,-0.007939047619,-0.001811983483,0.02306415094,0.02896110831,0.02509519659,0.0790513834,-0.002764598199,0.02396686064,0.02831698113,0.0181860496,0.01492383016,-0.02404316182,0.003571428571,0.04970245892,0.03390578393,0.04904610894,0.06823178628,0.01369863014
0.004333852746,0.002680228163,0.008403361345,0.03226216283,-0.004497751124,-0.01152405861,-0.013336,0.03191448949,0,0.006289308176,-0.001597444089,-0.005457454545,0.06556699814,-0.02518361551,0.1048603652,-0.0348014652,0.03047147192,0.003371219418,0.04356633297,0.002546938776,0,-0.004340889697,-0.007117437722,0.02228402325,0.08195909727,0.03376876772,-0.06387357796,0.01857837838
-0.008678787879,-0.0669294037,0.008333333333,-0.01442307692,0.004518072289,-0.02563948375,-0.02027032505,0.02835055104,-0.01165052163,-0.0125,0.02083076923,0.009143719616,-0.001920005908,-0.01519442206,-0.01263823065,-0.04554093523,0.01881836483,-0.05327829509,-0.01099952176,-0.01526723773,0.01348207483,0.0131167089,-0.007168458781,0.0272391183,-0.01009798198,-0.02512875418,-0.004698370629,0
0.04152401448,0.03871157307,0.03925950413,0.0414595122,0.05104659209,0.03827935754,0.04137942449,0.06265997244,0.003929285436,0.1012658228,-0.01255387769,0.01630144928,0.03853872832,0.0432083008,0.1538461538,-0.2226647242,0.002636133314,0.028087609,0.01334053931,0.01550394007,0.006046328383,-0.005774606444,0.06498194946,0.01061012461,0.01020099141,0.02835066091,0.03072896178,0.03151185807
-0.002113172106,-0.03313178459,-0.005967376645,-0.0515224413,-0.007132178469,0.01151662853,0.02649543442,-0.02830144981,0.01565562632,0,-0.05882083607,-0.008909829333,0,0.04733459521,0.00416,0.05882786221,-0.0605250397,0.0959660716,-0.03727719298,0.01781584861,-0.01081718282,-0.03033554068,0.05423728814,0.005257764862,0,-0.030072268,-0.01376880734,0
-0.02098823529,-0.0271357519,-0.0179968,-0.02221835938,-0.01583113456,-0.02960966079,-0.003228378765,0.00242678477,-0.03082861142,-0.03448275862,-0.0219728542,0.003597122302,-0.02597691732,-0.03389818861,-0.04287939948,-0.03140483092,-0.01680572787,-0.02501799856,0.04784675044,-0.02,-0.02187094767,-0.007439624585,0.0192926045,0.0208876412,0.01011376008,-0.002585171387,0.01163915638,-0.009646302251
0.1008459912,0.0469889482,-0.01425983133,-0.05555555556,-0.005853206631,-0.0751209247,-0.006469902913,-0.02421342049,-0.0616272338,-0.02976190476,-0.05353826767,-0.01254767025,-0.02857142857,-0.005846746947,0.1835300211,-0.04737774515,-0.01424656479,0.06728816688,-0.01087984863,0.005102040816,-0.008697842885,-0.02402367774,-0.03470031546,-0.0127835794,-0.004998437988,-0.0518156193,0.05056717033,0.004867532468
-0.07213343813,0.001400258509,-0.01859173554,0,-0.004405161946,0.022842785,0.07491576569,0.0397001555,0.01482711864,0.05827730061,-0.07664278332,0.001817791122,0.03725176471,0.05000393506,0.1391910478,0.03664921466,-0.04335250231,0.0705699213,0.1208822123,0.002534010152,0.002508092974,0.03997479422,-0.01633986928,-0.03108782518,0.03014128728,0.02732589978,-0.008752765874,-0.006462052244
0.008423529412,-0.008425657022,0.02105256067,-0.03743315508,0.00442465326,0.007449549506,-0.04242181818,0.009544993566,0.07933220654,-0.03187956814,0.05731577749,0.01449275362,0,-0.02801210155,-0.03322815201,-0.01263030303,-0.00301841694,0.0462880685,0.01764381086,-0.01518993495,-0.001250909091,-0.02366886314,-0.01993355482,0.01870358328,-0.0195062481,-0.03723778338,-0.03311623176,0.008132704085
0.02081291707,-0.01128145791,0.01442964312,-0.02222222222,0.01471211137,-0.009856637941,0.03797458741,-0.007091061042,0.01934241963,0.02994011976,-0.01308116062,0.05535428571,0.007567508711,0.05186929974,-0.01328262474,0.07672665668,-0.05757477959,-0.02679122915,0.005771080475,0.01285763643,-0.01126396032,0.0197044335,-0.02372881356,0.005257764862,-0.0199098539,0.02486414055,0.02283852302,0.009677419355
-0.07753142857,-0.02000438853,0.02236097561,0.01988181818,0.005788389826,0.03980299044,0.04268038371,0.004761135531,-0.003795077936,-0.04360930233,-0.05681818182,0.02876759057,-0.03752634138,0.03836156912,-0.04607950296,0.004750611879,-0.009648417116,-0.03030543435,-0.007650621613,0.02538071066,0.1037972872,-0.02674122256,-0.01736111111,-0.0104438206,0.02538892149,0.0727782015,0.04241428571,0.06389776358
-0.04648396848,-0.02477889316,-0.01789576812,0.002789984579,-0.02017043882,-0.02631416537,-0.02047017544,0.02607062168,-0.0247589326,-0.01519277905,0.03213493976,-0.01151578947,-0.003901754386,-0.00792030911,0.04592329031,-0.04018549479,0.04870110268,-0.01848973247,-0.1370678791,-0.01733069307,-0.01605529947,0.003048542171,-0.02826855124,-0.04750164643,-0.02476028457,-0.02512875418,-0.01928216092,-0.02702702703
0.02323164077,-0.08223319175,0.04453441296,-0.13056,-0.02205404795,-0.0196569346,0,0.04156770576,-0.05078125,0.01851851852,-0.1595383064,0.0532447341,-0.06457945857,-0.0292557321,0.03153919336,0.009852216749,-0.09287890048,-0.04776194049,-0.2483248382,0.01259853944,-0.02447397993,-0.1963450748,0,0.002783391838,-0.01522383799,-0.01546241834,-0.02400715464,-0.05710123457
-0.03403088176,0.06191627752,-0.009686821705,0.09584713532,0.003003003003,0.05763977565,-0.02089079616,-0.01773943888,0.08641975309,0.02120727273,0.09953333333,-0.009478696945,0.05020937309,-0.04109406449,0.006567731478,0.06829268293,0.0784964228,0.04254201681,0.119047619,-0.01244179104,-0.003582862636,0.1022545455,-0.01090909091,-0.005533652741,0.01545918614,-0.03402953224,0.03579405532,0.01309332398
0.06104742875,0.02607090973,0.009781574069,-0.01166186198,0.04947316905,0.03081014167,0.02133653333,0,0.02651515152,0.0385805986,0.01685563572,-0.00956940241,0.02988057332,0.0457117042,0.03251332741,0.02511050228,-0.03164370737,0.05541561713,-0.03189787234,0.05793877255,0.04916046115,0.008621448051,0.01470588235,0.04167111111,0.08630013162,0.05690941872,0.02807420104,0.03554128734
0.008821051588,0.04783224276,-0.01937984496,0.02655351766,-0.01285163697,-0.02528577147,0.02089796035,-0.0474044817,-0.0147601476,-0.01714285714,0.028978594,-0.006441240428,0.001940431537,-0.01092670996,-0.00314626079,-0.02004105137,0.009800563505,0.05799522673,0.1208594135,-0.007146666667,-0.008002006201,0.0408634976,0.03260869565,0.005324777281,0.01401439395,-0.03589674934,-0.02521008403,0
-0.06577590018,-0.04849724281,0.02569486166,-0.09195402299,0.0289418107,-0.02358408056,-0.03216140351,0.01658924174,-0.01123595506,-0.02325581395,-0.07042552781,0.03727983735,-0.01544705653,-0.01933970822,-0.04742379282,-0.02500363636,-0.0744321166,-0.1018121663,-0.1176470588,0.01918472589,0.01612927937,0.01311434198,-0.03157894737,0.002665263301,0.041476512,0.01063424729,0.008620689655,-0.001557570191
-0.04227573877,0.04348493571,0.02119145683,0.01265822785,0.01547498481,-0.04347826087,-0.006047115294,0.01864915369,0.007575757576,-0.002980952381,0.03896103896,0.021875,-0.009807058824,-0.01689793401,0.01107272315,-0.03496143575,-0.03496296822,0.02327333612,0.08056888889,0.01176851489,-0.002265453901,-0.01455748553,0.02536231884,0.007923742445,-0.03097785519,0.03421315072,0.02990769231,0.01875
-0.01960030746,0.05171399147,0.01132075472,0.03437,-0.008311059693,-0.04293019771,-0.03039034745,-0.009151822193,-0.1052631579,-0.02089084605,-0.01666,0.02140672783,-0.06138316478,-0.02865427375,-0.03610340868,0.01690434783,-0.01087196198,-0.02560746134,0.007699647922,-0.04186046512,-0.001137187934,-0.03605002518,-0.01413427562,-0.005240966891,0.02740331807,0.01017854235,-0.03526662418,-0.02147239264
0,-0.01503811989,0.02611940299,-0.03322795518,0.04190356147,-0.002637579553,0.0626932597,0.009236351641,0.008403361345,-0.03963902439,0.04025057457,0.01646467066,-0.01265822785,-0.01179695461,0.06697855524,-0.03087517672,0.003665884364,0.02040302267,-0.02040816327,-0.004854368932,0.002273182872,0,0.05376344086,0.02902784579,0.04000166616,0.007555927012,0.04301090068,0.001564890282
-0.03001624013,-0.03465416844,-0.01272436364,0.0375,0.01876423727,0.01322277388,-0.04129557522,0,-0.1083333333,-0.031746193,0.008153130255,-0.01178206016,-0.05413333333,0,-0.1680873662,-0.03431372549,0.0474454131,-0.01711511561,0.02083333333,-0.07073560976,0.0442699292,-0.03060646959,0.02380952381,0.03076897831,-0.02137431078,0.05500021054,0.02680091316,0.01721694452
0.01033427631,-0.07617331176,-0.05156522559,-0.04518554217,-0.03158200584,0.002610042771,-0.09230746509,-0.03203954895,-0.004672897196,0.03934446869,0.03230998972,-0.03427489544,-0.01806510377,-0.02089838361,-0.106131535,-0.01777055838,0.006968210118,-0.05525324404,0.03572244898,-0.03149619526,-0.02500009034,-0.01405730711,-0.006644518272,-0.0199003391,-0.008731003247,0.00237076535,0.07631213695,-0.03231015385
0.05868571429,0.07154516861,0.02912301632,0.1324927823,-0.01222296143,0.02083438303,0.04067785579,-0.0165458091,-0.01408450704,0,0.09197993575,0.05555555556,0.04600468219,-0.01828888427,0.1101263505,0.01809206446,0.05882284123,0.06459902525,0.1206847631,0.07859546274,0.01226088858,-0.007106090284,0.01337792642,0.007601968715,-0.01321185764,-0.01418696694,0.0279880597,0.0270296395
0.06023641172,0.03485175002,-0.03961962264,-0.02228422188,0.03576239402,0,-0.003259926358,0.01682417875,-0.004761904762,-0.01261836022,-0.02150537634,-0.002923976608,0.02932792804,-0.01863715343,0.05671021378,-0.007618274112,-0.01307110104,0.1445813218,-0.002194277998,-0.01507537688,-0.008809669399,0.04477680415,0.009900990099,0.03778755783,-0.008925831915,-0.01198789901,0,0.01083343653
0.01364353714,-0.02947723682,0.0117877822,-0.002844457411,-0.005316843045,0.005100236092,-0.05555294118,-0.01890949611,0.03827751196,0.02555923609,0.04944175824,0.004396480938,-0.03133333333,0.003163899217,-0.03415441291,-0.02557555223,0.02317458185,0.05301432623,-0.01762102117,-0.01275918367,0,0.006894129012,0.04901960784,0.007285436893,-0.01802651206,-0.002428305705,0.00181197296,-0.007654536366
0.03359951785,0.06503643964,0.009705600915,0.031424,-0.009344596413,0.01269407364,0.0207611882,0.03855221607,0.03225806452,0.02181194673,0.00175917704,-0.0116788594,0.07941129758,0.1167180809,0.05052202864,0.04462380944,-0.006472120098,0.04074585635,0.07622546206,0.03876398455,0.01333195421,0.0187091147,0,0.03132132503,0.03211475903,0.01703132107,0.005437681159,-0.01697777778
-0.01734693878,0.005418736323,0.007692307692,-0.01108038152,0,-0.01504032845,0.04067785579,0.006963574828,-0.004464285714,0.01219512195,0,0.04135903423,0.008171072637,-0.005648552816,0.06609230769,0.06030150754,-0.003254387366,-0.004578633046,-0.00416,-0.009950248756,-0.009868325119,-0.03009546642,-0.01246105919,-0.01167850467,0.02222931882,0.009569782857,0.03242657318,0.01883835187
-0.1037432626,0.00677146312,-0.001905343511,-0.03921586203,0.009432741577,-0.02035725714,-0.07492358326,0.02764933355,-0.04484304933,-0.01204819277,-0.02961934707,0.02127891354,-0.08378252155,0.002840320106,0.04848764719,-0.009478672986,-0.04248384067,-0.05559629358,-0.07950407027,-0.005025125628,0.03100826568,-0.03447210452,-0.01892744479,-0.00236027476,-0.004360050528,-0.00237076535,0.05410416504,-0.0107833856
-0.120662069,-0.01074088055,0.001908980776,0.04664744792,-0.008011485265,0.002604864648,0.09507069034,0.006725353381,0.01408450704,0.02133658537,0.03948570345,-0.01805777778,0.01769197277,-0.01699365322,-0.01720436027,-0.004784688995,0.06484537272,0.05886920308,0.04773818182,0.002521212121,-0.06337246051,-0.02678857143,0,0,0.02620665193,-0.0213755911,0.02979602649,-0.010905919
-0.1120592295,-0.03930206743,0,-0.05292057012,0.02557244017,0.02330768652,0.0321569959,0.01781844354,-0.06944444444,-0.01492066828,-0.03281270726,-0.001412167269,-0.0231861676,-0.01729444012,-0.006554071086,-0.05288461538,-0.05128441311,-0.05786280915,0.04120390937,-0.007552675275,-0.005734307861,-0.1504532857,-0.009646302251,0.03553337984,0.008508036106,-0.03155570999,-0.02572360501,-0.003149614235
0.01257772753,0.01834266113,0.009545038168,-0.02941176471,0.001310368289,0.03038540978,0.04361121495,0.02844562865,0.06467661692,0.04848484848,-0.01606294893,-0.009917280453,0.02670626315,-0.01465972321,-0.01322281429,0.02283857868,-0.03040081328,0.1056392839,0.06042666667,0.01268629442,-0.003458893998,-0.02593165985,-0.01948051948,-0.002284676557,0.05484887231,-0.03257969742,-0.006600694921,0.01579782824
-0.04047452896,-0.03322341595,-0.02268424141,-0.03333818182,0.002617306942,0.01228063225,-0.04775653196,-0.01702229499,-0.04205607477,-0.01156069364,-0.07803679699,-0.02002865815,0.008677466679,-0.02976289593,-0.03794285714,-0.04217982007,-0.03832810079,-0.01337514399,-0.02358798974,-0.01503765429,-0.001158249158,-0.03104955441,-0.02649006623,-0.03898715596,-0.00799760072,-0.0181343759,-0.02823669495,0.004668129812
-0.01301818182,-0.0401232304,-0.001937324759,0,0.01831097278,0.02913160881,0.01567143405,0.006492452524,0.01951219512,0.0350877193,0.01377629117,-0.007296951351,-0.00860281603,-0.07668601788,0.03248990259,-0.002594818653,0,-0.004475578906,0.03621098177,-0.005089079243,-0.008109440853,0.01833626245,0.01700680272,0.04056881883,0.012105714,0.005275039774,0.04102575323,0.04179318885
-0.3256208091,-0.05972031178,0.003875968992,-0.009399420185,0.02181468609,-0.06132165157,-0.01851851852,-0.008600763318,-0.004784688995,0.002820338983,-0.02136226373,-0.01323764706,-0.00577457315,-0.02658057008,-0.08539952827,-0.09350688211,-0.06883942572,-0.1040526453,-0.02910473729,0.01023022089,0.03037258854,0.01570499914,0.006688963211,-0.04587155963,0.02389694443,0.02624564009,0.04597713229,0.01188710107
0.04873251748,-0.006339144216,0.01351660232,-0.03164556962,-0.007538476383,-0.02763644024,0.02515471698,0.03036769661,-0.02403846154,-0.01408006346,0.03175238095,0.04172886254,0.0145359789,0.08532312699,0.03931188477,-0.02865342649,0,0.1211548251,0.0159997952,-0.01265422847,-0.003400065589,-0.01546216584,0.02657807309,0.05529230769,0.06615206953,0.01023063072,0.001567350876,0.01762118678
0.06053344447,-0.07029812293,0.00571122069,-0.02288104575,0.002540014341,0.005166107005,0.006139892368,-0.01052461444,0.009852216749,-0.005714285714,-0.07884874555,0.02575113191,0.04870803033,-0.05974373685,-0.00472054952,0.03539839716,-0.0428021707,-0.05403126419,-0.0157478331,0.06153846154,-0.03185481888,0.01570499914,0.009708737864,0.01822316821,-0.03649651681,-0.05063086035,-0.0203737699,-0.002886009549
0.04381569899,0.003474971408,-0.02083030303,-0.01671714631,0.003782184939,-0.02570606716,0.0243877454,0,-0.00487804878,-0.008625287356,-0.004168670835,-0.03626228455,0.01638683152,0,0.09738226263,-0.01709409502,-0.004068225237,0.1190345584,-0.02001894376,0.01449275362,0.002347977263,-0.02429768917,0.003205128205,0.03356050627,0.02651882707,-0.01599841902,0.01600516097,0.05065366287
-0.07567058824,0.06505062903,0.001931135223,0.01360544218,-0.01635186706,-0.0237467243,-0.02976428571,-0.01702229499,-0.009803921569,-0.0260824398,-0.00629930768,0.01736617625,0.002690331259,0.04682097384,0.1147005042,-0.04927095314,-0.0367359894,-0.06378676471,-0.06530654894,0.0380952381,0.003519562218,-0.02496081732,-0.02555910543,0.01731589738,-0.01476708128,0.06503868362,0.01574295246,-0.00826446281
0.03187048162,-0.00963081862,-0.001927413127,0.08388724832,0,0.03783303266,-0.03067001391,-0.01731707129,0.0297029703,0.03868571429,0.05907848101,0.03271927788,-0.120643561,-0.009582653299,-0.001938658846,0.08231219512,0.1016962508,-0.01819490804,0.004387803583,-0.004587155963,0.004672407164,0.03488718223,0.03278688525,-0.01915901849,-0.01497671589,-0.01272424936,0,-0.004168888889
-0.08367870535,-0.05685076674,0.007736919963,0.003100944153,0.007673419276,-0.005206496364,0.02214677938,0.1145386403,-0.004807692308,-0.0114613706,0.003977663887,0.01514931129,0.01524514054,0.02580098402,-0.003884849089,0.005633828209,-0.01922639289,-0.07872808479,0.01302242751,0,0.01627930352,-0.04268538227,-0.009523809524,-0.004331468396,-0.007602214145,-0.005152692466,0.01395104236,0.009765154288
-0.009692009477,0.04304912976,0.005755068698,-0.01543703704,-0.01268352117,0.02617717074,0.003098459687,0.007907383753,-0.05314009662,0,0.01786666667,0.0176412866,-0.02101621622,-0.01257601836,-0.019525,0.02521467883,0.03137057318,-0.0477568741,0.05581497555,0.002300460829,-0.01601853296,-0.02115257497,0.01602564103,-0.0239685439,0.02681157686,0,-0.02140193958,0.01104972376
-0.01935624184,0.008237580264,-0.001905343511,-0.03134811961,-0.005145988104,-0.0229592886,0.06172592593,0.01176277013,-0.005102040816,0.03188884354,-0.05847898499,-0.03466666667,-0.01226865144,0.03821631379,0.03187230679,-0.04098797814,-0.04563101804,-0.1186930091,-0.10570269,0.01149797333,0.001163635801,-0.01436552275,0.01892744479,0.02455714286,0.01493250647,0.02590562794,0.00312,0.005464480874
-0.01485917055,-0.009804332342,-0.009563259462,-0.01941757627,0.005172606274,-0.01044017108,0.01744190103,-0.01162601598,-0.02564102564,-0.0393258427,-0.02277741339,0.008287292818,-0.09006652133,-0.05214380587,0.005782203662,-0.03703264744,-0.02788348207,0.06587342645,0.03636363636,-0.03636363636,-0.01510196044,-0.09978199938,-0.009287925697,-0.006539410756,0.01837665246,-0.03282648916,-0.01557141718,-0.008152173913
-0.005065285907,0.08758938772,0.01158301158,0.04620486445,-0.007712811906,0.01318789776,0.02571434449,-0.01764765602,0.05263157895,0.005847953216,0.03176927614,0.02191780822,0.05119856492,0,0.08060830897,-0.01183431953,0.02458863062,0.1432616082,0.2017684211,0.007071698113,-0.02358250151,0.0189580018,-0.01875,-0.0350877193,0.03971037703,-0.005224343329,0.001579746835,0.006847123288
-0.08077836859,0.004551997821,0.001911450382,-0.02523672044,-0.002599211531,-0.005206496364,0.008356564583,-0.007986286822,-0.01,-0.02035348837,-0.05133158548,0.03350991957,0.02272195989,-0.01618566278,0.03376227719,0.05988023952,-0.0239985394,-0.02702893936,-0.01095461659,-0.0281031498,-0.01811706224,0,-0.01592356688,0.02273454545,-0.01388467046,-0.03149299984,0.02369927001,-0.004079464663
0.04393846154,0.01665375678,-0.009526828109,0.03236262712,0.002605985037,0.04188684979,0,-0.04426562247,0.07070707071,-0.002962625342,0.04546493506,-0.01167110074,-0.03809142857,0.04276226294,-0.09967230421,-0.002829378531,0.01639242041,-0.07075849029,0,0.00723279897,0.02705952113,-0.01860528281,-0.03236245955,0.01332612746,-0.003520042241,0.005417988452,0,0.001363934426
0.1947653855,-0.01188571429,-0.003846153846,0.04388736746,0.01553308709,0.05778454758,-0.0718211532,0.09473656514,0.009433962264,0.03868571429,0.0558901278,0.01180892388,0.03959984317,0.09464063723,-0.03815619122,-0.002828341432,0.04032010688,0.03537329786,0.00368411109,0.03588133971,0.02874354972,0.04054521553,0.01672240803,0.02631578947,-0.0530092286,-0.008085457979,0.001540740741,0.01364259458
0.05723307677,-0.03014881641,0.01351660232,0.009013857124,-0.02294937422,-0.01187230001,-0.002978571429,-0.05192156486,-0.004672897196,-0.01719205589,-0.01961411765,-0.001294944322,0,-0.03458186993,0.007923809524,0.01988181818,-0.007751480841,0.04459561602,0.005505882353,0.04388376493,-0.01513327734,-0.03896535674,-0.01644736842,0.0982974359,0.01493250647,0.00271864745,0.1063152082,0.04441678475
0.05002800075,0.004650977898,-0.007619024399,0.01785714286,0.01827434072,0.03364959769,-0.01193555089,0.03245269353,-0.01877934272,0.00583093099,0,0.005194805195,0.02222857143,0.04178950579,-0.003930758183,0.06407159475,0,0.07539797395,0.04754996022,0.008849557522,-0.01182106492,0.1216356466,0.01003344482,-0.03891026359,-0.06617891968,0.03522833603,0.02785527735,-0.03479587629
-0.02382222222,-0.0293593954,-0.01727749013,0.008767251462,-0.03846532582,0.01163130779,-0.06949107072,0.005896466329,0.08133971292,-0.03767669647,-0.003993625559,-0.03359173127,0.009312985634,-0.05157908677,-0.05137740002,0.05235602094,0,0.01164042525,0.02441585132,-0.02192982456,0.003587151476,0.01924619086,-0.02649006623,0.00404207908,-0.03543447512,0.007852629815,-0.009478631886,-0.04138647025
0.04070296849,0.02547796665,-0.01953125,0.01159425667,0.005338146626,0.03448531483,-0.01623121099,-0.04883058371,0.03539823009,-0.00301686747,0.0662746988,-0.03075080214,0.08922439576,-0.03323313907,0,0.01492537313,0.02343610706,0.05314266711,0.003423537365,-0.008968609865,0.005959858136,-0.06142952248,0.006802721088,0.03024516129,0.0367362032,0,-0.01641583274,-0.004180501393
0.01557441596,-0.043448879,0.02390438247,0.02579266839,0.04244021698,-0.006671443927,-0.0462019802,-0.04722764001,0.01282051282,0.01812697584,-0.009419123895,-0.01103450711,-0.06214597338,-0.04687298076,-0.04168,0.01960784314,0.02671923191,-0.02191486674,-0.04244175939,0.006783710407,0.03317589686,0.01760381738,0.0472972973,-0.02152948249,-0.06299735564,0.01818150002,-0.07093391725,-0.02237767245
-0.02308951495,0.03245646844,-0.0369618677,-0.01117318436,-0.003823274335,0.02908692171,0.05882059842,0.03017523338,-0.004219409283,0.002972120936,0.001898087312,-0.04463050406,0.01807594717,0.03278806199,0.04132231405,0.04566923077,0.007434500355,0.002259959966,0.02126500692,0.05168917461,-0.006878119269,-0.04207591407,0.009677419355,-0.0119936,0.06303243506,-0.02040904013,0.02844550898,0.01573909182
0.01578622453,0.06758170987,0.01413813612,0.02541920904,0.0255413591,-0.008699553456,0.03921568627,0.03137933095,-0.05084745763,0.02958579882,0.02655931215,0.0116788594,0.008872178849,0.0412689587,-0.006279728502,-0.01149061698,0.0110725737,0.1051410901,0.06771111111,0.006406837607,-0.002311144554,-0.01805913872,-0.006389776358,0,-0.01186639501,0,0,0.03661971831
-0.08525785727,-0.04120951627,0.001995219124,-0.05233742077,0.006229300429,0,-0.01258113208,-0.01014395654,-0.03125,0.005747126437,-0.03142634063,-0.001440695967,-0.03518717932,0.03658518497,-0.03361389733,0.06743813953,-0.04014659337,-0.03037192492,-0.02763960289,-0.02547779356,0.02662049062,-0.04998652654,0.0578778135,0.00404207908,0.004011296611,0.007816132287,-0.004369131018,-0.01766521739
-0.03388382688,0.007668108533,0.01391327582,-0.008725581395,0.03217757076,-0.02631355633,0.03184976267,0.006150210007,-0.009216589862,-0.02000457143,0.003829031017,-0.004337572254,-0.02127170666,0.01176941954,0.01739154632,0.01742925466,0.03041639348,0.03132327301,0.04514223335,0.006539456347,0.01014644312,-0.0111331726,0.08510638298,-0.006051612903,-0.01594374261,0.02325348606,0.02485146199,-0.01383128925
0,-0.01830243902,0.007843137255,0.04105591111,0.02397946262,0.04954644162,0.02160740741,-0.002036326612,-0.04186046512,0.03207478519,0.04752518616,0.02902764361,-0.01552909609,0.03196996054,0.07267107926,0.01284800976,0.04059111948,0.004022385449,-0.01918980913,-0.02164502165,-0.02566975881,0.0224453209,-0.008403361345,0.006088457894,0.03239148032,0.005052846479,0.02710648127,0.007014882502
0.04823656548,-0.004650977898,-0.007782101167,0.01972290579,-0.02575633228,-0.01287099252,-0.0241739597,-0.04285740312,-0.009708737864,0.005649717514,-0.01270123354,-0.007049945388,-0.02208821659,-0.02816322335,-0.02391697902,-0.02537006468,0,0.03628868374,0.008143492514,-0.004424778761,-0.02061832113,0.02461775845,-0.01412429379,-0.03225806452,-0.07059111792,-0.005027443579,-0.006942222222,-0.01532256267
0.1254920337,0.07021047166,0.01372862745,0.005524861878,0.0084123797,0.0239115043,0.02167435709,-0.04264455637,-0.02450980392,-0.02528539326,0.02205869377,0.04261363636,0.009685173787,0.107244844,0.09388469476,0.02820313476,0.06383195554,0.06616987898,0,0.03555555556,0.01052619299,0.06954617017,-0.02005730659,0.06666666667,-0.00421813005,0.05808221509,0.01258514666,-0.01131544286
-0.09667749188,-0.01168041199,0.005799595204,-0.03022417582,0.02145628068,-0.01910832386,0.006058181818,-0.04231731224,0.01507537688,-0.04034600736,-0.02878256816,-0.02043814714,-0.0351486572,-0.02356162639,-0.0112,-0.02953586498,-0.02667064876,0.01276998266,0.07120813571,-0.02360858369,0.01157479557,0.037504,0.04093567251,0.0097625,0.0635664456,0.009546932721,0.02209944751,-0.02002865815
0.1522861357,0.005928107537,0.01731076923,-0.0849862209,0.005836750241,0.008654926677,-0.09036166352,0.03255701942,-0.01485148515,-0.02702235206,-0.08888888889,0.03059812094,-0.02980128503,0.005360811296,-0.01132686084,0.01956173913,-0.04794242972,0.01260896638,-0.009068234111,0.02857504554,0.01716352902,-0.004811547715,0,-0.009668115027,0.003982824071,0.02363963591,0.08377945946,0.01898048229
-0.06432,-0.001463909012,0.005668035787,0.04953584909,0,0.02145857409,0.04636303672,0.02252292102,0.06532663317,0.009254320988,0.0508097561,0.008097183476,0.06484905823,0.007998339355,-0.003810733566,-0.03624404689,0.05035664986,0.03202664617,0.04269268293,0.03846153846,-0.03487350175,-0.03148825389,-0.02808988764,0.0527375,0.03571561396,0.0369491565,0.03865551583,0.01289169054
0.1145690834,-0.05142470491,-0.01691428571,-0.01769919858,0.00463339385,-0.02100777715,-0.05696188111,-0.04625198108,0.01886792453,-0.003053225949,-0.04642180711,-0.009368694766,0,-0.01322478924,-0.04980260415,-0.03982300885,-0.03767194664,0,-0.02486994274,-0.0185218107,-0.02214515442,0,-0.01734104046,-0.04082214227,-0.06130754315,-0.02227082099,0.01080242171,-0.05798938159
0.01365449524,-0.02009193945,0.01338122101,0.01201206973,-0.001153006131,0.004297250728,-0.02013417414,0.009236351641,0.009259259259,0.006134969325,-0.05475717568,-0.02838054054,0.009611501494,-0.005360811296,0.03024516129,-0.004608294931,-0.03914066213,0.03103277061,0.02700109386,0.01467845594,0.009538150621,0.002496,0.05,0.04255951276,0.01224115067,-0.009112010589,0.007129718308,-0.03303303303
-0.0202815196,0.01104056295,-0.001883773585,-0.0148321179,-0.001154337089,-0.01923076923,0,-0.02974750776,0.01834862385,0.01219512195,-0.01501792262,-0.01807848251,-0.00952,-0.02156537475,0.04501277491,-0.02546666667,-0.02592743324,-0.02340476764,-0.02335750056,0,-0.00472205431,0.02247191011,0.06442577031,0.03338914022,-0.040322987,0.009195802842,0.02004528302,0.03571180124
0.006951954272,0.03124,-0.01890353451,-0.0331373494,-0.02430243024,0.002177868639,0.02054788891,0.0330176563,0.02252252252,0.02710361446,0.01087570326,-0.01841586402,0.06730358729,0.05785262424,0.02996236727,0.004750611879,-0.01520819674,0.01025691602,-0.01195806069,0.002062809917,0,0.00974025974,-0.01578947368,-0.02333651228,-0.01680164866,-0.02961115694,0.002315842434,-0.002998507942
0.03766492789,-0.01512741942,0.005777246159,-0.0124611213,0.003553368867,-0.006526417621,-0.02349255438,-0.02511413664,0,-0.02346052064,-0.0193863406,0.0115440382,0.003005405405,-0.0338534243,0.0363517885,-0.01181659316,-0.01158555689,0.08986186362,0.02420557309,0.02268378617,-0.00949285965,0.03141231759,0.02139037433,0.009188235294,-0.01708876814,-0.004697007437,0.05305272793,-0.0360903124
0.006579433725,0.03229490764,0,0.003159637399,-0.004721049526,-0.006562235394,0.0412371134,-0.007024615423,-0.01321585903,0,-0.002194277998,0.001428819238,0.02394964323,-0.01077940897,-0.01753834407,0.1004784689,0,-0.00470261555,0.01919041047,-0.004032258065,-0.01436978404,0.002338129496,0.002617801047,0.016390576,0.004346467816,0.06132144801,0.02519347241,-0.01403810056
-0.06881609871,-0.007439624585,0.003831417625,-0.006289308176,-0.01188141391,-0.01321826834,0.006598019802,-0.0165109336,-0.04464285714,0.009013857124,0.02201217965,0.03561025641,0.005852631579,0.005448435398,0.03213714286,0.01956173913,0,-0.03122890699,0.06956554001,-0.02429149798,-0.01457928522,0.07476523716,-0.03916449086,-0.02149403007,0.03896244404,0.02889106806,0.01175384615,0.001579746835
-0.063411941,0.03751537515,-0.007633587786,-0.0158278481,-0.004812019664,-0.0312461761,-0.02622695404,0.03117426935,0.01401869159,0.002971428571,-0.0474003269,-0.02888369493,-0.008727866382,-0.0460739266,-0.05015944725,-0.08528813744,-0.05078153375,-0.1484044777,-0.01354585819,-0.02489626556,-0.01356514467,-0.03261172018,-0.002717391304,-0.03114413981,-0.02083984172,-0.01727932483,-0.03696044442,-0.006319131296
0,-0.02171013634,-0.06153846154,-0.05144721002,-0.05314177711,-0.03226142004,-0.03367272727,-0.04883760521,-0.06451612903,-0.04450584929,-0.02940793189,-0.05099150142,-0.05571039463,-0.05397299277,-0.02005082651,-0.01165132551,-0.0411498299,0.00381804298,-0.03570989011,-0.02766297872,-0.01999792208,-0.05396076627,-0.03542234332,-0.05859223771,-0.07234489451,-0.07472653575,-0.00658245614,-0.00794660209
0.007494736842,0.02961448156,0.01024918033,0.05085315717,0.003833059835,0.03095680482,0.08014517114,-0.01222296433,0.01477832512,0.003100621118,0.01631310419,0.02686567164,0.06832131477,0.01501183415,0.02881206728,0,0.01716632324,0.007552705933,0.05697979724,-0.004376382937,0.05356786946,0.1045302524,0.0197740113,0.03011064989,0.1146873791,0.08313796718,0.02318418785,0.00801025641
-0.1156803745,-0.04597616596,0.01013870949,0.003220645161,-0.0355735565,-0.01616795007,-0.03226056191,0.009899371125,-0.05339805825,-0.02476792455,-0.01376136689,0.04505581395,-0.05814391561,-0.05325771697,-0.1544794413,0.007071698113,-0.0295376407,-0.1048913337,-0.07547137263,-0.006589913283,-0.07021674817,-0.06667033693,-0.008310249307,0.005851090374,-0.01234186979,-0.002193994955,-0.04531081716,0.03815589992
0.04640831758,0.1295011181,0.02209156627,0.03215450626,0.01975839605,0.07042018969,-0.06,0.05147100653,0.04102564103,0.031746193,0.09300767994,0.03059812094,0.03086666667,0.05937801698,0.07480444177,0.1100744171,0.07391237238,0.06277864803,-0.06997051909,0.05530619469,-0.005207792208,0.004600955583,0,-0.01356899225,0,0.02197708638,0.004519782183,0.004596642197
0,0.01867085367,-0.03340185964,0.04673418933,-0.009042757731,-0.00876882823,0.007089361702,-0.03030227361,-0.004926108374,0.03076938225,0.04044282855,-0.05128216201,0.01197482162,-0.002949238652,-0.03778914421,-0.02109704641,0.008096694933,0.02358276644,0.1065725062,0.0020997974,0.03664973868,-0.01144970935,0,-0.01767864103,0.00416536499,0.006450981955,-0.005622507307,-0.0487804878
0.008129346942,-0.03404369387,-0.002029268293,-0.02976190476,-0.01042709794,-0.05309980738,-0.03520573297,-0.03124919527,-0.0297029703,-0.05671191265,-0.02660096588,0.008534870065,-0.03549936627,-0.03550274565,-0.03096900455,-0.01724137931,-0.04015832496,-0.07687195392,0.03116614693,-0.0460251046,0.002522888603,0.002316464718,-0.005586592179,0.0220032,-0.02490148294,-0.008547377665,-0.04411945701,0.003205128205
-0.05599856644,0.02983210767,0.002033394596,0.0490797546,-0.001328189235,0.03271376585,0.01459265812,0.01736687977,-0.07142857143,0.006329113924,0.03993304157,-0.001408183714,0,0.02454221201,-0.01921344941,0.02631578947,0.02510309315,-0.25,0.02472087912,0.01534736842,-0.005037266561,0.05558518519,-0.01685393258,0,-0.03404543823,0.04094915205,0.04260363097,-0.02396421725
0.03388382688,0.06447049313,0.00406504065,0.02339181287,-0.007903736542,-0.004523269302,0.03597420424,0.03170656297,0.01098901099,0.01571823899,0.02220584528,-0.01836384181,0.09816025443,0.02694041645,0.03478309263,0.05555555556,-0.01224072975,0.08887289017,0.03486556511,0.04104031461,0.035443592,0.06792791781,0.002857142857,-0.001953809929,0.03964933528,0.01863520813,0.003407043645,0.009819992982
-0.01845221702,0.03582051769,-0.008097165992,0.01714285714,0.0425401527,0.02499835103,0.05555833333,0.01182265594,0.03260869565,0.006191981137,0.009884647492,-0.004314254536,0.01954849414,0.03207046709,0.03151639014,0.0303611336,0.008263943221,0.03570379077,-0.007776101338,0.01244813278,0.00244676657,-0.02460179782,0.05698005698,0.03332998695,0.004235998041,0.004063495976,-0.02714932127,0.004864842437
-0.08557800224,0.0405694385,-0.00203755102,-0.0393258427,-0.005094418183,0.02438867439,0.06249457238,0.02803699331,0,0.0369232587,-0.0136955419,0.01445086705,-0.008215881407,-0.005648552816,0.005109622253,-0.01571714174,0.01229085114,-0.0147538658,0.05482588062,0.01024262295,0,-0.04424683374,0.05121293801,-0.001894491402,0.06731871927,-0.00202523014,0.006973023256,0.02258064516
-0.01370563568,-0.02979860255,-0.02453979701,0.02046315789,-0.01025331725,-0.02814247126,0.01238640839,0.01363820808,0.03684210526,-0.06528220905,0.005961904762,0.02279202279,-0.01381319862,0.002840320106,-0.03548177928,0.01796732285,0.0121484645,-0.08502519798,-0.03464554455,-0.02434084979,0.01463260366,0.03524303598,-0.005128205128,0.009502603786,0.02251451155,0.00202934002,-0.02078160104,0
0.004666597532,0.0118013738,-0.01677143221,0,-0.01814473504,-0.01335832633,-0.03669724771,0.00224178446,-0.005076142132,0.02222741449,0.007876848503,-0.03899721448,-0.03641332298,0.01133599333,-0.01048753597,-0.03333647059,-0.01200265073,0.06011487922,-0.01283271522,-0.01247405397,-0.01682717283,0,-0.01546391753,-0.001880220323,-0.03083594024,-0.03643709512,0.003539622642,-0.003154574132
-0.03230800991,-0.0303555941,-0.02558626666,-0.020052814,0,-0.006769593606,-0.006346666667,-0.02460846538,-0.02040816327,0.006211180124,-0.02739108381,-0.01739130435,-0.02035455649,-0.03361315908,0.01486534228,-0.002025158702,-0.02023831523,-0.04638907445,-0.0129829111,0.00631917918,-0.0171151728,-0.02761588322,-0.02094240838,-0.03585185901,-0.04545114656,-0.002098275734,-0.0117546195,-0.003164556962
-0.01909333333,-0.03133674665,0,0.002919298246,-0.02110196327,-0.01591070656,-0.006394871834,0.02064291564,0.02604166667,0.02777283951,0.01006354909,0,0.01780773627,-0.01449673894,-0.01255891174,-0.07317073171,-0.01239940762,0.01891344956,-0.03683368421,-0.008368200837,-0.007463982665,0.06341026216,-0.008021390374,0.01370171835,-0.009517841056,-0.02737039926,-0.04280626455,0.0253968254
0.04860809047,-0.03731770999,0.02406643653,0.00292013024,0.01886548315,0.01616795007,-0.01285662471,-0.00449765488,-0.02030456853,0.009013857124,0.007955327775,0.01474926254,0.0116606142,-0.00882169866,0.01879322034,-0.02412631579,-0.02510309315,0.007944389275,-0.03005875358,-0.03797468354,-0.002503926707,0.03292246102,0.02156334232,-0.005794558798,0.004798059686,0.01515123897,0.06708485383,0.01238390093
0.05091776418,0.04392405901,-0.004273504274,0.01453023256,0.01323309035,-0.01136688433,0.009771961506,0.004517975173,0.0725388601,0.008923809524,-0.01383091751,0.04651162791,-0.005768293062,-0.002966737888,-0.02467525554,0.02247199091,0.02145427634,-0.1210306934,0.03661504624,0.01754385965,0.03015178221,-0.00994441328,-0.01055408971,0.03689619605,0.0143516818,0.02771702633,0.01047541704,-0.006116207951
0.1167357411,0.0136239782,0,0.07163815078,0.04177529329,-0.004596065175,-0.01290577315,-0.01348494028,-0.03381642512,0.0206537848,-0.01202408665,-0.02777777778,-0.05506453935,-0.01786063348,-0.01386425043,0.09450934333,0.008409986859,-0.03595447491,-0.04076521739,-0.08189655172,-0.007318329069,-0.01004429793,-0.01866666667,-0.0618063712,-0.009428105843,-0.01244692933,-0.01267465438,0.04
0.05328267209,0.04272943236,0.03219227468,0.005347593583,0.007519520676,0.02540252312,0.0130745098,0.05694647796,0.01,0.02600693642,-0.002025158702,0.008571428571,-0.006139847166,0.03333382477,0.03135637783,0.01003694779,-0.01250272947,0.09006350058,0.04249764305,0.03286384977,0.0589700861,0.008116967584,-0.01902173913,0.002005595227,0.02381418668,0,0.02567472705,0.002958579882
0.01124161074,-0.007014598759,-0.004157990327,0.01329361702,-0.01492679898,-0.02702467154,-0.01935478876,-0.002154824112,-0.03465346535,-0.01126765642,0.01830243902,-0.02266288952,-0.01234444444,0,-0.02726345731,0.005967414608,0.0295376407,-0.01427633738,-0.02173913043,-0.03181818182,0.01391963714,0.03427096774,-0.002770083102,-0.02390423009,0.009296453575,0.008403718159,-0.05688635834,-0.005899705015
0.02588352414,0.02710943396,0,0.03937444357,-0.01515298453,0.03471724591,0.009868395083,-0.02159863027,-0.02564102564,0.008551605933,0.04389898061,-0.03768115942,0.04999493751,0.01759880154,0.04742068966,0.01778339921,0.08606367132,0.01156983519,0.03056,-0.01408450704,0.002286188152,-0.0019462049,0.01666666667,0.01632642399,0.018434286,-0.01249877188,0.02532984382,0.04747774481
0.007197153485,0.003468242072,-0.01044171878,-0.00757979798,-0.0205189434,0.01566163369,0.01628399665,-0.0331111733,0.01052631579,0.05084745763,0.04970722664,0.02409638554,0.05952878403,-0.03170063163,0.0493823909,0.05243045415,0.01886997072,0.05142763104,0.08625299729,0.004761904762,0.004569537429,0.0039,-0.03551912568,-0.02409623071,0,-0.01054984259,0.009411800139,-0.02549575071
0.01437173826,0.044609121,0.008438818565,0.007637690128,0.05236569274,0.05066410967,0.01282307692,0.002282732757,0.02083333333,-0.005376344086,0.005473271897,0,0.01965840488,0.008926696833,0.0372452565,0.02398228782,0.007406943618,0.1413366724,0.01737362829,0.05687203791,0.002270597836,0.007769698177,0.02266288952,0.04320629988,0.02714471807,0.04051253874,0.07809073414,-0.002906976744
0,-0.01861821445,-0.004184100418,0.01262222222,-0.004979580139,0.008382739669,-0.02848094055,-0.004555067513,0,0,-0.02899130435,0.01176470588,-0.02479347039,-0.02949956228,-0.02860046458,-0.03062783604,-0.00367934965,-0.0619171695,0.009756021416,0.004484304933,-0.01360403183,-0.01349214194,0.01662049861,-0.0118405938,0.02203084802,-0.02254105433,-0.0205423058,-0.01749271137
0.01060630046,0.002228571429,-0.01050084034,-0.01496265322,-0.01749774977,-0.03326562217,-0.04560769874,-0.02288364112,0.02551020408,-0.01892324324,-0.003725395375,0.01744186047,-0.01411530209,0.01824070035,0.004134907587,0.00929070632,-0.007379636445,0.01271836854,0.02414667326,-0.03125,0.0252866096,0.001953809929,-0.0136239782,-0.005978462207,0.06034248437,-0.01467477852,-0.05518430087,-0.0237388724
-0.006970551378,0.01337020355,0.01061227817,0.0101266233,0.02798441374,0.04300941048,-0.01023893581,0.004683076949,-0.03482587065,0.07989456703,-0.01310561798,-0.06,0.02005260715,-0.005968892052,0.04264238936,0.03683252105,0.02973800142,0.04763623241,0.01651320755,0,0.01793534777,-0.0176,-0.002762430939,0.0261010371,0.01626115935,0.01276469176,0.05841495327,0.01519756839
-0.04400977995,-0.02306805075,-0.02310588235,-0.01503765429,-0.02475106348,-0.0164890328,-0.02068971225,0.004661247966,-0.02577319588,0.01530612245,0.03226100262,0.01215805471,-0.04493927535,-0.03303334015,-0.06875877329,-0.01953540188,0.007219797992,-0.06703410265,-0.05336778332,-0.01382488479,-0.03303809102,-0.05761400651,-0.03878116343,-0.01370171835,-0.02399596412,-0.03361133423,-0.05519097504,-0.02694610778
-0.02400792014,0.005615227345,-0.006455031553,0.04580171319,-0.03299421261,-0.004198130108,-0.02464232294,-0.01856262868,-0.01587301587,-0.01005025126,0.02939982706,0.009009009009,0,-0.009322354008,-0.03793975627,-0.001814492754,0.04659532956,0.1282676119,0.0416627451,-0.01869158879,-0.004555334247,-0.00421257291,0.005763688761,-0.009917460317,-0.01639436366,0,0.0163588785,0
0.1736263736,-0.02013057671,0.01515497835,-0.01216160452,-0.01574961886,0.008424868637,0.03609520261,-0.04255058712,0.005376344086,-0.005076142132,0.01608009189,0,0.008819948118,-0.02193905564,0.00310707457,0.03811553718,-0.01369783706,0.009032004712,0.01882360028,0.01428571429,-0.01601853296,0.03389738583,0.002865329513,-0.004014415986,0.012497858,0.004346170464,-0.02069325722,0.05230769231
0.02247191011,0.006838306204,0.02132188888,0.04679408867,0.07467004621,0.05428057869,0.04878619871,0.02716047206,0.01604278075,0.02805714286,0.01054478581,0.01785714286,0.02915678331,-0.003204453489,-0.03722235459,0.02447552448,0.003474953335,-0.02698320036,0.00462634504,0.04225352113,0.04883791056,0.004091695956,0.008571428571,0.03219326259,0.008236581706,0.02814061925,0.04460469484,0.005847953216
0.06290504367,0.06803471396,-0.006266367377,0.01647441496,-0.04962477665,-0.02574613999,-0.05980050551,-0.03846384948,-0.01578947368,-0.01985119544,0.02783157473,0.005847953216,-0.008505343885,-0.003214755022,0.02254791432,-0.003412969283,-0.03460580039,0.02313179121,-0.05058188292,0.009009009009,-0.01774018171,-0.01838984379,-0.01133144476,-0.04093268127,-0.03673944426,-0.004212467201,0.04718724607,-0.03779069767
0.02220160382,0.07006005924,0.05672605042,0.01157037037,0.02088137973,0.02235636478,0.07420473723,0.04750129443,0.005347593583,0.0202532466,0.003378652762,0.04651162791,0.04000123429,0.01935073801,0.04412832441,0.02054794521,0.02151019765,0.09050039093,0.0218034743,0.03125,0,0.01245409548,0.005730659026,0.0243902439,0.04660997258,0.008457013446,0.02575107296,0.05438066465
-0.05640560166,-0.01785396825,-0.02783291345,-0.02746005477,-0.01278084715,-0.009936852903,-0.05263407202,-0.01670373874,0.01595744681,-0.002477429191,0.001683637953,-0.03333333333,0.005498907142,0.006327798434,-0.03219326259,-0.03523758389,-0.010528626,0.0166099062,-0.08294155115,0.01298701299,-0.04063161371,0.01030331704,0,-0.03372698413,-0.01214368173,-0.07337389259,-0.03765690377,-0.02865329513
0.04294352068,0.04240794373,-0.0224980859,0.03059211517,0.01035953687,0.02007964516,0.01041666667,-0.009711472625,-0.01570680628,0.0223840796,0.03704242424,-0.04310344828,0.0382523336,0.08176706827,0.03533982649,0.01391308219,0.05674018212,0.1020276227,0.01291570888,0,0.002354652982,0.006087725688,-0.008547008547,-0.03080400557,0.02458592714,-0.009050135847,0,-0.01474926254
-0.1029712102,-0.01550406827,0.01046359833,-0.01369863014,-0.02821200857,-0.003935608369,-0.03092783505,-0.002450583545,-0.01063829787,0.03406339295,-0.01299733508,0.05105105105,-0.02631778393,-0.01453887168,0.06225260885,0,-0.006716663452,-0.02405205056,0.01531428571,-0.004273504274,-0.01173780369,0.03030616467,0.0316091954,-0.02753898305,-0.06000087737,0,-0.04564869565,0.008982035928
-0.008225616921,-0.001965379091,0.006207846931,-0.01157777778,-0.002634578847,-0.003951158582,0.01063829787,-0.01473962195,0.02150537634,-0.01882360028,-0.0115105869,-0.002857142857,0.01080970636,0.0501514086,-0.01323557878,-0.03087487033,0.003381041041,-0.003825136612,-0.03267511417,-0.01287553648,-0.02375443224,0.003915269551,-0.008356545961,0.006539410756,0.008516993151,-0.02511420793,-0.01594891681,-0.0296735905
-0.01651362559,-0.0009846247065,-0.01646090535,0.0046838583,-0.007937314267,-0.02381378922,0.06666947368,0.002493354764,-0.05263157895,-0.01198661674,-0.01330585905,-0.01719197708,-0.01604597214,-0.02247398307,-0.01723841985,0.0106194991,0.01346720854,0.005704882063,-0.02337256467,-0.01304347826,0.01216621771,0.00585,0.04494382022,0.03029589405,0,0.00936806024,-0.002311111111,0.0244648318
-0.01844740607,-0.002956785444,0.03765690377,-0.006989303457,0.01066349194,0.008133758045,-0.01645258828,0,-0.01111111111,-0.03155728155,0.01348529245,0.01166180758,-0.02716636341,-0.02299067511,-0.05848595239,-0.01050791035,0.003324871386,-0.011345042,-0.07181276596,0.004405286344,0.01442157842,0.01362032112,0.0188172043,-0.01259831933,-0.008445066577,0,-0.04176318603,0
0.07187787665,-0.007908143867,-0.008064516129,0.03990234742,0.05541481951,0.00604622436,-0.003339139369,0.01243576704,0.01685393258,0.03007530857,0.04659446681,0.02593659942,0.03072049877,0.05294450128,-0.042428579,0.01415933213,0.01324421755,0.0134061569,0.05158533678,0.01315789474,-0.02843310657,0.01147565102,0.005277044855,0.05106348212,-0.004258496576,0.02320083159,0.009685192503,0.06268656716
-0.006369426752,-0.02795023122,0,-0.002253732745,-0.00500450045,-0.002003295745,-0.01678384756,0,-0.02762430939,0.004866198993,-0.0190778529,0.005617977528,0.008126829268,0.03631199505,0.08864472919,0.0261808759,0.02614220209,0.06614404704,-0.01089913504,0,0.02195093273,0.1363878788,-0.005249343832,0.008097113541,0.004276708926,0.009070667181,0.043165302,0.01404494382
0.003241140882,0.004100191868,-0.01219512195,-0.009049773756,0.02512423409,-0.004014633988,-0.02047787161,-0.02211381971,-0.03409090909,-0.002417442779,0.001618148154,-0.002793296089,-0.01075164759,-0.008084556726,0.0148972951,0,-0.02866341484,-0.003523284314,-0.005518432977,0.01298701299,0.01909107139,-0.005034559263,-0.007915567282,0.0100368833,0.004258496576,0.00898534488,0.01379305272,-0.008310249307
0.05642903295,-0.01431824726,-0.004115226337,-0.01826484018,-0.01224835571,-0.0181451744,0.04878619871,-0.01507294227,0.02941176471,-0.03641165049,-0.03398834951,-0.01120448179,-0.01358807302,-0.002716816499,0.03326486649,0.02721088435,-0.03606624616,-0.007122726108,-0.005531326455,-0.004273504274,-0.004683357535,-0.03683533448,0.01329787234,0.01391963763,0,-0.01336174235,0.04761524675,-0.01396648045
0.08005436629,0.06431909921,0.004132231405,0.01860465116,0.0446694461,0.03490835894,0.03321718746,0.02551057589,-0.01142857143,0.02015121472,0.03183945198,0,0.03582160602,0.03814567605,0.03219393939,0.02649006623,0.04081972963,0.05016515277,-0.01950297715,0.01287553648,0.002354652982,0.01567160857,0.02362204724,0.01175835759,0.02541939681,0.02257242795,-0.01081904762,0.03682719547
-0.05058830932,-0.0204601028,0.04938271605,0.02054429224,-0.04513112885,-0.01587372677,-0.03858530826,0.004974306817,-0.005780346821,0.004938291114,0.03570371063,0.04532577904,-0.00266168797,-0.01575109817,0.03302174832,-0.04193548387,-0.009806088061,-0.04604875172,0.02556363636,-0.004237288136,-0.009392584268,0.006838206286,-0.02820512821,-0.005817054264,-0.00825931297,-0.004413344884,-0.07658966621,-0.005464480874
-0.05030154417,-0.06070100362,-0.01960784314,0.03132002262,0.01741061833,0.06048174755,0.02341410947,0.08168306987,0.05813953488,0.03439816962,0.00314484336,-0.0162601626,0.00799677441,0.09066730671,-0.005320116406,-0.03367003367,0.03300694619,-0.06800267889,0.04155586285,0.114893617,-0.01421655328,-0.01023118116,-0.05277044855,-0.009743500175,0.024995716,-0.05765022221,-0.02132322275,0.02747252747
0.009351011863,0.03178305085,-0.0059968,0.002172675654,0.01711267606,0.0114089187,0.03921568627,-0.01144386338,0.06043956044,0.01188033019,0.01561492193,0.0303030303,0.03968571429,0.02689521453,0.05179428571,0.0365825784,0.03514428764,0.124758167,0.05319148936,0.01145038168,0.004807192807,-0.04807776898,0.05013927577,0.02558740157,0.04471540185,0.02117836351,0.04115819406,0.02673796791
0.08026825221,0.01847714669,0.006032978566,-0.01082597403,0.01202427935,-0.009401196516,0.006286792453,-0.01388665022,-0.01554404145,-0.01643568075,-0.007694807113,-0.008021390374,-0.007639671329,0.002380455936,0.04752694715,0.006722707153,-0.009261288337,-0.06482209554,-0.03534545455,0.02264150943,0.01674666836,0.0198234832,-0.01856763926,0.009606171535,0,0.01382350772,-0.006973023256,-0.0078125
-0.028544,-0.02621935484,0.0140032,-0.02625829762,0.01899657925,-0.001896859779,-0.0031200078,-0.02112749844,-0.005263157895,0.01909315167,0.009302394809,0.01347708895,-0.002556930944,0.01068950175,0.02188660457,0.001672124667,0.03115076126,-0.01460928057,-0.09948398338,-0.036900369,-0.01176544214,-0.007068418668,-0.005405405405,-0.009514771013,0.05058942764,0.002273779949,-0.0187352928,0.005249343832
-0.100006588,0.02279111676,0.003944760727,0.02247199091,0,0.009502323471,-0.00940436513,0.02158350388,-0.01058201058,0.02108110944,0.01076505633,0.005319148936,-0.06427222921,0.001177701424,-0.006354297779,-0.01333333333,0.01510740661,-0.02037224681,-0.002902325581,0.0153256705,0.03809527579,0.03563931733,0.005434782609,0.01343881286,0.007402743788,0.002268621602,-0.02386625731,0.002610966057
0.03916257961,0.04148313209,0.005890747691,0.01978380583,-0.01631492962,0.001888648675,-0.009493646852,-0.03286266916,0.04278074866,0.02522568807,0.0379913046,0.005291005291,-0.01373737773,0.05163799158,0.05028092757,0.08445945946,0.01190404315,0.03593009962,-0.01166175318,-0.007547169811,-0.01146480302,0.01722846442,-0.008108108108,0.01326060606,-0.02573433058,-0.002263486608,-0.04645849796,0.046875
-0.04085657932,0.07289463864,0.013675,0.03879310345,0.03554852801,0.01127416217,-0.006394871834,0.02912575079,0.01538461538,0.01789715578,-0.03075366148,0.002631578947,-0.002777722067,-0.02678561732,-0.01064078123,0.02180685358,-0.01176400394,-0.005465342372,0.02065358984,0.04562737643,0.03711903238,0.04738802738,0.01907356948,-0.007476613154,-0.003776395973,0.01133546956,0,0.007462686567
-0.07542596945,0.0307942029,0.003853552667,0.02904564315,-0.009161512858,0.03345740504,0.01286434177,0.004716206486,-0.005050505051,0.01538818598,0.0453174396,0.005249343832,0.01675297903,0.009177997355,0.02457775418,0.01829268293,0.06249874218,0.02018494055,0.06936352034,0.01818181818,0.03355919345,-0.02100909843,0.05347593583,-0.01883836132,0.0113721336,0.05381399617,0.04872205128,0.002469135802
0.0549686234,0.02636492475,0.01919379902,-0.002019354839,0.009246222242,-0.007191699387,-0.0222247619,0.03286266916,-0.005076142132,-0.006496969697,0.03468224131,0.005221932115,-0.04395169665,0.009088999215,0.0494732196,0.01796407186,-0.03361145574,0.09348940799,0.03513050698,-0.01071428571,0.0108231806,-0.004942548158,0.04822335025,0.04223275926,0.05616996806,0.01063963218,0.01955982568,-0.01477832512
-0.04532791205,-0.04109589041,-0.00188624667,-0.03838073012,0,-0.04348029279,-0.00974028504,-0.02045528323,0.0612244898,0.006539456347,-0.02792861644,-0.03636363636,0.01149306382,-0.01576796222,0.01142867592,-0.02500235294,0.008692669541,0.04277188329,-0.0313314618,-0.01805054152,-0.01498949916,0.009934196561,0.02421307506,0.02393805101,-0.01772432501,0.02736685341,0.07433640542,0
0.03162709993,0.01339428571,0.009436981132,0.008403361345,0.006854657102,0.04167022927,0.06229786832,-0.00231981077,-0.02403846154,0.01298701299,0.002868965517,-0.01617250674,-0.005686350713,0,0,0.03770989493,-0.01436454963,-0.01894163071,-0.03234487398,0.01470588235,-0.002175492106,-0.01643616798,0.01891252955,-0.02698129496,0.0180441453,0.02459118238,0,0.0125
0.04778287462,0.09073890292,0.00560446922,0.008333333333,-0.02044579247,-0.03090976249,0.003088888889,-0.00465040961,0,-0.02350769231,0.02292732574,-0.02465753425,-0.01142745469,-0.002287858208,0.06215649407,0.0218,0.01166108912,0.0418094268,0.002781046101,0.01086956522,0.01089393264,-0.01833490042,0.02552204176,0.04806520685,-0.02127307905,-0.004001845969,0.0067,-0.007407407407
0.01634439985,0.00485948841,0.03531895911,0.05785123967,0.03016161189,0.05065672852,0.02769223953,0,-0.039408867,0.02188191469,-0.02800672269,0.04494382022,-0.0375711417,0.02293662439,0.02658723404,0.06401380145,0,-0.04319808009,-0.1416711111,0.02508960573,0.04310255262,0.006791762811,0.02941176471,0.04408876448,0.01449361744,0.02811194724,-0.01108998283,-0.01243781095
-0.01924043363,0.05626208997,0.01795326979,0.01366875,0.01576369593,-0.008931142104,-0.005992800017,0.02102878787,-0.05641025641,-0.01284800976,-0.02593647983,0.05107526882,-0.003005405405,-0.03138908282,0.07902241677,-0.01470802139,-0.005763337767,0.0161177946,-0.04852840662,-0.01398601399,-0.02479083378,0.03883243243,-0.03516483516,0,-0.0142865536,0.03320536733,0.03139013453,-0.03022670025
0.05878046995,-0.02739245636,0.003527326907,0.02505132964,0.03769066195,0.03243255806,0.0602459283,0.02745955221,0.03804347826,0.05423359387,0.02513597569,-0.002557544757,0.003014465095,0.006942997596,0.07203663296,0.0176412866,0.0260878087,0.09206436277,-0.02041882537,0.03191489362,0.008473680874,0.01952295717,-0.004555808656,-0.01351351351,0.0108677296,0.02457327887,-0.01304347826,0.01558441558
0.07715707965,0.01798806138,-0.008790133455,-0.04323609023,-0.01495538004,-0.03141373042,0.019881773,0.01559163515,0.07329842932,-0.04732839506,-0.06204718301,-0.002564102564,0.04504864865,0.01379584167,-0.02912593527,0.01333333333,-0.04802200531,0.05232314776,0.06597777778,0.01718213058,0.03151104965,0.01914910991,0.004576659039,0.02739726027,0.01433779813,0.01844940475,0.09691629956,0.03324808184
0.01148908858,0.07302243211,-0.008862411348,0,-0.008674191936,-0.009005816014,0.01671312917,-0.04386026734,-0.03902439024,0.01512229848,0.03077922845,-0.0205655527,-0.03448953624,-0.00680129517,0.0519089379,0.002631578947,0.008899010775,-0.02760540971,-0.04886489191,-0.02027027027,-0.04277051939,-0.006249749609,0.02505694761,-0.006666666667,-0.01059892654,-0.01811519028,0.004016064257,-0.02475247525
-0.03255282696,0.002860758101,-0.001791765891,0.007858570872,-0.01313039003,0.0127227209,0.01370304373,-0.02293611794,-0.03553299492,0.01489021277,0.03282611188,0,-0.03273225976,0.01141311592,0.01644912281,-0.002624671916,0.06176350673,0.04258365377,-0.01027945205,0,-0.01276464804,-0.0126184237,0.004444444444,0.00335033557,0,-0.009226256141,-0.0819968,0.005076142132
0.01902138266,-0.03141514437,0.01792114695,0.02729053346,0.02661018212,0.007184581806,0.01621618115,0.04460203102,0.04736842105,0.01257865854,0.02024055603,0.02624671916,0.0338399167,0.01128432659,-0.001077020795,-0.03947368421,0.09141441576,-0.005414525052,0.09688634954,0.01379310345,0.01077653381,0.008002613098,0.0907079646,0.03679484572,0.01786064001,0,0.04357283286,0.0303030303
0.01544799176,-0.01179935434,-0.0088,0.005695652966,-0.01944032598,0.01247901961,-0.04787223857,-0.02696586838,0.02512562814,-0.002067087593,-0.001427755568,-0.005115089514,-0.002967867742,0.05357123465,-0.03617438903,-0.01095890411,-0.02284341278,0.01641090378,0.04732389816,-0.003401360544,0.01066163831,0.04269280622,0.0121703854,0.001610322581,-0.0245603571,-0.001859925352,0.01670140559,-0.05147058824
0.004563894523,0.07238651994,0.01776193886,0.04528301887,0.01982574492,0.04224976298,0.04748369277,0.06235362032,0.05392156863,0.04149377593,0.02269972902,0,-0.05970598349,-0.01059103653,0.1069886844,0.03878116343,0.007793941363,0.07009509024,-0.0180626506,0.03754266212,0.01687586142,0.03795353896,0.04208416834,0.01932372128,0.01437940727,0.02052244082,0.06775829895,0.03617571059
0.08455325593,-0.0006947784726,-0.0209423499,0.003610108303,-0.01728374581,-0.03040553422,0.0133312,0,-0.04186046512,0.04780876494,0.03051768215,-0.03856041131,0.01269714286,-0.02355490501,0.05263839766,0.048,0.01546297426,0.02644082551,0.05520436609,-0.003289473684,-0.0248971385,-0.02047232307,-0.02115384615,-0.00947364164,0.01064626214,-0.01279682727,-0.04230769231,-0.01246882793
-0.02472655341,0.0132277962,0.01069515666,-0.02607769784,0.003302314786,0.005230248928,-0.01052212742,-0.01956590928,0.02912621359,-0.01901140684,0.006731614037,0.02139037433,0.02664454752,-0.0285081753,-0.02595692308,-0.006363358779,0.007615901143,-0.01102473498,-0.02325581395,0.0297029703,-0.01914874051,0.002980284273,-0.03143418468,-0.0007961702171,-0.01403586409,0.02036729754,0.03413975904,-0.01262626263
0.03597208137,0.08728622704,0,-0.03601250451,0.04708975235,-0.04159634279,0.08776577071,0.006650805025,-0.009433962264,-0.01162790698,-0.05081047782,0,0.03817658181,-0.01354668307,0.1098166563,0.0307298965,-0.01259580991,0.089323996,-0.02975238095,-0.02564102564,0.0195225732,0.03573333333,0.04259634888,0.0279290231,0.02134863254,0.04174334081,0.0912587456,-0.002557544757
0.00771622711,0.1023997929,0.01939747613,0.030651341,-0.004177839374,0.005423025115,-0.05867959182,-0.01761830416,0.01904761905,0.003921568627,0.03662889748,0.005235602094,0.01763989624,-0.002287858208,0.08783814555,0.06584062776,0.03061039667,0.05011807924,0.1288232754,-0.006578947368,0.01702306762,0.002868912756,0.009727626459,0.007761490683,0.01393811439,-0.02090387854,0.05160427046,0.002564102564
-0.074,-0.1410495413,0.006920415225,0.03717472119,0.002097683472,-0.03237424676,0.07532244089,0.03363077009,0.009345794393,0.01953125,0.005426063365,0,-0.01445203983,0.009177997355,-0.1201921567,0.002331002331,-0.01237342037,-0.04122938531,-0.02989565217,0.02317880795,-0.01673813324,-0.008618792636,-0.01348747592,-0.02310514171,-0.006868546016,0.01423245443,-0.06599237633,-0.0179028133
-0.008269052761,-0.03339257639,-0.003436426117,0.02867383513,-0.01048658985,0.02416701131,-0.002417391304,-0.006506533644,-0.01388888889,0.005744061303,0.094599328,0.02864583333,0.03226283229,0.06590630148,-0.03346299799,0.01278883721,0.0350855637,0.0090565546,0.00840788082,0,-0.03616827124,0.04480041434,0.046875,0.05993155871,0.0657356722,-0.0596472462,0.01993043478,0.015625
-0.03608985128,0.03454616173,-0.0275862069,-0.01393728223,-0.004230953083,0.007256936519,0.02179180977,0.02838353046,-0.04694835681,0.001907815338,-0.01975703704,0.007594936709,-0.00851929882,-0.02984973988,-0.02307692308,0,-0.01452698278,-0.002259959966,-0.07221333333,-0.01294498382,-0.008829098595,0.0636286382,-0.009328358209,-0.001485714286,0.0259756445,-0.009329524851,-0.05861724016,0.01025641026
0,0.0547371659,-0.008862411348,-0.01766784452,-0.002124465054,-0.007204652811,0.004743136954,-0.01486336395,-0.02955665025,0.009502661597,0.01764037336,-0.0175879397,-0.00860281603,0.03736019332,0.04527874016,0.01722345299,0,0.05843903702,-0.005997547329,0.01967213115,-0.008911448268,-0.04420919471,-0.0263653484,-0.004473312731,-0.006325160081,-0.02448075923,-0.003773584906,-0.002538071066
0.01730036796,-0.0430499522,-0.01610299505,-0.02698129496,-0.01919159869,-0.02722521668,0.009430170886,0.01293279258,0.03045685279,-0.04896436599,-0.02970285266,-0.0358056266,-0.02601159076,0,-0.09227542817,-0.03611738149,-0.03194118502,0.07431977988,0.0512,-0.05144694534,-0.002245092363,0.01497683815,0.003868471954,-0.01796407186,0.01591792185,0.009650463339,0.02462424242,0.01272264631
-0.02550923282,-0.04695066202,0.001821090909,0.01848434302,0.02173776924,0.03358220179,0.1238357455,0.01489498296,-0.03448275862,0.02574582415,-0.02041216158,0.02122015915,-0.03263505357,-0.04236929991,-0.02698073374,-0.04801124122,0.01522751164,-0.009902962352,-0.03724486989,-0.01355932203,-0.0202700173,0.01338320579,-0.01734104046,0.007619512195,0.01724137931,-0.009558222068,-0.03327162064,0.03015075377
-0.001432571466,-0.003464264776,0.01270123354,-0.001811983483,0,0.001804413246,-0.03534630296,-0.01258028776,0.01530612245,-0.009655598456,0,0.02077922078,-0.01840849861,-0.008853081895,0.0383864849,0.01107210051,0.00499970416,0.04391687983,-0.002971428571,0.006872852234,0,-0.02116420033,0.02549019608,0.02118492269,0.004630177265,0.02509510649,0.04588896095,0.05853658537
0.03058363221,0.08774556994,0.02508960573,0.01818181818,0.002124465054,0.02522790525,0.03448454221,-0.002122796177,0.01005025126,-0.005844852538,-0.0208375,0,0.05624992969,-0.01339009372,0.07802192026,-0.06204574209,0.03731333869,0.09751934143,0.08358169036,0.01706484642,0.006893916234,-0.01214280772,0.06118546845,0.005925911879,0.03680341794,0.04708057906,-0.003656296435,0.009216589862
-0.1709060997,-0.05762422971,0.01573706294,0.01964,0.05945064465,0.05228021059,-0.004165,0.04255383809,0.02487562189,0.04901647059,0.05585130149,0.01272264631,-0.04142125276,0.04072096863,-0.04189879436,-0.02334635195,0.04077107066,-0.04703609864,0.03030730443,0.06711409396,0.02739824809,0.0902819121,0.01981981982,-0.01178200464,0.02959165463,0.03597274856,-0.04036685397,0.01141552511
0.02251392811,-0.0192,0.001718411791,0.03502636785,0.03206410898,0.03716110686,-0.01882842037,-0.008165570515,-0.03883495146,0.04859827618,0.06549547807,-0.007537688442,-0.009255555556,0.0108726117,-0.04572868158,-0.01460613993,0.05299403647,0.024692008,0.01603408741,0.03144654088,-0.02888774783,0.1041338772,-0.02120141343,0.01489832513,-0.005751382695,-0.05729181896,-0.1108983223,-0.02031602709
0.002985520227,-0.02198737499,-0.01374570447,-0.005073448591,-0.01359047734,-0.00482921206,0.03411166889,0.01851919884,0,-0.01782536278,0.007092198582,-0.01518987342,-0.01245976651,-0.01935601998,-0.01458666667,0.008086253369,-0.004376100499,-0.05798181164,0.04210526316,-0.07317073171,0.0434794186,0.06021818182,-0.03068592058,0.01908726951,0.01733810897,-0.009209257025,-0.04946563625,0.07373271889
-0.07478791487,-0.05807165132,0.0243902439,0.04251428571,-0.009846630695,0.05015966772,0.03711346328,-0.02626197046,-0.02525252525,0.03992752066,0.05868169014,0.02570694087,-0.02208821659,-0.01535301806,0.01691337645,-0.01604278075,0.02857153473,-0.02369849191,-0.00757979798,0.02631578947,-0.002194573352,-0.04820963095,-0.04655493482,-0.02305486135,-0.0227208998,-0.0223057754,-0.04750769231,-0.01716738197
0.03772219094,0.04361634554,0.01360544218,0.01305060503,0,-0.02156900741,0.003979330385,0.02489591205,-0.06735751295,0,0.0332595415,-0.03258145363,0,0.01336569562,0.04989621587,0.02173913043,0.01709296739,0.07469273743,-0.005080936716,0.01923076923,-0.002199400097,-0.01014760148,0.056640625,0.02212635812,0.03487769692,0.007604891466,0.05462782089,0.008733624454
-0.02767012866,0.1109389697,0.006711409396,0.04026032917,0.009944551016,0.01889599837,-0.05940584649,0.03239062472,0.005555555556,0.005238409043,0.02146616812,-0.0103626943,-0.003228391262,0.00219734394,0.06931031861,0.05319148936,0,0.08844934241,0.04092054866,0.0251572327,-0.008809669399,0.01252329916,-0.01663585952,-0.01442543013,-0.04493888773,-0.01131965145,-0.04729369369,-0.02813852814
0.003507373456,0.06615864794,0.01333333333,0.01083343653,-0.005906088468,0.004640128389,-0.02526311535,0.01372323182,-0.03314917127,0,-0.02101505541,-0.02879581152,-0.01617093659,0.01096263103,0.03333925926,-0.007575757576,-0.02731105121,0.05805095876,0.05896782715,0.006134969325,0.002223839411,0.02470804809,0.009398496241,0.03513900992,-0.0500048384,-0.04007559978,0.04018519079,-0.07572383073
0.08157915641,-0.0523209642,-0.008221052632,-0.01837676785,-0.003963953687,0.00922747207,0.00863583821,-0.01547482966,0.06285714286,-0.02257222222,0,0.04043126685,0.07236662917,0.006511529735,0.01523145387,0.02290076336,-0.02591636514,0.04935903223,0.06728142077,0.006097560976,0.04877904941,0.05263157895,0.03910614525,0.004236482633,0.02167103822,-0.009941602711,0.03864,0.01204819277
0.07212103408,-0.01091046517,0.01326696314,0.02028335796,0.04373884578,0.02896299501,0.004286088713,-0.02357534218,0.02688172043,0.0497337115,0,-0.002590673575,0.02453730288,0.002154720463,-0.05208097971,-0.03109651741,0.03769355619,0.02017421228,0.01305043478,0.04545454545,-0.002112188487,0.00416,0.02867383513,-0.001406203521,0.03939847125,-0.0220884417,-0.01312905688,0.03095238095
-0.05500753528,-0.1070686934,0.03927976621,0.02293333333,0.0133316265,0.04000019109,0.002128781017,0.02817164514,0.01570680628,0.01861527882,0.01931337103,0.03896103896,0.05688848649,0.03655672099,-0.07448811766,-0.04492743502,0.01495454036,-0.07174330108,-0.0493593177,0.01739130435,0.09745437384,0.01245485447,0.02090592334,0.00423357796,0,0.06776208394,-0.0133037222,-0.002309468822
0.01942732874,0.01453023256,-0.003149598363,0.008968631315,-0.0169190233,0,0.008512354915,0.005869877396,0.01546391753,-0.008308305648,-0.02315123588,-0.0125,0.01416537489,0.04356954321,-0.03420212218,0.03091182796,-0.01263083718,-0.01576198047,0.05642959303,0.005698005698,-0.005789306471,-0.04304262295,0,0.04213033708,0.008744864191,0.04615578956,0.1033704148,0.01388888889
0.003128777643,0.007170233445,-0.006319099351,0.04000246519,0.06310407813,-0.03703312402,0.02953417722,0.02529117327,-0.02030456853,0.02177828282,0.05387567629,0.02025316456,-0.0363215848,-0.01391844315,0.02916,0.002607567369,0.05757127924,0.09294812627,0.03418803419,0.008498583569,0.01164926325,0.004303256222,-0.006825938567,0.0404357539,-0.005776728264,0.01838154477,0.002033394596,0.05251141553
-0.02211667966,0.0597392666,0.06995212731,0.02706324786,0.01798449345,0.02514370215,-0.01639183015,0.003794449263,-0.0207253886,0.04098098361,0.0490797546,0.04714640199,0.02319660242,-0.006047141218,0.02834674233,0.001302473451,0.02016005344,-0.06306477493,0.04338512397,0.02808988764,0.04990523716,0.01918615758,0.001718213058,-0.0103626943,0,0,0.00406504065,-0.02819956616
-0.1650598043,-0.06576980568,-0.04012115276,-0.01109572504,0.02650438913,-0.03174411138,-0.045835,0.01323374554,-0.03174603175,-0.02204729965,0.005847953216,-0.04028436019,0.01982540589,-0.03448054672,-0.09843149606,-0.07532467532,0.02569182506,-0.1126709782,-0.01385192508,-0.002732240437,-0.007314886569,0.03764995716,0,-0.04449842932,-0.04651422286,-0.01083228953,-0.06477732794,0.02455357143
0,0.04022068966,0.007742414861,-0.02945083748,-0.0137734446,-0.01043328656,0.01747077287,-0.02052236942,0.005464480874,-0.07246137832,-0.03100465116,0.02962962963,0.04722,0.02100911195,0.03057488611,0.02528089888,0.001928294795,0.08113873581,0.0100368833,-0.02191780822,-0.05708897651,0.06652903226,0.06346483705,0.04383542428,0.006093738245,0.005473919738,0.05411601732,-0.0174291939
-0.01163396423,-0.03037374916,-0.0107551195,-0.01156069364,0.005236128449,0,0.008580242781,0.01904791055,-0.03260869565,0.03125,0.00799677441,0.00479616307,0.01326368862,-0.03086771978,-0.03812881356,0.001367671233,0.009613165192,-0.02612045476,0.03976130493,0.01120448179,0.03711038961,0.05294231514,0.01129032258,-0.003939091069,0.00303256896,0.0145196887,-0.03491076826,-0.0133037694
0.08626141954,-0.01710305594,0.04813913043,0.0277754386,0.01909357602,0.05722805262,-0.04680518605,0.02990498884,0.05056179775,0.01178181818,0.01983809524,0.06205250597,-0.07853097228,0.05307792027,0.01540782091,-0.02462385691,-0.02666507812,-0.0510853835,-0.05736731972,0,0.009416773628,-0.03412537917,0.02392344498,-0.007909337741,-0.009061917581,0.04293565377,0.03404255319,0.04943820225
-0.01439430697,-0.04348310021,-0.06666887901,-0.01564498582,-0.04258294556,-0.02421714585,-0.01562675781,0.005443763974,-0.04812834225,-0.01996677529,-0.03890440126,-0.04719101124,-0.01136247418,-0.03225632424,-0.07374602602,-0.06732132919,-0.003913654785,-0.05030247573,-0.05475717568,-0.02216066482,-0.02985069998,-0.01672575004,-0.04049844237,-0.01858808731,-0.05487708036,-0.03773595808,-0.06378271605,-0.04496788009
-0.1062520512,0.1151623288,0.01111365079,0.00289017341,0.05337740877,0.008760739084,0.09523809524,-0.01805085565,-0.07865168539,-0.01188186589,-0.01214570965,0.01179245283,0.01436891597,0.008331601806,-0.02576477465,0.2300781476,0.04125649303,0.1570537698,-0.004298682927,0.09065155807,-0.03076918159,0.04725609756,0.0275974026,0.01487845223,0.1032228964,0.0481265762,0.1032928236,0.0269058296
-0.04507481869,-0.01766956522,-0.004712076076,0.08645533141,0.0118228039,-0.01157798456,0.09316770186,-0.007351758679,-0.0243902439,0.0206185567,0.07377024993,-0.01864801865,-0.002835114628,0.02066192546,0.04687692308,0.04156479218,0.03962183507,0.04258518193,0.0668137931,0.04675324675,0.03372824782,-0.007208705899,-0.0252764613,0.05600450562,0.01754892293,0.02211050958,0.01593625498,0.01746724891
0.004229955778,0.07469371858,0.01892744479,0.03845941645,0.04340473958,-0.01903165648,-0.009468181818,0.03333454566,0.1125,0.02693602694,0.04580138687,-0.007125890736,0.0426169486,-0.002023872836,0.07462489162,0.05399061033,0.003629546905,0.08164714235,0.01414460074,0.002481389578,0.02303343182,-0.01636063208,0.03079416532,0.0101010101,0.04597166853,0.03494110624,-0.01568627451,-0.01931330472
-0.02986789202,0.02444689719,0.03251021672,0.01021713454,0.01920196628,0.03432575779,0.03441677336,0.06630702234,0.02247191011,0.04425967213,0.0182452022,0.07416267943,0.01089803325,0.0263686379,-0.00454017094,0.02672605791,0.0217015826,0.02566048572,0.06971110941,0.07178217822,0.03940018651,0.01478729948,0.04716981132,0.028752,0.03571832089,0.03858682849,0.07769243028,0.02407002188
-0.03088612591,-0.01632173927,-0.02249110047,-0.04804055229,-0.02668525566,-0.005769964543,0.00184546862,-0.08067119975,-0.06593406593,0.01099155037,-0.02509247312,-0.006681514477,0.021561093,0.01383593979,-0.01153957111,0.02386117137,-0.02654854017,-0.01111933284,-0.03165447048,-0.07159353349,-0.03971302203,-0.02005082651,-0.01951951952,0.006073378229,-0.01856686763,-0.02631750476,-0.009245074321,0.02564102564
0.07280317687,0.028101092,-0.01380122699,-0.003981947372,0.01289932948,-0.03047747419,0.03505687831,-0.03108006659,0.02352941176,0.01552795031,-0.02940891003,0.008968609865,-0.05277455879,0.01364711907,0.04886523147,0.05826101695,-0.04182022161,0.1235868708,-0.007692307692,0.009950248756,-0.03383422231,-0.05388879636,0.001531393568,0.04830917874,-0.01081141163,0.007950130271,0.03358208955,-0.04583333333
-0.1101936219,-0.04348793945,-0.01244164867,0.032,-0.007957498853,0.02544483814,0.03743315508,-0.009432436803,-0.005747126437,0.02752293578,0.0322,-0.008888888889,0.0612803594,0.02692208734,-0.09109700672,-0.07007018229,0.03795161978,-0.1174988301,0.02907286822,0.01231527094,0.0116751778,0.06482925112,-0.003058103976,0.01958341014,0.02458592714,0.009462783791,-0.01985270758,0.02401746725
-0.01429333333,0.00259325753,0.001572279503,-0.01550387597,-0.01766079258,0.004382723314,-0.09450309278,-0.02476126347,0.0289017341,-0.03422857143,-0.04770921773,-0.0201793722,0.007880339781,-0.005616800292,0.006822754177,0.009689575353,-0.05118830547,0.03966959005,-0.0433173836,-0.01703163017,-0.02307768539,0.08487625165,0.01840490798,-0.010167702,-0.05066789498,-0.009374078909,0.02946584319,-0.0618336887
0.009630992317,0.09067847195,0.0251572327,-0.009188451444,0.01797830367,-0.007269540111,0.05882513674,-0.01562592627,0.1011235955,0.01695165967,-0.0327583815,0.04347826087,0.04166236981,0.007531369252,0.07693087371,0.06289808102,-0.03275495347,0.05995095635,-0.02165669291,0.03217821782,0.01771631642,0.08332970525,0.03162650602,0.01712511416,0.09550765155,0.04258518365,0.05187534347,0.02045454545
-0.08135048232,-0.05106337696,0.02607607362,-0.007947036709,0.0144399325,0.01610443568,0.01612903226,0.02182538277,-0.03571428571,0.02424242424,0.07968790339,-0.01973684211,-0.01999802,-0.04112198826,-0.07747226891,-0.127380746,-0.003983822247,-0.1105476486,-0.01005717523,-0.03597122302,0.003868067702,0.06592854559,0.02627737226,0.04040396785,0.007691009814,-0.001511012812,-0.05611972789,0.002227171492
0.06253646016,0.02878792733,-0.007476215304,-0.004003212824,0.004747328204,-0.004321240057,0.02998095238,-0.01941777866,-0.005291005291,-0.002958579882,0.03321023407,0.006711409396,-0.02551221887,0.01169346617,0.04070657164,0.01494068966,0.0140008385,0.09249240501,0.0426796748,-0.01990049751,0.02504716362,-0.02650479763,-0.03413940256,-0.03559691806,0.02290390545,0.0166667092,-0.02702983199,-0.04444444444
-0.04414186889,0.00973232221,0.004520481928,-0.01206648794,0.003152451655,-0.02025797299,-0.03253155141,-0.04752409438,-0.0585106383,-0.02077151335,-0.001791423453,0.006666666667,-0.04712046819,-0.007705539646,0.06126936112,0.0815403516,-0.02367051339,-0.01853227435,-0.04872997655,-0.02791878173,-0.03007521146,-0.01967428981,-0.02209131075,0.001116774526,-0.02985247679,-0.005961495017,0.001854814815,0.03953488372
0.05640436531,-0.002266979212,0.002998493557,-0.02577807496,-0.01726515694,-0.004434494749,-0.02123890798,0.02079033719,0.02824858757,-0.01818181818,-0.007152793282,0,0.008248360712,-0.03883632722,-0.001029281746,-0.04397913127,-0.02828113794,-0.04445953813,0.01024262295,0.01305483029,0.007754360418,0.06018765432,-0.01807228916,-0.0201152713,-0.01538201963,-0.01199449516,0.0591495478,-0.03579418345
-0.02424967377,0.08921588327,-0.01943433319,0.00278551532,0.0159734364,0.01038686404,-0.03254968166,0.09572189597,-0.005494505495,-0.004632098765,0.005405405405,-0.01545253863,0.01089803325,0.01212362461,0.118674293,-0.06023931696,0.02494649052,0.05782002072,-0.06084563358,-0.0206185567,-0.005770220547,0.05093903711,0.009202453988,0.03306551072,-0.0156294625,0.02428021929,-0.08551738774,0.01856148492
-0.01493368996,-0.001106869687,0.04725853659,0.02083111111,-0.02358721988,-0.01028008618,0.02990350669,-0.03159669332,0.03314917127,0.006201565771,-0.02509247312,0.04932735426,0.021561093,-0.01197840294,0.005538040077,0.01281864802,-0.01419964544,0.1093384019,0.004312728077,0.01578947368,0.02127598004,-0.01384604475,-0.01823708207,-0.04304121162,0.021165326,-0.05333549586,-0.01908396947,-0.0159453303
0.03541124562,-0.0077708798,-0.03784561783,-0.02312712517,-0.01770999212,-0.01187001828,-0.05625852088,-0.03838825529,0.005347593583,-0.003081671696,-0.01837946582,-0.04273504274,-0.01847489504,-0.02828190499,0.009171403072,-0.01495791016,-0.06172822329,-0.01202817535,-0.03440872055,-0.01295336788,-0.003787485242,0.001402247191,-0.04953560372,-0.02999210151,-0.04922399403,-0.01877751127,-0.005833463035,-0.04398148148
0.05605332168,0.06152282229,0.02269041406,0.03203119777,0.02950319113,0.04504849104,0.07115065977,0.04191642374,0.03191489362,0.06337202689,0.01310561798,0.05803571429,0.1209681322,0.01039791233,0.04363661752,0.005839252336,0.05263216431,0.06812528466,-0.03339700097,0.002624671916,-0.001902522581,0.08134211802,0.0342019544,0.04280626455,0.04359941728,0.01754390678,0.00391388207,0.01937046005
0.03238489395,-0.01580771773,0.0325443787,0.02834230141,0.07484329613,0.007181345182,0.0197515544,-0.03639933235,0.01546391753,0.08139534884,-0.01293608262,0.04641350211,0.02158279592,0.0185146255,-0.010447445,0.04181192439,0.05833336268,0.02505945059,0.006901331603,0.01832460733,0.06095244126,-0.002589899392,0.04094488189,0.003422583211,-0.01044448103,0.03918457644,0.05847934977,-0.009501187648
-0.04249348567,0.01497896367,-0.002865329513,0.02493228346,0.007403403717,0.03138642145,0.008801396054,0.01590552523,0.0152284264,0.02150537634,0.05056179775,-0.01411290323,-0.02581697413,0.01010383956,0,-0.03009860441,0.01574708819,0.01334335952,-0.02746005477,0.007712082262,0.01077386815,0.05461233729,0.01512859304,0.003410909091,0,-0.001508992989,0.007366460799,0.02877697842
-0.07483776429,-0.001053171667,-0.03448275862,-0.006400013111,-0.02499788213,-0.02904865974,-0.02443141361,-0.04109612972,0.04,-0.02631578947,0.01782245989,-0.03067484663,0.002411561616,-0.03400261746,0.07922253521,-0.03103632184,0.003879016617,-0.0219303093,0.04705900069,-0.007653061224,-0.02841915673,-0.00615540018,0.005961251863,-0.01359000935,-0.05013310955,-0.01661637569,-0.05850074296,-0.009324009324
-0.02522909831,0.01901762543,0.01637142857,0.02448247423,0.03770879944,0.03561371999,0.0322003117,0.03061086921,-0.004807692308,0.01081081081,0.03853460885,-0.004219409283,0.0769237426,0.03312952648,-0.03262651257,-0.02609732118,0.007721528902,0.004471492219,-0.08538637442,-0.01799485861,0.01462369513,0.04094078038,0.0237037037,0.0413317266,0.01389163912,-0.0184339547,0.009705600915,-0.01882352941
-0.02065923863,0.03316045682,-0.01025122049,-0.01886594992,0.002909593285,-0.02475937015,0.00173032689,-0.03762471451,0,-0.01336898396,0.0118016545,0.01694915254,-0.03348467194,-0.006015638711,-0.02866517009,-0.001216080324,-0.02490430142,-0.02900763359,0.02703085197,-0.01570680628,-0.01441292491,-0.009535142722,-0.03762662808,-0.0264608133,-0.01643555729,-0.01251746224,0.005772307692,0.01438848921
-0.05830765584,-0.00401843602,0.01775147929,-0.007692307692,0.01303779151,0.03244219259,-0.04844020545,0.01646191827,-0.004830917874,0.05691056911,-0.026664,0.01458333333,0.01154824656,0.004036331891,0.02235555556,-0.02805073171,0.007858063316,-0.006901688183,-0.07655443786,0,0.01645317652,-0.00842549521,0.07067669173,0.03397139937,-0.005575157708,0.02218657328,0.05927018197,0
-0.03360181223,-0.01460465596,0.01453488372,0.02583979328,-0.001428473319,-0.009563834521,0.03818176264,0.01619531236,-0.03398058252,0.01282051282,-0.02054788891,-0.01642710472,-0.009131481832,0,0.02058427162,0.01882262248,0.03118718241,0.08101261604,0.05698605607,0.01063829787,0.02697708906,0.01213203883,0.009831460674,0.01204996635,0.01400835586,0.01860280504,0.01083032491,0.01891252955
-0.110561271,-0.01635162535,0.008595988539,-0.03274559194,-0.03867897278,-0.03448383223,-0.05779326404,-0.051795025,-0.0351758794,-0.04050632911,-0.003499290911,-0.01670146138,-0.04608646604,-0.05221252339,-0.02828360275,-0.03079014778,-0.0189024741,-0.02568450913,-0.05637647059,-0.06315789474,-0.05604206211,0,-0.001390820584,-0.0303030303,-0.05525175715,-0.05327153357,-0.01071428571,-0.01160092807
-0.101317716,-0.08051067225,0.004263636364,-0.04166666667,-0.02981155833,-0.03857156677,-0.02044904022,0.02731402122,-0.02604166667,-0.03957783641,0.001751578947,0.006369426752,-0.05313913043,-0.06991114868,-0.05308493151,-0.07623903683,-0.04046161814,-0.0879141745,-0.3220792606,-0.0393258427,-0.05009221507,-0.02157897968,-0.03342618384,-0.04352857143,-0.0409341254,-0.02733030596,-0.07942238267,0.009389671362
0.1782339524,0.08248362043,-0.03394617495,0.0625,-0.006142569556,0.02377529899,0.03226114954,-0.0409003779,-0.005347593583,0.04120879121,0.02101582071,-0.02742616034,0.06887748074,0.02049682213,0.04520519408,0.01788394582,0.05421525196,-0.02409701259,0.0613030578,0.06140350877,0.05722402597,-0.01960784314,-0.004322766571,-0.003494989022,-0.003051048641,0.006611841739,0.02941490196,0.002325581395
0.09872787611,-0.02400994068,-0.0322107591,-0.02557544757,-0.01081778925,0.01016071813,-0.001839703177,0.006395541394,0.02150537634,-0.02374670185,-0.04116649377,0,-0.01432265936,-0.0468707579,0.008658871468,0.1324324324,-0.03428367187,-0.01235489663,-0.02888103325,0.01101928375,-0.01919385797,0.002496,0.001447178003,0.02692636281,0.0672781849,0.04433332688,-0.009526828109,-0.03480278422
-0.05612886987,0.0417128698,0.01966470278,0.05774278215,0.07343984398,0.04884704661,0.0773480663,0.04025525508,0.03157894737,0.06216216216,0.05366741658,0.03470715835,0.016954028,0.09367415999,0.07203547983,0.04295942721,0.05128222227,0.1112531049,0.08179676905,0.02997275204,0.03913894325,0.07855592441,0.03468208092,0.03306551072,0.03151857962,0.0298748176,0.05961846154,-0.01201923077
0.0952,0.028740768,-0.03115489614,0.04466501241,-0.01019488369,-0.02739641311,0.008545641026,-0.002036326612,0.05612244898,0.01272264631,0.003398311439,-0.02096436059,0.05476270068,0.00214088146,0.05120013107,0.02631395881,0.04127324455,0.05286771733,0.0618443335,0.002645502646,-0.005649717514,-0.006940128444,0.01675977654,0.03863324904,0.01111178809,0.01526652781,0.03085000116,0.009732360097
0.02727051376,-0.01397529413,0.02296839701,-0.009501187648,0,0.01972040803,0.04237429474,-0.03673595802,0.038647343,0.03768844221,0.006765482234,0.0278372591,-0.0361217657,-0.008545231511,-0.01674524626,-0.01895031251,0,-0.04273648909,0.01619684762,0.007915567282,0.02462121212,-0.009313206872,0.006868131868,-0.01806421775,-0.008240371796,-0.01654142194,-0.0088,0.007228915663
0.02109504622,-0.005052664309,-0.02245269461,-0.03117505995,0.007356055686,-0.01105024051,0.009756097561,-0.02965997511,0,-0.009685230024,-0.01008406073,-0.0125,0.009366753505,0.02370716772,0.006201888307,0.02272727273,-0.03423372383,-0.01562073122,0,-0.002617801047,-0.02218114603,0.004707899645,-0.0136425648,-0.002167965368,0.01108098461,0.0107031749,0.0124305153,-0.007177033493
0.005222841226,-0.003060015365,-0.00153384004,-0.02475247525,-0.02919534108,-0.006985259346,-0.04186666667,-0.01746828732,-0.01860465116,-0.02200488998,-0.03565374711,-0.006329113924,-0.01391557107,-0.04000184364,-0.01769345136,0.01666488889,-0.02052273523,-0.04308360407,-0.01593869107,-0.02624671916,0.03969754253,0.01052442475,0.001383125864,-0.0216851078,-0.04109640491,-0.006051695494,-0.03333052632,-0.002409638554
-0.09282992726,0.01939604504,0.03374233129,0.01269035533,0.03007334257,0.00703439643,0.01176200099,0.008887442916,0.004739336493,0.035,0.03345643227,0.02972399151,0.03528833774,0.02193059668,0.04619810356,0.02841535023,0.01333414907,0.03081175146,0.009713966156,0.01617250674,-0.005454545455,0.04860740741,-0.004143646409,0.02660744441,-0.002859269124,0.03196548374,0.06714753641,0.01207729469
0.01705485554,0.05304496009,0.01038813056,0.005012531328,0.03211767839,0.03910574268,0.0614632046,0.03744676165,0.03301886792,0.02657004831,0.005110718608,0.02886597938,0.05909738018,0.0343328148,0.0613748503,0.04357244391,0.02443620371,0.09884144323,0.1025641026,0.03448275862,0.02193784278,0.07396052613,0.01109570042,0.04535275904,0.05157514337,0.02654851868,0.01530884354,0.03341288783
0,0.04753793179,0.01762110397,0.01246882793,0.001412304705,0.008065984171,-0.007823474178,-0.004245592355,-0.009132420091,-0.03764705882,0.03050839184,0.002004008016,-0.0214608521,0.05602014707,0.08039284715,0.01221995927,0.01834751401,0.01569466201,-0.01743255814,-0.02051282051,0.001788908766,0.02157440539,0.03840877915,-0.0144661157,-0.01907287737,-0.001437445703,0.005022432101,0.01385681293
-0.008384432487,-0.04265105582,-0.0389632578,0.009852216749,0.02825372072,0.03999862415,0.01103847188,0.02132227818,-0.02764976959,-0.00488997555,0.04111568127,0.002,-0.002194731066,-0.005897449377,-0.003258499252,0.002012072435,0.01441660422,0.02265919269,-0.01480696041,-0.007853403141,-0.003571428571,-0.02011435047,-0.001321003963,0.009439025372,0.02778327824,0.01438787899,0.005002666667,0.01138952164
0.04227662797,0.04264638082,0.05555795796,0.01463414634,0.03433518846,0.01410168426,0.021843397,0.03966319274,0.01421800948,-0.01228501229,0.001577251185,0.04391217565,0.02857052433,0.01383593979,0.09757998944,0.02710682731,0,0.06344073548,-0.03002056466,-0.01583113456,0.001792114695,0.02155229059,0.04365079365,0.009344117393,0.03242682475,0.04822780093,-0.03316740785,0.02252252252
0.09189974573,-0.006353491511,-0.002844943738,0.009615384615,0.009294971917,-0.03413413128,0.00763235709,-0.04216545666,0.01869158879,-0.01741293532,0.04416919664,0.02294455067,-0.008546153846,0,0.02744046801,0.01661938083,0.017760896,-0.01135852298,-0.03096950603,0,0.02146690519,-0.01909074536,-0.005069708492,0.01131851852,-0.007852087909,0.03924214211,0.01715261159,0
0.01485917055,-0.01921748194,0.01568955049,-0.03333333333,0.007895551331,0.01308858537,0.006061818182,0.01048045395,0.009174311927,0.007594936709,0.03926999572,0.005607476636,-0.004313789385,0.02339167421,0.001159584036,0.00096,0.04711904411,-0.06992717643,-0.01596941071,-0.04289544236,0.00350262697,0.008196721311,0.006369426752,0.03255335495,-0.0158284623,0.009114414855,-0.001689034229,0.002202643172
-0.04392482517,0.01959402985,-0.008426966292,-0.06157635468,-0.00783369995,-0.01550255182,0.001503612646,0.002074350654,-0.009090909091,-0.002512562814,-0.08139088696,-0.01858736059,-0.06493263619,0.01143082198,-0.01623764729,-0.02113355794,-0.02833306567,-0.04634160809,-0.05843116883,-0.01400560224,0.05061082024,0.01220162602,-0.05189873418,0.0009836437696,0,-0.03999895683,-0.06418918919,-0.03736263736
-0.005142857143,0.01005960816,0.00283286119,0.02624671916,0.02500047373,0.05380357506,0.0406015526,0.004140113262,-0.03669724771,0.02267002519,0.06328844737,-0.01515151515,-0.009258333333,0.007531369252,0.0412754717,0.01079648408,0.03430617778,0.04752056477,0.0275859025,0.02556818182,0.003322259136,-0.1204811535,-0.009345794393,0.02460472441,0.01876598747,0.01209556926,0.02346859206,-0.01369863014
0.06674325101,0.04076521739,0.01694915254,0.0537084399,0.04749961485,0.03487298107,0.02601159076,0.008249768079,0.009523809524,0.02463054187,0.05655,0.01730769231,0.06074573762,0.05233459585,0.1223100841,0.04466019417,0.07462657277,0.09690492095,0.1811953697,0.04432132964,0.0761589404,0.04794120226,0.00269541779,0.02978064135,0.05262740175,0.003983671643,0.03350678376,0.0162037037
-0.0481369804,0.04698883764,0.01388888889,-0.01699029126,0.01347781837,0.03609983624,0.008450713747,-0.002048304946,-0.06603773585,0.004807692308,0.001406194014,-0.003780718336,-0.06828111743,0.01421096521,-0.06861744724,0.09107806691,0.007716890808,-0.04700039246,-0.002836363636,0.02652519894,0.01384615385,-0.03050795466,0.002688172043,-0.0167880597,0.0175062204,-0.02116268915,0.0051221843,0.01822323462
0.0101821473,0.02078013279,0.03972821918,0.06172839506,0.003627941535,0.03019793637,0.06564476608,0.0286912236,0.0303030303,-0.01674641148,0.01828185654,0.0284629981,-0.0189106383,0.02977037447,0.05308593181,0.07410425894,0.03215860285,0.06312127237,0.02848078185,-0.0180878553,0.03034901366,0.002257985647,0.05764075067,0.05123020499,0.03193775472,0.01891855598,0.08828498938,0.01565995526
0.004927763467,0.02769525835,0,-0.01627906977,-0.00481784163,-0.02029316387,-0.02359106308,-0.01195379242,0,-0.009732360097,-0.02761995054,-0.0110701107,0.01927514357,0.005105122498,0.04629465021,0.0341012328,-0.02373995159,0.01855339611,-0.04432152608,-0.02631578947,-0.0206185567,0.03138273447,-0.01140684411,0.01083032491,-0.01190709334,0.01989416287,-0.01404302267,0.03524229075
-0.004903599688,0.03645252247,0.001315412247,-0.009456264775,-0.0460056025,-0.01841283035,-0.03490143903,-0.02822483397,-0.03431372549,-0.01228501229,-0.03693400697,-0.03917910448,0.002365957447,-0.01015426916,0.02359885719,-0.01840490798,-0.02279372094,-0.0127468723,0.1014543836,0.04054054054,0.003007518797,-0.008695652174,-0.01153846154,-0.05803428571,0.002411437481,-0.003900783004,-0.01898734177,-0.002127659574
-0.095083436,-0.06116178025,-0.005263157895,-0.06682577566,-0.03426134633,-0.0128948602,-0.05285012835,0.01037175327,-0.05583756345,-0.04228855721,-0.04572035398,-0.01941747573,-0.08490550018,-0.05127970559,-0.02208956325,-0.071095,-0.05598935739,-0.06458383146,-0.01052631579,-0.05194805195,-0.02848575712,-0.0701754386,0.04539559014,-0.02938535828,0.02644222848,-0.04308104329,-0.03548387097,-0.01918976546
0.02772277228,0.09120473639,0.06084656085,0.02046035806,0.06175643112,0.02969212563,0.07635947137,0.02875012832,0.01075268817,0.08831168831,0.05100451065,0.04554455446,0.05154113084,0.0396400661,0.03928632051,0.03784832679,0.09390578786,0.01577676796,-0.01329361702,0.008219178082,0.04320987654,0.1509433962,0.03225806452,0.05859375,0.0655712442,0.0450205767,0.02675585284,0.02826086957
-0.06454720617,-0.002989836466,-0.008726184539,0.02506265664,0.006190736472,0.009223925673,0.001362072183,0.06985951833,0,0.01431980907,0.001468231839,0.007575757576,0.004905896782,-0.02946495951,0.007567508711,-0.004053160454,-0.02259025409,0.007772853728,-0.02696268695,0,0.004437869822,0.004104918033,0.02524038462,0.00922804428,0.008791751782,0,-0.009771986971,0.002114164905
-0.1781668383,0.01048143713,0.006287282944,-0.0097799511,-0.02583285112,-0.002284905619,-0.04768288576,-0.007464799523,-0.0585106383,-0.009411764706,-0.02202643172,0.005639097744,-0.01951022487,-0.01428707951,0.04221225602,0.04963521515,0.02157032823,0.04046499369,0.03324114456,-0.02445652174,0,-0.008163211995,-0.003516998828,-0.02011255543,-0.03921510065,0.03394064126,-0.01151052632,-0.02320675105
0.01394110276,-0.007405019484,0.031252,-0.007407407407,0.04293169599,-0.008019178062,0.001431759657,-0.03007369919,0.06214689266,0.02612826603,0.02102342342,0.01869158879,0.01491935845,-0.01448975185,0.05760567762,0.01627782946,0.001509480147,0.02406538318,-0.04824900053,-0.01114206128,-0.0176730486,-0.01029787458,0.004705882353,0.0223880597,0.03401411297,0.05681900347,0.05657222876,0.01295896328
-0.06550285803,0.08358169036,-0.006062533697,0.01492537313,0.01694698546,0.04041630206,0.06142621551,0.0426356455,-0.02659574468,0.08796296296,0.02793875779,-0.01467889908,0.04167365198,0.03676145078,-0.01106789982,0.01907065638,0.03162584653,0.08138369202,-0.01972272801,0.05352112676,0.01649175412,0.110197456,-0.002341920375,-0.01094890511,0.04605089107,0.0585433486,-0.01102611395,0.04264392324
-0.01835014052,0.05922177753,0.007317073171,0.07107843137,-0.04404453029,-0.04328421776,-0.04575832652,-0.0260213919,0,-0.04042553191,-0.01859570815,-0.01303538175,-0.09647116623,0.01595845626,0.03356429209,-0.127245509,-0.01313912567,-0.0852877438,0.06034022989,-0.02406417112,-0.03244837758,-0.02622306383,0.029342723,0.0184501845,-0.002092254634,-0.065464479,-0.03343694268,0.0245398773
-0.01886156955,0.06502380239,-0.009685230024,0.04805491991,0.04856673143,0.0765651011,0.05782673306,0.02290042523,0.0218579235,0.05543237251,0.061224347,0,0.04687485352,0.01745262193,0.09159312785,0.0626058319,0.06804825472,-0.001829525113,0.05962952685,-0.008219178082,0.03201219512,0.04231384615,-0.01596351197,0,0.03991106554,0.04468637359,0.009884652693,0.005988023952
-0.04222451081,-0.04517500332,-0.0207804401,0.04148471616,-0.01306164801,0.05711267557,0.04,0.04104473883,0.04812834225,-0.02100840336,-0.008241740128,-0.01698113208,0.05223566497,0.03773632142,-0.07475444729,-0.07828775243,0.02354544369,-0.1501773541,-0.02046027433,0.01657458564,-0.01329394387,0,-0.005793742758,0.02898550725,0.05050958236,-0.001154657964,0.03262634225,0.1071428571
0.04408602151,0.001276721118,0.03745310871,0.02935010482,0.02406590106,0.01834868417,0.04359076923,0.01612959994,0.005102040816,0.04077253219,0.06924749197,0.04990403071,-0.03073191489,0.03305898105,0.01896259715,0.01576182137,0.05412620526,0.07973870407,0.1357696678,0.01630434783,0.01796407186,0.1051624787,0.004662004662,0.07042253521,0.04807575702,0.0150454502,0.00789634655,0.005376344086
0.01922416752,0.02298437193,-0.01203367117,-0.01018329939,0.002346649819,0,0.02825451769,0,0,0.03711340206,0.001299484559,-0.0310786106,0.01951022487,-0.03200105866,-0.0355987055,-0.00776,0.01027113362,-0.05788437496,-0.06207241537,-0.01069518717,0.01764705882,-0.03005534543,-0.02088167053,-0.001642105263,-0.02935953355,-0.004561193938,0.01410909091,-0.007130124777
-0.03014482991,-0.006240212215,-0.03288860826,-0.03909465021,-0.03048004952,-0.03603615236,-0.02508960573,-0.03703727029,0.09644670051,-0.03976143141,-0.04139913811,-0.009433962264,0.06698762391,-0.0297538871,-0.02097181208,0.008688109384,-0.04447318055,-0.08050763434,0.007356862745,-0.06216216216,0.06936416185,-0.02409094414,-0.03199052133,-0.01812449918,-0.0132320243,0.02061845725,-0.02627752389,-0.01436265709
0.03108178503,0.005025125628,0.03778337531,0.04925053533,0.0241882118,0.03634524974,0.07475588235,-0.01465288905,0.01388888889,0.01242236025,0.04588178138,0.02666666667,0.01569146575,0.04599949442,-0.007710700654,0.006890621038,0.01462789574,-0.01612448367,0.04866161105,0.03458213256,0,-0.05467638892,0.03916768666,0.03691275168,0.0363993529,0.01907907049,0.03651047619,0.03460837887
-0.007578309195,0.005,-0.02062912621,-0.05510204082,-0.01416904234,0.006013118356,-0.06271465203,-0.04089218097,0.05479452055,-0.01431492843,-0.04386899379,-0.003710575139,0.0198676023,-0.00977389692,-0.05785959832,-0.045336589,-0.04456044419,-0.07963378239,0.002316464718,0.03064066852,-0.02702702703,-0.02052537313,0.003533568905,-0.02426925566,-0.05729837116,0.003305496919,-0.01378495857,-0.01408450704
0,-0.1032358209,0.03593350992,0,0.01437268959,-0.016932658,0.006081751825,-0.02713083074,0.0303030303,-0.008298755187,-0.0215902834,0.04841713222,0.002166239393,-0.0131591582,-0.04216602432,-0.01971326165,-0.01371889711,-0.04070640824,-0.002311111111,0.02702702703,-0.01527777778,-0.01904158184,-0.007042253521,0.03980088942,0.03921252392,0.003292757782,0.03571677019,-0.003571428571
0.106058035,0.0173359608,0.03110047847,-0.08639308855,-0.0625761586,-0.0699100559,-0.09189658225,-0.03187440871,-0.06302521008,-0.06694560669,-0.07172839343,-0.01065719361,-0.07559228993,-0.02833152916,0.06507186997,0.00365630713,-0.06258670065,0.02121686655,-0.1160162746,-0.005263157895,-0.04513399154,-0.0388348308,-0.06737588652,-0.03349528933,-0.09622567328,-0.07221029549,-0.03748356826,-0.06989247312
0.06842589751,0.04567704107,-0.02552204176,0.03073286052,0.01259371221,0.0217857883,0.003994669513,0.01029007656,0.004484304933,0.01121076233,0.04457662901,-0.06642728905,0.04205603546,0.01200852864,0.04312674663,-0.03460837887,0.02818946814,0.1311640954,0.06037190707,0.03174603175,-0.02954209749,-0.1131309475,0.01520912548,-0.008248184818,0.002089236141,-0.02712327624,-0.01869158879,0.007707129094
-0.0384836301,0.01564533894,-0.01428571429,-0.02752293578,-0.004973639116,0.02025900448,-0.03978775619,-0.06110070726,-0.008928571429,-0.0133037694,-0.02275737754,-0.01730769231,0.004487888352,-0.03559398205,-0.07838219243,0.03018867925,-0.04617572585,-0.02180561755,-0.009900990099,-0.002564102564,-0.009132420091,0.0296090037,0.006242197253,-0.03494433293,-0.031250357,-0.02787741694,0.007939047619,-0.001912045889
-0.03987455197,0.1052588339,0.03140096618,0.08018867925,0.04375037504,0.02820982829,-0.05524966271,0.02819885206,0,0.05393258427,0.03493449782,0.01369863014,0.01338744023,0.08084375053,0.03458402866,0.006408791209,0.04689965601,-0.1115092107,-0.074992,0.05141388175,0.02150537634,-0.07079646018,-0.01985111663,-0.01207172414,0.008602645063,0.06109608374,0.0614146484,-0.005747126437
-0.02084305491,0.06736737258,0.009367681499,0.03930131004,0.02754382233,0.01321326045,0.02631578947,0.09282703601,0,0.04264392324,0.06047594937,0.01930501931,0,0.009754052322,0.05781382791,0.09463162094,0.02600997208,-0.01717644373,-0.03243215194,0.01222493888,0.03909774436,0.01667047619,-0.03417721519,0.02967128704,0.09381613254,-0.035253137,0.04747774481,0.005780346821
-0.03558379666,0.04624148641,0.08584686775,0.04831932773,0.08624644719,0.04313021541,0.1054119658,0.06756696205,0.02252252252,0.07975460123,0.05835768352,0.0625,0.04185201925,0.05797073064,0.1101607376,0.1047382939,0.03098645206,0.266136368,0.09496227967,0.05314009662,0.04341534009,0.1007059458,0.04849279161,0.04915525424,0.07991726615,0.05237686892,0.08356713881,0.07279693487
0.0331082194,-0.01715989723,0.01068376068,-0.006012024048,0.03004424482,0.02884516999,0.02061960889,0.003616052691,0.04845814978,0.007575757576,0.01503759398,0.03743315508,-0.008455806803,0.02892073918,-0.02077046154,0.04439553878,0.01229549842,0.06900030572,0.05867755102,-0.02752293578,0.02496532594,-0.04255290177,-0.005,0.01292403768,0.003612806161,0.02430508851,0.00653805289,0.06071428571
-0.03204719388,-0.0253968684,0,-0.01209677419,0.01666666667,-0.01401973371,-0.06439393939,-0.007206047933,0.02521008403,0.02255639098,-0.00864,-0.02920962199,0.01918973273,-0.01479341044,-0.02749539984,-0.02737752161,-0.005397784308,-0.03177281437,-0.009638517056,-0.01650943396,-0.01082543978,-0.01334034958,-0.02261306533,-0.02711572028,-0.01258944026,-0.01469034936,0.01818181818,-0.008417508418
-0.007247570417,0.0673217239,0.01268498943,-0.02244897959,0.006148155799,0.04644736923,0.02698947368,0,-0.01229508197,0.001838235294,0.001243335007,0.005309734513,0.02092214072,0,0.05452421202,0.02740622222,0.009498534276,0.105638587,0.007303134586,-0.01918465228,0.008207934337,0.01125765766,0.03084832905,0.03278688525,0.01274995505,0.006881992089,-0.005102040816,-0.04244482173
0.003650240584,0.01220750811,0.002087682672,-0.008350730689,-0.01222117392,-0.03170328483,-0.006569257891,0.03266906452,0.008298755187,-0.007339449541,0.01741492537,-0.01232394366,0.03073268612,-0.02852989411,-0.0823446937,0.005048023127,-0.0322583577,0.006491685033,0.0652052931,-0.04645476773,-0.01356852103,0.004461485832,0.05112219451,0.004764444444,-0.007194670322,-0.0170845075,0.002564102564,0.03368794326
-0.01835014052,0.006026924982,0.025,0.03789473684,0.03711218778,0.0402252736,0.03306984127,0.007028729934,0.04938271605,0.01293900185,0.06112066284,0.02495543672,0.03976467557,0.001549035237,-0.003333564831,-0.002869440459,0.0388888628,-0.0193494446,0.01134879401,-0.002564102564,0.02063273728,0.01108288751,0.06287069988,0.05055279481,0.03080017881,0.02896845146,0.04220153453,0.05488850772
-0.06769956214,0.0499533266,0.04674796748,0.07505070994,0.05765358223,0.01798499607,0.04481327036,0.07853377039,0.03137254902,0.04562043796,0.03571803819,0.06956521739,0.01720838668,0.03549387351,-0.01340029909,0.0273381295,0.04812766544,0.01596903631,-0.02915853519,0.02313624679,0.0539083558,0.06579649123,0.03348214286,0.04210516185,0.05799133623,0.07657597851,0.05889166353,0.04227642276
-0.008128612717,-0.02521632698,-0.04077669903,-0.03396226415,-0.01503762791,-0.03268526827,-0.01838235294,-0.03236011279,-0.007604562738,-0.02617801047,-0.01001110565,-0.05365853659,0.02631650178,-0.03875086554,-0.01401150693,-0.01680672269,0.006378244107,0.03330092044,0.002320562847,-0.02261306533,0.02301790281,-0.03086728647,-0.05615550756,-0.03175057604,0.008307297123,-0.01045981244,-0.023175014,-0.02652106084
-0.07321070843,-0.01317482727,-0.008097165992,0.005859375,-0.007631314959,0.03196091539,-0.03058576779,0.01504769582,0.0363954023,-0.02508960573,0.07415717005,0.01632164948,0.01098459124,-0.004650198001,-0.02324171828,0.02849002849,0.03738842394,-0.03849277455,-0.04148172179,-0.006428791774,0.0225,-0.008492540153,-0.02860411899,-0.01042983113,-0.01812186639,0.06342404,0.01898366592,-0.02243589744
-0.03065435253,0.02472637036,0.03367510204,0.005825242718,0.07499826906,0.02035534096,0.06116980176,-0.003294359879,0.04066555465,0.02757352941,0.03765684074,0.02113409452,0.005439142259,-0.05295983207,0.03922353977,0.04709141274,0.01160744529,0.1005537158,0.02163076923,0.005174654954,-0.009169682152,-0.020351108,0.04711425206,0.03765301205,0.05201538334,-0.002981816112,0.008147132671,0.07049180328
0.1311575106,0.04971119691,-0.04047535562,-0.02799382239,0.016101815,0.02905550723,-0.009707776415,-0.07768514556,0.01420963186,-0.001788908766,-0.02318705938,0.004137748344,-0.01081294959,0.01809234216,0.06870083976,0.007936507937,-0.0277791389,0.03638822225,-0.04352016384,0.04118412599,0.02159261848,0.04918583179,0.02812148481,-0.01596745203,0.004783873013,-0.005981467861,0.03695150115,-0.01761225115
0.03405017921,0,0.00926090535,-0.03574980854,-0.005282218363,0.008006609666,0,0.0250887112,0.001754120502,-0.02061075269,-0.033025387,-0.01236473189,0.008196721311,-0.02827141184,0.08809650794,0.08923884514,0.03975337368,0.002444930296,0.05042823855,-0.008650696961,-0.04770628019,0.01250666667,-0.04814004376,0.0007362831858,-0.01190709334,0.01103313827,0.01113585746,-0.008572419108
0.01750433276,0.007815350573,0.03363745788,-0.002059735629,0.0132756709,0.01170421578,0.04166764706,0.0008739839936,0.07867412587,0.0201281173,-0.01067066923,0.04590851419,0.03793821138,0.05902098128,0.0335497785,0.01204819277,-0.03823346448,0.008149433644,0.02810293919,0.072319202,-0.03360713619,-0.00412178356,0.06781609195,-0.00368342365,0.01365820571,0.06250052216,0.0143154185,0.02908679245
0.2014988929,0.03330218978,0.009861932939,0.006191960688,-0.04978240636,-0.01322111861,0.0447048991,0.03580829061,-0.01783074793,-0.01076234728,-0.007549514563,0.01516490364,0.03655777871,0.01648196378,0.0924500691,0.0119047619,0.02484533355,0.0549216651,0.09339009243,-0.01511813953,-0.0006572178478,0.03099504132,0.006458557589,0.002220118343,0.05229769188,0.002800842926,0.02280307979,-0.05500388694
0.243549759,-0.02339604302,-0.017578125,-0.04307699377,-0.005515257408,-0.01800838303,-0.02027027027,0.02192187491,-0.02310231023,-0.1042598067,-0.04565209452,0.007074213836,-0.007556659835,-0.01621471346,-0.006462015504,-0.03058823529,-0.07636414305,-0.0758001742,-0.1708266667,-0.02479154624,-0.001313199016,-0.03406482063,0.01069518717,-0.03099863498,-0.009790238665,0.01024211925,0.006369426752,-0.02586907146
-0.03807569539,-0.03164692471,-0.01093280318,-0.004287252797,-0.02587912722,-0.0780381954,0.01149517241,-0.014027076,-0.03547567568,-0.02226720648,-0.04441905345,-0.03044375387,-0.02538268958,-0.01256005071,-0.01625386997,0.009708737864,-0.02099611758,0.008279251766,0.002508522545,-0.02905569007,-0.0348444811,-0.0124546891,-0.05185185185,-0.01599270799,-0.02053300752,-0.05990760519,-0.01476793249,-0.01244682151
-0.02382081062,0.01960631992,0.002010047019,-0.005380418309,-0.0265666489,0.008325652017,0.03352087862,-0.01255027581,0.02977521478,-0.01138881988,0.06078653485,0.01207600644,0.02604375,-0.003975666446,-0.003963520384,0.009615384615,0.002680801113,0.02793487778,-0.01754779931,-0.01621147132,0.01021907357,-0.06722689076,-0.008928571429,-0.017025387,0.006986397599,0.02745046235,0.02355460385,0.008403361345
-0.05693820566,-0.0315956044,-0.01805413351,-0.0184,-0.02436274143,-0.02293651263,-0.02198924419,-0.01864404728,-0.03401360544,-0.03979064258,-0.003370780457,-0.0143198273,-0.04187808756,-0.01915393426,-0.0219009721,-0.03452380952,-0.01804872206,-0.03596956687,-0.007657142857,-0.04055775018,-0.03034494366,-0.03828468468,-0.01801801802,-0.01653917092,-0.04086231535,-0.04866414667,-0.02824435146,-0.02166666667
-0.01145726056,0.05389931854,0.05004935641,0.01433475517,0.06993060651,0.003757565848,0.04103338954,0.05958500492,0.07922253521,0.03162666369,0.0507327157,0.0419693843,0.06489840551,0.01383148861,0.04138733544,0.01479654747,0.01974070332,0.006638488908,0.07326302627,-0.01188694719,0.02434047288,0.01639712825,0.009174311927,0.02001988153,0.04340984127,-0.003008730556,-0.02906183692,0.05110732538
0,-0.06190995751,-0.0233463035,0.005433043478,-0.008404189993,0.01309470661,-0.02807691411,0.002444589309,-0.001628715507,-0.02642875264,-0.003218878594,0.02323782895,0.03358208955,-0.008824471117,-0.04039292207,-0.06439854192,0.0006680810725,-0.08072589254,0.02395989821,-0.01470802139,-0.0305509512,-0.02304867798,-0.06477272727,-0.01334753319,-0.05238922052,-0.001006501594,-0.05099778271,-0.003241491086
0.0609454356,0.02008459895,0.02290996016,0.04216396482,0.05932341295,0.04893865993,0.051112,0.02438918178,0.004083660131,0.03963351076,0.06350559568,0.0314162379,0.03189025271,0.03076668531,0.04684214185,0.07922077922,0.09806566281,0.07795726672,0.01169214186,0.04749209768,-0.0259092437,0.04481509434,0.02673147023,0.07398450149,0.05528558946,0.01359467679,0.0572411215,0.04796617886
-0.03289554437,0.008911425828,0.009737083175,-0.03734439834,-0.0177809449,-0.01056247073,0.001585622338,0.007938059894,-0.04312324573,0.04542826492,-0.0111303824,-0.007705839387,-0.01924476339,0.005499587244,-0.01037615642,0.01083032491,-0.01275794213,-0.01413592512,-0.09479416378,-0.002590673575,0.06182365283,-0.03386353458,0.04142011834,-0.0288854018,0.01232314783,-0.007451672066,-0.04419897317,0.004654776918
-0.005584465034,0.00464535316,0.02989233575,0.03124827586,0.01176445033,0.02491077679,0.0548795315,0.04409292073,0.003401360544,0.004996611383,0.02763557398,0.0392,0.007134377426,0.03749976244,-0.01965718408,-0.001786666667,-0.004308990623,0.07335640138,-0.01533381286,-0.005194805195,0.0399469627,-0.02335700935,-0.04318181818,-0.03890277479,0.05175147939,-0.03503441904,0.05896149634,0.03938352356
0.03420548819,0.01203036008,-0.03277003745,0.01358581164,-0.007153499676,0.01041576276,-0.02401202522,-0.02111541983,-0.03220610169,-0.02485248509,0.03386289424,-0.02633341077,0.03306169173,0.01957788842,-0.01002780749,-0.002980563368,-0.01174167071,0.02749782257,0.08171464621,-0.03916449086,0.004558333333,-0.003598058579,0.04038004751,-0.009523809524,-0.0397973233,0.008299103173,0.0447580786,-0.01857473997
-0.1763544366,-0.03016883314,0.006774820097,-0.02680412371,0.01081188616,-0.01288479865,-0.003075348498,0.01001653375,-0.00700527357,-0.04077478618,0.02986358382,0.01754385965,-0.003428565159,-0.01255457142,-0.09182994391,-0.06698564593,-0.05253386843,-0.00381998723,0.01200196452,0.03804347826,-0.02721967365,-0.04081256339,-0.02168949772,0.02404102564,-0.002260358599,-0.06996002433,-0.01671894122,0.007570031879
-0.0969433623,-0.02921927121,-0.1076923077,-0.06779661017,-0.1167558733,-0.08529202929,-0.03804465855,-0.03432478074,-0.09171101717,-0.0892668893,0.01403182643,-0.08045977011,-0.06422190051,-0.06956053433,-0.1107796113,-0.07692307692,-0.1023102605,-0.1051485783,-0.1836573751,-0.07722722513,-0.01665661116,-0.08384864311,-0.1971995333,-0.1267627499,-0.09667840133,-0.05309589419,-0.1020193021,-0.03230537317
0.02953376473,0.04174925592,0.07327586207,0.07272727273,0.08375396003,0.07992305002,0.01496439127,0.0276444274,0.128155738,0.08751661613,0.07841635191,0.084375,0.1274529412,0.09968126088,0.05016722408,0.1291666667,0.06470699376,0.1629495159,0.0899903396,0.0354633429,-0.0006785907859,0.06146394348,0.1090116279,0.0170265233,0.06856267795,0.1191588831,-0.01064901425,-0.004658385093
0.07558420629,-0.0293577325,-0.04116305221,0.01165084746,-0.001863870414,0,-0.03896872038,-0.00230554511,0.008608629559,-0.04291845494,-0.05475031001,-0.03386282421,-0.03152342344,-0.0007326189706,-0.04299617834,-0.03874637146,-0.02210044084,-0.03466035191,0.1238410145,-0.01917808219,0.01966212302,-0.01802217353,-0.02228047182,0.004403870444,-0.01877620022,-0.02296457913,-0.03947559809,0.01325928237
-0.01003895715,0.03600968452,0.03769627192,0.06282733039,0.06250027988,0.04317352085,-0.0454777385,0.04083367492,0.0870334471,0.06950672646,0.03348710731,-0.00149142609,0.03928350168,0.04169736313,0.07071965583,0.05950204428,0.03248751812,0.01527935143,0.02014013164,0.0530726257,0.009308510638,0.04980791491,0.06568364611,0.04122947368,-0.001596081947,0.008545562839,-0.06101929966,-0.01616506995
-0.04722264265,0.004632430573,0.01513458707,0.01083903186,0.006144950014,0.0346269177,0.01033294114,0.001480142305,-0.006279419078,0.04926457023,0.001748508934,-0.009707554542,-0.02591788178,0.05196571151,-0.02875272261,-0.003623188406,0.01231230328,0.002264453497,-0.02439568281,0.03978779841,0.00856284585,-0.0262072933,-0.001257861635,0.001682221827,-0.004791520673,0.03178012975,0.005305039788,0
0.006989674345,0.06134317343,-0.02087316103,0.00877037037,0.03315935424,0.01795806626,0.04545268595,0.05395326496,0.03317274396,0.03196808307,0.06293715096,-0.03921568627,0.03769217261,0.0427244944,0.0432026706,0.09151418182,0.03040410109,0.08633046862,0.001188571429,-0.002551020408,0.03069996677,0.0217926417,0.08690176322,0.04289459094,0.06179750557,0.0102665108,0.03825646438,0.03286384977
-0.1232055529,0.0160821072,0.02639589621,0.007729480548,-0.005911401951,0.02886940242,0.02065306144,0.009114925691,-0.0122324159,-0.01548889137,-0.01644475848,-0.003139717425,0.02457435897,-0.03328993515,-0.03757546012,0.002777126287,0.09901650829,-0.007602670886,-0.002374320807,-0.02813299233,-0.02661596958,-0.05396203385,-0.04634994206,-0.005646451613,0.06046802726,0.04471564894,0.05082602455,0.0174230303
-0.1043540842,-0.06843465312,-0.005934708709,-0.002874788686,0.01444221483,0.007014836467,-0.04366261981,0.00556100103,0.01857585139,0.03638314475,0.01505014709,-0.04015874016,-0.02085669096,0.02913941425,-0.08048180974,-0.1063122924,0.00715947122,-0.1364926249,-0.05840084214,-0.03157894737,-0.03450416667,-0.05702305368,-0.04860267315,-0.05433518811,0.009978230027,-0.05058253557,-0.01934707492,-0.01116784651
-0.04499799116,-0.06703260537,-0.03980093166,0.02980615385,-0.01005126143,-0.01083456879,-0.0484409368,-0.004148302429,-0.07294832827,0.002844781784,-0.02059568949,-0.01312552994,-0.04792332268,0.002573462653,-0.009527929367,0.01672763321,0.004148172481,0.05721419033,-0.04684132925,0.008152173913,-0.09103267319,-0.1026698112,-0.003831417625,-0.03602322875,-0.009175341512,-0.06250129427,-0.0468558261,0.005269879518
-0.01388304586,-0.005411023622,0.02072535424,-0.02427641348,-0.01945781298,-0.0007821942314,0.01755410878,0.0006963287861,-0.004920655738,0.003784300903,-0.009248792934,0.03075781314,-0.02684563758,-0.003850285415,-0.008751693786,0.001829130364,-0.011210248,0.02516420993,0.02390018359,-0.00269541779,-0.01409376855,-0.02979295402,-0.01153846154,-0.01156441281,-0.01139670128,0.02841559627,-0.02457754117,-0.02321980311
0.2094709898,0.03216142782,-0.006091360664,-0.004783165218,0.03969200693,0.03445611359,0.03450255595,-0.02149935863,0.04777870914,0.00188501698,0.08404063288,-0.0233883871,0.06092137931,0.01868320988,0.05207562517,0.03588710462,0.03341288301,0.03460726645,0.02983364877,0.02702702703,0.003761018798,0.1066399222,0.009079118029,0.05220226506,0.02449816491,0.02656726837,0.05437453581,0.01917055215
0.1495590829,-0.006712933135,-0.03983813714,0.01442153846,-0.01162072688,-0.003029370984,-0.0872724071,-0.0007086024335,-0.006289308176,-0.00564441113,-0.04228655626,-0.03137906706,0.007582218709,-0.04427580986,0.01509798658,-0.05930622131,-0.01905245281,-0.03883475037,-0.02015121472,-0.02368421053,-0.006745427286,-0.06715748561,-0.06683804627,-0.04619065347,-0.08017059872,-0.09523693286,-0.06540893667,-0.06621527912
0.03083768027,0.0443984556,0.03510808511,0.02748970994,-0.01427247078,-0.03644577207,0.02801659246,0.01134821103,0.01582278481,-0.01608176512,0.007358943766,0.04688974853,0.0204283871,0.01787007969,-0.01074250775,0.04868913858,0.03354759109,0.0392725157,-0.01028281864,0.02560431267,0.005281804943,0.03128881054,-0.04269972452,0.02242005751,0.003060386028,0.01029646417,-0.02422616253,0.00725351459
0.03318946272,0.04806520685,-0.009251372249,-0.008304059041,0.01788525468,-0.0102457246,-0.031990491,0.01823235548,-0.03582803738,-0.02980923077,0.009740247091,-0.01547361564,-0.008426568475,0.01300434955,0.03843213157,-0.06547619048,0.03872591303,-0.02159489104,-0.02726245096,-0.01182446639,-0.01501501502,-0.02579442157,0.02302158273,0.09912140351,-0.03201093362,0.0486973042,0.006898773846,0.11759872
-0.09003169116,0.09259092038,0.004149377593,0.02418608251,0.05188544709,0.01273947491,0.088738224,0.02341709581,0.05492744408,0.05748274725,0.06270088399,0.0008284543635,0.05100947756,0.1174571254,0.06918478625,0.02483974522,0.03289457831,0.1291443709,0.1188222025,0.01329787234,0.05945121951,0.02647739054,0.08720112518,0.07901175293,0.09133733155,0.02375820542,0.101369863,-0.003577956854
0.08485040367,0.0149281486,0.02479338843,0.0009097197598,-0.01909497458,0.02515844446,0.08825092749,-0.02355412017,0.04135017789,0.01031079334,-0.0226928621,0.01074247934,0.02021917861,-0.01033952774,0.03310763956,-0.02548069656,-0.01698589623,0.0009759484999,0.0345965266,0.0301816273,0.002877697842,-0.02579442157,-0.04010349288,-0.001481656805,-0.0144328347,0.02426219372,0.0447761194,0.01149425287
0.01619728586,0.001989983917,0.01814516129,0.002720871143,0.009733345273,0.03910886682,-0.02324382086,-0.01998543114,0.03970823529,0.01762374768,0.03560243269,0.01880754709,0.03865219211,0.03482422702,-0.02330665498,0.04464285714,0.01673902169,0.01366870729,0.07381817108,0.08025697887,0.01004304161,0.01870165085,0.08625336927,0.01777781992,0.03441063952,0.0175071595,0.01904761905,-0.01136363636
0.08974727168,0.03650539683,-0.009900990099,0.04253544621,-0.001607872018,-0.01180631082,0.02538341651,0.003515600477,0.04525704044,0.009115783578,0.06876053812,-0.01123595506,0.04675885001,0.02355634504,0.1237907517,0.004884004884,0.1099310327,0.01156069364,0.02470646465,-0.002358490566,-0.02272727273,0.1421889067,0.006203473945,-0.0007266392469,0.004951859082,-0.03846062053,-0.02687102804,0.008620689655
0.07062854131,0.02067508894,0.016,0.03819444444,-0.01447870483,-0.0141894528,0.02114576268,0.03503784798,0.01488717702,-0.01716208443,-0.01748473568,0.07223896104,-0.05742926902,-0.04109662078,-0.06967796185,-0.009113973269,-0.02918685443,-0.005714285714,0.02620386148,0.005908274232,0.03488372093,-0.05488442228,0.04069050555,0.0502584708,0.03239533977,0.05368423105,0.02881157995,0.009258119658
0,-0.04463681277,-0.0157480315,-0.007526421405,0.02530340971,0.03333121614,-0.04192,0.0182821721,0.09466453333,0.06709411765,-0.01067616874,-0.007570031879,0.02707771439,-0.03257158743,-0.1433658051,-0.05701930793,0.01478554872,-0.06178390805,0.05516186392,0.01762823526,0.009831460674,0.05241496845,-0.00355450237,0.004851029457,0.007503385126,0.01798192553,-0.01049990292,0.02258294716
0.1730461538,0.03023358662,0.0270016,0.009268420244,0.01114890689,-0.03592283506,0.08223517743,0.05053075935,0.003656036358,-0.01119588106,0.01294965519,0.01144288201,0.04708248588,0.0360303922,0.03497356866,0.0533159948,0.006313774044,0.05156276034,0.009677459326,-0.0207852194,0.01808066759,-0.02827019484,-0.02140309156,0.004142999744,0.01760150287,0.006869353362,0.0908,0.02070395661
-0.02108907775,0.02286341463,0.05939464943,-0.009183305509,0.01338463923,0.05018943342,0.03409569145,0.05189932922,-0.0351961165,0.0574912892,0.09375010653,0.04826546003,-0.04046756767,-0.06043181831,-0.03339014206,0.001234567901,0.01206531654,0.005825224621,-0.007670217466,-0.02830188679,0.02800437158,-0.02769208949,0.003645200486,0.01855778028,0.01264169461,0.07212531314,-0.02702534404,-0.01419771651
0.05026795284,0.04843886364,-0.0009176470588,-0.03369844475,0.06060470425,-0.01086017438,0.008008302226,-0.02346616936,0.01509437,0.03294892916,0.01623586102,-0.04388604317,-0.008434851457,0.02487785437,0.03037808815,0.01849568434,-0.03671893265,0.04150411891,0.006764862291,0.1529126214,-0.003321199544,-0.0227919189,-0.02179176755,-0.01821966376,-0.04336390953,0,-0.02222222222,-0.02400658436
-0.0432697214,0.02274339987,0.007359694779,0.06277253743,0.01758421079,0.01829980808,0.09906624229,-0.004930541193,-0.01610709513,0.01116427432,0.05559099748,-0.0353637747,0.06072580609,0.02664174074,-0.04523436571,0.02663438257,0.04504971956,0.02316808427,0.05374296735,0.04105094737,-0.02066773333,0.04664701273,0.1101485149,0.07079139982,0.1510985907,-0.01545556716,-0.009090909091,0.009838380704
0.007146666667,-0.01459233958,-0.0109588881,-0.03199216668,0,-0.02228517513,-0.004251020408,-0.06749021056,0.03148413098,-0.01892744479,-0.02058303091,-0.01560062402,0.009580756366,0.01730305743,0.03215169449,-0.0171,-0.0506866165,-0.03623478261,0.0191301104,-0.001009506183,0.03199567814,-0.02228402325,-0.04347826087,-0.016049261,0.01133679272,0.1209603673,-0.002293577982,-0.03479474995
0.09690743487,0.06769632114,0.07756221228,-0.03220338983,-0.007917856131,-0.01176526378,-0.07984759703,0.01659992081,0.02075901491,-0.03135176849,0.121139304,0.0618066561,-0.00264783386,0.04648379107,0.003278688525,0.06718662717,-0.02395232817,0.08647244052,-0.001784447851,0.0131562753,0.01978891821,-0.0156808402,-0.006993006993,0.01239505534,-0.02064657222,-0.01400284691,0.04597701149,0.01369979951
-0.04306266293,-0.04557367625,0.01885173079,-0.02802101576,-0.04281757851,-0.006696449994,-0.01531323643,-0.04114985423,-0.05143349282,-0.03900287336,0.0005503854021,-0.00447761194,-0.05486859488,0.04821153725,0.04575163399,0.03709952746,-0.07719844708,-0.02508781983,-0.07520683886,-0.06093755994,-0.0666225097,0.08973029046,-0.05633802817,0.003868041237,-0.02048393757,-0.02673321242,-0.02637362637,-0.0576113798
0.04722026032,-0.0249135224,0.005885946663,0.01981981982,0.0235038069,0.008987987836,0.04854065865,0.08038053354,0.02647964393,0.05354058722,-0.006611570248,0.03373193403,0.05524494382,0.05116349236,0.025,0.0113829909,0.02991602683,0.06388633344,0.07937747048,0.06489191489,0.07206977456,0.02390018359,0.01741293532,0.02246157132,0.02767735495,0.03519206581,0.02483069977,0.02339746222
0.06455342519,-0.04329202929,-0.02424615385,-0.008833922261,-0.01407429006,-0.03860259792,-0.003596222133,-0.05989841316,0.004914004914,0.01557245902,-0.01608519135,-0.0137769558,-0.01064772224,-0.04916354521,0.006097560976,0.02304308682,0.01613947533,-0.002506085063,0.03408373417,-0.01798204672,-0.02908755432,-0.05706079623,-0.0293398533,-0.02573662346,-0.03052200137,0.0547266044,-0.02092687225,0.03687315634
-0.07874015748,0.02151216617,-0.005141381126,0.01247771836,-0.008266489699,0.04401471141,0.02661326116,-0.02883979806,0.06356968215,-0.0008058121786,-0.001691095099,-0.02720705882,0.006276582921,-0.09255383377,-0.03788121212,0.04452680526,0.01323415177,0.04013388665,-0.03903283821,0.02441509569,0.02130492676,0.02063489269,-0.0201511335,-0.03092783505,0.02345733338,0.01572393666,0.05062056355,0.001422475107
-0.02200609097,-0.005809738051,-0.02756240818,-0.007042253521,0.03030490377,-0.007396206254,0.0153764391,0.02762474538,0.02068965517,0.01857705977,-0.04743087289,-0.02116404676,0.06060748663,0.06039730767,-0.06377842842,-0.02156549649,-0.01358417241,-0.01125147589,-0.04240890922,0.04270274908,-0.001303780965,0.01750935845,-0.005141388175,0.02393617021,0.002411033205,0.02089707506,0.003210278373,-0.01704545455
-0.05826217981,-0.02118220153,0.000884321156,-0.02216453901,-0.02500132366,0.01937438727,-0.07182973385,0.01747266671,0.01801801802,0.008724515432,-0.01481827132,-0.02393701799,0.06302512534,-0.04728442022,-0.08494410085,-0.03895441431,-0.01271288122,-0.04309073171,-0.04618112944,0.023808,-0.01697127937,-0.0304489353,-0.01550387597,-0.02272831169,-0.0006004836863,-0.08415408563,-0.05656188954,0.03612716763
0.03808,0.02313552239,0.007966017699,0.02629341983,0.01885439972,0.02777731943,0.06899692308,0.001320788983,0.02654867257,0.01965283019,0.04392202166,0.0253164557,0.01817926554,0.04568529312,0.0193,0.0138666785,0.04291951367,0.05353006427,-0.005931978296,0.001860467885,0.0006650730412,0.004091767504,-0.03937007874,-0.02857252207,0.04996913244,0.04966816319,0.01244162896,-0.009762900976
0.009145088368,0.002917575005,-0.03775376611,0.008833922261,-0.006662402729,-0.03484971847,-0.04840823264,0.002638093601,-0.0247862069,-0.02158830728,-0.004033663662,-0.01929135802,-0.0217379152,-0.03182296491,-0.03516831043,-0.05523329215,0.02057661838,0.009677394381,-0.0007506934372,-0.0538533762,-0.1400141845,-0.05578001463,-0.04918032787,-0.05882146938,-0.07052819902,-0.09700296078,-0.06368547698,-0.004225352113
-0.004480195499,0.1149066299,0.03102189781,0.0472854641,0.0268283522,0.02210683903,0.01649863721,0.01052695874,0.01325969195,0.02285392952,0.03240833333,0.02911223177,0.0682552381,-0.03064100827,0.1046732102,-0.03674832962,0.01461646478,0.08146944033,-0.00621379003,0.06673219507,0.02546419753,0.0518637378,-0.01724137931,0.002181395349,0.04133458723,0.0253274788,0.009546539379,-0.0297029703
0.04796972486,0.1213329381,0.01238938053,0.03010033445,0.05514970999,0.0634469675,0.0910723831,-0.04882715332,0.08287909772,0.06009244992,-0.01401523407,0.009174311927,0.005941151927,0.04080303094,0.02622815899,0.05549132948,0.05514116171,0.08493214787,0.05405717068,0.01839929111,0,0.07946555382,0.04385964912,0.06236163903,0.05864906393,0.01703649612,-0.009456264775,-0.0306122449
0.05875463596,0.003488536602,0.02535104895,-0.06006493506,0.01100414017,0.01966056933,0.01818250338,0.03080066578,-0.0130900513,0.008720930233,-0.003978627837,0.02575757576,0.09158297381,-0.06515723811,-0.03070737768,-0.003834392114,0.01600736058,0.01293286542,-0.01235018112,0.06233215875,-0.007524445418,0.0444097916,0.08963585434,0.03822529772,0.01398959756,0.04773821145,0.03699093079,0.04210526316
0.1173488201,0.09043486649,-0.03836448305,-0.007773402418,0.01836920635,-0.02992028404,-0.03409093123,-0.001327803978,0.04591673469,0.00144092219,0.08390410959,-0.04431314623,0.03382729762,0.1164737459,0.1209835013,0.05002841124,0,0.01343870968,-0.03460923077,0.001700680272,-0.02653643483,-0.02308039255,-0.02185089974,-0.001973440603,0.02869775212,-0.1262995624,-0.04027441247,-0.02886002886
0.06806369111,-0.004783842453,0.0008879432624,0.07397886716,0.02070586575,-0.01302240464,0.008404039263,-0.03324635734,0.0741464572,-0.02661985612,-0.006319115324,0.01391035549,-0.0130869247,-0.02063498192,-0.007584843909,0.0219895288,0.02594995511,0.09482884844,-0.02290981412,-0.04159728353,0.03504797508,-0.007466607231,0.03547963206,-0.02108041334,-0.01663004116,-0.01921284061,0.02637889688,-0.01931649331
-0.04997682682,-0.002136752137,0.01240033672,-0.001620745543,-0.03664770139,-0.006250013996,-0.016668,-0.009627050046,-0.07175160291,0.004434595045,-0.03126740859,0.04268292683,-0.06896650508,-0.05024205121,0.05275107034,0.02868852459,-0.09620512194,-0.05511719454,-0.07849584426,-0.03985692097,-0.05643454455,-0.07017515719,-0.2081218274,0.04778045282,-0.01527788581,-0.07276035276,-0.08644859813,-0.09545454545
0.02000162615,-0.07119828694,-0.04112120228,-0.01785714286,-0.02717554364,-0.1474486669,0.01440815513,0.03611016054,-0.03522504892,-0.03311144443,-0.03993351417,-0.05116959064,-0.06695042735,-0.05290261525,-0.01452434513,0.0577689243,-0.02848612444,-0.01025846154,-0.02323539823,-0.04612546125,-0.04625199362,-0.03639876486,-0.02884615385,-0.005779325143,-0.02714731428,-0.001006501594,0.008949360614,-0.04355108878
0.08003188521,-0.03688757405,-0.01277372263,-0.01652892562,-0.01885331358,0.04672049903,-0.08437894737,-0.1166221507,0.02332494929,-0.02435312024,-0.04957264957,-0.06702742681,0.0519058908,-0.0522522154,0.02136951672,-0.02165725047,0.03806613528,0.02785498001,-0.3952365766,-0.01837678917,0.02257391304,-0.03915215095,0.03630363036,-0.06330542636,-0.08143496414,-0.00704921731,-0.04055775018,0.01576182137
0.1054690383,0.02752648471,0.02957486137,0.0277297479,0.01708356254,0.006264977488,-0.02919639299,0.03490111081,-0.003964327396,-0.01326177847,0.003597122302,0.07101578334,-0.005803199771,-0.0209107248,0.03391176661,-0.03657362849,0.04063431961,-0.01071301108,-0.04307389918,0.02364535747,-0.004903358827,-0.08879862871,-0.05891719745,-0.0131045228,-0.04649621116,-0.1064906314,0.04095332302,-0.05
-0.0178929096,0.0285409701,0.01346642729,0.001635325116,0.004897893368,0.006223462453,-0.0366541629,0.02639391385,0.07064847068,0.007115898328,0.007168458781,-0.02929841702,0.02773485812,0.03689278202,-0.05513027788,0.02747172827,0.0009515176787,0.0496814274,0.07241621161,0.007699723118,-0.01397007202,0.001594896332,-0.03384094755,-0.03564049125,0.01105263908,0.1066965924,-0.006347208122,-0.01633393829
-0.2428280082,-0.130804746,-0.07263054366,-0.09877433309,-0.1086358424,-0.05336282833,-0.1804871653,0.008570029383,-0.1226765799,-0.1821036107,-0.1174377224,-0.05877688169,-0.1335206063,-0.1779036965,-0.1587856042,-0.1239662607,-0.1175076885,-0.2051005726,0.05472636816,-0.1384896099,-0.08666666667,-0.114833415,-0.1330998249,-0.1586968116,-0.1974285553,-0.05025721995,-0.1417606984,-0.09225092251
0.1263242952,0.007167158653,0.009551083781,0.1032608696,-0.05156390639,-0.01143910953,-0.1357142857,-0.04532602978,-0.008474576271,-0.04606525912,0.02553870968,0.05147821297,0.004918026337,0.02961285723,0.09920828908,0.05993340733,0.05336927617,0.09007899867,-0.003454690407,0.0310421286,0.02554744526,-0.008994672386,0.09696969697,0.04909980927,-0.05608770157,-0.02699763,0.09374761905,-0.05691056911
0.05866879235,0.09702230888,0.06716962396,0.03776683087,0.04283663713,-0.08594926352,0.01928264463,0.0845693124,0.04593846154,0.01911307847,0.08256872077,0.05939004815,0.05383353496,-0.1349553712,0.09664408946,0.08167539267,0.08086100393,0.0497210084,0.03124444444,0.009675698925,0.005338078292,0.02727547767,0.01289134438,0.04269282708,0.1095077389,0.05660384413,-0.01224274774,0.1443965517
-0.006701302613,0.01769056604,-0.0328,0.00395443038,0.001577406683,0.01265664087,0.01216217531,-0.01915120193,-0.008171617032,-0.06515311377,-0.05266338725,-0.00303030303,0.006189466019,0.02813466818,-0.01383949173,-0.007261181026,0.02746125104,-0.003336620855,0.08080851614,-0.03940198407,0.01150300885,0.1061824608,-0.01090909091,-0.01653917092,0.04131739039,-0.02205843326,-0.06198567493,-0.005649717514
0.05753486962,0.0318627451,-0.00183317788,0.008669514477,0.05441811161,0.05178752919,-0.04806413678,0.06276130832,0.01235841377,-0.03273331824,0.08434496169,0.03039513678,0.04307820687,0.04477431326,0.02806742232,0.04241914572,-0.05069054059,0.06425702811,-0.05450992902,0.06208425721,0.07961655939,0.01761284509,0.02757352941,0.02241796307,-0.02424677072,0.05907648555,0.1424402759,0.07575757576
-0.1759730485,-0.09095841973,0.1000902111,-0.0070325,-0.1264029815,0.007640086502,-0.06872153573,0.1128613905,-0.06815718113,0.07314235808,-0.1066605948,0.04940884956,-0.1710902655,-0.04523763561,-0.0739954023,-0.1000935454,0,-0.2707562264,-0.01153473072,-0.04384133612,-0.05591442464,-0.03932539044,-0.04830053667,-0.07126210965,-0.126509208,-0.1156192295,-0.101544473,-0.1408450704
0.1631002088,-0.01420727441,-0.04090016694,-0.03776558649,0.01455351015,0.0429637518,0.03764814741,-0.08726474186,0.06222882096,0.02034591308,-0.01846862108,-0.04356997169,0.05693799724,-0.01745702466,0.06051458249,0.08835758836,0.01844630237,0.08409435259,-0.004992,0.09934323144,0.1064376221,0.00819122638,-0.003759398496,0.06745920394,0.1000037818,0.09977053588,0.09299248754,0.07581967213
0.001645351881,0.03195588972,0.04264432704,0.0834015809,0.1257403281,0.06058356515,0.1901331671,0.02454845332,0.1305222931,0.0907295565,0.04905806452,0.01469509442,0.1885535354,0.05837613591,-0.005121866719,0.06494746896,0.02001866174,0.07398157907,0.06363499925,0.06653595477,0.05120241899,0.03571948052,0.03962264151,0.07029871646,0.1222534025,0.09489060069,-0.001310994764,0.09714285714
-0.001642649145,0.04007087789,-0.04924741235,-0.009810125054,0.02998319473,0.06778166636,0.06341262106,0.04791828023,-0.04909090909,0.02193784278,0.08392167474,-0.06806669725,-0.0538265679,0.0719435371,0.04632470588,0.02645668161,-0.01588768657,0.09111466667,-0.07873571328,-0.04469273743,-0.07306382516,0.0673902576,0.01996370236,0.03984998985,-0.01536311245,-0.08285705578,-0.03800584641,-0.08854166667
0.005010844365,-0.01167543414,0.01229146649,-0.005336585366,0.0174690187,0.0249646943,0.03669911624,0.04332291297,0.05257973231,0.01610017889,0.02600567376,0.008548262375,0.07485278425,0.03131745151,0.03232378656,0.03713484466,0.05223258793,0.05396968157,0.2205106886,0.05458089669,0.02308789809,0.01174745785,0.1761565836,0.08729718927,0.04255385345,-0.01973040995,0.02452316076,0.005714285714
-0.02664086918,0.04607399511,-0.0008686891675,0.007662844644,0.01573718928,-0.01391743786,0.03207873267,0.02422163143,0.02543436939,0.007921126761,-0.001728109006,0.01617750385,0.009747064349,0.02602939211,0.04561039685,0.0202190396,0.05099157489,0.03574719112,0.1022391137,-0.008319408503,-0.01322834332,0.01306011741,0.03025718608,0.02480626632,0.03265504057,0.04873000806,0.03058297872,0.05871212121
-0.01704892966,-0.01694137374,-0.007811111111,0.03726361948,0.01901258942,0.03316826952,-0.007503536977,-0.01576520877,0.007085906698,-0.02183269426,0.004614421591,0.009857176476,0.04551729161,-0.016911558,0.1132791667,0.05284888522,0.01202305896,-0.0009313432836,-0.1016524624,0.07642136279,0.01183091483,-0.008582274303,0.004405286344,-0.007007374252,0.02173905191,0.001010568436,0.007741951467,0.01788908766
0.006922299137,0.09534942709,0.00874889414,0.03225806452,0.04630293138,0.02254180057,0.1231102575,0.05148717111,0.05452938677,0.07767714286,0.0672028188,-0.03528648649,0.06860271093,0.01505434839,0.06257415219,0.04509741176,0.05897364174,0.1381884023,0.06083209617,0.003463208261,0.06079493588,0.02165991528,0.02485380117,0.09044147229,0.1237913077,-0.01513642498,0.02945153281,0.0474516696
-0.118955662,0.02359641439,0.04076178212,-0.07670454545,-0.04491335986,-0.06346139348,-0.02403924926,-0.03155671777,0.005001494577,-0.07125113008,-0.03605944978,0.04124643268,-0.01728296296,0.09110272848,-0.0522849112,-0.008629798802,-0.005609309747,-0.01066840273,-0.03734170734,-0.03278693051,-0.05363814414,-0.09476047362,-0.0727532097,0.008824470588,-0.08146957318,-0.03483664552,-0.01617114428,-0.05369127517
0.0568122041,0.09477377049,-0.02666666667,0.004615384615,0.004840316048,0.03138412141,0.02463136888,0.02921274833,-0.009127315024,-0.02051599717,0.02177554439,-0.01719103139,0.05904416176,-0.03301049132,0.1051133196,0.01248993187,0.01651827554,0.06385157904,0.06233379428,-0.0008906346343,-0.04270310559,-0.07968,-0.1446153846,-0.02040907717,0.001250149847,-0.05307810452,-0.005056900242,0.04787234043
-0.03708312593,-0.04211364875,0.01969315068,-0.0336906585,-0.04404680882,-0.04149244345,-0.09519238092,-0.06550133225,0.002511222781,-0.07559344262,-0.02404459016,0.04258560315,-0.03321565836,-0.0160658001,-0.06200898622,-0.02579380982,-0.07689266733,0.00233951384,-0.1030005674,-0.04642857143,-0.03406070924,0.03563977747,-0.03417266187,-0.04285714286,-0.08671364554,-0.03138955029,-0.05971854581,-0.05922165821
0.07883173947,0.09770388064,0.005037776608,-0.02535657686,0.1331900216,0.007214765491,0.2284796841,0.09579340812,0.05096213997,0.03645483579,0.03079689209,-0.01969251022,0.1570573321,0.01224443871,0.09972177006,0.0828856485,-0.01030423478,0.1780698524,0.03778604651,0.1610486891,-0.05289799779,0.02622964579,-0.052141527,0.03731343284,0.1010933362,0.01620339234,-0.08648648649,0.03057553957
0.1657882127,0.01379687491,-0.00417844053,0.04796617886,0.03367044443,0.06733438974,-0.01211005136,-0.005329627973,0.01589825119,0.04752851711,0.03802191155,0.01562380952,0.007421414701,-0.01814448898,-0.004587260652,0.07299787385,0.02733133356,-0.005280522476,-0.002796651189,-0.02822709677,0.05496453901,0.01118472171,0.02161100196,0.04376402878,0.01178687694,0.03189005757,0.06360710059,-0.02268760908
0.009179339636,-0.009658985554,-0.02516778523,0.0263770692,-0.01106147691,-0.03355595762,0.007004558322,-0.1093261125,0.009389671362,-0.02450235935,0.0340144427,-0.03809528275,-0.009473692188,-0.02874856823,-0.01074638403,-0.03302509908,0.01182504305,0.01194212402,0.01826516854,0.02157679214,0.003361344538,0.04424402968,0.01346153846,-0.007466060853,-0.004293360588,-0.02428264689,0.05424434881,0
0.112136845,0.04609929078,-0.01893287435,-0.03023435251,-0.008702916387,-0.0305558728,0.06087034556,0.05776316779,0.01240310078,-0.01674421097,-0.04655947647,0.02513453177,-0.03931820558,0.1923899703,0.1567521215,0.03415300546,0.006259701408,0.0983628573,0.01929697569,0.01218653087,0.05276247906,0.07412714703,0.06641366224,0.03877407407,0.04679918557,0.07692249068,0.1187335092,-0.01607142857
-0.09948730469,0.01525423729,-0.002630175439,-0.002337025518,0.01066039042,-0.007163085509,-0.07049119376,-0.03299276893,-0.01837672282,-0.01892150452,-0.01539363057,-0.04829242199,-0.0287628064,0.02127867561,-0.03130733453,-0.02278784676,-0.02364057574,-0.02865668904,-0.0216510202,-0.00481540931,-0.0509149415,-0.08873424796,-0.0409252669,-0.0222841027,-0.01764730549,-0.04201682159,-0.1025962264,-0.07078039927
-0.04683475668,0.08096961603,0.01319118636,-0.015625,-0.002483621203,-0.03463133968,0.05026455026,0.02470608746,0.02340093604,-0.02892964926,0.01347882564,-0.002340674274,0.05239275844,-0.02951460246,-0.03508777114,-0.01588321237,-0.06542159434,0.01720957128,-0.04286169535,-0.02096774194,0.007545357982,0.04637268285,0.06864564007,0.05583858157,-0.02754573992,-0.03947351411,-0.06307503406,-0.0625
0.03967858921,0.06833906614,-0.03298611111,0.06269714286,0.01679274911,0.08370608877,0.03190528967,0.0929978948,0.03048780488,0.01688344291,0.1297862725,-0.07746604069,0.02381038961,-0.03577872538,0.05550247732,-0.01236263736,0.0686364761,0.1117814025,0.09825573868,0.04612850082,0.02495840266,0.1329337695,-0.05381944444,0.04749059686,-0.007387923379,-0.06963428398,-0.01963538768,-0.04791666667
-0.07790164831,-0.04445302814,0.04398707361,0.003735329333,-0.04525956352,-0.04758706578,-0.04800588967,-0.011554612,0.01109585799,-0.0390625,-0.01035706215,0.1094162638,-0.06131157606,0.009278089989,-0.04260967196,-0.07093184979,0.01999137125,-0.113586087,-0.06315789474,0.0188976378,-0.006493506494,0.06388304796,0.06788990826,-0.01081834998,-0.03659884819,0.09815948385,0.08154754002,0.08533916849
-0.00163180537,-0.04538577912,-0.04471189034,0.00744047619,0.000639653603,0.01375793323,0.01282051282,-0.01700420836,-0.01243714711,0.03861788618,-0.009515501796,-0.02293577982,0.02477567568,0.04227673781,-0.04166666667,0.03443113772,0.004170596869,-0.02820549042,0.001402247191,0.005408346213,0.0114379085,-0.02574117647,-0.02233676976,-0.008333333333,0.02961738909,-0.03463596947,-0.05158941799,-0.01814516129
0.01991084695,-0.05665673534,-0.01800177425,0.03914209749,0.06530130553,0.06285787992,0.09367088608,0.03892032952,0.04592592593,0.008804696673,0.02209337176,-0.02425790297,0.08131773071,-0.01587242574,0.04990039526,0.03002836469,0.08637913871,0.03028394224,0.09818142649,0.05303742111,0.01453957997,0.006295383922,0.01933216169,0.06302521008,0.08567901235,-0.003473826414,0.03765921932,0.09034907598
-0.1219405594,0.01974029046,-0.04399626912,-0.02842931449,-0.02944621385,-0.04838723659,-0.003087037037,-0.07076106182,-0.0269121813,-0.01163920332,0.000940602211,-0.02405776944,-0.02947073171,-0.001790109644,-0.1185883246,-0.05374024797,-0.02446463814,-0.02571760021,0.02043418558,0.01094773723,-0.06289936306,0.061248,-0.02068965517,-0.01482055336,0.027651429,-0.02555179314,0.05779354839,-0.003766478343
0.01850008296,0.04777594728,0.08820695961,0.04242872559,0.03838894256,0.05084761202,0.06269353727,-0.0212751494,0.0880628821,0.004908349218,0.04835605634,0.06573550138,0.0575898994,0.04667580794,0.02188918047,0.06236080178,0.0399682035,0.05153784886,0.03630130403,0.04548857241,0.04503115722,0.02944457846,-0.01936619718,0.01905553612,0.04540201268,0.02741425517,0.008896587337,-0.001890359168
-0.009122749857,0.04324025157,0.03876646518,0.02105265522,0.05068700979,-0.01411222163,0.01675106584,0.003431933322,0.03545261319,0.073240625,0.008957283624,0.04086481525,0.02871447819,-0.01543682029,-0.01462907357,0.01747030049,0.01582484891,0.004185060787,0.04105861984,-0.02348066298,0.03658406504,0.02860239305,-0.003590664273,0.0187023622,0.07882178949,0.04408244772,-0.08438488665,0.007575757576
0.02934648582,0.04182180338,0.0008468181892,0.007561245428,0.002269464129,0.0415798405,-0.06160408207,-0.03306799674,-0.03552868217,-0.01455871091,0.01597869507,0.04740740741,-0.03946252977,-0.04181027177,-0.0233298381,-0.08241758242,0.02522228771,-0.02142857143,0.006964243288,-0.03536067893,-0.09098050633,0.04784007746,0.005405405405,0.02995009863,-0.02286348139,0.01777854298,0.0330124523,-0.009398496241
0.008944258106,0.06907837632,-0.01016949153,0.02523765348,0.01472219202,0.05890074454,0.004580155469,-0.01179264649,0.01808330279,-0.04247467032,-0.01441677588,0.01414427157,0.02805693632,-0.03818326552,0.05591844676,0.06511976048,-0.05354482313,0.07055961071,-0.04608260953,0.06744868035,-0.01553065129,-0.03928309373,-0.003584229391,0.008912570356,0.003561785969,0,0.006659934295,-0.003795066414
0.04772835207,0.02774127199,-0.01112876712,0.009981115083,0.02343716515,-0.002471310871,-0.04255260945,-0.009547124145,0.003947368421,-0.06653665039,0.00975106383,0.01115760112,-0.01656842105,-0.04725821432,0.04884405046,0.03408236121,-0.04357856562,0.04034181818,0.02776403661,0.01923076923,0.02366488857,0.03204955942,-0.01258992806,0.01162174868,0.01723155598,0.03821076322,0.03835767196,-0.02095238095
-0.02198383319,-0.02040919509,0.04502158265,0.05006587615,0.01635671191,0.02044481917,0.1031733333,0.08192955095,0.0996068152,0.02272727273,0.05443515676,0.05379310345,0.06045426327,0.1249983913,-0.03921568627,-0.002718316123,0.08713113724,0.02894503205,-0.1257294988,-0.01078167116,-0.02739726027,-0.008565281147,0.014571949,-0.02757352941,0.07922296143,0.02733811166,0.04713589225,-0.05058365759
-0.06550285803,-0.1290322581,0.09030509984,-0.09410288582,-0.1008565674,-0.08075167743,-0.02158275866,0.03674830305,-0.1442193087,0.04949333333,-0.2144051861,0.06740732984,-0.1233645782,-0.08465579715,-0.09387755102,-0.09097054363,-0.1397060743,-0.1507430998,0.09811612903,-0.06267029973,0.1866197183,0.03023056508,0.1364452424,0.09640831758,-0.06832894094,0.1156603783,0.201946472,-0.04508196721
0.2085468673,0.08641975309,-0.05546990881,0.1101096953,0.08353001157,0.001980801138,-0.02794062111,-0.01288918294,0.135097493,0.03368782859,0.0492845787,-0.06376462417,0.03731517042,0.07900031869,0.1610342342,0.2586206897,0.01196508582,0.176252,0.06487748324,0.0101744186,-0.02818991098,0.07337886249,0,-0.04008551724,0.06491653782,-0.0201835713,0.004048582996,0.01072961373
0.2106559059,-0.09232954545,0.107803562,-0.02432840856,-0.06938236033,-0.005932781648,0.001512255075,0.04679012442,-0.09447852761,0.02793296089,-0.05909090909,0.06941723056,0.008221164875,-0.1071444084,-0.02036705392,0.01131625968,-0.04476297085,-0.03400631837,0.05631979285,-0.0273381295,0.1465648855,-0.01855,0.0868878357,0.06600875365,-0.006981354985,0.07490640248,0.05140967742,0.02547770701
-0.08700073442,-0.002346165884,-0.0428478805,-0.04475703325,0.02958687452,-0.04244022188,-0.04531727531,-0.07380551143,-0.02032520325,-0.02808115942,-0.01824927536,-0.05694947405,-0.08053088685,-0.04799818385,-0.0396039604,0.03003533569,0.02033550215,-0.03850554278,0.02502890093,-0.0650887574,0.003329960053,0,0.02470930233,-0.003793086715,-0.01780735678,0.0435551265,-0.05273104925,0.09523809524
-0.01936761339,-0.007060069572,-0.04097116844,-0.01740294511,-0.02298986934,0.04293667471,-0.004744942715,0.05050486834,0.01106500692,0.0009334589875,0.002731982301,-0.003896103896,0.0365853983,-0.02521248872,-0.01958927835,0.0863350486,-0.002598764781,0.06579038902,-0.04034296274,0.004746835443,-0.05242303658,-0.005973304804,-0.03546099291,-0.06807547946,-0.0715633053,-0.06677792102,-0.01012145749,0.01890359168
-0.05489651691,-0.02369668246,0.007911392405,-0.0136239782,-0.02588307717,-0.001991323824,-0.03497740224,-0.05021316369,-0.06292749658,-0.00465698324,-0.07306265916,-0.04172099087,-0.01818097812,0.03017361888,-0.05888548288,-0.05789473684,-0.02867117666,-0.06065394684,0.06084247788,-0.02362204724,0.006303641457,0.02903378733,0.04411764706,-0.07441016334,-0.03956819328,-0.009839029204,-0.03169897751,0.06493506494
0.05067432234,0.04449967638,0.003139717425,0.02348066298,-0.0175119215,-0.005988036799,-0.04612787224,-0.01462280161,-0.004379562044,0.0252587843,0.007058816886,0.006802721088,-0.0141620915,-0.02510363731,-0.033519613,0.03687150838,-0.03219992228,-0.003430393727,-0.02710819252,-0.006451612903,-0.04523418763,-0.05156076849,-0.05211267606,-0.02646901961,0.03638374717,-0.0542012677,-0.07286010198,-0.006968641115
0.110630997,-0.005423385997,0.01251956182,0.03576140351,0.02704441114,0.04484518837,0.06044974093,0.01255706832,0.07331378299,-0.01094890511,0.03738220805,-0.004730810811,0.06298348109,0.06008462722,-0.01156071503,0.03879310345,0.02495304996,0.05848807339,0.1639845797,0.03896103896,0.05757900875,-0.01538623116,0.04011887073,0.1027188677,0.0573038161,0.1127036983,0.15261959,-0.01929824561
-0.07151848038,-0.03348785047,0.003091190108,-0.05537360821,-0.006581631187,-0.1358096356,-0.03908987681,0.09808353848,-0.05737704918,-0.04335940959,-0.1430189189,0.02919324284,-0.03326322932,-0.06072970178,0.01754576383,-0.04149377593,-0.04418357563,-0.06554961552,0.02393805101,0.03125,-0.01585005194,-0.05937333333,-0.04428571429,-0.08675932528,-0.07617234566,-0.03605227775,-0.05237312253,-0.03220035778
0.02335469559,0.1466557336,-0.03543913713,-0.006208,0.01746968615,0.03113264601,0.1322035691,0.001026526546,0.04492753623,-0.05014472539,0.02496822598,-0.04287704485,0.06451612903,0.06034723775,0.04482574713,0.08008658009,0.04811268396,0.1420318999,-0.05305323741,0.006060606061,0.01120448179,0.06090974811,0.02840059791,0.0750016,0.06818188405,0,0.01564298752,0.01293900185
-0.08466309388,-0.02459702083,-0.04073354633,0.009022633197,0.005920304684,-0.01941056604,-0.01047845566,-0.03589891025,0.01109570042,-0.008121840604,0.03653846154,-0.01309332939,0.01616242424,-0.04674831582,0.003302096021,-0.01753507014,0.009001880717,0.006091360664,-0.04179126249,-0.03012048193,-0.03601108033,0.06680562236,0.005813953488,-0.02976739756,-0.008411159166,-0.03561888735,-0.00205338809,-0.0401459854
0.08808631011,0.06051873199,0.05911599119,0.07221348006,0.06121105438,-0.004397267075,0.02950077428,0.06383087837,0.06995884774,0.06141258778,0.146567718,0.07541899441,0.01789262991,-0.03411495429,0.1140350877,0.07904130546,0.07404028279,0.08274456873,-0.02378596438,0.0201863354,0.02155172414,-0.1232904163,0.01878612717,0.07382385607,0.09880205112,0.04709146444,0.01954567901,-0.04752851711
0.176783555,0.02377826087,-0.0007849056604,0,0.02385066576,0.02503502481,-0.01102131434,0.007000648109,-0.02692307692,-0.02700100598,-0.03236245955,0.02792103896,0.02148279572,-0.01766173517,0.03051023622,0.04206049149,-0.003322058553,-0.02143668751,-0.05685288423,0.0700152207,-0.0063302391,-0.02231428571,0.01418439716,0.00268,-0.01725743713,-0.003527486172,-0.01513463594,-0.03393213573
-0.001130291821,0.04445808153,-0.007867810709,-0.01539449944,0.0400863358,0.03160957484,-0.02377356539,0.04890676085,0.01317523057,0.001982163698,-0.006688963211,-0.03853345651,0.06787921062,0,0.03247378411,-0.0231292517,-0.05833261721,-0.01047466667,0.03983300725,-0.01137980085,0,0.07305882697,0.01678321678,-0.01959035499,0.02911290404,0.007965312732,-0.01229508197,0.1157024793
-0.06429379693,-0.1092757306,-0.0103105341,0.01368183837,-0.05,-0.02715812071,0.009132420091,-0.02011845922,-0.05071521456,-0.001978242498,-0.04882154882,-0.02890932983,-0.08594443263,-0.01123431732,-0.06937882609,-0.08635097493,-0.03274359849,-0.05967267038,0.09316408062,-0.01870503597,0.007077148849,-0.05744982162,-0.004126547455,0.003633055574,-0.01930932595,-0.02019362576,-0.004149377593,-0.005555555556
0.09449208443,-0.03209586305,-0.001602564103,-0.05462827763,-0.05372905712,0.03221197348,-0.0558081448,0.004831859567,-0.07123287671,-0.04757192876,-0.02123893805,-0.01217861976,-0.02252848382,-0.01136564656,0.1341932406,-0.006097560976,-0.01372363116,0.01228247733,-0.0624969697,0.00293255132,0.002813214688,-0.09481500744,0.01243093923,-0.03981894687,-0.04715993402,0.04569896936,-0.02396,-0.04096834264
-0.02355481894,-0.01179070091,0.03210272873,0.01223658707,-0.02607169577,0.01456240119,-0.03354636875,-0.01538553979,-0.05162241888,-0.005201257359,-0.02893309222,0.05890410959,-0.1032048923,-0.05287407739,0.02979846422,-0.0005112474438,-0.07885038797,-0.03235586272,-0.02424234588,-0.04385964912,0.0623674143,-0.02368488253,0.01909959072,-0.04335525978,-0.03892226614,-0.02570730447,-0.01387238228,0.001941747573
0.1113568563,0.005965690123,0.01477573872,0.04835465236,0.0452119381,0.0266591138,0.06115842798,0.009765785055,0.1446345257,-0.006276150628,0.03910614525,-0.007761966365,0.1441339494,0.08495489539,0.06978732907,0.04245524297,0.04431089812,0.06164921772,0.04554187812,0,0.03430079156,0.0472601844,-0.01204819277,0.05024464986,0.08699884023,0.01319280366,0.0790025974,-0.02906976744
0.004119035498,0.02520382481,0.01532565171,0.03843693882,0.06146910561,0.04660294642,0.06775700935,-0.03868534743,0.03804347826,-0.009475368421,0.1075268817,0.0006508474576,0.003904684449,0.07382255742,0.05568821726,-0.02306182532,0.08100283165,0.03543307087,0,0.01070336391,0.009567346939,0.03292071867,-0.00406504065,0.05065666041,0.07727639611,-0.001735453696,0.01003010637,0.07584830339
0.02161688791,0.06724388461,-0.06037728558,0.01048835088,-0.01984025863,0.002545677579,-0.0496,-0.004023494333,-0.04712041885,0.0350708354,0.006472491909,-0.04820851931,-0.0369642311,-0.04999814196,-0.008288178795,-0.01004520342,-0.02765445355,0.01520912548,-0.04851342103,0.01815431165,-0.03979882269,-0.07202442121,-0.02585034014,-0.05,-0.04568751361,-0.08087037775,-0.05461617417,-0.03896103896
0.1842995714,0.03929539295,0.01606423638,-0.009768009768,0.01887367219,0.02474556712,0.04374525709,0.03030352216,0.04532967033,-0.05749486653,0.009646302251,0.02600961096,0.02727272727,-0.01973607007,0.08586504559,0.0460428209,0.03486182756,0.06273558052,0.06451956632,-0.005943536404,0.02368421053,0.02035631697,0.01536312849,0.01127819549,0.01655609641,0.0009465124839,-0.005253781513,0.04247104247
0.02041904762,-0.02086049544,-0.005534854659,-0.02034623921,0.01852405524,0.007429696423,-0.08602951298,0.007841860481,0.009198423127,-0.0348583878,-0.05095541401,0,0.0757120944,0.004472885174,-0.05528235721,0.02728244893,-0.01241060349,-0.003524224107,-0.05083706614,0.06128550075,0.01285347044,0.1172114402,-0.01375515818,-0.07063197026,-0.01232586428,0.03591754343,0.004223871973,-0.03333333333
0.05417008885,0.03928202397,-0.005563116057,-0.02831871952,0.02899265884,-0.007374903131,0.009656005993,-0.009726055234,-0.03776041667,-0.02031602709,-0.01845637584,-0.01667673561,-0.0201082414,0.004452967562,-0.003704888889,-0.01699716714,0.007180892634,0.03536688189,-0.04427951858,-0.03943661972,-0.003171573604,-0.03682857143,-0.04323570432,-0.0309984,-0.007575294764,-0.09945245519,-0.03995800624,-0.02107279693
-0.2245281014,-0.06278020471,-0.03916989395,-0.04663212435,-0.01639344262,-0.01548036452,-0.05498195698,0.03143431906,0.002706359946,-0.0599078341,-0.04102564103,-0.03188710991,-0.01679103225,-0.07317160865,-0.06988855898,-0.05475504323,-0.05971496287,-0.06917292,0.0247862069,0.008797653959,-0.04901433582,0.04519296372,-0.027696793,-0.06708100379,-0.03008433364,-0.04660695179,-0.0624299013,-0.08806262231
0.05302096178,0.01230347253,-0.02828618968,0.02717391304,0.0005200520052,-0.03144552046,0.04300174435,0.05904648221,0.08636977058,-0.06740392157,0.07308377897,-0.03573823208,0.08064358205,-0.01913676991,-0.01518659017,-0.02540650407,0.05023795408,0.03486238532,-0.2891637617,0.03488372093,-0.00468647925,0.04213200131,0.04797601199,0.02212389381,0.0189816378,0.09989350182,0.02920373832,-0.01287553648
0.03291699193,0.01890612407,0.005136986301,0.04100529101,0.0255092861,0.01818162782,-0.04527022832,-0.05305697785,0.07204968944,0.1011849696,0.05813953488,0.0101744186,0.04828870819,-0.01463358685,-0.006493506494,-0.04692387904,0.08483694475,0.02748368794,0.02662223316,-0.02387640449,0.02219343343,-0.003199978213,-0.04005722461,0.01190649351,0.08223546529,0.01256132985,0.06129409543,-0.04347826087
0.09841709703,-0.06825811185,-0.005110732538,-0.03939008895,-0.04467122834,-0.02742399533,-0.07451385234,-0.006648286807,-0.033603708,-0.02625298329,-0.05651491366,0.02805640288,-0.07621306533,-0.06435661447,-0.0931372549,-0.06345733042,-0.03910124243,-0.06988911836,0.01872037478,-0.03309352518,-0.06644631579,-0.08324795432,0.004470938897,-0.1048126549,-0.07388718024,-0.02671706652,-0.05240479556,-0.04318181818
0.01704827797,0.05192147937,0.01369863014,0.1137566138,0.06482435645,0.04590224944,0.140897553,-0.03919741233,0.07314148681,0.1041647059,0.06489184692,0.007698818977,0.04351544005,0.0846556761,0.02702702703,-0.1226635514,0.08831071508,-0.01298701299,0.1075062462,-0.06845238095,0.04650932036,0.04656603436,0.04896142433,0.05854038989,0.03989102551,0.00196003963,-0.02596117381,0.03562945368
0.04194384936,-0.0006772136014,0.01013513514,-0.001782422803,0.03293504975,0.08338623526,0.07217326202,0.02587179401,0.005586592179,0.04772661084,-0.0375,0.01597111111,0.05994791308,0.002440249483,0.06666666667,0.03062583222,0.01272930228,0.09586466165,0.06640292944,0.06549520767,0.01279570402,0.002235384572,0.009900990099,0.07674943567,0.0392308722,-0.02837569032,0.0127481117,0.1605504587
0.2415683728,-0.02638592693,-0.005851505017,-0.005948845638,0.03574849202,0.005206476932,0.009723865205,0,0.03888888889,-0.003179661017,-0.08116883117,-0.022555322,0.0377055985,-0.08515742129,0.08059210526,-0.02906976744,-0.007854984894,0.0334490566,0.05270257841,0.1274362819,0.01063829787,-0.1675924479,-0.009803921569,-0.05660377358,-0.01384224715,-0.02416850275,-0.0102993135,0.1324110672
-0.07199302731,-0.0326626461,0.04962011826,-0.008975711766,0.01119291034,-0.01842160468,-0.02148266667,-0.01648962515,0.008556149733,-0.009562609246,-0.01060070671,0.02237762238,-0.004739336493,0.1010626369,-0.09817473364,0.001330671989,-0.04750572205,0.09958493001,-0.006829566636,-0.002659574468,0.02565684211,0.009335426836,-0.09193776521,-0.03111111111,0.07018272232,0.02579955503,0.02774571606,-0.06108202443
0.01327405923,0.03232873563,0.01602564103,0.01751111111,0.03459537975,0.04868006461,-0.008326429464,-0.003944134157,-0.03711558855,0.1223175966,0.003571428571,-0.002735978112,0.03492190476,0.03623046492,0.0869212988,0.1468438538,0.04571834889,0.05660249769,0.008020175066,0,0.01539655204,0.02904922135,0.04361370717,0.001148623853,-0.01072951084,-0.03118799383,-0.09561142067,-0.06691449814
0.04344064759,0.004175360695,0.001577287066,-0.002373889494,-0.0503782812,-0.002236341634,-0.06030599103,-0.007921271646,0.03964757709,0.02485659656,0.06583629893,-0.0281218107,-0.01073741014,0.06060628969,-0.01941118012,-0.03418308227,0.01748836259,0.06,-0.08522181818,-0.02933333333,-0.04042952326,-0.04748681378,-0.02388059701,-0.004581893092,-0.04981879468,-0.01765260417,-0.08084776119,-0.03784860558
0.2267262821,0.05821199367,0.05669291339,-0.07971453155,0.03286410371,0.0156949011,0.02518346084,0.02794492624,0.002118644068,-0.04571044776,-0.07178631052,0.027524096,0.03255813953,-0.02197837445,-0.01345876606,0.1133773245,-0.05703108697,0.05929919137,0.08074287259,0.01236263736,0.03028094243,0.01481826493,-0.05657492355,0.07479664019,0.07399395305,0.04334085859,0.03112537185,0.02691511387
-0.1465640011,0.01244163726,-0.01415678092,-0.0478345679,0.08227141012,-0.0237311361,-0.0007930274441,0.01456246728,0.1543340381,-0.03812166275,-0.04676258993,-0.02678681319,0.1088594595,-0.006741319185,-0.04895794543,-0.05118534483,-0.08865044595,0.02989923664,-0.07012020186,-0.0881953867,-0.04536643616,-0.09959543075,-0.009724473258,0.002141327623,0.04763765503,-0.001013639769,-0.03412073491,0.02419354839
-0.01009701049,0.1668822768,-0.01586211234,-0.00203557587,0.03275859288,-0.03730871241,-0.08326735387,-0.01267907636,-0.0695970696,-0.02032520325,-0.009433962264,-0.03669728914,0.04806984532,0.03393903374,0.09451489555,-0.01817149347,-0.02909070232,0.02038194403,-0.01854342357,-0.001488095238,0.004016064257,0.2079518209,0.01636661211,-0.00534017094,-0.06463604872,0.04868187075,-0.01902173913,0.009842519685
0.0134,0.05654101996,-0.001548368069,0.06394557823,0.03782016242,0.04521338034,0.05882499491,-0.05985041722,0.09350393701,-0.01244813278,0.05142857143,-0.008057445342,0.01098294574,0.02625714975,0.04934470235,0.01561596298,0.05617956186,0.01876610169,0.0440908578,-0.02682563338,0,-0.02930420105,0.06763285024,0.04833332188,0.01727453983,-0.02708042847,0.02908365651,0.04483430799
0.1271250952,-0.02151017838,-0.03769107692,-0.05690639386,-0.05956024401,-0.03651656896,-0.04575098039,-0.01030944913,-0.03690369037,-0.0525210084,-0.07608695652,-0.011816839,-0.0003205108544,0.01918901351,0.02277857197,0.05353075171,-0.04077919587,0.027332119,0.03739616465,-0.02909647779,0.006666666667,-0.03144471816,-0.02111613876,0.02459016393,-0.006319491669,0.03379782249,0.04710858058,-0.01492537313
-0.1267447096,-0.0369981452,0.07114171557,0.02033900511,0.008332833283,0.0816337275,-0.02054998592,-0.02499967453,0.005607476636,0.04323547672,0.08039215686,0.05082212257,-0.03068072867,0.2008358833,-0.01436781609,0.02486486486,0.07578565157,0.016194317,0.1209293326,0.01104100946,0.08344370861,0.01168628233,0.07704160247,0.034,-0.01708919246,0.07692307692,0.0604092545,0.01893939394
0.02749849618,0,0,-0.003986715202,-0.001652397464,0.009162892978,0.03321822828,-0.03739282206,-0.04089219331,0.03825723827,0.0780399274,-0.009957325747,-0.01978239367,-0.06445844398,0.2018938776,0.009493670886,0.01889919076,-0.02048945203,0.02281146681,0.06357316693,-0.02872762836,0.05392793178,0.007153075823,-0.01257098646,0.03194548845,-0.03727675752,0.007272741377,0.01115241636
0.057846171,-0.09799554566,0.005970149254,-0.1067379391,-0.08526614251,-0.1207267203,-0.01184365482,0.06770344125,-0.08527131783,0.06243776858,-0.07407407407,0.02083218391,-0.07164480323,-0.007449503719,-0.04123715341,-0.01358411703,-0.05227628104,0.01394536763,-0.1044644364,-0.06270682056,-0.06608023554,-0.03168020455,0.007102272727,-0.05974682116,-0.04702252285,-0.06886145233,-0.1275574056,-0.05514705882
-0.02350708902,-0.03333333333,-0.00964272997,0.02837942151,-0.03000847145,-0.01761809886,0.1053060923,0.03014431857,-0.07203389831,-0.1146450867,0.05272727273,-0.05840851052,-0.0152173913,0.09005585708,0.001265023418,-0.04872881356,0.1218870603,0.004010540735,-0.03963237852,-0.0641627543,0.009433962264,-0.08427120063,0.004231311707,-0.1177066667,0.08388085951,-0.05976178494,-0.06344841589,-0.06031128405
0.09939547687,0.08939974457,-0.03221089772,-0.05374007697,0.01880843345,-0.07730412725,0.01859212219,-0.03531753896,0.00799086758,-0.009791529561,0.01554404145,-0.05456023916,0.04194260486,0.04647261908,0.09096661121,0.01670378619,-0.04520281475,0.1432657534,0.09787169811,-0.0652173913,-0.06408544726,-0.005485714286,-0.06039325843,-0.03305778879,-0.01403543078,-0.01059278185,-0.02798003648,-0.1180124224
0.01534231779,-0.06565064478,-0.05340433437,-0.04681387176,-0.01556640891,-0.01474440439,-0.03802400729,-0.07426878851,0.04869762174,-0.04615384615,-0.04761904762,-0.06640324604,0.02224576271,-0.0263156491,0.01795114576,0.0169769989,-0.1220933743,0.04243551278,-0.02254791432,-0.03041144902,-0.05420827389,-0.2859112848,-0.08520179372,-0.0170939837,-0.05194265399,-0.1156311819,-0.06363636364,-0.08920187793
-0.03940815241,-0.045795734,-0.01880749788,-0.002416747182,-0.06790779508,0.008842588327,-0.05454548904,-0.06214694964,-0.1663066955,-0.05299539171,-0.02857142857,0.03217616552,-0.1046632124,-0.04054168801,-0.0409556314,-0.0296176629,-0.06149350743,-0.03591877395,0.01758235575,-0.0405904059,0.05656229261,-0.1334703275,-0.05882352941,0.04099171977,-0.1047077308,0.00121121413,-0.02427443366,-0.02577319588
0.01797040169,-0.03681784424,-0.02,-0.06053147446,0.02944248284,-0.04652603975,0.04264216899,-0.03855229901,-0.04404145078,-0.04014793187,-0.05330882353,-0.02132898616,0.0474537037,-0.07746374329,0.06642941874,-0.07214206437,-0.007056870778,0.03775456512,-0.111232445,-0.04230769231,-0.01284795107,-0.004457142857,0.02777777778,-0.02505775656,-0.03807892696,0.003627209981,-0.05638489256,-0.02380952381
0.1098254463,-0.01023998882,-0.00765170068,-0.03092783505,0.0659222011,-0.01060899073,0.07057005329,0.142856184,0.09485094851,-0.006335120578,-0.01553398058,-0.007542675665,-0.04972375691,0.09923687745,0.04449388209,-0.01375598086,-0.08223449919,0.04260331825,0.02065415183,0.0140562249,0.009398687608,0.02241418896,-0.05067567568,-0.02080975117,-0.02544854087,-0.04096454488,0.03163453535,-0.027100271
-0.03479771877,0.08137931034,0.04027278112,-0.007092198582,-0.05820830032,-0.3488212353,-0.0404494382,0.00328893918,-0.06930693069,-0.1071428571,0.08284023669,0.07854594595,-0.01395348837,-0.02951460246,0.0404685836,0.04487568223,0.008850897993,0.0004598714417,-0.04643047619,0.02772277228,-0.09455587393,0.008785964912,-0.07117437722,-0.02,-0.02079129423,-0.02638143905,-0.02895817093,0.00278551532
0.01391773993,-0.00637755102,-0.01317957166,0.1330342857,0.08884716572,0.02085589891,0.08118594848,0.03388014822,0.1728723404,0.1099977143,0.04735883424,0.03915431687,0.2004716981,0.128802251,0.105423132,0.04701102728,0.0811390948,-0.01514528489,0.0586787689,0.0655105973,0.1012658228,0.1478101174,0.1340996169,0.1454081633,0.1219752605,0.1277423898,0.08070175439,0.1694444444
0.1346490929,0.068678819,0.02504173623,-0.1205662671,0.1206207623,-0.049462209,0.09386344772,0.02536963571,0.00566893424,-0.06820914947,-0.03304347826,0.01959309069,0.01178781925,0.05863563007,0.05694526955,0.1252771619,-0.008113103382,0.1938490214,0.0495245283,0.005424954792,0.01867816092,0.08901818182,0.003378378378,0.02338708241,0.0598577952,-0.01601993386,0.01460779221,0.1211401425
-0.0447797127,-0.1267275659,0.04885993485,0.03584229391,0.005144318264,0.07692504113,-0.02310336634,0.04020703568,0.1003382187,0.08977679558,0.1043165468,0.09164829759,0.05242718447,0.001497758218,-0.08453864882,-0.04630541872,0.09202415811,-0.08899297424,0.1157325509,0.1079136691,0.03667136812,0.1130403811,0.001683501684,0.07725601348,0.03322228118,0.07093181983,0.07200274433,0.1525423729
-0.06235822902,-0.0529562586,-0.02795031056,0.05190311419,0.004329879761,0.1092421035,-0.04729626735,0.0009909189358,0.04200819672,-0.08745062094,0.03745928339,-0.06770488038,-0.01568265683,-0.01195929863,0.003827757057,0.009297520661,-0.00561763961,-0.005141388175,0.02920931192,-0.05519480519,0.009523809524,0.075,-0.05714285714,0.03434343434,-0.07918064365,-0.001086278691,-0.01045014925,-0.05514705882
-0.009004771185,-0.1183742996,-0.03514376997,0.02302631579,-0.04664803681,0.0454567663,-0.1078008511,-0.03960459048,-0.1504424779,0.07777777778,-0.04552590267,-0.03631086282,-0.1508903468,-0.06202653374,-0.06196234427,-0.08393039918,-0.0291908292,-0.08354866494,-0.001953809929,-0.07388316151,-0.03099730458,-0.02325581395,0.007130124777,-0.069334375,-0.0641628929,-0.02282567504,-0.01206639413,-0.06420233463
-0.02723717818,-0.1219110379,0.05794701987,0.07877813505,0.06620004106,0.02173722551,-0.04928581921,0.02164965911,0.09027777778,0.02319587629,0.1447368421,0.02788368094,0.05187637969,0.03871080796,-0.05589430894,-0.04804469274,0.1163930851,-0.04605263158,0.08921042064,0.1576994434,0.08484005563,0.02826666667,0.07256637168,0.08919019653,0.11987038,-0.003336711887,-0.04732591713,0.03534303534
0.03162468631,0.1022529081,-0.0234741784,-0.01415916542,-0.01658230801,-0.1569135859,-0.01337860427,-0.06357084947,-0.01592356688,-0.06801007557,-0.03879310345,0.01246217009,-0.05771248688,0.04347738506,0.0947255113,0.05046948357,-0.06081738042,0.1261083744,-0.07020979988,-0.003205128205,-0.1083323077,0.07815278601,0.03135313531,-0.04431599229,0.008744864191,-0.1573674099,-0.00481025641,0.1325301205
-0.1141293331,-0.04936163491,0.03125128205,0.06122577321,-0.01284269301,0.0294423817,-0.0237274898,-0.06034650275,-0.09600862999,0.04864864865,0.1046337818,0.06372201445,-0.04565701559,-0.03422647774,-0.07473117011,-0.01899441341,0.03422785206,-0.1216097988,0.02226683023,-0.07877813505,0.004313438604,-0.07516794667,-0.0208,0.004032258065,0.004541687986,0.07284802192,0.003220620214,-0.04078014184
-0.08286295449,-0.006268209464,0.03962574716,-0.01709401709,0.02979737783,0.06026390161,0.03645833333,0.01032147895,0.08830548926,0.06958762887,-0.04736129905,0.02382684692,0.05484247375,0.006163924924,0.004252504574,-0.0506833713,-0.003577601132,-0.0438247012,0.1306787879,0.06631762653,-0.01575030408,0.02467117485,-0.02777777778,0.02911807229,0.02959260027,0.03333423439,0.04173365453,0.09611829945
-0.1095062516,-0.07477333333,-0.003735724963,0.007246376812,-0.07407407407,0,-0.03266331658,-0.04994325551,0.006578947368,-0.02289349398,-0.001420454545,0.0006638297872,-0.1084070796,0.001529678494,0.002116402116,0.04619076185,0.03859957418,-0.07916666667,0.02261982612,0.01800327332,-0.02036133278,-0.1019834651,-0.01680672269,-0.03317067993,-0.04910008712,-0.01553281229,-0.009245015088,0.01517706577
-0.03963139379,-0.04284316597,-0.011254,0.01438848921,-0.00875,0.0211964187,-0.02337662338,-0.01194762754,-0.05882352941,0.07644897943,0.02702702703,-0.02857039582,-0.06947890819,-0.0244647484,-0.006864625132,-0.01892201835,0.03111452688,-0.005656108597,-0.005734293592,-0.02893890675,-0.00222835667,0.0993721104,0.04615384615,-0.04843584511,-0.01133538371,-0.05461041762,-0.05131956782,-0.01328903654
0.05718360996,0.0885028061,-0.03660819423,-0.04680851064,0.03909205549,-0.04433905152,0.1258851064,0.02539319293,0.09837962963,-0.04696274357,-0.05263157895,-0.01026101231,0.1173333333,0.01881061792,0.1275918151,0.05143191116,-0.07208708492,0.1513083049,-0.01235713382,-0.05960264901,0.01265,0.01434264412,0.01797385621,0.03075116734,0.1337585105,0.0205378455,0.04918032787,0.04377104377
-0.001379860174,0,0.01752281393,0.009671428571,-0.03155339806,-0.1046405766,-0.08110120454,0.0153298088,-0.1106427819,0.01201923077,0.04970760234,0.02695345067,-0.1205250597,0.003075971251,-0.05657712896,0.05725403002,0.01084098163,-0.01778656126,0.06672217952,-0.08098591549,-0.03600407229,-0.0848571532,-0.02086677368,-0.04012510288,-0.03483168451,-0.007546434299,-0.034375,-0.03387096774
0.05963091473,0.1018706542,0.04102291022,0.06337516684,0.02882205514,-0.01433498062,-0.03598971722,0.06039548936,0.02962085308,0.03325415677,0.04735376045,-0.01615074024,0.08005427408,0.02914082202,0.09145514559,0.009463722397,0.03038392335,0.1096579477,0.0007806088749,-0.03448275862,0.01829268293,-0.09737472056,0.02295081967,-0.01607548309,-0.003493966418,-0.05069708762,-0.09061488673,0.01335559265
0.1203164392,0.078878943,-0.008179618522,0.05890623302,-0.02679658952,-0.002236345667,0.01466666667,-0.02738172296,-0.008055235903,0.08965517241,-0.01595744681,-0.02872777018,-0.0540201005,-0.03427751155,-0.01694212454,-0.040625,0.03035594634,-0.08884859474,-0.00313,0.06150793651,0.02170778443,0.06849315068,0.01923076923,-0.005448366013,0.05023371221,-0.03738250506,-0.008899644128,-0.07907742998
-0.01502806446,0.006289308176,-0.04572593703,0.05824502618,0.03754693367,0.002241358118,0,-0.006757666966,0.05568445476,-0.01476793249,0.03108108108,-0.03169126761,0.05312084993,-0.0478385446,0.02002721567,-0.04560260586,0.03030259909,0.02885572139,0.1042362595,-0.02803738318,-0.01465199748,0.03366153846,0.05188679245,-0.006568248093,-0.06785188559,-0.002775208141,0.03231607128,-0.008944543828
0.07153361345,-0.00703,-0.01806879112,-0.008658017225,0.01206272618,-0.007827209834,0.04599211564,-0.01020242915,0.07692307692,-0.01392034261,0.002621231979,-0.02254431714,0.1639344262,-0.01458614763,0.006850055671,-0.05972696246,-0.02124192034,-0.02321083172,-0.007803557477,-0.007692307692,0.03717229779,0.03409338969,0.02840059791,0.04630642327,0.04773111956,0,-0.04695386978,0.05776173285
0.02078227625,-0.01573562142,-0.00079872,-0.05801527937,0.02383790226,0.01240057004,0.04648241206,-0.1065301865,-0.008163265306,-0.003255597404,-0.03529411765,-0.01562619048,-0.01516793066,-0.03782924566,0.06167804929,0.02056866304,-0.1001665114,0.102970297,-0.005008286104,-0.02906976744,0.000717993655,0.08547467808,0.02325581395,0.02107478006,0.02277936575,-0.009735574671,0.04379562044,0.02218430034
-0.1650581005,-0.09752185769,-0.0240191846,0.000661192053,0.001164144354,0.0512246884,-0.009603841537,-0.003845528772,-0.05452674897,0.03158867102,0.03658536585,-0.06424678972,-0.01430143014,0.001710259339,-0.056812683,0.06698280972,0.03339470201,-0.05116696589,-0.05319677562,-0.03393213573,0.0207747851,0.01518660609,0.09375,-0.02476776096,0.0144782399,-0.03511208047,0.01398601399,0.001669449082
0.04364953849,-0.01062886005,0.050039639,-0.01455990953,-0.03851162791,-0.03601781762,-0.03636363636,-0.03217437861,-0.04352557127,0.03590291177,-0.09803921569,0.02100161551,-0.07589285714,0.05631175961,-0.03260869565,-0.0005555555556,0.02962345839,-0.009460737938,-0.006074389402,0.04132231405,0.01122581196,-0.04761241336,0.01818181818,-0.01164188505,-0.00439203695,0.05531406829,-0.06034758621,0.185
-0.05659181705,0.00268432919,0.0109375,0.04096821058,0.02916989164,0.004397590361,0.08301886792,0.01861634563,0.003412969283,0,0.04347826087,0.02135949367,0.0652173913,0.06138877901,-0.05711610487,0.03446359088,0.01917929762,0.01241642789,0.07791445837,0.06944444444,0.008329780241,0.04571386776,-0.005102040816,0.04496788009,0.03748591835,0.03861995907,0.07706444643,0.08579465541
-0.01825297158,0.03125142857,0.02241236476,0.003870967742,0.07285546416,0.04048108777,-0.01509872242,-0.1292427103,-0.04761904762,0.02854235032,-0.05,0.04570230296,0.05782312925,-0.00304320462,0.0635551142,0.05857066093,-0.002565418905,-0.02641509434,0.06024457064,-0.01113172542,0.05505843903,0.03960621109,0.01538461538,-0.00102295082,0.02337931758,0.06108818431,0.06473612194,-0.01165803109
0.07303069967,-0.02164637694,0.009824931429,-0.002570694087,-0.003285870756,0.06308936473,-0.03891509434,0.02698477706,-0.06547619048,-0.05153625615,0.02046783626,0.02814814815,-0.1307609861,-0.06106720933,0.07656395892,-0.01370558376,-0.01114927414,0.01550387597,-0.01804491979,-0.05253283302,-0.00913241056,-0.0144483878,-0.03535353535,0.04204957202,-0.01765208314,0,-0.03520009011,0.003931847969
0.1497601952,0.009735929204,-0.008232335329,-0.02319587629,0.05494505495,-0.006921386446,0.03312883436,0.02335910254,0.007643312102,-0.0470203503,-0.01719197708,0.002160230548,-0.009864364982,-0.009758348384,0.02515177797,0.07514153371,0.006070016319,0.00858778626,-0.01974452364,-0.03762376238,0.001973928138,-0.1320101034,0.1191099476,0.004922834646,0.01268476476,-0.06758420358,-0.01326703354,-0.03133159269
0.09259035999,-0.01577561329,-0.006037728558,-0.02242744063,-0.03125,-0.02191417404,0.07007125891,0.005705203961,-0.01264222503,-0.04824561404,0.007288629738,-0.01653373577,-0.03237858032,0.02463228637,0.0008460236887,0.02345619914,-0.04310233014,0.03784295175,0.04375111111,-0.02469135802,-0.02759526938,0.004620617786,0.02456140351,-0.02840504853,-0.02400808983,-0.02281806364,0.001683365871,0.009433962264
-0.07882947499,-0.01959035499,0.03264870749,0.02564102564,0.02688172043,0.02138391215,0.02108768036,0.02269642206,0.1126760563,-0.02304147465,-0.06657018813,0.04458947368,0.1171171171,0.02403752452,-0.1251056636,-0.06641721235,-0.0207217429,-0.1075660893,-0.005986953041,-0.04219409283,-0.03851459459,-0.1039848123,0.07534246575,0.01411290323,0.05775396261,-0.109890059,0.02852080537,0.08144192256
0.03797225749,-0.08446999532,0.05441176471,-0.03026315789,-0.03246073298,-0.008969907407,-0.1880434783,-0.03744929747,-0.0586881473,0.002358490566,0.04031007752,0.01259623524,0.01497695853,-0.03755725578,-0.1371980676,-0.0120240481,-0.01195958314,-0.01838610827,-0.02343234606,0,-0.06465221605,0.03414080077,-0.03290870488,0.02385685885,-0.06167906482,-0.003087847708,-0.05872772262,-0.07654320988
-0.1179891982,-0.02777777778,-0.04184100418,0.04070556309,0.005411255411,0.01911435523,0.01740294511,-0.005762754597,-0.03300733496,0.01529223529,0.0521609538,-0.08431246365,-0.01021566402,-0.0227650851,-0.1870100784,-0.01267748479,0.07914416449,-0.04786680541,0.06717609489,0.02202643172,0.08189461385,0.06104258195,0.1218441273,0.03689320388,0.03448282654,-0.02941237818,-0.01559519056,0.05882352941
-0.546736798,-0.03469387755,0.06477554585,-0.02803233377,0.007534983854,0.07502339706,0,0.09855018462,-0.06447534766,0.0567806383,0.00283286119,0.04679250933,-0.03555045872,0.05157960343,-0.1157024793,-0.03184386235,0.02156974285,-0.02950819672,0.08862965612,0.03663793103,0.01874888889,-0.004658199626,-0.08512720157,0.02247191011,0.0500010472,0.06220300055,-0.03521126761,0.01136363636
-0.1030540962,-0.08350782241,-0.003418724901,-0.02012074594,0,0.07070563501,-0.1144736842,0.04749275113,-0.02432432432,0.01425263158,-0.02542372881,-0.007929641447,-0.03210463734,0.03639274608,-0.02647975078,0.001061007958,0.01773756457,-0.03265765766,-0.02772953135,0,0.0006827546642,-0.025,0.01711229947,0.02655824176,-0.1011913613,0.07957847459,0.009121167883,-0.08489388265
-0.01152162719,-0.07035927039,-0.03635006859,0.06160171017,-0.01282051282,-0.01286270562,-0.05943536404,-0.06423258199,0.04847645429,0.0140558081,0.01304347826,-0.04651162791,-0.2592137592,-0.06564718814,-0.0864,-0.057763646,0.02074632331,0.0151338766,0.05764660194,-0.03534303534,0.004767302452,0.01122051282,0.01261829653,0.02854590038,-0.01545193739,-0.07927606304,-0.081371664,0.008185538881
-0.0522888585,0.2332506203,0.01423485923,-0.0554481552,-0.1385281385,-0.0330142294,-0.03001579779,0.06998728815,0,-0.05650490405,0.03862660944,0.006858536585,0.07628524046,-0.05392207517,0.2136602452,-0.1642294713,0.1024383271,0.0252293578,-0.04016244162,0.004310344828,-0.02576057032,-0.07765178408,0.01765316719,-0.1188216911,-0.02466358065,-0.01661637569,-0.009845669291,0.03653585927
-0.05215061152,0.1116716298,0.004210521588,0.03071784925,0.08542713568,0.1051214968,0.1400651466,0.1144671122,-0.07529722589,0.08248783275,-0.03305785124,-0.01135383661,0.009244992296,-0.03627080859,0.03896103896,0.004710632571,0.04646051349,-0.1398210291,0.1093854005,0.07081545064,0.05775804286,0.07044359894,0.05612244898,0.08464566929,0.07471253501,0.1059907119,0.1113323621,0.07702349869
0.1100398695,0.006333384495,-0.008385734859,-0.02450437086,0.009259259259,-0.1089435711,0.04,0.003385451827,0.12,0.01043841336,0.01424501425,0.01148422665,0.009160305344,0.06989273872,0.03472222222,0.07501674481,0.01480005099,0.1469440832,-0.05980689655,0.02605210421,0.025,0.09629766601,0.02125603865,0.01361306715,0.03743265328,-0.05277883045,0.03577827772,-0.04363636364
-0.09625808137,-0.04406330935,0.01409441681,0.01086219781,-0.05619266055,0.05474268935,-0.07417582418,0.0247468976,-0.07525510204,0.009295867769,-0.05196629213,0.006814239896,-0.09531013616,-0.184254843,-0.1798657718,-0.02866043614,-0.00694519448,-0.08616780045,0.008024763805,0.033203125,-0.02631476252,-0.03073520868,-0.04919583728,-0.05371523192,-0.07835041833,-0.004398399684,0,0.03422053232
-0.02254498157,0.01128878828,0.0159821921,0.0335796197,-0.02673147023,0.0371980016,-0.08456973294,-0.08232744006,0.05655172414,-0.07369510533,0.01925925926,0.006765714286,0.04013377926,-0.01847979542,0.07692307692,0.05965362412,0.01118931878,0.01736972705,0.04604793992,0.01323251418,-0.00197863997,-0.03323730157,0.04378109453,0.04446388728,-0.05816590029,-0.02209163589,0.02763392783,0.007352941176
-0.01323279367,0.05209294572,0.01915184679,0.01234673148,-0.01872659176,-0.02752392274,0.02106969206,0.02751176757,0.03002610966,0.0530387678,0.04360465116,0.01419090568,-0.003215434084,0.002093100571,0.06838905775,-0.04661016949,0.0138304178,0,0.002170434783,-0.04664179104,0.04887714663,0.075,0.02764537655,0.0135884058,0.007126854979,-0.01957725508,0.06722707153,-0.0498783455
-0.1069823194,-0.2015912267,-0.02617342282,0.02246367137,0.05089058524,0.03430700134,-0.03650793651,0.06170004032,0.09125475285,0.05351698387,-0.01532033426,-0.02209131075,0.05161290323,-0.01670305862,-0.2503556188,-0.0006349206349,0.00341101326,-0.106097561,0.01410503811,-0.0156555773,0.05793450882,0.04651162791,-0.03803339518,0.0375334584,-0.0188690226,0.1274956987,0.09133881282,0.03457106274
-0.08993288591,0.0287928615,-0.05444625285,-0.03954705793,0.07142857143,-0.08374755677,0.1202635914,-0.03289526491,-0.04529616725,-0.0707187251,-0.01272984441,-0.01807228916,0.1073619632,0.03184592768,0.1366223909,-0.03430749682,-0.014275716,0.1964529332,0.03048037565,-0.04771371769,0.09761904762,-0.02222222222,0.05496624879,-0.004308004399,0.08653920089,-0.08583183798,-0.02164276281,0.09282178218
-0.06167035398,-0.1765336034,0.007288629738,0.0307179085,-0.07796610169,0.05158285474,0.06764705882,0.01247165992,-0.01581508516,-0.05894801106,0.0659025788,-0.009202453988,-0.02216066482,-0.03497702787,-0.1118530885,-0.04736842105,-0.01448246353,-0.2166476625,0.003633416807,0.07933194154,-0.005422993492,0.06107272727,0.001828153565,0.02162768166,0.00442402724,0.08494963465,-0.001477286136,-0.04077010193
0.05255919049,-0.02875810979,0.005066280753,0.02980446905,-0.04166666667,0.01549058133,0.005509641873,-0.1377376485,0.03831891224,0.0728929385,-0.04569892473,-0.001547987616,-0.0566572238,-0.09808179014,-0.009398496241,-0.01657458564,0.01329579264,-0.03347889374,-0.01137702357,0.01160541586,-0.01635768811,0.09638616152,-0.07390510949,0.02963450685,-0.06277478058,0.05494502952,0.1019228406,-0.01770956316
-0.008306888184,-0.0659508674,0.001439883151,0.03509753695,-0.01918158568,0.0635586041,-0.004109589041,0.04155865235,0.0119047619,0.03503014862,0.03661971831,0.0472855814,0.0975975976,0.09456413402,-0.08728652751,-0.04494382022,0.0345306254,-0.07831325301,0.02719330544,0.04015296367,0.06873614191,0.09036634159,0.04039408867,0.03453947368,0.03290118047,0.00650904314,0.01474316354,0.04447115385
0.1134117647,0.1282397695,-0.04673006846,-0.06960054215,-0.04954367666,-0.02390361471,0.08390646492,0.08229424768,0.01529411765,-0.0379471392,-0.08967391304,-0.03700966633,0.04377564979,0.04103625564,0.06237006237,0.1007352941,-0.1081443731,-0.0445254902,-0.1242333987,-0.02941176471,-0.04356846473,0.03246567096,-0.1060606061,-0.07949125596,-0.109213257,0,-0.03302305527,-0.09781357883
0.03778529163,0.09323339613,-0.0007529411765,-0.03260971867,0.002743484225,-0.08163259934,0.08248730964,0.02304184433,-0.01853997683,-0.03411513859,-0.01044776119,-0.00461184272,0.03014416776,0.04771821225,0.005870841487,0.002672010688,-0.02470099659,0.04147000156,0.008141395349,0.01893939394,-0.0482637744,-0.0206022407,0.02754237288,-0.02331468048,-0.02043541391,-0.1060793247,-0.04508415301,-0.07908163265
0.1199804513,0.1238317757,-0.03094456641,-0.002643756927,0.001367989056,-0.01688861881,-0.04572098476,-0.02815459998,-0.007083825266,-0.0165580574,0.01659125189,-0.01621500073,-0.1094147583,-0.01386190753,0.03891050584,0.1572285143,0.01074508512,0.08866995074,0.02075751648,-0.003717472119,-0.007408312334,-0.06201539399,-0.07628865979,0.01679785422,-0.06127686955,-0.02026012519,-0.06437554077,0.03601108033
0.1266181818,0.07276507277,-0.0006230529595,-0.02875973891,-0.02994535519,-0.03291134812,0.08343980344,-0.01218972273,0.03115338882,0.02572574766,0.02789317507,0.02354788069,0.04,-0.009800984657,0.1104868914,0.05911341393,-0.02432825495,-0.1010558069,0.06232960421,-0.1188059701,-0.01455797933,-0.005062564227,0.008214285714,0.024,0.05799846157,-0.03125746358,0.05443425076,0.02117647059
-0.06913691821,-0.03972713178,0.05735660848,0.02543668122,0.07818837314,0.1121907541,-0.009433962264,-0.01463769148,-0.006642066421,0.03641456583,0.05658198614,0.01312883436,0.0243956044,-0.0126536491,-0.06408094435,-0.02400417464,0.05192343113,-0.07214765101,0.06211708645,-0.005420054201,0.02311492217,0.04994152224,0.02603613177,0.008152173913,0.01680371827,0.06708989491,0.01554524362,0.03812316716
-0.02475728155,-0.05146469996,0.01132075472,0.04439476206,-0.00710553814,0.01008655298,-0.03754578755,0.01809440206,-0.007243684993,0.02736486486,0.008087431694,0.04795930725,-0.01888006865,0.06835545904,-0.003603603604,0.02388166102,-0.01775586036,-0.1446654611,-0.05271591091,0.01600817439,0.02468798397,-0.01482820976,0.01967892284,0.01078167116,-0.006196962403,-0.02971995995,-0.01462188714,-0.009281678773
-0.03498542274,-0.02446638298,-0.0202891791,-0.03639143731,-0.01073458219,-0.003461897657,-0.0106565176,-0.01739911063,-0.02039289055,-0.02400526143,-0.01864700781,0.0002311337109,-0.05969822873,-0.01538135408,-0.005424954792,0.0008703220191,-0.06857022805,-0.044397463,-0.03738159675,0.01307408649,0.006578947368,-0.04882525698,0.01557474183,0.04333333333,-0.01850022558,0.01790838941,0.0125202875,-0.009979633401
0.02637978041,0.03925838297,-0.002618424185,0.01290595578,0.02085106383,-0.04983869143,-0.06616657049,-0.0298944452,-0.02463712758,-0.1160714286,-0.0002209456474,-0.02299248989,0.01744186047,-0.01905687618,-0.1418181818,-0.08434782609,0.02639309818,-0.07743362832,-0.01265155509,-0.01125082727,-0.01651651652,-0.05114627557,0.04617436239,0.002555910543,-0.04277844578,0.03055438456,-0.0467139913,-0.04443530138
0.04487041424,-0.03567675018,0.0005966587112,0.02851174935,-0.06044185077,-0.01336050404,-0.036869207,-0.05534773296,-0.05286861171,-0.04326281685,-0.03138121547,0.0688268685,-0.05302857143,-0.05955297345,0.02966101695,-0.003703703704,0.002521230009,-0.1145093525,0.06780565937,-0.04417670683,0.007633587786,-0.227376265,-0.01354365838,0.02103250478,-0.04225629775,0.04110450627,0.06485707423,0.01011840689
-0.08588704136,-0.09575609009,-0.001073345259,-0.03584484159,-0.1215616681,-0.02722360586,-0.02715996578,-0.01392022072,-0.001240438288,-0.001992031873,-0.07939767283,0.01914140297,0.01520637219,-0.06840692718,-0.08641975309,-0.08979124964,-0.06764693769,-0.1848332402,-0.005666666667,-0.0175070028,-0.003565062389,0.03106113252,-0.01469875626,-0.02122347066,-0.06675762262,-0.01876876536,0.01421159486,-0.05242966752
0.1040288635,0.04572409969,-0.02984718243,-0.03159557662,0.03787878788,-0.03443184503,-0.007474170147,0.0299192826,-0.01925067274,-0.03393213573,-0.06815365551,-0.03311258278,0.01046124584,0.01817699545,-0.02477477477,-0.03026494921,-0.02805080664,0.1063122924,-0.0487763996,-0.05987170349,-0.03416815742,-0.07326089621,-0.08163934426,-0.06823979592,-0.04059484053,-0.04045902945,0.004003558719,-0.05150697256
0.05916394336,0.03222468534,-0.03704159488,-0.07145187602,-0.02116788321,-0.08315493302,-0.06733111849,-0.0180030865,0.04685521317,-0.07231404959,0.03031914894,-0.02941836964,-0.02705882353,-0.003213014155,0.04618937644,0.03023758099,-0.0081863389,-0.1411411411,-0.01145374449,-0.04094010614,-0.03658084831,0.09062258953,-0.0103534452,-0.01765913758,-0.02528257954,-0.03826689373,-0.04873726185,-0.03628171686
-0.008742045382,-0.004462868294,0.01725239617,0.02272194893,0.03902560278,0.0195303379,0.05913084778,0.01354178775,0.02096774194,0.02115812918,0.005420753743,0.00497454882,0.02902055623,0.001789551632,-0.08885121413,-0.007756813417,0.03875227633,-0.1573426573,0.04278074866,0.05296442688,-0.01903297126,0.04041465435,-0.007575757576,0.02285395764,0.05108449473,-0.02406332613,0.0349324639,0.09350393701
-0.04863497828,0.02396600039,0.03655778894,0.04489234998,0.004784688995,-0.02045510314,-0.09372197309,0.03288720684,-0.006714060032,-0.04252998909,0.07753530167,0.05329803154,-0.008460634548,0.02252328965,-0.1006671344,0.01415592647,0.05050480615,-0.03800829876,0.02188034188,0.001876876877,0.02479176874,-0.04102006332,0.03362413668,0.02070844687,-0.06497104439,0.06103252601,0.01215121512,-0.06548154815
0.04382795992,0.0636920385,0.02472427585,0.0149057431,0.0630952381,-0.01972324002,0.1256803563,0.03482688708,-0.02485089463,0.03439635535,-0.02549440076,0.02513661202,-0.01635458639,0.01958206501,0.1336206897,0.0078125,0.01410251721,0.1870255349,-0.02592840415,0.01985762458,0.05641614075,-0.06456708861,0.05064181467,0.004938601175,0.03770572001,0.04441058781,0.03935082259,0.04743558873
0.1310565496,0.1227175522,0.04080425784,-0.007559395248,0.05711086226,-0.01859701248,0.03956043956,0.01750015022,0.06095820591,0.04492402555,0.002444987775,0.009701492537,0.1130120482,0.0298342503,0.152851711,0.157622739,-0.06131452966,0.007558139535,0.02593165035,-0.009551800147,0.05267921796,0.077142919,0.006527196653,0.01819630761,0.05138582509,-0.0277605772,0.0320855615,-0.008735632184
0.05115178107,-0.007326007326,0.006818181818,0.04983677911,0.0281779661,0.0344547443,0.01437632135,0.04082243842,-0.005764796311,-0.02655426765,0.05609756098,0.01953331222,0.01970123403,0.007326860317,0.0194591029,0.02803571429,0.02316345189,-0.02019619158,0.09608302645,0.02002967359,0.02330180567,0.05049246231,0.02760226139,0.01852334986,0.04764483098,0.02402097243,0.04041450777,0.04591836735
-0.02076124567,0.05357933579,-0.004627539503,0.01679104478,0.0294663095,0.07660242856,0.02542726136,0.03195901983,0.005991495941,0.01363931587,0.01085450346,-0.02444076222,0.04225053079,0.02446411461,0.008087997412,0.006600660066,0.01224300196,0.1336866902,-0.07147220525,-0.02654545455,-0.009326947315,-0.03084459072,0.04676375405,0.004098360656,0.01861382834,0.01239264175,0.02609561753,0.00133037694
-0.06691345561,-0.03726534043,0.009865064066,-0.003160040775,-0.004603682946,0.02165360467,-0.03170731707,-0.05226015602,0.0441882805,-0.01730029902,-0.01050948138,0.002123142251,0.001222244856,-0.001291778403,-0.1203465982,-0.02881794651,-0.002731422071,-0.03532467532,-0.02713815789,0.03660814344,0.003392705683,-0.04096742349,0.03168959654,0.00612244898,-0.01896869294,0.02251229272,0.02543195496,0.04030115146
0.01160134648,0.00101862631,-0.003480799461,0.02904182432,0.07379851196,-0.01211080055,0.03757346767,0.01503944773,-0.02115915363,0.04955444469,0.03347956592,0.02902542373,0.08606307223,0.1075920559,0.09084275812,0.05756929638,0.009258264241,0.2315562736,-0.06204564666,0.07603603604,0.04049027895,0.1240349974,0.02921786035,0.09406693712,0.0608347812,0.0611376018,0.05452480121,0.04831843338
-0.03398894765,0.03081843291,-0.007323943662,-0.03358839312,-0.06460674157,-0.02681966302,-0.0147683593,-0.01280405288,-0.03759398496,-0.00248498654,-0.06478999106,-0.03047148446,-0.0206069689,-0.04784148627,-0.02675585284,-0.01041666667,-0.06201556737,-0.03585483166,-0.01856524874,0.02176825184,-0.03509627102,-0.004578754579,-0.07803173679,-0.03534183082,-0.03689766111,-0.08098227161,-0.03052064632,0.001015228426
-0.09226794612,-0.001833309829,0.03098751419,0.02971722365,-0.01001001001,0.001574243348,0.01642710472,0.02649436576,-0.0041015625,-0.01245588541,0.03846153846,0.04087916755,-0.04361132364,-0.03124883562,-0.0206185567,-0.03531409168,0.02369136464,-0.1052154195,0.04242424242,-0.04195345788,0.01035615054,-0.05335786569,0.04263382283,0.01285285285,-0.01361498386,0.01994591252,0.03296296296,0.009127789047
-0.03001965169,0.01893190167,-0.01244082352,0.01228280407,-0.04145601618,0.01179143639,-0.1074747475,-0.02869895904,-0.01490488331,-0.03447550978,-0.008281573499,-0.005406508212,0.0146,-0.003480813857,0.06421052632,0.03273495248,-0.02785300687,0.03294475418,-0.0008809020437,0.0232637701,0.002833333333,0.0007191448008,-0.02317128578,-0.04554079696,-0.03111802504,0.01311038514,-0.04338472571,0.003417085427
0.01446136649,-0.07265668331,-0.01337792642,0.02653645063,0.03375527426,-0.03418533053,0.002942507922,-0.03010684009,-0.03404340036,-0.04702808622,0.002551612155,-0.01846153846,-0.03410210921,-0.07870444823,-0.091658424,-0.02632924335,0.02768292594,-0.1903827282,0.02980074061,-0.04714142427,0.01570550108,-0.009225629771,0.005891472868,-0.03317594433,-0.0693082691,-0.02057787772,0.02061469265,0.04026442308
0.1800840163,0.02945574163,0.0002259887006,-0.00826446281,0.02551020408,0.01045808012,0.03407808621,-0.007472770891,0.0098928277,-0.004112405757,-0.02776492365,-0.007836990596,0,-0.001375506214,0.03738656987,-0.01417694933,-0.09090922027,0.1218181818,0.06660958904,-0.02456140351,-0.053505686,0.07817768368,-0.1220715166,-0.05462022876,0.03477008172,0.007581008491,-0.03323540213,-0.01790872328
-0.00379318394,0.02541757444,-0.00926344329,-0.007945736434,-0.0009950248756,0.02659186968,-0.0004364906155,0.04961406971,0.01530612245,0.04611149346,-0.0266539743,-0.04886782517,-0.02653061224,-0.008624486971,0.05178446466,0.01509098979,-0.04666757454,0.03835764452,0.002729170011,-0.01438848921,0.01357074942,-0.04205454545,-0.01053370787,-0.03371397499,-0.009278436158,0.03439528785,-0.01310541311,-0.004117647059
-0.05020209712,-0.06954674221,-0.01117445838,0.01816761086,-0.06673306773,0.02590305891,-0.03951965066,-0.006803712385,-0.03015075377,-0.008333333333,0.006112469438,-0.002989702137,-0.0358490566,-0.03653655595,-0.03858948769,-0.08421512899,0.003884770419,-0.1024973985,0.01665065642,-0.0302919708,-0.02055261811,-0.0154117714,-0.0626330731,0.02307259426,-0.03315599248,-0.03408287959,-0.03002309469,-0.02323291987
0.05550758604,0.08357436444,-0.008417896679,0.03089025326,-0.01344717182,0.04550981043,-0.06342350534,0.03518357411,0.1083937824,0.03892083149,-0.07970838396,-0.02654375833,0.06762339639,-0.003250151893,0.007958477509,0.02960275019,-0.02507642159,0.02666666667,0.0188976378,0.03989461799,-0.04179364388,0.1180722892,0.04637516563,0.03135313531,0.004186815717,-0.03506809107,-0.0005952380952,-0.01390848619
-0.1844688559,-0.05745996066,-0.01151296662,-0.002419504932,-0.01990480312,-0.01952457841,0.04393203883,-0.01609957181,-0.008414360509,-0.05321413367,0.05835753895,-0.0001140901312,-0.02301425662,-0.0260859986,-0.004462753175,-0.01827119273,0.04318722854,0.03162055336,0.01622874807,0.005066956207,0.011540209,-0.003879310345,0.01754703329,0.005333333333,-0.005994943163,-0.01382444133,0.07008139766,-0.1772281276
-0.0312388049,-0.01922790282,-0.002117647059,-0.01268656716,-0.03752759382,0.04867318457,0.01860032551,0.01854609641,0.05374316425,-0.004946043165,0.000499001996,0.04438612506,0.03293725245,-0.01041753071,0.001379310345,0,0.008372170814,0.03393541325,0.01216730038,0.04069139359,-0.01859504132,-0.002596278667,0.02044444444,-0.03872679045,0.04117506067,-0.05900986989,-0.006493506494,0.09689440994
0.01057614082,0.005015197568,-0.03678377741,0.008314436886,-0.05068807339,-0.004920899935,-0.02396713079,-0.04908957992,-0.02469577666,0.007907817442,0.005985037406,-0.01245493281,-0.02563067608,0.008648838122,0.04269972452,0.006235238545,0.01766109328,0.0344097406,-0.04552967693,-0.003460207612,0.001098398169,0.03101084599,0.01742160279,0.0004139072848,0.002017190724,0.02979464961,-0.01120448179,-0.03850509626
-0.002049180328,-0.004536518978,0.01346389229,0.04385307346,0.02029475719,0.01936219003,-0.01496725912,0.006944197144,-0.04220183486,0.02667563327,0.01462568171,0.01449275362,-0.003728251864,0.01527954581,0.009247027741,-0.00610271336,0.03307464951,-0.06806550665,0.02755037783,-0.02708333333,0.01033190089,0.04524338517,-0.03339041096,0.00648186457,0.004523080634,-0.02963259512,0.02020774315,0.01648998822
-0.05082135524,-0.04754671123,-0.01570048309,-0.01526032316,-0.01657589391,0.04936256784,-0.02445394112,-0.006338778261,-0.01168582375,0.05982532751,0.01172733936,-0.003925845147,0.03534303534,-0.04919301431,-0.07722513089,-0.0166257321,0.01335240676,-0.07193849533,0.01256319902,0.07244825125,-0.01719457014,-0.02959742351,-0.05509300266,0.007947382845,-0.04529587837,-0.01755305147,-0.02350981118,0.01993047509
0.04411651086,-0.006220095694,0.00736196319,-0.009115770283,0.01541054659,0.01532864988,0.0002433682161,-0.03658365523,-0.02326032177,-0.0006180469716,-0.01110842792,0.008320560543,-0.01626506024,0.01930692294,0.03368794326,0.0265129683,-0.02663586868,0.06568047337,0.03646542593,0.007321131448,0.0179558011,0.04750920978,-0.005249343832,-0.0108754758,-0.003144230337,0.03279634577,-0.005497630332,-0.0081799591
-0.01953529673,-0.08441662654,-0.02192448234,-0.03017479301,-0.02821911311,-0.03500742272,-0.04136253041,-0.02629022689,-0.04643778527,0.003298289013,-0.06446886447,-0.01465798046,-0.0620534803,-0.03674229337,-0.04082332762,-0.06466404642,-0.05240104827,-0.09328151027,-0.006423357664,-0.00792864222,-0.05834464043,-0.009900990099,-0.03505465511,-0.05992303463,-0.04233467009,-0.02914815545,-0.04689287076,-0.03711340206
-0.06362264151,0.009290096407,0.02714819427,0.05520774047,-0.03977550024,0.0006740687387,-0.05431472081,0.0139999509,-0.03787721124,0.02629956852,-0.003654398329,0.01046831956,-0.1175190424,-0.07274857623,-0.06759656652,-0.0348174087,0.0153600457,-0.1139007961,-0.0243902439,-0.03696303696,-0.01825168108,-0.027008,-0.151171875,-0.03216374269,-0.0387168211,-0.06297051886,-0.038,-0.01855817273
-0.02184250826,-0.08110455019,-0.02643064985,0.003595828839,-0.1067344346,0.004715302733,-0.0539452496,-0.01775299001,-0.04823707549,0.005005005005,-0.0007859575583,-0.01613958561,-0.1072749692,-0.1836288226,-0.09512850019,-0.03244531979,0.01588534673,-0.03248099516,-0.02846385542,-0.01867219917,-0.06604696673,-0.09455370651,-0.1762540267,-0.2824773414,-0.1359594595,-0.1026323727,-0.07089397089,-0.07587878788
-0.03180619644,-0.01701001701,-0.1068493151,-0.06108921534,0.001422475107,-0.06827539409,-0.07574468085,0.04417854262,0.07454545455,-0.04322709163,-0.05532249607,-0.1010862337,-0.005248618785,-0.07013230424,-0.09665112336,0.01564173988,-0.04705874948,-0.1028571429,-0.04495427066,-0.0584918957,-0.0396018858,0.05357596891,-0.08379888268,-0.06105263158,-0.09058018905,0.04499466786,0.03199820989,-0.004721930745
-0.05531914894,-0.004229955778,0.09007250418,0.05743178783,0.06931818182,0.04218265805,0.04358502149,0.06345977219,0.0524534687,-0.04039142203,0.1407160699,0.03205918619,0.05026381561,0.00670365757,-0.06100422337,-0.0220464135,0.06766748454,-0.0525477707,0.08586268463,0.02282934132,0.05661612305,0.01034268772,-0.01219512195,0.05941704036,0.06797531643,0.04833238788,-0.04640069384,0.06220347918
0.04243243243,0.1206796679,0.04732668202,0.006315409599,-0.02231668438,-0.001934952197,-0.04588235294,-0.01464582055,0.02713022508,0.001301800824,-0.002433090024,0.06272401434,0.01454257007,0.03828935232,0.1114442779,0.06245280984,0.004098233893,0.2647058824,0.01793721973,0.03768752287,0.01641544497,0.01088514297,0.1302469136,0.09841269841,-0.06603234348,-0.001059927758,0.06048203729,0.09181141439
0.1105349581,0.000344589938,0.01734245237,-0.0008965393581,0.05597826087,-0.0157774201,0.03421701603,-0.04184227233,0.04637057327,-0.03575297941,0.009024390244,-0.005621135469,0.06750065155,0.02351959786,0.09622302158,0.03553299492,0.01967902413,0.07707641196,0.001762114537,0.04055007052,0.07475876079,0.005265822785,-0.03686510104,0.02157996146,0.1257311768,0.07427087551,0.03344768439,0.1579545455
0.05727626459,0.03616947985,-0.01272509004,0.05832735104,-0.03216675244,0.01884471603,0.05245901639,-0.0201120805,-0.00822737472,0.1006741573,0.03940053179,0.00339174675,-0.02465820312,-0.03133037671,0.03773584906,0.0318627451,-0.03845648421,0.03824799506,0.009234828496,-0.03761436801,0.01493242605,0.03505590813,-0.04451375106,-0.004903809883,-0.01845078496,0.03357904422,-0.03381742739,-0.01511285574
-0.07308994553,-0.008643617021,-0.01070038911,-0.006952687807,-0.004785961181,-0.01587292756,0.01132823563,-0.01896097438,-0.02149321267,-0.007554103716,-0.01,0.002929577465,-0.03329161452,-0.01617185878,-0.0442687747,0.03201900238,-0.03018126352,-0.02436125966,-0.02280319535,-0.03943661972,-0.008008194432,-0.009537712895,0.001483679525,0.03184230478,-0.01253551163,-0.02508216963,-0.01868155465,-0.01713830211
0.08163265306,0.06086519115,-0.03171091445,-0.001366120219,0.0358001603,0.07896001402,0.01820218426,0.02012339503,0.03853564547,0.01419461016,-0.01432933991,-0.02134591619,0.0758674262,0.0498572809,0.1149710505,0.01242865034,0.002300064467,0.09013398295,-0.01739001189,-0.01832844575,0.0372664977,0.01290491631,0.03851851852,0.01506245408,0.01436208166,0.02964823991,0.00875273523,-0.002433090024
-0.01673885911,0.03982930299,0.01700939325,0.009233926129,0.01702347176,0.004419608706,0.06710671067,-0.03320212891,0.03116883117,0.0004056795132,0.002383222116,0.02433704512,-0.01034897714,-0.02348560184,0.05267062315,0.04446667273,-0.01529588199,0.07597765363,-0.02556345485,-0.0007468259895,0.00407239819,-0.002231204527,-0.05677603424,0.0007238508867,0.05663493114,0.007377753505,0.03644251627,-0.05609756098
0.06667662212,0.0113999088,-0.07613579631,0.01491019993,0.04615774791,0.01825010759,0.03350515464,0.008079496474,0.003058654192,0.00304136253,0.02662862577,-0.07082819679,0.1446984436,0.1491181505,0.09196617336,0.001218875152,0.003262605259,0.07528556594,0.0462589258,0.04110612855,0.05200540784,0.07839642209,0.06170598911,0.07504520796,0.06575317107,0.05764228411,0.0466722478,0.03359173127
0.06845863083,-0.02103997595,0.02053499054,0.01001669449,0.001696969697,-0.006736818377,-0.01521197007,-0.02104093243,0,-0.02344855468,0.01667438629,0.02762031118,-0.0329296792,-0.005114522888,0.02839625686,0.01156521739,0.038084987,-0.03766296475,0.06008902077,-0.01651112706,0.001970527759,-0.01785123967,0.02250712251,0.01682085786,0.02689991282,-0.006031079457,-0.01519696061,-0.01770833333
-0.01493710692,-0.005680073687,-0.00291236431,-0.03619834711,-0.1064859632,-0.02367431569,-0.07444922765,-0.02825018789,-0.02098654709,-0.03684537363,-0.004783599089,0.0146713615,0.01911247803,-0.06638522477,0.005334170066,-0.01891171667,0.02162625532,-0.003512293026,-0.001679496151,-0.02481751825,-0.02633604104,0.01147455708,-0.02479799387,-0.02547559967,-0.08485079142,-0.02426833076,-0.03736040609,-0.02226935313
0.07076350093,0.03535587463,-0.002920870951,-0.04784771051,-0.003250270856,0.005507393378,0.05827633379,0.01769628585,-0.005679736167,-0.01934235977,-0.05378805219,-0.003701561596,0.04031041173,0.08312314446,0.0284019975,0.04845351792,-0.02204302485,0.0443101712,0.002663675873,0.01122754491,0.01510494423,0.0289357454,0.05428571429,0.02631132236,0.05787009885,-0.005066998325,0.0548407509,0.005422993492
-0.0851552795,0.02863107665,-0.002130492676,0.01675072046,0.04076086957,0.04014532387,-0.05118924509,0.001034814103,0.02911369081,0.0113960114,-0.0244315433,-0.005689074655,0.03605470369,-0.03883349576,0.03095599393,0.01403977937,-0.1465903929,-0.07135969142,-0.007969798658,-0.0355292376,0.01479366727,-0.03877986035,0.00433604336,0.03953026795,-0.02499848799,-0.02500103562,-0.002199560088,-0.04530744337
0.0358476475,-0.02478979414,0.04083266613,0.05332152347,0.07389033943,0.005763368515,-0.01798365123,-0.0239884073,0.02291853178,0.04810400867,0.01090999256,0.03397944886,0.0264,-0.006736993994,-0.0574035914,0.0009065435965,0.05002689022,-0.05970924195,-0.009725158562,-0.008058326938,0.01807331628,0.0906143423,0.03669724771,0.01925218775,0.0334828967,0.004273685842,0.04208416834,-0.01898305085
0.02529986236,-0.01516277687,0.007692307692,-0.006054490414,-0.02552881109,-0.01407976777,0.008601553829,0.00551089886,0.007351654122,-0.02522224519,-0.02256561197,0.01197063806,-0.006040530008,0.003391344464,-0.01780137414,-0.004034582133,-0.0204890189,0,0.007258753202,0.02398452611,-0.01013230615,-0.01419115997,0.009370119729,0.008897908211,0.0417414153,0.004964749038,0.004807692308,0.0129002534
0.04564341878,0.03486792453,0.008905852417,-0.02081218274,-0.01796407186,-0.0199656669,0.07015130674,0.05983856519,-0.002780191138,-0.04093319194,-0.003764115433,0.001227541569,-0.008233679671,0.1221061899,0.1214626391,0.02554563492,-0.01190439825,0.1336278299,-0.01723894305,0.02757839063,-0.02123339819,0.01688477952,0.05724600309,0.01887668266,0.05351587007,0.05034073913,0.01722488038,-0.02547191267
-0.0764198814,-0.001312718786,-0.02547288777,0.01814411612,-0.03709349593,0.01482906038,-0.04087403599,0.0001996623488,-0.02840216066,-0.01592215834,0.02065491184,-0.02596968346,-0.02095275746,-0.08085994883,-0.0121916643,-0.04836759371,0.01290798921,-0.04383828544,0.0424155284,-0.04338235294,-0.03405358686,-0.0435323905,-0.06707317073,-0.05482156416,-0.03590363715,-0.06024655965,-0.05004703669,-0.05460910152
0.04825577547,-0.03461369943,-0.006211180124,0.01323828921,0.02058047493,0.01410275781,-0.03752345216,-0.02802699783,0.01058106169,0.02112359551,-0.01036525173,-0.006751344547,-0.02079547749,-0.00795792449,-0.03903559127,-0.03218975011,-0.01444370635,-0.03973509934,0.001103448276,0.01575710992,-0.04438081603,0.05209506399,0.02352941176,0.02265424165,0.02124078988,-0.03050403534,-0.02990691226,-0.001481115774
0.04957059864,-0.03449319213,0.01458333333,-0.03165829146,-0.01370217166,-0.008143980525,-0.04455583403,-0.01513184168,0.04046140195,-0.005061619718,0.03665835411,0.02384792627,-0.01443298969,0.04433959107,0.01314217443,-0.0533916849,-0.01724034284,0.0450928382,0.01956461835,-0.001891789633,0.03501872659,0.01181589446,0.04469987229,0.06394344069,-0.01971893573,0.06932181636,0.03777051858,0.07688504326
0.08940496962,-0.04230648699,-0.01565708419,-0.02594706798,-0.08256880734,0.04472048741,-0.1092975809,-0.05315767035,0.004605150947,-0.01172307012,-0.01010343998,-0.05569933611,0.02489539749,-0.02077763943,0.001768867925,-0.01248266297,0.02526131597,-0.07055837563,-0.001351351351,0.008339651251,-0.009408358965,0.02113014687,0.00488997555,-0.01077968104,-0.07908670797,-0.006207151897,-0.03541215817,0.01262626263
-0.01457999669,0.0001636125654,0.003911342894,0.01314153792,0.08,-0.01197061934,0.04188481675,-0.00153435036,0.02292020374,0.03267681289,-0.005832320778,-0.01155862726,0.03082261686,0.1047088357,-0.01206592113,0.00543071161,0.01728411579,-0.03386127799,0.006765899865,0.01503759398,0.04118721461,0.01648166835,0.04622871046,0.03149723839,0.00299445206,0.0307645105,0.01529675709,0.07118567218
-0.04326626688,-0.01472272207,0.01038961039,0.003330411919,-0.01825396825,0.0401404942,-0.05621859296,0.001757288335,-0.003651452282,0.01755526658,0.004888780249,-0.007233273056,0.000396039604,-0.0020904213,-0.0381292821,-0.04181411809,0.006055069677,-0.0339174675,-0.001209677419,-0.009259259259,0.01324445224,-0.01539377895,0.04418604651,0.002460202605,0.004771366349,0.007630486036,0.003013258337,0.01566137566
-0.003749048093,-0.01909347501,0.05398457584,0.0429769392,0.05631905147,0.0280033199,-0.03494176373,0.02367810693,0.01032816925,0.008945686901,-0.007054244709,0.01882210079,0.03068091845,0.01339145627,-0.03933106225,-0.04461074934,0.01722206912,-0.08718548859,0.0008074283407,0.00261682243,0.0426765928,0.003871644239,0.0008908685969,0.01126028584,0.0403809821,0.04565659786,0.1227718806,-0.002500520942
0.02016816605,0.07142857143,0.04024390244,0.03718592965,0.02551020408,-0.004463575151,0.1206896552,0.02656007266,0.03841714757,0.008444162972,0.02621264086,0.02717520858,-0.04167466872,-0.02725332664,0.02675693101,0.07731434385,0.03566708635,0.05641025641,-0.08390480032,0.001118568233,0.02125363221,-0.008369601607,0.09323542501,0.1027837259,0.1238580865,0.03620803308,0.05387085266,0.01316064341
0.03170028818,0.01642969984,0.01969519343,0.03052325581,0.0236318408,-0.03311135518,0.1169230769,-0.01898850585,-0.007145125437,-0.003977391668,-0.04392456434,0.03388257136,-0.03146292585,0.01528388976,0.04929356358,-0.006232294618,-0.004285980183,0.05703883495,0.07265521797,0.03910614525,-0.02040484513,-0.01266711681,0.03561978425,-0.02019417476,0.05510397085,-0.02918717746,0.0003385240352,-0.04474226804
-0.01279329609,-0.03419334784,0.005748447919,0.01332079611,-0.03037667072,0.04233088256,-0.02644628099,0.01276084743,0.01631217016,0.0229087852,0.0152309613,0.01414141414,0.007862611215,0.02466316414,-0.05385996409,0.01054732041,-0.06295816654,-0.05166475316,0.02531472359,0.01935483871,0.01410788382,0.08566309224,-0.06387578616,-0.02629145198,0.009628629639,0.02625561108,0.0003384094755,0.01338225772
-0.0561371739,-0.0468297393,-0.020347508,-0.004794308692,-0.07167919799,0.02384193053,-0.01103565365,-0.04115816508,-0.03571990559,0.06328333676,-0.01131333005,-0.02169101372,-0.005337712995,-0.05344834003,-0.05123339658,-0.02623413258,-0.02177304276,-0.0205811138,-0.007740557854,-0.04289732771,-0.05319148936,-0.05402204724,-0.04010077682,-0.02713704206,-0.0374255533,-0.03651894033,-0.05378890392,-0.0541001065
0.0474848612,0.01941583657,0.02287047841,0.00404040404,0.007019438445,0.002674493283,0.01888412017,0.006351727846,-0.02806788512,0.01062801932,-0.00223880597,0.01470588235,-0.004747162023,-0.01293056375,0.039,-0.006759366551,0.001565293116,0.08281829419,0.02071284465,0.001102130786,-0.003802938634,-0.02213432418,0.04811898513,0.03626220363,-0.004707666367,0.008565677331,0.01751877011,0.03625309615
0.004121114991,-0.05233521033,-0.0134610997,-0.01903730073,-0.01179624665,0.002889079503,-0.01769165965,-0.03786739975,0.003693754197,0.01338432122,-0.04088755921,-0.01449275362,0.02654500207,0.009608107809,-0.03978184151,-0.150204161,-0.05972202605,-0.07648401826,0.01568059033,0.04550458716,0.0726184279,-0.003241402792,0.0225375626,-0.004710632571,0.01119948153,-0.01104080853,0.01458186929,0.05367231638
0.01789887704,-0.02673890248,-0.03792784459,-0.01924897444,-0.1359196961,0.00332515258,-0.01658090337,-0.06401286265,0.002509200401,-0.01150943396,0.01377696907,-0.0350678733,-0.006060606061,0.0224919562,-0.06080855329,-0.02356709759,0.006831824362,-0.07231149567,-0.007524649715,-0.03825903826,-0.01682439537,-0.02578326752,-0.02755102041,-0.02839756592,-0.01181193112,0.006011421701,0.004155844156,-0.0008249123531
-0.01881615053,-0.001795654516,0.006009615385,0.01898326898,0.031711146,-0.01833345204,0.06395348837,-0.03334996292,-0.0397129985,0.05554495133,-0.04846153846,0.01582649472,-0.01402439024,0.04230098132,0.06937033084,0.030228471,0.0364946532,-0.009327115256,0.1240522876,0.0401459854,0.028465652,-0.0007012622721,-0.09464847849,-0.02922755741,0.0607555328,-0.01088394724,-0.07173650629,0.02992776058
-0.02322926774,-0.06026263716,-0.0513739546,-0.006788759078,-0.06116859404,0.01248835169,-0.06174863388,-0.02124935139,-0.02345786273,-0.01193490054,-0.02263540825,-0.009117137911,-0.03195217481,-0.06574834241,-0.06719893546,-0.04594563858,-0.03273276529,-0.04976462677,0.0001162925922,-0.0101754386,-0.01895848332,-0.05438596491,0.0113583681,-0.02652329749,-0.03755718722,-0.06644924212,-0.01746238157,-0.04068136273
-0.05463363328,-0.06929555896,-0.01133501259,-0.01287553648,0.003889789303,0.02444469824,0.001747233547,0.01839009694,-0.03932384342,0.03568814056,0.007719878688,0.01327742837,-0.04812606474,-0.005644121001,-0.08059914408,-0.09405173441,0.02195088012,-0.08775654636,0.04360465116,0.03154909607,0.01288323549,0.00185528757,-0.005730002292,-0.00824742268,0.002680464651,0.03420281816,-0.00926451125,-0.001671192814
0.05692564435,0.08371040724,0.01936305732,-0.004186795491,-0.003874717469,0.01095360402,0.05639534884,0.02683791734,0.01944804593,0.005301289981,0.01149110807,0.03563218391,0.02058165548,0.02446238106,0.106283941,0.08144736842,0.01378062203,0.2179984484,-0.02094707521,0.04501718213,0.03445499919,-0.005555555556,0.02074688797,0.03281853282,0.04597685179,0.02011258342,0.006679389313,0.008788449466
0.03339181287,0.02505219207,-0.01049737566,-0.02247736093,0.056726094,-0.008689992778,0.03082003302,0.03566269264,0.05014534884,-0.01212866936,-0.01460643765,-0.01498335183,0.06313020605,0.04179236068,0.05855539972,0.02749726244,0.02754289061,0.05605095541,-0.01103903494,-0.009207497534,-0.002023346304,0.01303538175,0.01919602529,-0.003594536305,0.006976620616,0.01117011832,0.0244549763,-0.1122173823
-0.02382434497,-0.01388631735,0.01616569841,0.01571546733,0,-0.02315979122,0.009076348105,0.02594179479,-0.03944636678,0,-0.02580290969,0.003943661972,-0.104742268,-0.03561472213,-0.05067903279,-0.01598579041,-0.02938068906,-0.0006031363088,0.01783659379,0.004314636575,-0.002261384903,-0.007352941176,-0.03944161312,-0.002597402597,-0.01778242126,0.0082325924,-0.001665433013,0.02640186916
-0.05136231884,-0.07209913631,-0.02858563261,-0.02198697068,-0.0763803681,-0.007366322131,-0.08306878307,-0.03034454098,-0.04268731988,-0.03861209964,-0.05804451958,-0.02895622896,-0.06678949793,-0.04498703042,-0.07117934403,-0.06004813478,-0.02248182937,-0.07483403742,0.0217071792,-0.02511566424,-0.02735443533,-0.03592592593,-0.03437139562,-0.04224537037,-0.0338583777,-0.04060971114,-0.03892493049,-0.05258365582
-0.06239305793,0.06879805747,0.001279426817,-0.01748542881,-0.00531384922,0.00326172534,-0.02250432776,-0.01185468552,0.0611476952,-0.00555247085,0.05743344302,-0.001964863615,-0.01406712734,-0.02311167565,-0.2084898573,-0.01677122007,-0.01666175565,0.009132420091,0.0516764413,0.02745762712,0.01245480112,-0.03419131771,0.02532250358,0.04365558912,-0.03553426508,-0.0004479473403,-0.02545805207,-0.01898125901
-0.04379847487,0.05414615676,0.02300025556,-0.02627118644,0.01869782972,0.05269058296,0.04722550177,0.004559412925,0.03386524823,0.02828959613,0.0198019802,0.02721482339,-0.03629536921,-0.02047695017,0.07071665876,0.004427083333,-0.01712697937,-0.02585649644,-0.01094276094,-0.01616628176,0.00873015873,0.04136833731,0.02516309413,0.005644811116,-0.03608244451,0.002016666391,-0.04927765684,0.002204261572
-0.1591575216,-0.02729885057,-0.0007494379216,-0.05778938207,-0.02982628646,-0.005324813632,-0.06482525366,-0.05182614814,-0.0439032756,0.03076923077,-0.04937586685,-0.01657271702,-0.04753246753,-0.1175077788,-0.1431737589,-0.09644801659,-0.07251288792,-0.06702057067,-0.04234042553,-0.02213279678,-0.02344610543,-0.02788388083,-0.02863636364,-0.0428900403,-0.02879632039,-0.0360009604,-0.01019983347,-0.02810361681
-0.01215953307,-0.0276957164,0.01625,-0.0670607796,-0.03885135135,-0.03608137045,-0.05485232068,-0.03677656913,-0.02421524664,-0.01053555751,-0.01079661512,0.01570560587,-0.03054267794,-0.03368467094,-0.09260217279,-0.03012912482,-0.01515060961,-0.06899004267,0.02588313708,-0.03635116598,0.02642603932,0.07269155206,0.0435189518,-0.002706766917,0.0002709743375,0.03131409818,0.009463722397,-0.04752325874
0.05563761694,0.00493733384,-0.007134071341,0.06099009901,0.03444639719,0.003554370765,0.02933673469,0.008106546518,0.02205882353,0.0165039929,0.01504424779,-0.005869074492,0.03797468354,0.03485888087,0.05473204105,0.05473372781,-0.0192827017,0.04430863254,0.01093665403,-0.007117437722,0.01373626374,0.03956043956,-0.01121076233,0.02683956574,-0.002964518135,0.01484543698,-0.003125,-0.03854276663
0.01220460199,-0.02116402116,-0.114222002,-0.08547965659,-0.04009514101,-0.08909795241,-0.06815365551,-0.08819732302,-0.03884892086,-0.09217877095,-0.1636152281,-0.08321980018,-0.1869918699,-0.05368744466,0.03351351351,-0.004207573633,-0.04413249915,0.05632772495,-0.01092544987,-0.04838709677,-0.07944250871,-0.07681465821,-0.09841269841,-0.08443465492,-0.09081169202,-0.06804130446,-0.05559038662,-0.1081823174
-0.1815528761,-0.105984556,-0.1532867133,-0.1320408163,-0.09168141593,-0.05431348724,-0.1848404255,-0.1849203956,-0.1654191617,-0.1175,-0.09937456567,-0.1390712074,-0.064,-0.1156818425,-0.0449790795,-0.03521126761,-0.1245066828,-0.1011080332,-0.1072124756,-0.1224105461,-0.08318613845,-0.0927480916,-0.03093561368,-0.0376904571,-0.1388237052,-0.1243760295,-0.1009072804,-0.1594827586
0.006756122736,0.04189160009,0.2001982161,0.2052668704,0.1866718628,0.1206475652,0.02365415987,0.06212755019,0.1105381166,0.07714098932,0.1902006173,0.06990794016,0.1032763533,0.09119360555,0.03450164294,0.03912408759,0.2111952635,0.02542372881,0.05725376031,0.0643776824,0.1620183486,0.06961716449,0.09083830781,0.1683333333,0.156024733,0.1936444857,0.129707113,0.1058608059
-0.06859912387,-0.08829015544,-0.1054225158,-0.02262973078,-0.07060755337,0.002522357258,-0.109561753,-0.009200687943,-0.079345851,-0.02164677321,-0.03565640194,-0.08496907771,-0.1129761136,-0.1775189406,-0.159343568,-0.07291373981,-0.06025470236,-0.1465063862,-0.05759522717,-0.03870967742,-0.07863571767,-0.1364809163,-0.08137044968,-0.09985734665,-0.09345941041,-0.1331043551,-0.1198257081,-0.05763497847
0.07145001501,0.1018413276,0.09938461538,0.08942115768,0.1395759717,0.03899817017,0.1391498881,-0.001658104727,0.06162280702,0.05066170389,0.1045378151,0.1027034969,-0.02838427948,-0.002805337954,0.1039042821,0.08758902864,0.1253825255,0.1804577465,0.08655953251,-0.03859060403,0.076520994,-0.02596243191,0.04895104895,0.08478605388,0.1686396544,0.1125975659,0.09455445545,0.05834797891
0.06603156813,0.07282855374,0.04002239015,0.02418468303,0.01984496124,0.00440286186,0.06873527101,0.1159449841,0.1297252634,0.01751623696,0.03682288497,0.02425049967,0.0872659176,0.170061535,0.1100969766,0.1493660304,0.0001958524633,0.09768829232,0.005602240896,0.07373472949,0.02921276765,0.01894803786,-0.04938271605,-0.07582176771,0.06059766947,-0.02359146535,0.01062867481,0.0418465626
-0.02812335728,0.001923076923,-0.01318622174,-0.003398926655,-0.02493159015,-0.009315068493,-0.02646085998,-0.03542680597,-0.02358749314,0.0253384913,0.01408864103,0.02861974763,0.168790906,0.001205215295,-0.06834532374,-0.03721663232,0.02750672982,-0.015625,0.006908077994,-0.02641202763,-0.0158546017,0.0532354291,-0.04181818182,-0.0534302877,0.01116295732,-0.001691302888,0.009845603043,0.01306981192
-0.05021184531,-0.05796545106,-0.03326970275,-0.02513013822,-0.05986903648,-0.01935840708,-0.003397508494,-0.04320977024,0.001498127341,-0.03791737408,-0.04254703329,-0.03085873277,-0.02947244327,-0.05939179495,-0.0805295091,-0.05086879879,-0.04082054327,-0.04623878537,-0.02235255063,-0.008347245409,-0.01807465619,-0.05925925926,0.004879371103,-0.008183032732,-0.05229831567,-0.02444187984,-0.03301573233,-0.0427942102
-0.02581624905,-0.007742461288,-0.04090267983,0.01638740563,-0.04543946932,0.02481669487,-0.1064393939,-0.0370979644,-0.003739715782,-0.01274509804,-0.07436517533,-0.0343207621,0.01002125721,0.01403225285,-0.03539292142,-0.01167418413,-0.02216877549,-0.06222865412,0.001018675722,-0.09722222222,-0.00712284914,-0.05165354331,0.007553277583,-0.004377841387,-0.0332804268,-0.01265247605,-0.01191567369,0.004602235371
0.009060795012,-0.01889117043,0.01176470588,-0.005434782609,-0.03057678944,0.0236653825,-0.07969478593,0.03886369669,0.02759009009,0.006554121152,-0.01371652515,0,0.0228502706,-0.005029129432,-0.0236318408,-0.02926174497,-0.01194310769,-0.002314814815,0.04568068747,0.01118881119,-0.04030307916,0.03076953133,-0.003212851406,0.01133096567,-0.0005734959659,-0.001005067657,-0.05658627087,0.04548429319
0.02413826398,-0.05336961072,-0.0488372093,-0.03734061931,-0.05376344086,-0.02430107527,-0.1133118379,-0.04192230879,-0.03926940639,-0.0726124704,-0.05165562914,-0.05824324324,-0.1216931217,-0.04741282664,-0.09987261146,-0.123755531,-0.07293610352,-0.07501933488,-0.02908737024,-0.1627478101,-0.01318662859,0.002141692885,-0.04915390814,-0.03996655518,-0.1024687593,-0.03470971978,-0.07423795477,-0.05633802817
-0.023569341,-0.03294273712,-0.02506112469,0.02327341533,-0.06628787879,-0.01498787745,-0.01350649351,-0.07640706868,-0.063878327,0.02042553191,0.01326815642,-0.006313674846,-0.1265060241,0.004647065153,-0.01712425701,-0.07984850876,0.01016410132,-0.1237458194,-0.02862234102,-0.02753303965,-0.06400544727,0.02080378251,-0.03587570621,-0.01602508274,-0.002875190431,-0.06018749623,-0.0116834838,-0.04742951907
-0.05030414213,0.007087334248,0.04043887147,0.04844674556,-0.06896551724,-0.005034683374,-0.1169036335,0.1807590016,0.02254264825,0.04524603837,-0.02481047553,0.01805054152,-0.0724137931,-0.06604992402,-0.005039596832,-0.02486708969,-0.03456342098,-0.1335877863,0.03473973859,-0.01189127973,0.008274984087,-0.07457156091,-0.05127453853,-0.09081253319,-0.1468889915,0.0341018532,-0.03573347663,-0.0463091922
0.07259048394,0.1189557321,0.05242542935,0.01992945326,0.06100217865,0.0265377263,0.006559332141,0.07129646531,0.07547169811,0.04827448634,0.09293286219,0.0304964539,0.09665427509,0.1371989679,0.09261939219,0.1153710869,0.1239513302,0.1002202643,0.04986149584,0.02979942693,0.09081890332,0.06556556557,-0.04076590488,0.04458722741,0.1691697839,0.05924901576,-0.005015324603,0.11573567
-0.01421800948,0.06532765267,0.03063269396,0.05671796645,0.1149897331,0.00985869208,0.2008293839,0.02794388077,0.04155124654,-0.08658420552,0.03944390559,0.02450103235,0.1242937853,0.08084481476,0.02317880795,0.1912645853,0.0312498003,0.0960960961,0.04823218997,0.0183639399,0.06655642828,0.06951620479,-0.02253702511,0.1854613234,0.1073969724,0.0680842674,0.2016241949,0.1256544503
0.07211538462,-0.01066463531,-0.03777777778,-0.06283750614,-0.03314917127,-0.06985573273,0.0483473113,0.05409327462,-0.00585106383,-0.043125,-0.01835147745,-0.01142012629,0.01005025126,0,0.08802588997,0.01336863005,0.06021528032,-0.004566210046,-0.03705195328,0.001092896175,-0.02813953488,0.02568291612,-0.04545454545,-0.05738993711,-0.005516303446,-0.03791380527,-0.05686320205,-0.02703488372
0.08197309417,0.07988450433,-0.01096997691,0.02514405448,0.009523809524,0.008746355685,0.03576470588,0.04280797531,-0.04672730515,-0.005007620292,0.01552598226,-0.07665126393,-0.09751243781,0.03855057759,0.1165972635,0.0775862069,-0.0101429284,0.1293577982,-0.02331660393,0.006004366812,0.02337082237,0.01370168017,0.02380952381,0.04587155963,0.09576494211,0.02659949596,0.05905609093,-0.003286525246
-0.1023706897,-0.03992869875,-0.01138353765,0.02197240675,-0.08641509434,-0.00289017341,-0.07223989096,-0.04359998634,-0.008419083255,-0.0249452954,0.03400936037,-0.01118634089,-0.03564865858,-0.0376698484,-0.07618540224,-0.06315151515,0.02514870349,-0.01218521527,-0.05802376619,-0.07270754205,-0.0151208106,-0.0952405089,0.05257836198,-0.02854864434,-0.06341509445,-0.01175674276,-0.03289780681,-0.03597122302
0.03232062056,0.03694764203,0.03247711839,-0.01533333333,-0.02519619992,-0.00115942029,0.07198824682,0.0295914846,0.01283018868,0.03052064632,-0.006638503319,0.009228937184,0.08993902439,0.0541160271,0.06978085352,0.02445335748,0.02780343103,0.1439144737,0.05659734061,0.03861907548,0.009021842355,0.05718020542,-0.009926352866,0.01099983582,0.04523457432,0.01966582159,0.07647768396,0.06654228856
0.0203953842,0.04261414503,-0.01058049757,-0.007447528775,0.1355932203,-0.005919907139,0.1397898584,0.06162830007,0.00260804769,-0.01763937282,-0.03979343864,-0.0007374631268,-0.1101398601,0.0726367994,0.1040431267,0.08865875221,0.06630102594,0.07045291157,-0.1776917285,0.02704225352,0.009019607843,-0.01589768954,0.08311772316,0.05245209484,0.07185567299,0.04047540873,0.09099058718,0.04548104956
-0.04944332427,-0.009273570325,-0.0005780346821,-0.05013642565,0.01492537313,-0.0331620738,0.01082164329,0.008535191334,0.01040505388,0.001995123033,-0.009807023094,-0.01608856089,0.04007858546,-0.01273034073,0.02783203125,0.01276102088,-0.005968732043,0.0114842176,0.002616088947,0.02797586396,-0.002331908278,0.04442489948,0.01821439236,-0.02499614257,-0.01929726844,0.006865286222,0.01109285127,0.003904071389
-0.02831319745,-0.07210955105,-0.002024291498,-0.002513464991,-0.0625,0.04323671498,-0.07771609833,-0.07375943177,-0.04652445752,-0.002212389381,-0.002236421725,0.009900990099,-0.02720060446,-0.1309938219,-0.1600950119,-0.0883161512,-0.02001582655,-0.1036451763,0.0558382257,-0.07150480256,-0.03350214258,-0.06422396755,-0.04985337243,-0.04098749802,-0.05230728273,-0.03363541971,-0.08573750508,-0.03944444444
0.006738800304,0.01774705772,0.03911909591,0.0003599712023,0.03647058824,0.01933317898,0.06620808255,0.04281751859,0.001735776278,0.01396895787,-0.005763688761,0.01678550208,0.0372815534,0.001780344039,0.03054298643,0.0255057168,-0.004255058952,0.01481481481,0.0218707525,-0.001149425287,-0.003224506247,0.01537190083,-0.01481481481,0.02854785479,0.006011667504,0.04256751906,0.02844444444,0.02255639098
-0.02422928255,-0.008810572687,-0.003067484663,-0.01943145016,-0.02648505486,-0.004088586031,-0.003629032258,-0.001000223514,-0.0452445129,-0.02930242729,0.003835748792,-0.02454346238,-0.08461250468,-0.01481183506,-0.05543358946,-0.0166625827,-0.03162487944,-0.01897810219,0.0123337364,-0.1052934407,-0.0007278608977,0.00159169425,0.0272556391,-0.01171185625,0.002444904329,-0.03564092639,0.001512532411,-0.03761312217
-0.02898550725,-0.02314814815,-0.02797202797,-0.01321100917,-0.0478041197,-0.01813205611,-0.02913800081,-0.02305893803,0.02117362371,-0.01982428475,-0.01152102563,-0.001797214318,-0.03149284254,-0.03548074521,-0.08425334108,-0.04996262148,0.002823741812,-0.0349702381,-0.001433349259,0.01286173633,-0.004936872774,0.004966139955,0.003354681305,-0.002597402597,-0.03386661962,-0.01029282851,-0.01898597627,0.0002938583603
0.05900497512,0.03829383886,0.04690647482,0.06638155448,0.06326530612,0.02020905923,0.1663192997,0.1305805329,-0.008886255924,0.03240634337,0.03862382343,0.04876219055,-0.0785472973,0.1377861462,0.09010152284,0.09626229508,0.05403937643,0.09483423285,0.00956937799,0.05714285714,0.03448556324,0.02830188679,0.03738601824,0.05794270833,0.06814373905,0.05672408989,0.06443809105,0.07696827262
-0.01813398478,0.02957823626,-0.03518416712,-0.02284219704,-0.01573896353,-0.01878415301,-0.02501786991,-0.07760342946,0.0217174736,0.01869991095,-0.034375,-0.02460658083,0.006416131989,0.002737763364,0.01164144354,0.04689556167,-0.00133571421,0.07605633803,-0.02073459716,0.04084084084,-0.005110464659,0.02883355177,0.004980955171,-0.01323076923,0.01181392838,-0.02191996271,-0.01446280992,-0.02564102564
-0.03626794258,-0.08742684873,-0.01082621083,-0.02230549607,-0.02964118565,0.009861932939,-0.03995601173,-0.05289019801,-0.02554602184,-0.01442307692,-0.02783171521,-0.001026694045,0.02140255009,-0.02732503724,-0.05983889528,-0.07096331848,-0.02441424712,-0.0752617801,0.0204476709,-0.1084824005,-0.001738580686,-0.0435329087,-0.02944606414,0.02432179607,-0.04177448949,-0.0359012751,-0.01362683438,-0.04535274356
0.00218449012,-0.04450058298,-0.08352534562,-0.04763643001,-0.07355305466,-0.04584099265,-0.110729286,-0.07921951446,-0.05743446068,-0.0733924612,-0.007656458056,-0.09191014535,-0.08158716005,-0.05898663691,-0.02815177479,-0.03542435424,-0.1127873472,-0.02972399151,-0.02146075409,-0.04854368932,-0.009816339455,-0.03306577639,-0.08020426555,-0.04337899543,-0.09504556619,-0.08776213911,-0.08076514346,-0.08093841642
0.0374516992,-0.01240593858,0.08830923947,0.02223073975,0.02603036876,0.03214930765,0.01245169601,0.09252275846,0.02059447983,-0.03924383824,0.0207983898,0.06143896524,0.03786407767,0.04179146019,-0.006926952141,-0.003060443764,0.07921230654,-0.01677607586,0.04228765297,-0.01224489796,-0.0007195394947,0.01399449036,0.01600261267,0.03182179793,0.06822291576,-0.007797916541,0.02312138728,0.03892788768
-0.02110591157,-0.02429983526,-0.02945423044,-0.02437195351,-0.04312896406,-0.0099160056,-0.06276505513,-0.03588828992,-0.02184314541,-0.002241594022,-0.02826158396,-0.01081492765,0.00935453695,-0.05673713556,-0.03170577045,-0.003453568688,-0.02613624972,-0.02448071217,-0.004882585445,-0.0564738292,-0.01056084487,-0.01878214881,-0.02700096432,-0.0134155744,-0.05966419093,-0.03170990745,-0.03774011299,-0.07156019656
0.02234146341,0.01941747573,-0.005058018447,-0.005572636434,-0.006628369421,-0.01378579003,-0.01131221719,0,0.04529987239,0.01847229156,-0.03415623943,-0.01863258392,-0.01065801668,0.01640898708,0.05762933857,-0.005904248492,-0.009008046645,0.04030418251,-0.06565420561,-0.005839416058,0.01148217029,0.04153207199,-0.00396432111,-0.03172866521,-0.01250961362,0.003789065839,0.0157350869,-0.01918623884
0.004771447657,-0.0033126294,0.01674641148,0.01314009662,0.04181494662,-0.009677419355,0.02059496568,-0.05061547243,-0.03072227874,-0.02401960784,0.004201680672,0.01067001412,0.03887587822,-0.007178511716,0.02414860681,0.01433182699,-0.02689741002,0.05409356725,0.003375843961,-0.02569750367,-0.0005595970901,0.002871067789,-0.05505804312,-0.03728813559,-0.005127887021,-0.005931770449,0.05919075145,0.003035413153
-0.006173425776,-0.02201911093,0.01352941176,0,0.02049530316,-0.02497285559,0.02466367713,-0.01805567797,0.00314861461,-0.01531893521,0.02405857741,0.002018320137,0.04102795311,0.0114405306,0.007255139057,-0.01565682281,0.0005719913557,-0.04854368932,0.0446105919,-0.006028636021,-0.002079667253,0.03115556577,-0.04843804844,-0.03085177733,0.005459143025,-0.01003568879,0.02772320454,0.04572965703
-0.01911314985,-0.02506372133,-0.00319210679,0.03242418463,-0.01255230126,-0.01274437021,-0.06170678337,-0.05917652942,-0.01381042059,-0.0545779138,-0.002383384406,-0.009916330958,-0.05067128627,-0.09642508114,-0.0456182473,-0.02107849476,-0.0247667549,-0.05174927114,-0.0002385780747,-0.05231235785,-0.02468739981,0.01263067695,-0.05864994467,-0.03166089965,-0.0386025232,-0.02821751482,-0.04864061172,-0.03279742765
0.04452455183,0.1298474946,0.02037845706,0.04175133937,0.1131355932,0.07156285249,0.05223880597,0.09923404023,0.1026946743,0.1057458862,0.01365187713,0.01267605634,0.09032846715,0.1205485305,0.1358490566,0.0892998679,0.01973204869,0.0860876249,0.03436344112,0.096,0.06426692965,0.09096755632,0.05407523511,0.0895122387,0.1185690584,0.09106071803,0.1214556821,0.08543882979
-0.04262662065,-0.02468183571,0.007417974322,0.006384110658,0.01751046821,0.02409356725,0.04742907801,-0.004165995065,0.01058302867,-0.001951695535,0.04343434343,0.004172461752,0.02008368201,0.02293282808,-0.01273532669,-0.002546689304,0.0469344258,-0.04387827318,0.03010727881,0.02408759124,0.00833976834,0.01047128541,0.004832713755,0.008363397835,0.01934973362,0.03359319323,0.009954210631,0.009188361409
-0.01597817615,-0.04270462633,-0.01019541206,0.01973568282,-0.04601571268,0.0170169027,0.003385526873,-0.01394785662,-0.009329779132,-0.01051087754,0.005485640529,-0.005078485688,-0.0008203445447,-0.02184207307,-0.08693213685,-0.046443769,0.002378010939,-0.03923019985,0.02653975364,0.03064861012,-0.004211977332,-0.01323364601,-0.07288198298,-0.06033501382,-0.08583263406,-0.02850120005,-0.03015966884,-0.03490136571
0.02475247525,0.03969434118,0.002861230329,-0.00933125972,0.08862745098,0.004042672656,0.08140025306,0.0008491510068,0.04401306938,0.03013833992,0.04300385109,-0.003866976025,0.08087027915,0.04230157738,0.06572481572,0.02601045518,0.03742364539,0.04545454545,0.008290607614,0.09266943292,0.01945704837,0,0.09337589785,0.05745932849,0.07643754426,0.04246195355,0.05081300813,0.06100628931
-0.06280193237,-0.01672559692,-0.005135520685,0.007849293564,0,0.006039592887,0.03510140406,-0.01865285628,-0.002761413844,0.0170263789,-0.01169230769,-0.007453416149,0.008355488036,0.02593106758,-0.01095100865,-0.00497079657,-0.002816655264,-0.007369196758,0.01850048685,-0.006329113924,0.005129752565,0.03559704395,-0.005474452555,0.02209492635,-0.004474437262,-0.005184120739,0.03752417795,0.02252519265
-0.03237113402,0.01858585859,0,-0.0418830045,0.0144092219,-0.005780989439,0.03428786737,-0.04464521023,0.01495292597,-0.05423249234,-0.01618929016,0.01188986233,0.03465160075,0.01373760998,0.08682983683,0.04108904708,0.005117859933,0.03489235338,-0.04907584449,0.01974522293,-0.02559291504,-0.02611060199,-0.01724770642,-0.02417934347,0.02415057537,0.004218538583,-0.03355704698,0.02028985507
0.0547624121,0.02102340341,0.0154860912,0.02980491329,0.04829545455,0.0140892318,0.04954462659,0.1181795856,0.02018915969,0.00548491648,-0.02848101266,-0.01360544218,0.01601747361,0,0.005361930295,0.02111324376,0.004212560888,0.07460545194,0.01463360143,0.05746408495,-0.02333821151,0.04067875048,0.02240477969,0.005415162455,0.0279696403,0.03113286808,0.01813271605,0.02528409091
0.1609090909,0.004662004662,0.0011296244,-0.009647430275,-0.02337398374,-0.006064615724,0.05380076362,0.00269570973,-0.009092529863,0.004959087528,0.03941368078,0.05297805643,0.03618774633,0.002169769345,0.0144,0.01644736842,0.0307699128,0.02730307076,0.02763404162,0.03307737744,-0.01569400631,-0.02259049539,0.008765522279,0.01468908112,0.02187294313,0.02564212523,-0.001894657067,-0.04350235522
0.1534847298,0.01353441609,0.002820874471,-0.005313496281,0.004856052723,-0.01397825605,0.01910408432,0.008338434211,0.0201511335,0.09301751789,0.04199310561,0.01592735933,0.04011065007,0.02974095877,0.05099894848,0.02866389274,0.0006791737377,0.08324127624,0.009320762803,0.0457404231,-0.002884384264,0.03259122206,0.07965242578,0.07527746502,0.0550774424,0.01962452931,0.02980258162,-0.01448435689
-0.02474164592,-0.05379626097,-0.01434599156,-0.02724358974,-0.04901622368,0.01293879388,-0.01680672269,-0.04666795614,-0.0746031746,-0.004288939052,-0.04360902256,-0.02842490842,-0.06682180851,-0.06407158217,-0.06603301651,-0.02865168539,-0.03983094859,-0.04379124175,0.0009553125995,-0.007107709131,-0.003776617115,-0.04038950167,-0.02515090543,-0.003889304413,-0.0180602347,-0.05476382302,-0.05069124424,-0.02410346855
0.01214324387,-0.02338709677,0.02682648402,-0.02818963939,0.003266787659,-0.002554703988,0.0157790927,0.02713096026,-0.008957499524,0.001813647699,0.00251572327,0.03197104509,0.08799429996,0.02356808526,0.007498660953,-0.01376518219,-0.02118365885,-0.0156838143,0.01251325557,-0.01982378855,-0.003871592192,-0.008218926489,0.03164774682,-0.008109325725,0.0075584441,-0.0063058396,-0.009708737864,0.02048192771
-0.04753171328,0.01729975227,0.01667593107,0.002448672066,0.0492040521,0.01692650334,0.09773462783,0.04875039506,0.008846153846,0.03643358226,-0.02728983689,0.05333917872,0.06876227898,0.1003250451,0.08346624136,0.02427867699,0.005051351918,0.0707456979,-0.01193967323,0.06179775281,0.01214574899,0.07966049383,0.06568856285,0.05087055261,0.05976540628,0.03976753264,0.0231372549,0.0867768595
-0.03778883184,-0.03608100978,0.02405686167,-0.009394964299,0.03931034483,-0.008212877792,-0.004716981132,0.01090389619,0.02535264964,0.02336244541,0.06965495002,0.02122641509,-0.002757352941,0.01245764552,0.06329735034,-0.06103286385,0.04611336194,0.0255952381,0.02978588086,0.1042328042,0.00968,-0.01232097424,0.03785982478,-0.002449214811,0.009200130468,0.005866037004,0.03909543887,-0.03014665942
0.08813474527,0.06905263158,0.02269087026,0.01858877086,0.0398142004,0.02020536602,0.06486966825,0.02363351287,0.02714259156,0.02837636015,0.0431112451,0.01806819726,0.05867895545,0.01722710451,0.009229349331,0.03048780488,0.04288272222,0.04341265235,0.06021616058,0.063727839,0.03383250139,-0.00506512301,0.09767862526,0.06166955517,0.04255501007,0.03055631949,0.0676872003,0.06468776253
0.0432183908,0.0153603781,-0.03576089794,-0.006517690875,-0.04690491385,-0.00974025974,-0.05841446453,0.01982280168,-0.02733031674,-0.03008298755,0.0225433526,-0.01761409127,-0.07370864771,-0.03919059387,-0.06904435299,-0.01562130178,0.02154502768,-0.04105017243,-0.0227184466,0.007657657658,-0.006974248927,0.00672,-0.05355671519,-0.03672969664,-0.05517039952,-0.05251231856,-0.02124719295,-0.03419253025
0,-0.00543056633,-0.0278830536,-0.03092783505,-0.03983930365,-0.02535519126,0.009748892171,-0.02928117784,-0.00130256792,-0.007272727273,-0.03476540418,-0.01928823689,0.03759398496,-0.005536872509,0.0221021611,-0.008175042077,-0.02511550684,-0.02610208817,-0.001589509239,-0.01385784533,-0.004553523192,-0.03395364966,-0.00406268137,0.0002824459822,-0.007595231897,-0.005255838633,-0.01764913519,-0.005718954248
0.04252974879,0.06942277691,0.003898635478,0.0247582205,0.02057182706,0.0180533752,0.02603861908,0.01520950191,0.05366126328,-0.03145873734,0.007320644217,0.01523545706,0.01962560386,0.04202715601,0.1008649688,0.04351515152,0.02212954561,0.0851697439,0.0344278607,0.03807796917,0.008838579625,0.007298615058,0.0201048951,0.02414231258,0.0420948514,0.01248852901,0.01347466762,0.009038619556
0.001479602621,-0.0007293946025,-0.02080443828,0.01170252926,-0.04202254868,-0.02698535081,0.06358711149,-0.06366848144,0.001768346596,-0.0149054505,-0.01627906977,-0.01514324693,-0.01154871187,0.03547157546,0.04849622419,-0.007782553142,-0.002262010851,0.0214050494,-0.04097729896,-0.04279475983,-0.008914847833,-0.003340757238,-0.01228220508,0.001378549766,0.04200173576,0.0004744034377,0.02605920936,-0.0171009772
0.03566905867,-0.0496350365,0.002266288952,-0.04141791045,-0.03138373752,0.009282318316,-0.07694369973,-0.07280058324,-0.01218005296,0.0162601626,-0.03841607565,-0.001246710071,-0.03684841222,-0.04223677515,0.001665278934,-0.03418403184,-0.03125401027,-0.0365394949,0.05295887663,-0.04790145985,0.05730459057,-0.04841713222,-0.06448814344,0.015280837,-0.02070416298,-0.004267606372,0.1285418106,-0.0289975145
0.01847700564,0.02188940092,0.01045788581,0.00155702608,0.04455081001,-0.00953342306,0.03078710427,0.0347989345,0.003573981415,-0.008222222222,0.0073755378,0.00665742025,-0.01244167963,0.07349567497,0.02909393184,0.0004848484848,-0.05282502989,0.06413831567,0.04153172033,0.01868711069,0.03395672901,0.01722113503,0.01298299845,0.03945762712,0.01236959762,0.05690468015,-0.003368034293,0.01251422071
0.01047155339,-0.01615933859,-0.003916083916,-0.01671200933,0.003877335213,-0.005322160571,-0.04959143421,-0.003892281497,-0.005876068376,0.005825677795,0.00884685784,-0.02631578947,-0.02519685039,0.009126358199,0.01494345719,-0.01708262661,-0.04465346295,0.009433962264,-0.04152185842,0.06208842897,-0.006100156051,-0.0261639092,-0.01678364358,-0.01174015132,-0.02976948888,-0.01847104606,0.03072196621,-0.01994382022
-0.07306930693,-0.0217723453,0.02555461949,0.02134387352,-0.00702247191,0.014571949,-0.01512007115,-0.01785614208,0.03349453699,-0.006014702606,-0.004838221953,0.0358001981,0.05621970921,-0.002713604694,-0.04894548349,-0.001355848638,0.01681185672,-0.08047767394,-0.03091603053,0.05225863596,0.01270339709,0.04267088107,0,-0.03643083421,0.009386158817,-0.007803855056,0.02354694486,0.005159071367
0.03460798975,0.003514252245,0.01095290252,-0.02438080495,0.05374823197,-0.008078994614,0.02498494883,0.01846609372,0.02114384749,0.005378753922,-0.04375569736,-0.008469945355,0.03701437749,0.0158754964,0.09581589958,0.03085657862,-0.02816117329,0.03162055336,0.01732965735,-0.04377104377,0.01719520789,0.04357711254,0.04220980757,0.05465753425,0.03448463534,0.03515978844,0.06348281887,-0.006558311948
0.02553513662,0.03112840467,-0.00406283857,-0.01685838953,0.001677852349,-0.01380090498,-0.009104258443,-0.02929018763,0.003054989817,-0.01761034329,-0.05084207181,-0.003168917057,-0.0418879056,-0.05133878075,0.04009163803,-0.01867816092,-0.006636905938,0.03886152162,-0.05729771583,-0.02288732394,-0.006720243869,0.003093681917,0.05122096486,0.01285881283,-0.01030666977,-0.009609345412,-0.04627601314,-0.0132032147
0.08389261745,0.0007547169811,0.0252923579,0.0002017349203,-0.009380234506,0.001261757284,0.01422643746,0.01494269828,0.001184433164,-0.01248014522,0.001673920321,0.007187284036,-0.009852216749,-0.0352974842,0.04955947137,0.0006100536847,0.0005965400676,0.008429926238,0.01498973306,0.00990990991,-0.006277463905,0.03130475073,0.05920679887,0.02911002821,-0.001774481388,0.009476939447,0.03115130635,0.01105293775
0.005758513932,0.0874811463,0.02042440318,0.03469140783,0.06121068651,0.04960476572,0.01256575102,0.01330730006,-0.009802264661,0.01723345588,0.05180481283,0.01578152875,0.04944029851,0.04195299445,0.02063658622,0.0864528716,0.0453100159,0.08986415883,0.02184907951,0.0414808207,-0.03151540675,-0.002288522289,-0.01150040118,-0.00785046729,0.01442902643,0.007599785418,-0.01837672282,0.05293440736
-0.02333312812,-0.01664355062,-0.02495451001,-0.008966861598,0.0006373486297,0.001309757695,-0.01962481962,-0.02123281265,-0.01433691756,-0.01739326858,0.012392755,-0.01715752499,-0.02874074074,-0.05899126969,-0.04078135709,-0.00684624018,0.009315589354,-0.02253116012,-0.009305088101,0.005995717345,0.003261342224,-0.008795136641,-0.0395021645,-0.0178347149,-0.02319552838,-0.02240555574,-0.02141540207,0.01092896175
-0.005862329803,0.02503526093,-0.02106105039,-0.01298190401,0,0.004905166776,0.03002649397,-0.009136085627,-0.01177489177,-0.005977011494,-0.02259887006,-0.007560137457,-0.001220256254,-0.004477453902,0.01893533405,0.03277206464,-0.03202109625,0.01912702305,-0.006794564349,0.005959982971,0.02665607166,0.08749662819,-0.01718309859,0.002941176471,0.0443551586,-0.06353562787,0.02130434783,0.02702702703
-0.03531798871,-0.008255933953,0.008169934641,-0.006377042646,-0.03280254777,0.007701486061,-0.009717062018,-0.05848539794,0.002803574558,-0.003931544866,-0.008028259473,-0.006925207756,-0.0180207697,0.01349783984,-0.005259467041,-0.02122770544,-0.007589025102,-0.02791145332,-0.0185110664,0.004231908591,-0.01111736561,-0.004895561358,-0.01261106334,0.0105826852,-0.02230651797,-0.01914051341,-0.01816375763,-0.01710526316
0.04647035625,0.01248699272,0.02890329552,0.006016847172,0.01382943694,0.01194833154,0.02597402597,0.03427234856,0.01327974838,0.03111214302,-0.004532211072,0.02789400279,0.05816485226,0.04486666933,0.04194571731,0.01934041364,-0.01509803922,0.0297029703,0.05576055761,0.01559207754,0.03799629999,0.03000327976,0.03947750363,0.02687358062,0.02106099493,0.004693871182,0.06966324613,0.006693440428
0.09245650399,-0.01404590613,0.01023890785,-0.007376395534,-0.06040922377,0.01584937773,0.02503516174,-0.05680478843,0.01655457838,-0.006079711777,-0.002601626016,0.01017639077,0.04350382128,0.01463062339,0.04194857916,0.02215398114,-0.01035237906,0.009615384615,0.02815533981,0.01576763485,0.0216616397,0.02436570206,0.04160848925,0.02236146947,0.03480965274,-0.004180158354,0.03904877719,-0.003191489362
-0.0463979762,0.01980542043,0.003638253638,0.0168708576,-0.005184929139,0.00502617801,0.004390779363,0.02603512186,0.0008481764207,0.03330312642,0.01075970003,-0.001880456682,0.01690140845,0.002328639914,0.04415584416,-0.04506437768,-0.02715751358,0.00380952381,0.03682719547,-0.01225490196,0.01288244767,-0.007622008082,-0.0008042895442,0.01309938709,-0.00498377486,0.01308696398,-0.03771131339,-0.03148345784
-0.02670927288,-0.08313458262,-0.02278612118,-0.01402330634,-0.01945795691,0.008543446551,-0.04508196721,0.01589743765,-0.02050847458,-0.009208506906,-0.0009677419355,-0.01991656574,-0.002770083102,0.02737554965,-0.02300995025,-0.005393258427,-0.07196029777,-0.0545540797,-0.04553734062,0.002894954508,0.003444621092,-0.02504635894,-0.03300241481,-0.003914590747,-0.02441670024,-0.04021612801,-0.03108108108,-0.009090909091
0.0243449173,-0.008547008547,-0.02808691044,-0.002804487179,0.02055279943,0.007231404959,0.05035765379,-0.0003022274161,0.0216300398,0.03297189644,0.02066515983,0.01510366607,0.04222222222,0.03523363973,0.0833863781,0.01310438319,-0.004233511586,0.08931259408,-0.03778625954,0.04701030928,0.04026934249,0.02665364399,0.07963374029,0.02179349768,0.01026818987,0.02107759012,0.03277545328,0.07978871282
-0.05400338655,-0.02544977511,-0.02508178844,-0.02109280836,-0.021875,-0.01538461538,-0.02233723781,-0.02257649505,-0.01558265583,-0.001285347044,-0.004112622588,-0.00162315704,-0.01226012793,0.01003303074,-0.01909518214,0.003010704728,-0.02886551801,0.0221096269,-0.04323681079,0.02402520677,0.0006345982993,-0.02910360885,-0.002056026728,-0.004312354312,-0.02435012711,0.005222800206,-0.0264686023,-0.0368177137
-0.03515949626,-0.0327295104,-0.004474272931,0.06033244408,-0.01277955272,0.0004166666667,-0.01337419894,0.008316779963,-0.05368203716,0.001287001287,0.08227445997,-0.002845142935,-0.04290339989,-0.00518338864,-0.0347409404,-0.001667593107,0.06175115207,-0.006309148265,0.0333747927,-0.03846153846,-0.008244545916,-0.004022588381,0.02343548802,-0.005150415545,-0.04665807219,-0.01707146838,0.005687335275,0.00882117081
0.0009275823229,0.02306163022,-0.001123595506,-0.003677182117,0.03380079108,0.006039150354,-0.0039536854,-0.007331338319,0.01963636364,-0.005569837189,-0.005283240387,0.005706521739,0.02847476741,-0.008686927363,0.03816320199,-0.001559020045,-0.08658854167,0.03401360544,0.0591775326,0.0256,0.01752142218,0.04643365696,-0.02138902869,0.001294269914,0.02777344359,0.005789321682,0.0115862069,-0.04292527822
0.02647779175,0.004275165177,0.0233408324,-0.03846153846,0.009739130435,0.004346926102,0.011057556,0.008309098463,-0.02817403709,0.01292546316,0.008262024196,0.0226965685,0.007949561404,0.01489363591,0.0173341303,0.01505688155,-0.000237586125,0.01666666667,0.03503787879,0.02769110764,0.02589240825,0.0491730272,-0.02237078941,0.02690951821,0.01993320176,0.06856882435,0.04704117807,0.03765227021
-0.03037337976,0.01547987616,0.02775487771,0.007070707071,0.01171202205,-0.001957955482,-0.005608524958,0.007324622787,-0.02018348624,0.01552530838,0.007609013755,0.03844121532,-0.05629589339,-0.06042367432,-0.0705052879,0.002087682672,0.03564638783,0.04788610871,-0.01628545288,-0.02770398482,0.004043126685,-0.03345045512,0.02893214098,0.01327382996,0.002170688021,0.02950696812,-0.0001302252898,0.02321237994
-0.04183293429,0.01905487805,0.01069518717,-0.007823470411,0.03268641471,0.01001548787,-0.005640157924,0.01544868804,-0.04981273408,0.04272251309,0.0002904443799,0.004325149472,-0.01008645533,0.04869067294,-0.04424778761,0.009978070175,0.002753556677,-0.01276245368,0.01339285714,-0.007806401249,0.0006101281269,-0.02073802989,0.002044989775,0.03387916431,-0.0182017115,0.002274893319,0.0226621516,-0.01303780965
-0.01582564031,0.01645474944,0.04417989418,0.02062272543,0.0220903396,0.003373543243,0.02382302893,0.0181964659,0.0459203784,0.007431211087,-0.00406504065,0.05573147562,0.01397379913,0.02715924426,0.005952380952,0.01389642818,0.01167048055,0,0.03560939794,-0.0102281668,0.03963414634,0.04796013703,0.0612244898,0.03823047515,0.04700973224,0.02905254305,0.06698930209,0.00607661823
0.06544890331,0.01030169242,0.02812262478,0.01525356577,-0.005483870968,0.01069791136,0.01191135734,0.005568016112,-0.003203316375,0,0.02040816327,0.02579484103,0.02153316107,0.001279269779,0.05687047995,0.001392011993,0.03347658901,0.0175145955,0.02977667494,-0.02225755167,-0.008797653959,0.008023774146,0.009615384615,0.005155181483,0.0223447678,0.01323157934,0.009787538792,0.02415966387
0.04825577547,0.02476329206,0.02464268112,0.01385365854,0.02432695427,0.002822580645,0.0005474952094,0.05681873604,-0.01474480151,0.004984051037,0.04285714286,0.02397660819,-0.01545812254,0.02810797745,0.02363919129,-0.00502566296,0.050558109,0.01516393443,-0.03270223752,0.0174796748,0.005443786982,-0.004280660377,0.001666666667,-0.00638476031,-0.006804948368,0.001308399651,0.003546099291,0.01794871795
0.07034604698,-0.02025586354,-0.01731601732,0.008275596613,0.01614946168,0.007740249296,0.06128590971,0.01268182825,0.007482732157,-0.007934933545,-0.02438356164,-0.03255282696,0.004852983157,0.03065619883,0.03767851717,-0.01612036539,-0.04375,0.0912394025,0.008896797153,0.003196164602,-0.02106873823,0.01924511766,0.008081768481,-0.02085747393,-0.00975679169,-0.0371754443,-0.02885747939,0.04483627204
-0.04253687316,0.008705114255,-0.008810572687,-0.03702996755,0.0392645684,-0.01246882793,0.01237432328,0.00599111662,0.01847267187,-0.002599480104,-0.01713001966,0.0002361275089,-0.007386363636,-0.001205741939,-0.03689604685,0.04117968323,0.006318082789,0.07769145394,0.03456790123,0.007964954202,0.0277744379,0.007413260208,0.03772695119,0.04895104895,0.04633077949,0.002032148349,0.02049727107,0.02531340405
0.01275494485,0.0355987055,0.02592592593,0.06045589693,0.02368815592,0.008383838384,0.02521008403,0.02219094846,0.02112939417,0.006214915798,0.05257142857,0.03399433428,0.03892386949,-0.01810796261,-0.01398601399,0.04752412925,0.02186620481,-0.03192584964,0.02113876577,-0.001185302252,-0.0352129153,0.007785467128,-0.03567371052,-0.02338461538,0.02083838805,-0.02929135278,0.01033990967,-0.02351281448
-0.02999513264,-0.04861111111,-0.02069795427,0.0005607476636,-0.01493848858,0.01853150356,-0.03104818679,-0.007146782323,0.001464933162,-0.01155608687,0.0154723127,-0.01609589041,-0.02782369146,-0.02458921065,-0.06506321307,-0.004606910366,0.01843220339,-0.07092198582,0.002003338898,0.02808544304,-0.05420152783,0.005012875536,0.002356267672,0.01029195547,0.03120697773,0.01671134265,-0.08846018116,0.03250662172
0.01555541617,-0.01824817518,0.0009830425166,0.01083504577,-0.02200416295,0.008556254917,0.01281722635,-0.01466724197,0.04808923021,0.05623866156,0.01817695803,-0.004756932359,0.02493624256,-0.001264712395,0.008245382586,-0.004427004729,0.002080299563,-0.05839694656,-0.007830723092,0.03539823009,0.01782051282,0.0202020202,0.03338034791,-0.01382536383,0.01084782174,0.01484082465,0.002322880372,0.006529850746
0.01469952443,-0.01152416357,0.02897127425,0.002217704676,-0.005168744299,-0.004875670405,0.01645153126,0.01894445015,-0.01744591766,-0.02404580153,-0.01864006301,0.008626719515,0,0.132523802,-0.01406607785,0.007680646791,0.0147394644,-0.02472638833,0.00201511335,-0.01040505388,0.003652853004,0.009074977396,0.01114649682,-0.00252977759,0.01016784363,0.0002249814686,-0.003218745977,0.001390176089
-0.03524255889,0.0007521624671,0.01598663803,-0.02175917389,0.02139364303,0.01489465948,0.003735059761,-0.01700064316,0.06622869318,-0.01564333203,-0.008828250401,0.02103559871,-0.02184130495,-0.006317271601,-0.03782349038,-0.03760906629,-0.006955810147,-0.0544472153,0.02580861404,0.04280886219,0.00953815261,0.003871681416,-0.01867266592,-0.008771002853,-0.01099603087,0.02406760238,-0.002583311806,-0.01295696437
0.08246056782,0.003382187148,-0.001409112259,0.01338360038,-0.01885098743,0.002800038621,0.03026544282,0.04566382141,0.006661115737,-0.01430274136,-0.004048582996,0.02184740774,0.04126625212,0.004485817014,0.02379310345,0.01125468945,-0.001854140915,0.03428571429,0.007024995916,0.02304645301,-0.02063649925,0.01280440771,0.003438789546,-0.0170575693,0.0111182879,0.002196445458,-0.004921004921,-0.002578527895
0.08241534068,-0.03258426966,0.0009407337723,-0.01227678571,-0.02927721866,-0.01338340073,0.03395136046,0.01550425596,0.0001654259719,0.004836759371,0.01653116531,0.004763487316,0.01031487514,-0.02344536769,-0.06702593466,-0.02524732069,-0.01609907121,-0.04972375691,0.01314081765,0.03167898627,-0.01408987053,0.01305596658,-0.03084304318,-0.01887201735,-0.009505476722,-0.02805288523,0.000650702759,-0.01081081081
0.01733886167,-0.02593883082,-0.01832706767,-0.04764595104,-0.04806786051,0.000487947692,-0.04680950163,-0.05089086702,-0.04234204433,-0.04312073807,-0.06824846708,-0.03351708931,-0.04862976894,-0.03467987069,-0.02166064982,-0.02928427952,-0.05915670233,0.01878354204,-0.005284227382,-0.02934152166,-0.03604995494,-0.001202852479,-0.06223479491,-0.02829980102,-0.04121162611,-0.07530850425,-0.0378462739,-0.06105963412
-0.02233631504,-0.02623211447,-0.02010531355,-0.0211587898,-0.02937293729,0.01414358174,-0.00317615441,-0.01903297413,0.003454231434,0.01131838189,-0.03576537911,-0.004106776181,0.0183563965,-0.01697661764,-0.03210332103,-0.008712698758,-0.02831661093,-0.0188762072,0.01336123632,-0.003514938489,0.06464538533,0.02930107527,-0.02765208648,-0.04038680319,-0.01452498935,-0.005123479448,0.02054609354,0.003289473684
0.07931351849,0.03306122449,0.003663898388,0.02161616162,0.03638218293,0.008752524767,0.03088235294,-0.008475144861,0.03493975904,0.02383419689,0.03916913947,-0.02199312715,0.03438713256,0.01204775143,0.05566145635,0.01823774995,0.02271684259,0.06711409396,0.004765687053,0.004232804233,0.01367457032,0.000261164795,0.03231644261,0.01778304683,0.01294617667,0.03823697118,0.05271523179,0.007313997478
0.0146970305,0.02532595812,0.02823071307,0.01878584141,0.03608923885,0.01401601831,-0.007370423205,0.03776440156,-0.0247796441,0.02388663968,0.03169617362,0.04310142891,-0.001608579088,0.05159079667,0.03105814373,0.01618472162,0.01615436392,0.04025157233,0.05928853755,0.03126097647,0.02413366337,0.01932114883,0.06536438768,0.03937099592,0.03401601969,0.03824275664,0.03686462003,0.05508262394
-0.009886796184,-0.01314014874,0.02035502959,-0.006211180124,0.001266624446,0.007240244476,-0.004550898204,-0.002125080394,-0.0221691678,0.005338078292,-0.01273180183,0.02706040871,-0.02094522019,-0.03019003583,-0.03327495622,-0.004671904863,-0.008831971738,-0.0274083031,0.01611940299,-0.01158038147,0.01051359517,-0.01075819672,-0.009167842031,-0.0004482797265,-0.006275714354,0.00181908701,0.0162601626,0.02017085904
0.0110340007,-0.003123779774,0.01438181396,0.053125,-0.01644528779,-0.01026885736,-0.05293551492,-0.01091237429,0.01796302755,0.04228121927,0.05354639753,0.004373018476,-0.0126165661,-0.02879530568,-0.03333333333,-0.01920204822,0.04566718646,-0.05263157895,-0.04435957697,-0.07822191592,0.001674240612,-0.01191092698,-0.01565836299,-0.01109989909,-0.03922773069,0.02110848831,-0.0328358209,-0.003256571296
-0.04301234568,0.0669800235,-0.01646466956,-0.0003709198813,-0.01125401929,-0.007357102434,-0.02057926829,0.01560623168,-0.003940380332,-0.04358490566,-0.03432676956,0.004136279525,0.009722222222,-0.02323768378,0.0176161919,-0.01642375462,-0.006391137622,0.01224846894,-0.01782969567,0.02130841121,0.04763610315,-0.03642557652,0.04217883827,0.01473922902,0.001394728699,0,-0.001234567901,-0.007001166861
-0.03911450539,-0.03267254038,0.01557777261,0.01910946197,-0.01463414634,0.01472824021,-0.01789883268,-0.001324640381,-0.02751977984,-0.001380942987,-0.001928906035,0.0101897019,-0.03081155433,-0.0512683012,-0.0408839779,-0.02665044786,0.02272727273,-0.08729472774,-0.02253521127,0.01610541728,-0.008205128205,-0.03345118303,0.007863089732,-0.02849162011,-0.01770178926,-0.04245332684,-0.01891223733,-0.03149236193
0.008055421299,-0.01593927894,-0.03731684982,0.009466593847,-0.008910891089,-0.0104878734,-0.0647120972,-0.03555218693,-0.0233463035,-0.0136309759,-0.006073992269,-0.04313767572,-0.05080896963,-0.04453061672,0.01958525346,-0.01295160191,-0.02075471698,0.02367424242,-0.0339417227,-0.04034582133,-0.04010111456,-0.06584130557,-0.02271684259,-0.04232317424,-0.02308169147,-0.03365970829,-0.08176893033,-0.03421499636
0.01374460604,-0.01504049364,0.02378121284,-0.01352569883,-0.001998001998,0.005772688559,-0.002824061,-0.0156807849,-0.009416877943,-0.002403364711,-0.01388888889,0.02669059101,0.0008971291866,0.03619612771,0.01092278719,-0.01553867403,-0.001498608435,-0.03191489362,0.03745442493,-0.0289039039,-0.003830500359,-0.005277108434,0.00328715661,-0.01116848805,0.01077766334,-0.01056975533,0.009055982437,0.0002512562814
0.02627568448,0.008613938919,-0.005807200929,-0.007129798903,0.02702702703,-0.001035001882,0.02180685358,-0.01173898534,0.005301645338,0.000401525798,-0.02957746479,-0.0150737302,0.03525545264,0.01309995353,0.03353204173,0.01835613235,-0.008361921098,0.03440038223,0.0178913738,-0.02010050251,-0.008050949291,0.04390639762,0.04282705359,0.00461501093,0.02378503983,0.02889176259,0.006255099266,-0.007284601859
0.02631983204,0.01824534161,0.01051401869,0.02577794145,0.01104613385,0.01554111331,0.02106430155,-0.02205903237,0.01345699218,0.03050371262,0.02583454282,0.002550737496,0.03665223665,0.01163750737,0.02919971161,0.01710677382,0.0227027027,0.03325635104,0.02401129944,0.04142011834,0.02434887947,0.03190736422,0.02782764811,0.02284816248,0.01542347636,0.01934956644,0.01824324324,0.004048582996
0.06236591329,0.007624857034,0.01734104046,0.01812959971,0.01799485861,0.01558152476,0.03528773073,0.02487035597,0.03176027274,0.0264849075,0.01924165252,0.01946902655,-0.002227171492,0.03962794554,0.00700525394,0.0005643977876,0.01585623679,0.06794814484,0.004137931034,0.007954545455,0.007332071902,-0.01180610994,0.05087336245,0.02907457747,0.01479263275,0.009488697144,0.03118779031,0.03931451613
0.01037899779,0.01778282255,-0.003409090909,0.005112834979,-0.003472222222,0.009497716895,-0.0256948086,0.01608342727,-0.01947826087,-0.02523240372,-0.0241532482,-0.0234375,-0.009207589286,0.01311286115,-0.02643478261,0.01613267148,-0.02393340271,-0.02406864797,-0.03006715507,0.01465614431,-0.000352195351,0.01308498413,0.01454394349,0.01182956242,-0.00777588056,-0.00229073784,-0.03783783784,-0.01091173618
0.07339406898,0.05390334572,0.02006841505,-0.03034555341,0.03262591067,0.004161389542,-0.004305705059,-0.007774975054,-0.02571833984,-0.00408719346,0.001422475107,0.03666666667,0.005913827091,0.009306597024,-0.01679171133,-0.006439435994,0.0223880597,-0.01908642505,-0.02077104642,-0.005185185185,0.02501467998,-0.0005615642935,0.01372107311,0.006810442679,0.008814742708,0.01930428135,0.002942750134,0.001961265016
0.004936560863,-0.002469135802,-0.007824726135,-0.005607814761,-0.008895705521,-0.01621621622,0.02567567568,0.006436742839,-0.04496632077,-0.01524330662,-0.03238636364,-0.005144694534,-0.007278835386,0.01162143609,-0.005087209302,-0.00871605766,-0.01710114703,0.01880192392,-0.02378274144,-0.01042442293,0.01615490376,0.06616696821,0.01434343434,0.00496054115,-0.01087390529,-0.01398030415,0.03334222459,-0.001712747737
-0.04339207998,0.01025459689,0.007661108607,0.006912861561,-0.01980810894,-0.004945054945,0.003425559947,0.00305969825,-0.01010293557,0.002778329034,-0.003523194363,0.00463262228,-0.02171460801,0.001188544996,-0.03834915997,-0.01882538609,-0.005728835137,-0.01502145923,0.00329218107,-0.0173062453,-0.0134175217,-0.007778656126,-0.01374228241,0.003926407898,0.005889186413,-0.002513137402,-0.009808982963,-0.02916666667
-0.06243243243,-0.02380119006,0.01610017889,-0.008310749774,0.02936532997,0.01012332045,-0.03098739496,-0.008872664274,0.005391873676,0.005937067089,-0.009428403064,0.005898123324,-0.0008648025368,-0.03640811743,-0.003418154197,-0.02401194853,-0.025394793,-0.02875816993,-0.006726825267,0.02679938744,0.004571428571,-0.01593422353,0.01373182553,0.006257682423,-0.02985989726,-0.008711957584,0.01968196038,-0.01994445847
0.09714615163,0.002151308713,0.01012323944,0.02750956458,0.01932515337,-0.003644314869,-0.0243902439,-0.03552432797,0.01244972228,-0.009639976392,-0.04491374182,0.01460554371,-0.04010386613,-0.03531561379,-0.1269054878,0.00412007063,-0.02671337859,-0.04172274563,0.07912124215,0.04138702461,-0.05517633675,-0.02185951618,-0.03047808765,-0.001554691838,-0.02534615694,-0.01202639965,-0.0005113127956,-0.02112313241
-0.02220178665,0.02540250447,-0.01241830065,-0.01719858156,-0.02768582606,-0.02852962692,0.01305555556,0.05858423061,-0.003972758229,-0.1199841081,-0.01152289007,-0.01796784701,-0.01172227232,-0.02724601665,0.002618943693,-0.002461899179,0.01237345332,-0.03838951311,-0.0251033216,-0.03401360544,-0.01709813365,-0.03489604026,-0.03431271831,0.03436770103,0.009287772397,-0.01919556063,-0.07149251822,-0.03473684211
0.01021093645,-0.004884856943,0.02029560997,0.001623669493,0.02940266171,0.004141566265,0.02577460927,0.06027337791,0.01006647673,-0.002031602709,0.01449275362,0.03231328911,0.0349756691,0.01094197692,0.08402263822,0.0188036197,0.01044444444,0.03407984421,-0.01004867326,0.01779095626,0.02352076442,0.05260148656,0.08319148936,0.01053763441,0.02822133187,0.02601543088,0.006887052342,-0.001635768811
-0.04051957264,-0.04698457223,-0.01491891892,-0.0185518732,-0.04239326518,-0.004686914136,-0.03581929965,-0.009301976886,-0.03403535164,-0.02239312373,-0.03105590062,-0.01917495854,-0.03291213635,-0.05021739226,-0.09357429719,-0.03622101742,-0.03078953156,-0.05602636535,-0.02664551943,-0.04734158776,-0.04907241173,-0.04984247691,-0.04223138873,-0.04798893382,-0.01948991764,-0.03838261653,-0.0414500684,-0.07782632441
0.01584808021,-0.003311258278,-0.01031606673,0.02936318591,0.01412872841,0.03541156527,0.04629886332,0.02138645214,0.05703718123,0.03007866728,0.00641025641,0.02145197083,0.03251291401,-0.01777506779,-0.05095259194,0.005625374028,0.02269117313,-0.09077306733,0.06273423497,-0.01567278287,-0.01535556954,0.02615993231,0.04491386382,0.03643679446,0.002433106939,-0.009676277587,0.03996003996,-0.005626295529
0.009733466752,0.00553709856,-0.002217786649,0.01711535033,0.006501547988,-0.004002183009,0.02146263911,0.007662496794,-0.009208103131,-0.004043126685,0.007961783439,-0.03662321539,0.05944673337,0.02876760646,0.02194211018,0.007498214711,0.02551586421,0.05211190346,-0.003986507206,0.0345631068,0.02722740637,0.02980501393,-0.005888125613,0.001833279413,0.005665781316,0.01661039873,-0.01125291615,0.01697438952
0.09779279279,0.002202643172,0.003111802623,0.008588957055,0.001845585974,0.01388127854,0.01426718547,-0.01089873564,-0.01115241636,0.0002255299955,0.02022116904,0.02555841924,0.01472222222,0.01037704798,-0.01324805847,-0.002953337271,-0.02790999567,-0.007820646507,0.003078817734,0.01351351351,0.01169736187,0.01067892886,0.02408687068,0.004413347686,-0.001409039922,0.0148973248,0.002775850104,0.01756954612
0.03253867301,-0.00695970696,0.04276534456,0.005387556482,0.008289837274,0.018735363,0.01918158568,0.02639200606,0.0009398496241,0.02570462232,0.008052028492,0.04471204188,0.02600602245,-0.001339233199,-0.07175925926,-0.0001184834123,0.01224126419,-0.01471361009,0.02885205648,0.02814814815,0.03247232472,0.02783368304,0.02371312898,0.01050262566,0.01269464937,0.009943603073,0.01813148789,-0.01237410072
0.0102130027,0.005164146072,0.009349766256,0.005185825411,0.02771010962,-0.004951370469,-0.01731493099,0.01223133405,0.001877934272,-0.05913387558,-0.01290322581,0.02114864188,-0.001334044824,0.04246441289,0.03740648379,0.02488446498,-0.0006596306069,0.08,0.02938544153,-0.02125360231,0.008458422683,-0.01666458359,0.02222222222,0.003711952487,0.02447323559,0.01148665155,0.03262642741,-0.01078088578
0.05959639668,0.009541284404,0.01494736842,-0.003955288048,0.01362962963,-0.03358805758,0.005617977528,-0.008877587806,-0.02155576382,-0.05514018692,-0.03548085901,0.02139772281,0.02751803366,-0.008144320488,0.005769230769,-0.009134003931,-0.01716171617,-0.04691358025,0.01072308361,0.01104158999,-0.0438275251,0.03270770665,0.008474576271,0.004332206255,-0.006409787073,-0.01413731862,-0.001053185887,0.01796759941
-0.004789129789,-0.01163213377,-0.005185646132,-0.02399861878,-0.03186202865,-0.01379183523,-0.006348400203,-0.009703993492,0.006130268199,-0.02002967359,-0.04420780897,0.03209686719,-0.003900156006,0.001726366524,-0.04780114723,-0.01796966161,-0.004701141706,-0.06528497409,0.0405734767,0.01710957408,-0.0401531999,0.01666666667,-0.04073803434,-0.03976854287,-0.009968112758,-0.02280302787,-0.01924090669,-0.05295138889
0.0335733204,0.03420375138,0.02001668057,0.01273660004,0.03019323671,0.01342532165,0.01610017889,0.0281411741,0.0150418888,0.02826141812,0.05671843349,0.002979515829,0.03471678413,0.01596980129,0.06074297189,0.03564638783,-0.2300944669,0.05099778271,0.008817856159,0.00214745884,0.01608958682,0.00605296343,-0.003618358408,0.0359373288,0.03909203273,0.0394532259,0.09177640419,0.0287198289
-0.005161150612,-0.00213371266,0.01778413737,-0.03301310044,-0.003516998828,-0.01251149954,-0.009557344064,-0.001712557574,-0.007690864753,-0.0181595092,-0.03162939297,0.019494987,0.01084762866,0.0577732811,-0.02460955987,-0.006080770996,-0.1019573474,0.001054852321,0.0004097241191,-0.01142857143,0.00354699772,-0.00890448734,-0.03937308869,-0.02411422528,-0.001901470818,0.005091624886,-0.02264615385,0.0100980101
0.2373748367,0.01247327156,-0.02088772846,0.03540462428,-0.003235294118,-0.0001863238308,-0.009649568309,-0.0004889708393,0.0003780718336,-0.0192451887,-0.04322005939,-0.03642323803,0.002745195907,0.007228650855,0.008733624454,-0.008195775136,0.005204944697,-0.01738672287,0.001365187713,0.0549132948,-0.03938399394,0.01050213989,-0.01333068046,-0.02460171237,0.003238223653,-0.008750072715,0.02165974059,-0.0620405763
-0.004192687718,-0.02745512144,0.001230769231,-0.004187020237,-0.02921215698,-0.02478568766,-0.05076923077,-0.04775947264,-0.01171579743,-0.01503567788,-0.04206896552,0.01001701002,-0.03758088601,-0.01953407553,0.02501202501,0.0292132216,-0.01326860841,-0.03163538874,-0.05657805044,-0.02808219178,-0.006964520368,0.0002503128911,-0.01189755999,0.01855555556,-0.02941195598,-0.02020989931,-0.03438925182,-0.02570532915
0.1030502885,0.01628664495,0.00020487605,0.02382620883,0.03495440729,-0.02541563157,0.03997839006,0.02829335775,0.02963671128,0.04864165589,0.03671706263,-0.009169161677,0.0623222136,0.02602305559,0.05302674801,0.01899807758,-0.07248278124,0.06644518272,0.0436416185,0.0422832981,0.01773190419,0.02102102102,0.0193877551,0.03414421294,0.03440828515,0.01944131792,0.04467704876,0.08783783784
0.03680866966,0.04273504274,0.02765260139,0.02395619439,0.03142437592,0.04490196078,0.02025974026,0.02801448034,0.04976787372,0.01850481125,-0.01354166667,0.007743153919,0.03334956183,0.03210749362,0.03520499109,0.03617800466,-0.06046676096,0.03686396677,0.1002492384,0.02096010818,0.05811988038,0.03700980392,0.04244244244,0.02521097046,0.03496514066,0.02604514753,0.06317204301,0.08192842354
0.01580722395,-0.06454918033,-0.01176001595,0.02205882353,0.02790432802,0.02233064365,-0.003054989817,0.01848955788,0.02069697506,-0.01695736434,-0.02780711017,-0.007308845577,0.03156654888,0.02649666456,0.02324580284,0.02731069937,0.01957094467,-0.02103154732,0.02768688648,0.007284768212,0.01105922831,0.02138501536,0.03764163626,0.008128408272,0.02264358776,0.009293236814,0.03080105735,0.001093493712
0.1106014142,-0.02701715955,0.0268253328,-0.004741661216,-0.0002770083102,-0.0003671071953,-0.041113381,-0.02078235046,-0.03500866551,-0.0174963036,-0.01991310644,0.03454785728,-0.01278830783,0.01720973967,0.01388304586,-0.008444537114,0.001476559616,-0.02046035806,0.00391868724,-0.03418803419,-0.01871657754,-0.0311189685,-0.00111049417,-0.007654623393,0.002142004712,0.01549583114,0.004571301148,-0.01256144184
0.1155838525,0.004502814259,0.009035552937,-0.01100706424,-0.02188972014,-0.006610356225,-0.006391478029,0.004878447173,-0.04543821839,-0.004013042388,0.009604728482,-0.002554744526,-0.00462641684,-0.004782227855,-0.04315352697,0.004100515193,0.01990416513,-0.01096605744,0.0121980971,0.04663036079,-0.009165221699,0.02388344877,-0.006485084306,0.0002056978299,-0.005345601482,0.002432653897,0.01176470588,-0.003318584071
-0.03886593299,0.02091893911,-0.02394393615,0.02707641196,0.0104815864,0.003696857671,0.02170999732,0.01820807213,-0.01185324553,0.01712415009,-0.004390779363,-0.03384559093,-0.02393678829,0.009610414903,0.04119687771,0.02272251309,0.01626310083,0.0464625132,-0.02108941914,0.01073170732,0.004625,0.0107301143,0.02107422604,0.007712082262,0.007883442928,0.003088591486,-0.006472136902,0.03496115427
-0.01323798578,-0.002927186242,0.01057040287,-0.01924632056,0.05074292122,0.04033149171,0.003410283316,-0.01573529373,0.008187357197,0.0116365437,-0.001837559721,0.01590607839,0.0180952381,0.01500549027,-0.05747605165,-0.01249104126,0.03307254623,-0.02774974773,0.05539825188,0.02895752896,-0.0235162374,0.004495730441,-0.03799086758,0.04969387755,-0.02168452559,0.03496725293,0.03765043613,-0.00563002681
-0.03373306876,-0.01100917431,0.007696862049,0.04007255937,-0.009871931697,-0.01593202337,0.009150326797,-0.01308359172,-0.01416430595,0.002202643172,-0.1056701031,-0.02031686859,-0.02408793265,-0.01118002434,0.003093239063,0.001036806636,0.08468158348,-0.01141670991,-0.01143123761,0.01282051282,0.02892456677,0.05112487593,0.01044237706,0.007485175464,0.014715894,0.01912533469,0.003937007874,-0.0110541925
0.007008928571,-0.003710575139,-0.003525264395,0.007293483431,-0.01455133387,-0.003417880914,0.01062176166,-0.003188263684,0.01130268199,0.01709401709,0.09098394401,-0.01046423135,0.01198178768,0.01203456611,0.0295154185,0.009839461419,0.01396382101,0.01312335958,0.01085545723,-0.00740969435,0.0173374613,-0.007108196721,-0.001315295002,0.00607873408,0.007163282755,0.02022383621,0.01854795972,0.003816793893
0.002061444341,-0.004096834264,-0.01552672956,-0.009916574847,0.0005468963631,-0.003790613718,0.003588823379,-0.002956653157,0.01060806971,-0.002641056423,-0.001886792453,-0.02134204961,0.02060146815,0.003604689383,-0.01283697047,0.002564102564,-0.02159624413,0.00103626943,0.01108906268,-0.01026438569,0.003043213634,-0.001761152498,-0.04101599247,-0.01217991752,-0.006046094105,0.003883265385,-0.01071800208,0.01167843563
0.08958789568,0.002243829469,-0.002196047115,0.003179650238,-0.01858431265,0.02119949266,-0.02247765006,-0.03605907692,0.006935332709,-0.003610977371,-0.0003780718336,0.009430255403,-0.03016241299,-0.02046601673,-0.008235804075,-0.02117647059,0.007677543186,-0.03105590062,0.01131378435,-0.004714016342,0.01868932039,-0.02337644008,0.0001961938395,-0.03165048544,-0.03648701388,-0.03420127727,-0.02682234143,-0.004832214765
0.01798729115,-0.02537313433,0.02180872349,-0.006339144216,-0.01086048454,-0.008516678495,-0.0120198589,-0.05610910183,0.005026061057,-0.01014737859,-0.0450075643,0.01790579992,0.002392344498,0.03738859395,0.006118881119,-0.01651337793,-0.02,0.008547008547,0.02237442922,-0.0113672245,0.0003573981415,0.004290411157,-0.001373087485,0.01203128133,-0.02134662284,-0.007799654286,0.0126459144,0.01132991637
0.00797718525,-0.01722817764,0.001174858038,-0.01929824561,-0.00731981982,-0.01198997853,-0.02459666755,0.0002695826013,-0.01704019263,-0.0002440810349,-0.03920792079,0.005162523901,-0.03603818616,-0.01236583977,-0.04474370113,-0.02454835282,-0.03304178814,-0.05985169492,-0.01462706565,0.01373363143,-0.02798618554,-0.02967972875,-0.02494598311,-0.01921933822,-0.002277435404,-0.02252060848,-0.05945138222,-0.01387036543
0.08677759531,0.02376314764,0.009192255036,0.05220361034,0.02467385139,-0.03586306828,0.01220173536,-0.03419142474,-0.01262483512,0.01293945313,-0.004122011542,0.03481072855,0.02153998514,0.02432700954,0.02091859936,0.0177579257,-0.06030150754,0.01633802817,0.007365439093,0.02047889099,0.03357020338,0.003707582934,0.01933924255,0.01696969697,0.01425831771,0.03368979308,0.01112119837,0.01541790641
0.02652515065,-0.004566210046,0.07364341085,0.02704791345,0.002767783006,-0.01315047905,0.01714438789,0.03034445566,0.02118320611,0.0241021933,0.03104304636,0.03419117647,0.03053805138,0.04366125886,0.02048997773,0.01188182402,0.01354723708,0.006651884701,0.0003374578178,0.01204075332,-0.005689900427,-0.004959044022,0.03754940711,-0.004966229638,0.04142630161,0.03658469105,0.0253647587,0.03862546617
0.07207462845,-0.005733944954,0.02581227437,-0.006772009029,0.002484129175,0.003236245955,-0.01237819331,-0.01308822455,-0.02541581013,0.008707931278,0.02288237656,0.03288304301,0.002351834431,-0.01639605599,0.06110868616,-0.01015550619,0.03447062962,-0.01046255507,0.0002248959856,-0.005186089079,0.008702908918,-0.01148955916,0.02933333333,0.01117987622,-0.01727994999,0.03874191275,0.009413309982,0.001025904078
0.02575682382,-0.02037677816,0.0453985571,-0.008636363636,-0.01211453744,0.01518026565,-0.0264,-0.02431586575,0.01093000959,0.002333177788,0.05180533752,0.02787816211,-0.0140778977,-0.01123130558,-0.01192924722,-0.003206155819,0.1088065284,-0.03728436283,0.001124227094,-0.008586323214,0.0111097979,0.003520730059,-0.02331606218,-0.003849950642,-0.008607775035,0.05350542886,-0.01496421601,-0.02280297207
0.03352847259,-0.0125588697,0.06564551422,0.002598196546,-0.01895206243,-0.007663551402,0.001095590249,0.01868981667,-0.02105462822,-0.003724394786,-0.01902985075,0.03934371338,-0.04759638267,-0.03854067853,-0.001248959201,-0.007397877131,-0.02790555044,0.006936416185,0.02369455362,0.02319826786,-0.01881940386,0.01684021443,0.04149298977,-0.01020711525,0.0003693338905,-0.01204675875,0.04634522237,0.004719454641
-0.04704615673,0.01232114467,-0.004896540831,0.04329268293,0.02642045455,0.01148992277,0.02161422709,0.0150150616,0.02267002519,0.0214953271,0.03385317611,-0.01095360825,-0.003498250875,0.03650905925,0.04668611922,-0.01058543962,0,0.04707233065,0.0004387889425,0.03415961306,0.03299976173,0.002649810925,0.06057849736,0.01421706047,0.01477423043,0.01219365274,0.04050499737,0.001565762004
-0.05683548656,-0.01413427562,-0.0273015873,-0.009059029807,0.002491004705,-0.008379888268,-0.02383502946,-0.01177934061,-0.02804092459,-0.03156450137,-0.02391464312,-0.04006514658,-0.01028084253,-0.03246194226,-0.03345280765,0.00327510917,0.01861198738,0.01644736842,-0.008004385965,-0.03653902368,-0.009341483105,-0.01628813948,-0.01012006861,0.01658440276,-0.02001854454,-0.0001853647686,-0.0239635996,-0.006253256905
0.08383680556,-0.03624054162,0.01419712794,-0.01430256561,-0.005797901712,-0.009577464789,-0.01810699588,-0.0313179455,-0.00253411306,-0.01747756259,-0.03090840558,0.01832371904,-0.03749683304,0.005711206117,-0.03172641121,-0.02600652884,-0.01393620316,-0.03236245955,0.01282192992,-0.03883495146,-0.002677532014,-0.02168843284,-0.01507537688,0.008254029909,-0.02896844338,-0.04746022701,-0.003625815809,-0.04535920294
-0.02678242483,0,-0.05245374095,0.02243829469,-0.001110802555,-0.004361016306,-0.02626431964,-0.006580396739,-0.003517686144,-0.01153846154,0.02022559315,-0.02882372542,0.0157936299,-0.0003524507918,-0.008510638298,0.01709306223,-0.002512562814,-0.002787068004,0.01626104987,-0.004734848485,-0.00583634878,-0.00810488677,0.02216748768,-0.01839545411,-0.02295071223,-0.002724912874,-0.02037845706,0
-0.03385618118,0.001239669421,0.02988622856,-0.005413313826,-0.02029469002,0.02647114835,-0.03098995696,0.02678519776,-0.03098646793,0.008511673152,-0.01143728555,-0.02247383771,-0.01762114537,0.009228112464,-0.01587982833,-0.007908611599,0.02329974811,-0.01229737283,0.03629725086,-0.01712654615,-0.005518375015,-0.01345830329,0.00395869191,-0.0203100471,0.004112116096,-0.01580659012,-0.04255996604,-0.02416918429
0.0202044293,0.03054065208,-0.00593569662,0.01338629009,0.01645856981,0.026716141,0.02517026947,-0.02103757403,-0.01821493625,0.009645526887,0.0204396452,-0.001930501931,-0.004484304933,-0.01055183231,0.008286088094,-0.04561558902,0.01969230769,0.01810979061,0.007357512953,-0.006131010003,-0.002715466352,0.001705237515,0.01834390537,0.01121682524,0.000389708142,-0.0009915147214,-0.0004434098215,-0.01069518717
-0.1502855425,-0.01281537845,-0.05042295571,0.002177384236,0.005025125628,-0.01337188291,0.000577700751,-0.02579015523,-0.01298701299,-0.02149510389,0.04308390023,-0.07508352383,-0.02676205617,-0.04230436662,-0.03935986159,-0.1107888631,0.03892576946,-0.0539188438,-0.06213352536,-0.02272727273,-0.1014561383,-0.07673151751,-0.04175084175,-0.02743389125,-0.007599687465,-0.06312083412,-0.07308417434,-0.02731152205
0.03818339032,0.01379310345,0.04733624454,-0.007242178447,0.01055555556,-0.0141025641,0.01530023095,0.001765734897,-0.01796157059,0.04173785697,-0.02065217391,0.03365019011,-0.01442962156,0.009653221377,0.05402971634,-0.02661448141,-0.01481266337,0.02702702703,-0.004606778546,0.005980066445,0.02121212121,0.03160822657,0.0467322558,0.04144602851,0.0007850790126,0.02923629681,0.09033261546,0.0163790582
-0.0148781919,0.009603841537,-0.03702468312,0.003501604902,-0.003573391974,0.01801969162,0.01137332954,0.02671781985,0.01658868567,0.02085285848,0.01405845357,-0.0213352952,0.001657458564,-0.0319877489,0.005980350278,0.02546575526,0.002358490566,-0.01258581236,0.04330578512,-0.02344782034,-0.008127983486,-0.01544243811,-0.003356831151,-0.007920211206,0.04080777291,-0.02861167089,-0.02995720399,0.03539568345
0.01481467248,-0.004756242568,0.004676134396,-0.008868857226,-0.0005517241379,0.003284671533,0.01096429575,-0.01229808987,0.03033472803,0.02295157218,0.02043049982,0.00451043037,0.02730281302,0.02772527993,0.05307855626,-0.01999738596,0.005882352941,0.0550405562,0.04129700042,0.01859993236,0.01105619147,0.02087136929,0.01987201078,0.01547407845,-0.004901242969,0.02288717471,0.02126696833,0.06197887715
-0.03839890938,0.01513341298,-0.08033097742,-0.007774680945,0.0002760143527,0.002910149145,-0.03392658509,-0.001156599726,-0.04121827411,-0.006955351133,0.009295673936,-0.05500467727,0.00322147651,0.0003707837394,0.02137096774,-0.008535609496,-0.02192982456,0.0483250961,-0.01764884877,-0.00796812749,-0.01685320983,-0.02184692924,-0.002476882431,-0.002426477725,-0.006249783595,-0.03584155134,0.001107665042,-0.01465584925
0.1184184618,0.01412318556,0.02624179944,-0.005617977528,0.02593818985,0.02430177729,0.03367875648,0.02463693114,0.01334180432,0.01604157253,0.01877435352,0.04078400317,0.06930693069,0.01773112044,0.0461902882,0.02919020716,-0.0245142003,0.02409638554,0.005782137326,0.04819277108,0.02761057315,0.0710352995,0.02036086741,0.0472854641,0.01124544869,0.01740513129,0.04049568489,0.004515272244
0.02012323944,0.008510638298,0.03744292237,0.002527505204,-0.008068854223,-0.01274787535,-0.00306321359,0.00311250146,-0.01212121212,-0.0008894818768,-0.01425591099,0.03823473464,0.0002502502503,0.01197776609,0.03358490566,0.007711410273,-0.005516395955,0.01227621483,0.003695719125,-0.001915708812,-0.01973767987,-0.000611057226,0.0223880597,0.002229654404,0.003770683848,-0.01013770381,0.002871118673,0.008725542041
-0.06509845883,-0.02685078634,0.01408450704,-0.01557170399,-0.007321041215,-0.008070301291,-0.008100558659,-0.01240822852,0.009731330654,-0.02136657022,-0.01199294533,0.004946866984,-0.0005003752815,-0.02869575016,-0.008032128514,-0.02723735409,-0.01294298921,-0.02071753411,0.04306024343,-0.02719129878,-0.01065211743,0.02304997234,0.0401459854,-0.008620689655,0.01671447236,-0.003200477938,-0.001696532711,0.004456094364
-0.05325727788,-0.002364998029,0.01475694444,0.001355830069,-0.001638896476,-0.01807991322,-0.0002816108139,-0.003141828378,0.01152315106,-0.008642256084,-0.00428418422,0.02114858706,-0.004755944931,0.02511236943,-0.006256900994,0.0006666666667,-0.01498595067,-0.004127966976,0.003922337713,-0.04274909569,-0.0009191176471,0.0333263765,-0.01403508772,-0.01411874708,0.01514409787,0.002996703626,0.03643122677,0.01409185804
0.04763483212,-0.007902015014,0.04106073567,0.001203550474,-0.007387140903,-0.001104768919,0.01549295775,0.006587947987,0.01201325601,0.007341133287,0.03119397634,0.05945366899,0.004778672032,-0.04214538405,-0.003703703704,0.01998667555,0.0177496038,0.01554404145,0.007814026177,-0.00171762281,0.01445656459,0.01422997475,-0.01485378307,0.01100151745,-0.006185939874,-0.001493875112,0.03299856528,0.0002573340196
-0.01356809172,-0.00238948626,-0.02547247329,-0.01352366642,-0.046030871,-0.02912442396,-0.01276005548,-0.02162556962,-0.02742529677,-0.03598269187,-0.02364394993,-0.03522076171,-0.03704630788,-0.03610618794,-0.03866171004,-0.03487916395,-0.05014014326,-0.02908163265,-0.005233572398,-0.03097040606,-0.01813706439,-0.02953609414,-0.0299984294,-0.03339587242,-0.02288570741,-0.0485144639,-0.03849206349,-0.007460766658
-0.01616981132,-0.01357285429,-0.01669477234,-0.01066260472,0.003756139844,0.004366812227,-0.01489182355,0.005524270111,0.01599326599,-0.002834868887,-0.0349002849,-0.004890829694,0.02651416688,-0.02106828211,0.01353441609,0.0106930157,0.01836065574,-0.002101944298,0.0290335152,-0.0078125,-0.03681224436,0.002798194232,0.04727979275,-0.002717391304,0.003185115578,-0.03795971834,-0.01021460999,0.02643856921
0.04384097578,0.02347227843,0.02846853027,-0.00246343341,0.01065054692,0.01890359168,-0.00285225328,-0.007808339009,0.03148301574,0.01326699834,0.0007380073801,0.00579252238,0.0205115219,0.003586951253,0.0568485311,0.05745279229,0.005795235029,0.0289626119,-0.007195606893,0.03686471009,0.04287671233,0.01255673785,0.004483611626,0.007979758661,0.00803139156,0.03081834895,0.04211404149,0.03333333333
0.08895992945,0.01028074338,-0.03034850759,-0.00293255132,0.002563372259,0.0133580705,0.01573226545,0.001747034596,0.003815261044,0.003740939911,0.004793510324,-0.01640488656,0.05334987593,0.03454993319,0.01913357401,0.03609422492,0.0204865557,0.005629477994,-0.03089834064,0.06662064204,-0.02101668199,0.00941559038,-0.003540095429,-0.008109673682,-0.01797110652,-0.0106459835,0.0167050115,0.01417399804
0.05592954396,0.005479452055,0.03078245916,-0.01950464396,-0.01221590909,0.005858659832,-0.001971275697,-0.009895588068,-0.01080216043,0.01677148847,-0.0304587156,0.0356635912,0.01436984688,-0.01573709519,-0.06057739993,0.02921403251,-0.03575909661,-0.04071246819,-0.0001968116512,-0.009061488673,-0.00483026969,-0.03048586275,0.0202347853,-0.01790928558,0.02943300247,0.008242115766,0.02026761118,-0.01807228916
-0.02420669159,0.008952899961,-0.01184517851,0.0183138617,-0.01495542134,0.006916636331,-0.0039503386,-0.001174278704,0.001617795753,0.005040091638,0.008327024981,0.001027925304,-0.004644681839,-0.001170002095,0.02228892266,-0.009144893112,-0.001951854262,0.02175066313,0.03582677165,0.0182887002,0.01523527032,-0.02780254747,-0.004542013626,-0.008523290387,0.004947758538,-0.03996299855,0.0418514947,0.08687116564
-0.002325162516,0.04668209877,-0.006415667736,-0.01643410853,-0.01430656934,-0.01934201012,-0.008781869688,-0.02501395685,-0.007672117908,-0.004558924094,-0.01614114114,0.04843402362,-0.05296313579,-0.007811788915,-0.01479104423,-0.000839026729,-0.007496740548,-0.0005192107996,-0.02736602052,0.03078896729,-0.03930942895,0.01749456915,0.003650190114,-0.01339464214,0.01586822043,-0.0009461138374,-0.006293965198,-0.01422442989
0.1179241412,0,0.0266779949,-0.001418663304,0.01332938389,-0.001290322581,-0.009717062018,-0.004227112125,-0.001017293998,-0.002976871995,-0.0003815337657,0.01420176298,0.0251293422,0.02991372881,-0.006739049045,-0.01031669866,0.006896551724,-0.08,0.0156311059,0.04542626011,-0.002211777716,-0.02538263733,0.02227610244,0.04863221884,0.01490045512,-0.01728292915,0.02943368107,0.02130096198
-0.03795108201,-0.008109104313,-0.02234359484,0.002367797948,-0.007015492546,0.0180878553,-0.00404040404,0.004245056454,-0.04949083503,0.01676619201,-0.0320610687,-0.02881055851,-0.02595529921,-0.01681505377,-0.01771579344,0.001212121212,-0.09034572733,-0.001129305477,-0.01192766449,-0.009226190476,-0.003602105846,-0.0352928577,0.004891787726,0.00231884058,-0.004421684848,-0.02288450224,-0.008143322476,0.01233460417
-0.0006561980192,0.008918617614,-0.01100389369,-0.007716535433,-0.0108919635,0.008701957941,-0.01738626485,-0.0214319637,-0.02185558174,-0.006098938333,-0.01025236593,-0.01375538615,0.0002467308167,-0.01476687713,-0.01266308519,-0.01525423729,0.008246683399,-0.002826455625,-0.01090342679,-0.003604686092,-0.01167964405,0.002149626086,-0.003097802036,-0.02911123964,-0.006929925342,-0.02071091917,-0.02025177887,-0.01927337173
0.008291848639,-0.004788213628,0.03868538172,-0.001745754642,-0.008035714286,0.006290438533,0.005897965202,0.001851788111,-0.02409638554,-0.002272727273,0.009163346614,0.04688287683,-0.005180069068,-0.02327589653,-0.01748931209,-0.0231128596,0.02524893314,0.004535147392,0.03405511811,-0.03828760929,0.005908835115,-0.0304632427,-0.04794317846,0.004765687053,-0.00948220885,-0.02190425205,0.08472998138,-0.0413372487
0.1120719684,-0.01517394523,0.03032300593,0.02829888712,0.03300330033,0.01018038936,0.0134857813,0.003387524565,0.03007856341,0.007972665148,0.03987366759,0.01605136437,0.02479543764,0.01453902451,-0.01147151899,0.02542159577,0.01144640999,0.04288939052,0.03312392918,0.05956112853,0.03818181818,0.03869124903,0.01243394467,0.01462450593,0.05834586963,0.03217642708,0.01785407725,-0.01248821866
0.02411853627,-0.02292371289,0.03374920026,-0.0004638218924,-0.01103688644,-0.01768033946,0.0005785363032,-0.0003081621892,-0.04096753105,-0.02011299435,-0.02809415338,0.01595576619,-0.04355189935,-0.04856773985,-0.01240496198,-0.02515954836,-0.01748971193,-0.01677489177,-0.01418831767,-0.008875739645,-0.02330594099,0.04312,-0.01596561253,-0.008959875341,0.00750876933,0.004987740658,-0.03912970147,0.03769983298
0.02279255319,-0.02807692308,-0.000464180721,-0.0120649652,-0.02290748899,0.01853851692,-0.01936976005,-0.01780013974,-0.02044989775,-0.02283210332,-0.016015625,-0.001088477686,-0.02833291171,-0.02677867205,-0.01863857374,-0.02543119728,-0.02862129145,-0.01375894331,0.03551401869,-0.007164179104,0.008689655172,-0.02516488995,0.008892355694,0.01788522013,-0.03438819627,-0.04144093785,0.02404774443,0.01057714417
0.01114231479,0.009101701622,-0.0326625387,-0.02019727572,-0.00120228434,0.04806502916,0.005896226415,0.0124979513,0.01507770819,0.01982534812,0.003969829297,0.003268991283,-0.007550117157,0.03224738243,0.0156895128,0.03927141196,-0.02084081926,-0.01004464286,0.02490974729,0.01834034877,-0.008204567209,0.01168290932,0.03819390753,-0.001737787218,0.01713802413,0.00543642651,0.01148440178,-0.00204778157
-0.07475794319,-0.04078431373,-0.06385021603,-0.01773729626,0.02287089979,-0.05850615411,-0.01758499414,-0.06512462502,0.01782449726,-0.02846563296,-0.03321470937,-0.06392552366,-0.002623294858,-0.00541560437,-0.04796747967,0.009944064636,-0.0128440367,-0.01409244645,-0.01585065164,-0.04517271922,-0.01571763408,0.00340218712,0.01131963062,-0.03288201161,-0.03349753695,-0.01261369673,-0.0582952042,-0.04354765162
0.06095306919,0.002861815209,0.006153846154,0.02489019034,0.0005884083554,-0.001074498567,0.01431980907,-0.0293801254,0.01571621015,0.002620295379,-0.01349693252,-0.006298690535,0.01157285639,-0.01633103448,0.00170794193,0.01649230769,0.006691449814,-0.01829616924,0.01002147459,0.01113172542,0.01512816921,-0.004969726326,-0.00972017673,0.0222,-0.01896024465,-0.01147374489,-0.009717473457,0.001668653159
0.06269075095,0.02323685283,-0.03414882773,0.01746031746,0.003528374008,-0.01219074937,0.05176470588,0.02346783468,0.02144120248,0.007365169874,-0.1256218905,-0.03536280234,0.05720228809,-0.008089672401,-0.01534526854,0.01065504298,-0.002954209749,-0.0005824111823,0.01328844791,0.0128440367,0.0426383331,0.02349287328,0.001189767995,0.009587164938,0.02950955943,0.04510593397,-0.08577139742,0.02522608282
0.01407634755,0.02390438247,-0.01248900616,-0.02308892356,-0.006445941987,0.01615245009,0.024049217,0.04719080289,0.02380437135,0.008962264151,0.03082029398,-0.01314196784,0.009345794393,0.04592391541,0.01731601732,-0.01904876003,0.04518518519,0.0168997669,0.01223990208,-0.04589371981,0.005558496559,-0.0005992865636,-0.03980986334,-0.006201550388,0.004642712959,0.05224590434,0.04531902206,0.04526462396
0.04584847638,0.05097276265,0.01710010688,-0.01900351325,0.003243880861,-0.007322736203,0.02894593119,-0.03046657813,0.01564151342,-0.008648901356,0.02437902484,0.005782372525,0.011208577,0.03241703402,0.04255319149,0.0211284807,0.04358610914,0.0229226361,0.01053722577,0.0664556962,-0.001710976573,0.04700081856,0.01624381188,0.007020280811,0.0006027727547,0.03382251198,0.0315649363,0.01687763713
0.0202573132,0.0125879304,-0.007880910683,-0.0149763959,0.01116990006,0.006117308384,0.01194267516,0.02684350481,0.02601456816,0.004008488564,-0.0008980691513,-0.01393728223,0.02578313253,0.033783811,0.03551020408,0.008970218873,0.02648556876,-0.02801120448,0.01094017094,0.006824925816,0.02346736981,-0.01693636364,0.008220429289,0.03698683191,0.02228915663,-0.01856225561,0.02175115207,0
0.05711616887,0.02961608775,0.0480141218,0.02445876715,0.0523255814,0.03075822604,-0.008130081301,0.01274895863,0.006490872211,-0.01009863786,-0.02292134831,0.03975265018,-0.006812309138,-0.03691133953,-0.004729996058,0.03473210052,0.007939133311,-0.01671469741,0.02806898884,-0.02534630121,0.02061058869,-0.000804534988,0.04182394685,0.00466853408,-0.0001964250638,0.01442141387,0.04113296049,0.01004586154
0.07234913793,-0.01455965909,-0.01061141991,0.006613969995,-0.006077348066,-0.00919500347,0.02855631941,0.01290809786,0.007658202338,0.01494661922,-0.006899724011,-0.02837723025,-0.01490066225,-0.001197561183,0.06376237624,0.0208500401,-0.02986544142,0.02461899179,-0.03947368421,0.02661022074,-0.01300012621,0.0001110596946,-0.005362318841,0.005204460967,0.03811394892,0.004661112583,-0.004505285046,0.005405405405
0.03101071206,0.003603603604,0.01310861423,-0.02163461538,-0.005836575875,0.005603221853,-0.001285347044,-0.01460572855,-0.0572,-0.003038803179,-0.01111625753,0.04302203568,-0.006242496999,-0.0003969652412,0.001489203276,-0.007631017843,0.01860622463,0.00114416476,0.06746575342,0.01826215022,0.001534526854,0.01017934149,0.008305405799,0.008136094675,-0.02744133232,-0.0002319743705,0.01531766754,-0.02430107527
0.0430214425,-0.01436265709,-0.01092253403,-0.01474201474,-0.006150405368,-0.009054501132,0.007722007722,-0.03122096788,0.03266864658,-0.03516998828,-0.01920374707,-0.001006036217,-0.001691229766,0.005596190862,-0.01040892193,-0.02793169739,-0.05645964796,0.001142857143,0.01379531601,-0.002892681516,-0.0154494382,0.0009160696946,0.01430635838,0.01889214967,-0.00700525394,-0.005568676682,-0.005143151037,-0.008155168614
-0.04712467528,-0.02258652095,-0.01970778118,0.01729010806,0.007594936709,0.02881743103,0.01149425287,-0.006509357201,0.005751848809,0.006561360875,0.1614135626,-0.04749916079,0.01210067764,-0.02425490417,-0.03155522164,-0.03722661703,0.1351636748,-0.002796803653,-0.02136075949,-0.01073397157,0.005965503826,-0.001711482492,-0.003134349622,0.02862286229,0.004703115814,-0.01656625396,-0.02067895916,-0.014
0.02760588795,-0.007081625047,-0.01039861352,-0.00130740317,-0.01116694584,0.005636208369,0.01515151515,-0.001312595063,-0.01266339869,-0.006518590053,-0.01480263158,0.006696035242,-0.00549976088,-0.01100203604,0.007370054306,0.008699855002,-0.001550387597,-0.006925762692,0.02910266774,0.01319648094,0.01327832925,-0.002979601192,0.02172359583,0.002450122506,0.02028476692,0.02040418773,0.02956185113,0.0216362407
-0.01990723952,-0.01839339339,-0.01628721541,-0.01652757323,-0.01044607566,-0.01698369565,-0.01268656716,-0.0118105768,-0.0318576748,-0.02041312272,-0.02671118531,-0.006301417819,-0.02668910796,-0.01236047488,-0.03889102811,-0.0153330139,-0.01211180124,-0.01325648415,-0.02372348782,-0.02402315485,-0.01399491094,-0.002418390805,-0.01748496293,-0.02391759777,-0.01624928312,-0.01185820088,-0.0126474107,-0.01455989411
0.05786757546,0.02715105163,0.0575040057,0.04808652246,0.009415121255,0.0207325501,0.02469135802,0.04515428703,-0.02329059829,0.03225006202,0.06560891938,0.03840056368,0.008399209486,0.04297015386,0.06049679487,0.01861313869,0.05815781201,0.113317757,-0.0119085935,0.0293594306,0.01961290323,0.002424253597,-0.02092824601,0.01591844035,0.04916439953,0.004000168428,0.06543188506,0.05730915603
0.1254383623,0.01228592703,0.02643097643,-0.01857437689,-0.007914075749,-0.003046716317,-0.01844111138,0.02223624369,-0.006781885802,-0.007209805335,-0.007243460765,0.02391857506,0.02670259677,0.02800029188,-0.02568945977,-0.006688164338,-0.005644682115,-0.007345225603,-0.007491856678,-0.006914433881,-0.01923563655,-0.009195402299,0.0103242693,-0.02007042254,-0.01018707168,-0.06093282809,0.01267262388,0.0004234596655
-0.09253216216,-0.03089371092,0.003772347056,-0.01019087674,-0.05156695157,-0.02139219015,-0.04133266533,-0.03667036549,-0.003303964758,-0.01960784314,0.008917713822,0.03064943671,-0.0529706514,-0.00700362406,-0.1721597518,-0.02116147649,-0.01912160143,-0.04016913319,-0.04840827043,0.03597331012,-0.02322580645,-0.03190719258,-0.03540587219,-0.02137980596,-0.0374251497,-0.01297783522,-0.02069629392,-0.03619047619
-0.03437367629,0.06261859583,0.03120915033,-0.04559568557,-0.01081405828,0.02602359473,0.0412856023,0.02903115495,0.02563535912,0.03086419753,0.04218561671,-0.02346889568,0.00781053162,-0.002351006922,0.01405152225,0.002702370716,0.04964971063,0.04019823789,-0.003793757544,-0.01932231868,-0.04029062087,-0.01976762022,0.02999104745,0.07141545805,0.02410575428,-0.005309960634,0.09780471822,0.0155906895
-0.1026665298,-0.02964285714,-0.0180636983,-0.02654109589,-0.005466140298,0.01099086912,-0.01028858218,-0.01097002134,-0.02865761689,-0.0194011976,-0.03276792598,-0.03144032922,-0.01275,-0.01964054694,-0.0480369515,-0.02597084405,-0.01828206616,-0.05611434621,0.01332871733,0.03169617362,-0.02037164487,0.02872371638,0.0305664204,-0.02176148047,-0.008731966591,-0.01169343402,0.0252201164,-0.04583783784
-0.03848434103,-0.02870813397,-0.03824431176,0.0290237467,0.01526717557,-0.005853821709,0.008367139959,0.04405554337,0.009538598048,-0.004885197851,0.0195296931,-0.03772943576,0.005317801975,0.05809623966,0.02523047065,0.01169664193,0.01418859001,0.09646662928,0.0008541168432,0.006365900913,0.02444850358,0.001549621151,0.01363508575,0.004379050622,0.01531980084,0.03266602409,-0.001164483261,-0.01926127351
0.0862261069,0.01174687382,0.01593959732,0.009743589744,0.01082706767,0.02624495289,0.02539602716,0.05585893831,0.0129641837,0.02577319588,0.009382329945,0.00971388202,0.05440806045,0.01893019276,-0.02460955987,0.003356539035,0.05071407753,0.01585677749,-0.01006997781,-0.008250825083,0.01179536415,0.007356430944,0.0117875468,0.0115102895,0.02697095436,0.03387177544,0.04998542699,-0.005776340111
0.009958770689,0.01310861423,-0.01040462428,-0.01963771796,-0.008628384409,0.005737704918,0.01961745954,-0.0207007851,-0.00737527115,0.01770758555,0.0302091402,-0.001224418401,0.01409460105,0.05462824173,-0.004366812227,-0.0009912030727,-0.01914008322,0.0055387714,0.01620689655,-0.0224625624,-0.001084451674,0.02826855124,0.01603618421,0.01310344828,0.005325987144,-0.03517122801,0.02012491325,0.0006971880084
-0.07761255842,-0.005175600739,0.001001335113,-0.001036090485,-0.006602641056,-0.02738386308,-0.003607503608,-0.00968787165,-0.01398601399,-0.0136374324,-0.02330827068,-0.02189141856,-0.01531213192,-0.01761972953,-0.01072124756,-0.007813468932,-0.01131221719,0.05408112168,-0.03800475059,-0.01645390071,-0.02361243045,-0.004352806415,-0.02023472278,-0.01769911504,-0.01808549507,0.01248491953,-0.00380952381,-0.01393404552
0.003057417444,0.007432181345,-0.005668556185,0.02126188418,0.01722054381,0.03871292107,-0.008930726527,0.01749098488,0.003324468085,0.01287246722,-0.0003849114704,-0.01199641898,-0.01315789474,0.02439175115,-0.02807881773,0.024125,0.006864988558,-0.009026128266,-0.01710758377,-0.01009518316,0.001945795691,-0.02842153705,0.03042819771,0.004851004851,0.001674418605,0.0236728633,-0.03031958481,0.004710315591
-0.02573831118,0.02877167097,0.01710261569,0.02369668246,0.02465102465,-0.04517586318,0.009498295178,-0.002913281115,0.05500331345,0.00941397976,0.01925298421,0.0284523378,0.03878787879,0.002799828249,-0.005575266092,0.02013914317,0.01306818182,0.0393096836,0.01435492553,0.01194638695,0.04036620891,0.01255186525,0.04462854089,0.01206896552,0.005200594354,0.02987360776,0.06830985915,-0.01781528364
-0.07001115803,-0.03155252779,0.01038575668,-0.008928571429,-0.02057971014,-0.01503886448,0.01592279855,0.02074929645,0.003978224456,-0.01165772907,-0.02493388742,0.02572687225,0.003267211202,-0.04539052769,0.006625891947,-0.005982292414,0.01009534492,0.0004612546125,-0.02830355563,-0.005182839044,0.02453333333,-0.0007016756013,0.002686108979,0.008858603066,-0.0140428677,-0.004444630492,-0.006196440343,-0.01575178998
0.05276777942,0.02036282858,-0.00424212759,-0.01284617951,0.02663509914,-0.007033796535,-0.004274519117,-0.01460271417,-0.02460896767,-0.01226704411,-0.0267338241,0.002233293249,-0.01418934636,0.02194502623,-0.02025316456,-0.0002407318247,-0.01693503609,-0.004610419548,0.00983069361,0.00520984081,-0.01301405518,-0.006319514661,-0.004847557086,-0.01756163458,-0.01742878561,0.006344251712,-0.02494030247,0.02158098933
0.09608938547,-0.009796806967,0.01491069966,-0.02467466622,-0.02219659844,-0.01261230131,-0.00119246363,-0.02731048166,-0.02287791319,-0.00931454502,-0.01871019108,0.02365443949,-0.0136857008,-0.005368445871,0.0005167958656,-0.01155790994,-0.0279582039,-0.02779064382,-0.05480439877,0.01785200115,0.0677742616,-0.02143456099,0.03563645686,-0.008594018563,-0.01106236887,0.003268873443,0.02653061224,-0.0173273202
-0.05619775739,-0.01648955661,0.001775912173,-0.001039681164,-0.01857311321,-0.01959755031,0.002865329513,-0.03016708385,0.002625820569,-0.0106075217,-0.008519269777,-0.006697923644,-0.03397129187,-0.005036377892,-0.008780991736,-0.005602923264,-0.01801278327,-0.006193425441,-0.01449551783,-0.02913719943,-0.008891084218,-0.01540505671,0.01930932046,-0.003120665742,-0.01639344262,0,0.01325381047,-0.007004830918
0.01449447547,0.01005961252,0.03803384367,0.01179531657,0.01922499249,0.01017312154,0.01619047619,-0.005234072679,-0.006110868616,0.0126705653,0.0143207856,0.0281523938,-0.007429420505,-0.01374512506,-0.01459093278,0.005756981872,0.01686390533,-0.02732502397,-0.02922392104,-0.001748251748,0.06478943434,0.01088380826,0.04553734062,0.1222608696,0.01529411765,0.03653619077,0.0121648136,0.04475796643
0.05855486591,-0.1040206566,-0.01537028412,0.004457397566,0.0135573239,0.02261484099,0.04920337395,0.01516988824,0.008563899868,0.009865255053,0.01331181928,0.002951303492,0.01147704591,0.01466882716,0.03067160233,0.001461454147,-0.003782368344,0.03302119271,-0.007177033493,0.003210741389,-0.005733676574,-0.01209189843,-0.02601626016,-0.02479466915,0.01989185014,-0.007633912534,-0.02261566296,0.01047729919
0.0328978467,-0.02305475504,0.004572690003,0.00204813108,0.01773771445,-0.02660677263,0.02947744529,0.003964661762,0.03570650991,0.03335715988,0.01671974522,0.01373222168,0.01159348791,0.03975518367,0.03181118522,0.008026267785,0.00613317757,0.03816793893,-0.09477911647,0.02967704393,0.03718959633,0.006736842105,0.04447889339,0.03114571746,0.01495928801,0.02873426344,0.05645907709,0.05046082949
-0.057030185,-0.02444163506,-0.02684037043,0.02146142054,-0.01257142857,-0.01366702165,-0.03383947939,-0.0425272278,-0.002943031322,0.01314272539,-0.02545027408,-0.02338332527,-0.01243599122,0.04240598855,-0.03928393834,0,0.006966618287,-0.05514705882,0.03593611358,-0.01186775925,-0.01146034268,-0.007421240505,-0.01975111314,-0.001695176452,-0.008768656716,-0.02067383267,-0.03041301627,-0.01425751261
-0.06505374679,-0.01166306695,-0.01967741935,-0.001834250459,-0.01417824074,-0.02321396437,-0.04265828469,-0.02316039155,-0.001686696184,-0.007737824306,-0.04700683005,-0.03863936592,-0.04962962963,0.0003311784207,-0.06780538302,-0.03462420075,-0.008071490343,0.001945525292,-0.06809421842,-0.02688018301,-0.03891184573,-0.04483096521,-0.001747030049,-0.02840382834,-0.02315076228,-0.04828174754,-0.05937782367,-0.01958166444
0.002661718741,0.03671328671,0.01316222442,0.0138656866,0.007631347226,0.01565954311,0.01383677298,0.02273460349,0.04857444562,0.02041284404,0.01180438449,0.02765372724,0.004676539361,0.01700274652,0.01166018878,0.00912271932,0.004359197908,-0.0140776699,-0.009191176471,-0.03261827799,0.001672041084,0.03885098743,-0.02578462256,-0.00540197013,0.04836223507,0.004247465803,0.02127075614,-0.005674080799
-0.05584684526,-0.05143338954,-0.02484572913,-0.0092272203,-0.003204194582,-0.03537094141,-0.006014341892,0.00190647635,-0.04954682779,-0.02382557878,-0.0025,-0.008022731071,-0.031290406,0.007537104211,-0.01317233809,-0.02092879257,-0.03153935185,-0.02117183653,0.07189239332,0.006986634265,-0.01096935734,-0.009371728783,-0.01640718563,-0.01837060703,-0.01488696931,-0.003054639713,-0.06839559258,-0.02693448984
-0.04999183331,-0.03511111111,-0.03014154871,0.02078829203,-0.01022793688,0.0212485897,-0.03188270887,-0.006974753655,-0.004238186056,-0.002763067004,-0.02715121136,-0.02965459141,-0.03203416978,-0.05985895758,-0.06229143493,-0.02580318745,-0.002987750224,-0.02012072435,-0.02293379489,-0.006636500754,-0.03363471971,0.01095570863,-0.05174723,-0.02978030919,-0.01436567164,-0.0492571973,-0.04341554882,0.001642036125
0.003499981579,0.03869184708,-0.01459478022,-0.0004887585533,-0.004428697963,0.01031117658,-0.03966346154,0.02681274531,0.02723983826,-0.008773955207,-0.00987548304,-0.001389130057,0.0165471594,0.005884477674,0.08185053381,0.008439366398,0.03266406952,0.01745379877,-0.03675819309,-0.002429395688,-0.009106786427,0.02391235751,0.08834103749,0.0214693056,-0.01154646981,-0.001735322822,0.05473462002,0.03536299766
0.03129206745,0.01197339246,0.02491723297,-0.01858190709,-0.01512455516,0.02041188263,0.03879849812,0.01896354365,-0.004143360265,-0.002329373399,-0.002168256722,0.03773256825,-0.005968529571,0.02063904335,0.002192982456,-0.006694991631,0.01625072548,-0.01109989909,0.03310344828,-0.005783866058,0.009819967267,0.01421458632,-0.0102642756,0.02200328407,0.01474530831,0.04395253941,0.03616869192,0.004750056548
-0.0176217204,0.03856266433,0.0566133968,-0.0009965122073,0.003613369467,0.005536702983,0.03301204819,0.02348880197,-0.01040149782,0.01260798506,0.02477183833,0.05144101877,-0.02374454148,0.01179826134,0.0590809628,0.01127673364,0.04568817818,0.02040816327,0.001557632399,0.04011022658,0.0113452188,-0.03466808466,-0.03087376326,0.02811696658,0.01264389507,-0.00475757644,0.03159492274,0.0137325529
-0.05091440582,-0.008438818565,0.01432019308,0.01330008313,0.003600360036,0.01207815275,-0.006764637275,-0.01698945975,-0.0292200967,0.005994927369,0.0122985581,0.02422310757,-0.02152641879,-0.003332106722,-0.06095041322,-0.01730325558,0.00546149645,-0.0515,0.04021328594,-0.008536944363,-0.09874260355,-0.02888985068,-0.01168511685,-0.0175027348,-0.0290719344,-0.02533317567,-0.020061522,-0.0146568954
-0.04781662445,-0.04340425532,0.0152284264,-0.0006562756358,-0.03258594918,-0.02035802036,-0.04344762799,-0.04244981374,-0.06842789086,-0.02131560853,-0.06116464181,0.009335615373,-0.04,-0.0441193407,-0.01870187019,-0.0387374462,-0.01222161869,-0.05271481286,0.01772746689,0.03087885986,-0.03351114759,-0.001144593568,-0.017423771,-0.07809766184,-0.01631477927,-0.02256101024,-0.05568445476,-0.01870633311
0.1728152485,0.06761565836,0.02125,0.01756690199,0.00803461063,0.01934790398,0.08519518782,0.03198199312,0.03277545328,0.03044496487,0.1062025881,0.02158162479,0.03005952381,0.02692445348,-0.0201793722,0.03107191316,0.07093758592,-0.001112966055,0.06610703043,0.003456221198,0.01457684687,0.02218796901,0.0315389487,0.06021394065,-0.01151219512,0.01781309586,0.01922243099,0.03628847037
0.1064814287,0.0025,0.03641370869,0.009196515005,0.002145922747,-0.01230228471,0.03212669683,0.0377395961,0.001575512041,0.01136363636,0.04840661557,-0.007393994266,0.002889338342,0.01089390776,0.02974828375,0.0186866693,0.03388960205,-0.003899721448,-0.05846456693,0.01578645235,-0.01799414144,-0.02033730159,-0.04936149312,0.01204231082,0.02763521516,-0.02243129847,0.004963131027,0.01507092199
-0.01104175679,0.006650041563,0.02199586655,0.01151079137,0,0.05693950178,-0.007672073652,-0.01537568135,0.007191011236,-0.02,0.002308580223,0.01596229857,-0.0005762028234,-0.01010063082,-0.03777777778,-0.0244154502,0.01415445741,-0.02628635347,0.013798871,0.003955919751,-0.01988636364,-0.01367088608,0.03009558254,0.01447178003,0.0007683442182,-0.0007564617761,0.03259489206,-0.02903930131
-0.04864915533,0.01279933939,0.0002888920988,0.01011537854,0.0039767513,0.006060606061,-0.03048376408,0.01861830465,0.006247211066,0.008713597799,0.001151631478,0.00329193476,-0.04122225425,0.004420796364,0.0317551963,0.01536016949,0.0009794319295,0.1539345204,-0.01711693133,-0.0227976358,-0.005507246377,-0.009496919918,-0.05467084639,-0.04152797591,-0.00575815739,-0.01463599925,-0.09866083629,-0.03103215651
0.0409774148,0.06481858948,0.008375451264,0.005632921296,0.03473491773,0.01706827309,0.0357712463,0.01768912926,-0.02239467849,0.004546487838,0.02147239264,-0.002386278896,0.03126879134,0.01524332675,0.02126468942,0.03390714658,-0.03008806262,0.04081632653,0.03986571548,0.02851382488,0.03643252696,-0.005317439751,0.01644780475,0.01637175459,0.02895752896,0.02048743931,0.03471801092,0.03272220933
0.006310077193,-0.006508422665,0.003866533009,0.004823401276,-0.0008833922261,0.003290556104,0.01231852178,0.01245842075,0.007711499206,0.01176736818,0.03378378378,-0.01091343998,-0.01778425656,-0.02001927532,0.06191780822,0.01311806256,0.03278688525,0.02391200383,0.03571428571,0.00280033604,-0.002530933633,0.01406806861,-0.02492496411,0.001138952164,-0.006754221388,-0.009536162131,-0.03194139194,-0.01528089888
0.02090169931,-0.004238921002,-0.02853067047,0.002167853825,0.006189213086,0.01525090194,-0.006301607997,0.01773929368,0.02295746117,0.008051889958,0.01525054466,-0.02010278114,0.02819827842,0.01770561949,0.0257997936,0.01357071713,0.0002442002442,0.04016814573,0.00915643873,0.02652890254,0.01099520722,0.04226611312,0.009502141328,0.028116366,-0.007366830374,0.02559014693,0.01816255487,0.01095390233
0.06024404725,0.002708978328,-0.04640234949,-0.01050679852,0.008494434681,0.0001615247941,-0.007434944238,-0.0008438977409,0.04488448845,-0.01153760817,-0.002861230329,-0.04365262996,0.01212471132,-0.004014566366,-0.02414486922,-0.005896081562,0.008056640625,-0.01392007185,-0.003861003861,0.009793253536,-0.005158951478,0.01577520335,-0.02134429272,-0.005532722099,-0.0013320647,-0.01581093451,-0.02616322283,0.02686230248
0.01917525176,0.03396372057,0.02094240838,0.001873828857,0.01277955272,-0.02293281654,0.02621722846,0.006188577349,0.01284480943,-0.002469135802,0.01004304161,0.01370967742,0.04335424986,0.009739839723,0.01288659794,0.01618682812,-0.01186728021,0.04007285974,0.009496124031,0.008081896552,0.03559915907,-0.001213297743,0.01882958548,0.0184390399,0.01924542683,0.06074289761,0.02259197069,0.009672455485
0.0251712345,0.005972377753,-0.01870286576,0.0004675810474,0.0005735589332,0.02958677686,0.007084585659,0.04866114753,0.01496881497,-0.000900090009,0.006747159091,-0.01066030231,0,0.003327680435,-0.01221374046,-0.002918287938,0.02843137255,0.01707530648,-0.06277596468,0.03821485836,-0.002571389904,0.05089407191,0.0332402606,-0.01311066022,0.02710787063,0.01774803028,-0.03970741902,0.02307859787
-0.01174524553,0.01521335807,0.02981862896,0.01402087553,0.01748351963,-0.004013485311,-0.0008526966532,-0.009602594813,-0.007783695207,0.002252252252,-0.001410934744,0.0374718559,-0.006560962274,0.01226855741,0.05306543019,-0.001585365854,-0.006911344137,-0.01076194576,0.01249487915,0.01698841699,-0.001492537313,0.01121725219,0.02908248617,0.01059623596,0.004368401893,-0.006742898541,0.01601119229,-0.01191742924
-0.003076405188,0.01315789474,-0.00671641791,-0.003379935474,0.0185915493,0.01305609284,0.005120546192,-0.01211436538,-0.004541701073,-0.001797752809,-0.02331331685,-0.01968687025,0.03742432581,0.0281701362,0.008806262231,0.02601685599,0.004559635229,0.05787641427,0.02609751163,0.02682865097,0.03003125425,0.01120256059,0.03351256721,0.02034428795,0.02428416093,0.06367061502,0.05416156671,0.03575274607
0.01031759431,0.02633477633,0.04928625094,0.0009249267766,-0.01659292035,-0.01272871917,0.01316068775,0.009537828927,0.002073828287,-0.003827104908,0.0003616636528,0.02862112587,-0.03580901857,-0.01178780022,0.04801163919,0.03226190476,0.04538939322,0.01151789387,-0.06269716088,0.03820557062,-0.0006596306069,0.02339588515,0.0001209921355,0.02438650307,0.01981599434,-0.001760636795,0.01494920174,0.02100228738
0.08037023971,0,0.001288844336,0.06422300939,-0.0008436445444,0.01982272361,-0.007123402472,0.02645722618,0.06125827815,0.06847457627,0.002530730296,0.009069946195,-0.003026134801,0.008380271567,-0.007403979639,0.05593357168,0.04433272395,-0.006506710045,0.06520824569,0.0004748338082,0.05729372937,-0.002094342624,0.001693684975,-0.02709986525,-0.01717557252,0.001984209867,-0.135993136,-0.003054989817
-0.01276091122,0.002811950791,0.01315789474,-0.02026049204,-0.009287925697,0.008375474083,0.001266089892,-0.009729567907,-0.03412636505,-0.01099830795,-0.01911287414,0.01142595978,0.02786975717,0.01854257859,-0.008857808858,-0.0006553079948,-0.001312910284,-0.02169463774,-0.03179304897,-0.005220692928,-0.0143588463,0.01848129289,-0.03115942029,0.008310249307,0.01165048544,0.00879893088,0.005627275737,0.02962206333
-0.008834844977,0.01086575535,0.02922077922,0.0106351551,0.001988636364,-0.00391788121,0.004214963119,-0.01779791878,-0.0411871593,0.001069289991,-0.007720588235,0.05091128182,-0.0008053691275,0.01883167284,-0.02081373471,0.01202185792,0.003724802805,0.03263598326,-0.01264531919,-0.002146946565,0.00823410185,0.008912113519,0.003241087011,-0.005647130647,0.01483161752,0.00131096805,-0.01497695853,0.02321428571
0.05821499767,0.01768377254,0.02084762035,-0.03624671149,0.002551743692,-0.004877281309,0.0002098635887,-0.02785204319,-0.02463676563,-0.008545182653,-0.04075583549,0.008313028522,-0.02203116604,-0.00616015786,0.008766662664,-0.005723542117,-0.05129884305,0.08103727715,-0.03429043586,-0.007650011953,-0.001130795326,0.01390073856,0.06473658052,0.002609363008,0.01392709766,0.03419646112,-0.005513784461,0.01687027341
0.02513692946,0.01839863714,-0.0268708854,0.01622687291,0.01753393665,0.006956521739,0.005035669324,0.0008442904856,0.03022452504,0.01357466063,0.04480494399,-0.0157782516,0.05521978022,0.02665946197,0.06047619048,0.0128163354,0.02554072711,0.01611694153,0.00128342246,0.009154420622,0.02364779874,0.02358691033,0.04002800794,0.008420085732,0.01034424284,0.008214330848,0.02335349462,-0.003241800153
0.03549773737,-0.01371696219,0.0005522573519,-0.02029547829,-0.01473040578,-0.01334589417,-0.02651356994,-0.01240246126,-0.02326068734,-0.01041666667,-0.002957486137,-0.0070768342,-0.02134860713,-0.01600381888,-0.05612932196,-0.01930294906,-0.02131478573,-0.04832165253,-0.01345866268,-0.01885891621,-0.01413123618,-0.004774756072,-0.01963644524,-0.01563686048,-0.01275595838,0.002715801788,0.01740272533,-0.02104457624
0.01764466751,-0.005088195387,0.0731337105,0.00959634425,-0.001692524683,0.009229789943,0.004503538495,0.01781514083,-0.006865479511,0.006015037594,-0.07675194661,0.06909090909,0.04283054004,0.02608165639,0.009514747859,0.02252597048,0.02475928473,0.05620155039,0.05911650065,0.03406326034,0.008226349246,0.02357113058,0.02529472359,0.0009253547193,0.01819109147,-0.02270927955,-0.007745683395,0.00586281024
-0.02600425594,0.007159904535,-0.03098881317,-0.008750754375,-0.004803616841,0.007095553453,0.01515798463,0.02410292802,-0.00626485202,0.04228058937,0.01004016064,0.002721088435,-0.01045918367,0.03229541088,-0.02450518379,0.001390225644,-0.01543624161,-0.005137614679,0.02412594561,0.02541176471,-0.0252194338,-0.007034848176,0.002232641215,0.001694915254,-0.009684421439,0.01087234587,0.025695235,0.02312026423
-0.03695991671,0.01184834123,0.00199044586,0.01369863014,0.07893242476,0.004540472835,0.01430073607,0.02381583625,0.008043478261,0.00184388445,0.02703777336,-0.005020352782,0.03016241299,-0.0008690290949,0.006763285024,0.01922255446,-0.00408997955,0.01844337883,0.006188860052,-0.002294630564,-0.00634115409,-0.01302827308,-0.002450434395,-0.04230118443,0.04147698533,0.02762441977,-0.01823370858,0.02487656665
-0.03825552826,-0.008364001338,-0.001324327904,-0.01426426426,-0.01131578947,-0.005610972569,-0.007049554219,0.0002736686608,-0.01789950399,-0.01063394683,0.005420054201,-0.0081821901,-0.02677677678,-0.009567634596,-0.03646833013,-0.001990779547,-0.02281542323,-0.0246287577,0.06051587302,0.002069917203,0,0.0390933666,-0.008932559178,0.004818503052,-0.01489396147,-0.003283540175,-0.02147932817,-0.007782101167
0.03211302149,0.007422402159,0.0161782257,0.00563594821,-0.009582113388,0.00736677116,0.008561286281,0.01887797129,0.01405357927,-0.002687060769,-0.00269541779,0.01099958752,0.03265620982,0.003221997401,0.008466135458,0.01994750656,0.01797805277,0.01485332343,0.005238540692,0.01744319486,-0.005360561583,-0.009109465679,0.000901306895,-0.0006393861893,-0.002958093673,0.002882562663,0.01221323651,0.002614379085
0.007425742574,0.002344273275,-0.05193788334,0.007421993335,0.009137328675,-0.009802396141,-0.007246376812,-0.01154655725,0.01775660459,0.006632124352,0.01003861004,-0.0282877737,-0.01668326693,0.006710158986,0.0375308642,0.01801338137,0.01582568807,0.04756677644,-0.007630746324,-0.01398601399,-0.004362889773,-0.005048995452,0.00112561909,0.0107165707,-0.01615295863,-0.01313739262,-0.01695744334,-0.03110448873
0.1070515971,0.04276645506,0.0001376462491,0.001954593294,0.009054593875,0.02137020742,0.0008342022941,0.01412638971,0.02085106383,-0.000411776817,0.01834862385,-0.01539538139,0.01570017726,0.02058088263,0.0533079486,0.004448938322,0.01128923007,0.01012923507,0.03338334584,0.01166781057,0.02281221807,0.01248761793,-0.009107263324,0.01946510524,-0.011392193,0.03453221971,-0.009122574225,-0.0184544406
-0.08274703894,-0.01570009612,0.003303055326,0.008103241297,-0.03008709422,0.01107692308,0.03479891644,-0.002143017622,-0.0004168403501,-0.01071060762,0.01163663664,0.01236673774,-0.001495886313,-0.001703994312,-0.06055128784,-0.02244815784,0.01138647019,-0.0826417704,-0.05281306715,0.002939846223,-0.01096270161,-0.02064955894,-0.02870759106,-0.005122632723,-0.01609896628,0.00744049194,-0.02628054905,0.01312181747
-0.009799493491,-0.006184895833,0.004115226337,-0.01533194403,-0.01523809524,-0.01278149726,-0.003826016915,0.0209392951,-0.006880733945,-0.006662502603,-0.03302411874,0.004352709913,-0.003495630462,-0.0133726613,0.00481000481,0.01472556894,0.004635761589,-0.01206181681,-0.008813949032,-0.02525366404,0.005988023952,-0.01412487206,-0.001168224299,0.02496489312,-0.00723389597,-0.02275544723,0.06068420148,-0.01449835685
-0.0232709679,-0.03013429414,0.0337431694,0.002267573696,0.004973749655,0.004161528977,0.0301192642,0.001577679511,0.01868570229,0.003982393628,0.03146584804,0.03145533343,0.02806314207,0.01672467554,0.01866921972,0.01867262026,-0.02043506922,0.04959938955,0.01159868548,0.03007170946,-0.06370314083,0.03218438538,0.06105263158,0.03166387578,0.009715475364,0.02328531499,0.04521880065,0.033150255
0.01119969311,-0.02262749071,-0.01414034624,-0.01266968326,-0.02007148749,-0.01519570223,-0.01020408163,-0.01365168444,-0.01607584501,0.0004175365344,-0.02455357143,-0.01978856059,0.009992688277,-0.03800386305,-0.02255639098,-0.01793185894,-0.01637505608,0.001090512541,-0.01356774317,0.004491354143,0.008927363722,0.04978475156,-0.01675485009,-0.0107717279,-0.0206185567,0.01995881747,0.001705690805,-0.0009493070059
-0.0005855332063,-0.006910850035,0.009249329759,0.0007638252368,0.00645342312,0.01418329177,0.01605868358,0.02475343869,0.0155006284,-0.001043405676,0.003051106026,-0.02087942478,0,0.02859661179,0.02067307692,0.004159058633,0.009806157355,-0.0007262164125,0.04513754359,0.01319025263,0.03016490146,0.01849580721,0.01950672646,0.02446300716,0.03543859649,0.02681133595,0.04752321981,0.002090459901
0.04502995396,0.0114822547,0.001461017399,-0.01847046252,-0.01477557848,-0.009681881051,-0.008585365854,-0.002857102959,0.03094059406,-0.003133486526,-0.0174904943,0.008473379466,-0.01568532819,0.006306261819,-0.01789919925,-0.02101222346,0.004516711834,-0.0101744186,-0.01371640408,0.0105913504,-0.009370119729,0.01438946378,-0.02210248516,-0.02111240536,-0.03185360895,0.01276973943,-0.006058814837,0.003223971174
-0.02628649037,-0.05229102167,-0.07188328912,-0.03841368585,-0.02235427278,-0.02560521415,-0.06435740996,-0.05886867284,-0.05022008804,-0.02996647108,-0.04411764706,-0.06973813191,-0.05197352292,-0.03958929891,-0.08345803357,-0.05262614797,-0.005170863309,-0.06534508076,-0.004698364969,-0.06310043668,-0.038754598,-0.04979708726,-0.02147756663,-0.05488621151,-0.0392019601,-0.06172433534,-0.06080880167,-0.03440453686
0.04113077185,-0.003989125187,0.01271791941,-0.0006469351448,-0.003183791606,-0.01114827202,0.02734539335,0.01245483819,-0.00442384664,0.03586087708,0.02753036437,0.03612825531,-0.01292991983,0.01423431926,0.019366925,0.02505173728,0.0009039548023,0.02788688138,0.00585347432,0.04101608017,0.02733360667,0.0306461058,0.0480349345,0.02848599308,0.03296903461,0.03349308561,0.02216241887,0.002349256069
0.01402022027,0.01421282799,0.003245378863,-0.01715487943,0.006678281069,-0.001771621839,-0.0257985258,0.004647279974,-0.01417689378,-0.01293013556,-0.0007880220646,0.007990701729,-0.01178936337,-0.003218225946,-0.01899383984,-0.001275103602,-0.01964326033,0.004967520061,0.01933546086,-0.01790911126,0.01583078356,0.02575757576,-0.009649122807,-0.00428462127,-0.0118144948,-0.01300269247,-0.006194827319,-0.00625
0.0517951239,0.01401365433,0.06146272855,-0.007903836654,0.03836169599,0.03097773475,0.02353930223,0.02503364738,0.0268297918,0.01732516374,0.01222397476,0.07235514558,0.005037115589,0.03314831717,0.009419152276,0.01074582402,0.01497005988,0.001520912548,0.04751381215,0.02849327559,0.01335777894,0.004335302806,0.005646589903,0.02059320732,0.02069950036,0.009831335675,0.04160822814,0.02063679245
-0.02295350145,-0.01700921332,0.009142705711,-0.002489626556,-0.01972222222,-0.013771518,-0.009445585216,0.004247351114,-0.009197324415,0.007684319834,-0.01285547332,0.005779569892,-0.02954365603,-0.02129392231,-0.008294453084,0.002210526316,0.02132970275,-0.03568716781,-0.05537974684,-0.00664893617,-0.01421555958,-0.02169325009,-0.02201915667,-0.0254479747,-0.02342657343,-0.04478180935,-0.001346499102,-0.001540535336
0,0.02992069214,0.008403361345,0.02545757072,-0.01445168603,0.003808314821,0.01575456053,0.004493724135,0.02257383966,0.02287716406,0.02604577743,0.008819991982,0.03506387605,0.012763255,0.05070569786,0.01480936876,0.01421906243,0.03149606299,0.02140331286,0.03726015172,0.007210277923,0.01287611717,0.01350894968,0.005253399258,0.008950948801,0.01263812896,0.008838951311,0.01909353905
-0.02370950623,0.005600280014,0.01783854167,0.022553951,0.01667625072,0.00742965539,0.01979591837,-0.00342100423,-0.008252527336,0.01289542615,0.03615384615,0.03152735462,0.01260504202,0.003152779149,0.02935323383,-0.004553922583,0.1023001095,0.01603053435,-0.01876822157,0.03463110346,0.004295197189,0.008719851577,0.00311007442,0.01122041193,0.03903477644,0.01248040005,-0.006534006534,0.01570779712
0.02275406924,0.001740341107,0.01317641039,0.02745160267,-0.01583710407,-0.001569119724,0.04622773664,-0.00844984043,0.01789057624,0.02745176049,-0.02190051967,-0.003980993964,0.01685684647,0.001713240571,0.05896568391,-0.01008525681,0.02682829889,-0.001502629602,0.001857010214,0.01122661123,0.001555209953,-0.01489792165,0.03687299302,0.03024775802,0.04422814208,-0.02206851809,0.07399103139,0.002794857462
0.06726004222,0.04030576789,0.002272727273,-0.008185328185,0.0591954023,0.01210121012,-0.003442999235,0.01677738961,-0.02064173309,0.01045498548,0.004174573055,0.002965446106,-0.03417495537,-0.002851480343,-0.01871291648,0.0735216889,-0.004451325721,0.006019563582,-0.01649675626,-0.007401315789,0.07104037267,0.005601194922,-0.006834686032,-0.009589849513,-0.007849550286,-0.0004066041067,0.01071677105,0.005202526942
0.04128469324,0.02571810287,0.01826656589,0.0006228589225,0.01030927835,-0.03447204969,0.01209213052,0.06940990596,0.01439899833,0.02720827745,0.03476946334,0.02301066975,0.02561394243,0.03087652,0.02139534884,0.00929458957,0.01146967341,0.04001495886,0.003580851866,0.02526926263,0.02609641174,0.0001856665429,0.01677419355,0.02860122151,0.0428547882,0.05003050771,0.0006885155605,0.03844731978
0.05235185946,0.008466297623,0.00519609056,-0.02567693744,-0.0171858217,-0.007397877131,-0.01706808269,0.01885838436,-0.01584036207,-0.0188397687,-0.005478451424,0.01621010304,0.004376930999,-0.002220311068,0.007285974499,0.02336176813,0.0009609840477,-0.05465659835,-0.007887323944,0.02282828283,-0.001177440245,-0.01856320772,-0.01057529611,-0.01158580739,-0.01343448712,-0.02266017485,0.04995183707,0.001423994304
0.02395201915,0.002583144979,0.0288,0.01453441942,0.01366120219,0.02511341542,0.01408450704,0.02259580341,-0.02550167224,-0.01311787072,0.006977598237,0.02423642884,-0.009741092028,0.01278533925,0.02305605787,0.01392441034,0.03283410138,0.004184100418,0.01268218815,0.03239186253,0.02628786986,0.03423491583,0.03569901667,0.009816849817,0.02963793656,0.03190570564,-0.01900393185,-0.006576608603
0.01464640466,-0.01835748792,-0.000957052279,-0.005195214106,0.01239892183,-0.004899636479,-0.01750380518,-0.0009402772301,0.006220506221,-0.0003852822192,0.004011670314,-0.02052396475,-0.006471654155,-0.01125001738,-0.02076889085,-0.01737668161,-0.001673173452,-0.03333333333,0.01700934579,-0.02621006313,0.003331036067,-0.007315288954,0.01393188854,-0.004352872896,-0.009957989731,-0.0117154964,0.01148964596,-0.02361782072
0.06785613071,0.007709973753,0.008501975811,0.006488368413,0.006656017039,0.003653113088,-0.001355538342,0.01058807456,0.09166489022,0.01503179803,-0.0003632401017,0.02465179342,0.03699843669,-0.009158673455,0,0.00998288648,-0.03631284916,0.05838557994,0.01451938982,0.003929273084,0.008242701774,0.05434782609,0.01760814249,0.03206062372,0.02184504165,0.03361978852,0.03407740061,0.01136155397
-0.009392596695,-0.02262738076,-0.01377345049,-0.02091194969,-0.009256810368,-0.002215540434,-0.02210587551,0.01303822091,-0.02733841047,-0.01974558572,-0.0417877907,-0.02129195236,-0.05251256281,-0.0425772312,-0.01037906137,-0.02833474536,-0.01352657005,-0.02554609404,-0.03641304348,0.002935420744,-0.03145225389,-0.06692294251,-0.02430486097,-0.009036995199,-0.0301445709,-0.04624923805,0.005875590752,-0.01105272694
0.04076878276,0.0163224517,0.03973031543,0.0009635458487,0.01628403631,-0.02030134814,0,-0.0220635662,-0.01405340293,0.00251791594,-0.004171406902,0.02495083579,0.006629541236,0.02414782836,0.1021431829,0.02044177485,-0.008227228208,0.03381458967,-0.006016168453,0.02243902439,0.02719812427,0.004307116105,-0.001537672988,0.02864063836,0.001268633048,0.02010520527,0.03936507937,-0.0214364236
-0.02198656967,-0.03343166175,-0.04620194535,-0.01957323921,0.003677436302,-0.0111704711,-0.04104699584,-0.02467647661,-0.02626756261,0.0001931993818,-0.03274942879,-0.00527641204,0.03213909378,-0.01389693109,-0.02854778651,-0.002183613405,-0.04523010073,-0.006618890114,-0.02591261585,-0.02099236641,-0.01563569961,0.003356330412,-0.01878850103,-0.01274414739,-0.02122267976,-0.005797349086,-0.01405009163,-0.0164763153
-0.008828695836,0.008477449983,0.02974383878,0.01210931108,0.001308557969,0.01080550098,0.01633581472,0.001927680876,0.01066499373,0.01525980297,0.01299212598,0.02652200121,0.004849412966,0.01350557839,0.03364565588,-0.0008563273073,0.02544476624,0.0318203175,0.01398058252,0.001559454191,0.02028985507,0.08530013009,0.0125562415,0.01669706749,-0.0001618122977,0.006803013377,-0.003097893432,0.03712164477
0.07480314961,0.004371217216,0.03088894129,0.01406628941,0.009409304757,-0.003563330094,-0.007324516785,0.01058184639,0.003517483964,0.002663622527,0.005829770696,0.05108631826,0.02184404369,-0.001738122827,0.02842604038,0.03771069422,-0.003026023805,0.0200752958,-0.004787437763,-0.004671078241,0.00125,0.01164383562,0.03234473494,0.0008280430582,0.01051950154,0.004826460792,-0.007706650093,0.007709251101
0.05961780155,0.005356545028,0.0258462946,0.01721938776,0.03883997929,0.02649544863,0.02131584341,0.01761039121,0.009072164948,0.02182163188,0.00772797527,0.02927374302,0.008699975143,0.0002901915264,0.03966762687,0.006332017987,0.02853095913,0.0506188071,0.0188570329,0.01877199844,0.03132448076,-0.005077860528,0.02172172172,0.05722559294,-0.008968609865,-0.0009606555918,0.07603657773,-0.02714025501
0.04055026712,0.03862803863,0.04169453735,-0.02821316614,0.01744765703,0.003008709422,-0.05378286173,0.0007015796859,-0.0169595423,-0.003899721448,-0.0402607362,0.004884932696,-0.03992114342,0.01624601102,-0.04739884393,0.06128032099,0.02951013181,0.01237872198,-0.03361661945,0.007677543186,0,0.01054780538,0.01930048006,-0.00586931003,0.04492566257,0.02423179933,-0.0454016298,-0.02302939524
-0.01579747279,-0.05739018916,-0.07951626712,-0.03112903226,-0.03797158256,-0.001105146827,-0.05090137858,-0.02991308019,-0.03949282893,-0.02330350485,-0.05073911306,-0.06632818408,-0.0295174538,-0.02911789894,-0.03519417476,-0.01598212751,-0.0422319893,-0.02544613351,-0.04358022279,-0.07828571429,-0.007593265104,-0.0430976431,0.01441753172,-0.03398058252,-0.06990411383,-0.1165987086,-0.06048780488,-0.006707550786
-0.04369861861,0.004761904762,-0.02871759098,0.03712335608,-0.004329004329,0.02734313261,0.008044692737,0.04601229378,0.01752867345,0.03512120634,0.01473063973,-0.05102395002,-0.02433218725,0.008526903852,0.01174004193,-0.005501222494,0.02454110136,0.0003390979993,-0.008990600736,0.02211200661,-0.02672432912,0.01108374384,-0.01137009665,0.01656933315,0.001496508148,0.01254038429,0.05140186916,-0.02508199884
-0.05515645864,-0.0308056872,-0.007421594446,-0.01364365971,-0.02378516624,-0.01107692308,-0.02837508313,-0.0407640189,-0.01807741387,0.005347593583,-0.009124844463,0.00524262375,-0.04472756845,-0.03090379009,-0.004558640696,-0.01036087453,-0.01538461538,0.04508474576,0.01113402062,-0.0151637687,-0.0173179902,-0.02296850531,-0.04111558367,-0.01122244489,-0.01295035696,0.006507410051,-0.03827160494,0.003364338017
-0.04358638672,-0.01292350681,0.01941630487,0.006183889341,0.001309929264,0.01135656503,0.06068902578,-0.01296498525,-0.05588044185,0,0.0117203851,0.02959369315,-0.04114642452,-0.009927797834,0.003746877602,-0.03096442197,-0.01147151899,-0.03470645475,0.01039967374,-0.008622459454,0.02342028986,-0.03152270703,-0.0283858071,0.009323064451,-0.01295206056,-0.004379744723,-0.04942233633,0.0315581854
0.08206758305,0.00813871196,0.006979770496,-0.003719877082,0.02040816327,0.003384094755,-0.0339858034,0.03600040803,0.00527643955,-0.009354365371,0.02441042615,0.02485569561,0.04320804972,0.02825888788,0.01410203235,0.03863761216,0.002801120448,0.04502688172,-0.007265388496,0.02443570097,0.004871417243,-0.009194556822,0.01368171999,-0.01311914324,0.02181322427,0.02283075824,0.02633355841,-0.02179732314
0.04710764361,0.008424008424,0.007166353383,0.003084415584,-0.003333333333,0.001226429557,-0.008684034736,-0.01667032742,-0.004335919671,-0.004258470654,0.003231017771,0.008735632184,0.08680851064,-0.007092198582,0.05316973415,0.02864950635,0.0009976057462,0.02636655949,0.01667005489,-0.004447139681,0.02581736189,0.04565701559,-0.01867262026,0.01234400434,-0.02234823215,-0.001638407726,-0.003026315789,-0.01211884285
-0.0127837678,-0.008701705534,-0.01014813951,0.000809192426,0.008232570105,0.009033838616,-0.0132524708,-0.01504274821,-0.03117121247,0.01468947564,-0.03542673108,-0.008090246126,-0.1174628034,-0.00119047619,-0.01553398058,-0.007627046019,-0.00717560295,-0.005639097744,-0.01779644071,0.01827411168,-0.0348389933,-0.02112176074,-0.01416752844,-0.001875921211,0.00153531218,-0.029947852,-0.02679160618,-0.01622477246
0.01243215566,0.00860252809,0.05185010606,0.01778783959,0.02526154631,0.031107739,0.03095834282,0.03248434042,0.02484031228,0.0130108118,0.007095158598,0.04457208501,0.04643596569,-0.00536352801,-0.01972386588,-0.01105354059,-0.008030515961,-0.007561436673,0.01689739414,0.08953140578,0.01263948987,0.02103354488,0.03472149376,0.01798899181,-0.008686765457,0.01036203688,-0.0006780580418,-0.004424778761
0.07131008254,0.01235857267,0.02767196953,0.03590721322,0.01667496267,0.0272259014,0.02318392581,0.03592338163,0.01500461681,0.02568740955,0.01201823456,0.03761134939,-0.04239683437,0.02816057519,0.04547283702,0.01510653161,0.04594211698,0.01206349206,-0.007807807808,0.005856515373,0.03238502193,0.02663825253,0.0447080292,0.03771594356,0.003264604811,0.03829994426,0.05468856018,0.001616161616
0.05435069962,0.02373108666,0.02420146081,0.01441717791,0.02864137087,0.0159025788,0.01014242555,0.02901136181,0.01137138958,0.02116402116,0.01760851761,0.0009538950715,-0.0212514758,0.009615384615,0.01505003849,0.02391397849,0.0145123839,0.03481806775,-0.02865213882,0.01910480349,0.03191373489,0.02733091161,0.03493449782,0.04295336129,0.03836273334,0.0122964299,0.0236747298,0.0453812021
0.07401238465,0.002347993457,-0.03480574774,-0.001814333233,-0.01166111376,-0.002820476661,0.01345866268,-0.009691492234,0.01798965595,-0.001727115717,0.02414486922,-0.03028377806,0.02322074789,0.01789321789,-0.02696143491,-0.01058556666,0.01373259584,-0.00848742043,-0.006855006232,0.015354401,0.007071986489,0.01043946792,-0.05232067511,-0.02083587182,0.0009896091044,-0.02429412874,0.02237305178,0.03183484468
-0.005536309099,0.006702412869,0.04565505073,-0.005604362314,-0.01709607513,0.004101258662,-0.02466273187,-0.007339752328,0.02606582726,-0.00276816609,-0.01768172888,0.00818956104,-0.0271146478,-0.003685851999,0.003507404521,0.002207692961,0.002634054563,0.002445735249,0.02342606149,-0.01195709513,-0.01069070328,0.06515580737,-0.06173938854,-0.006097560976,0.01828966881,0.007551344848,-0.03073518564,-0.003552729993
0.04419748221,0.01564580559,-0.04123602615,-0.01995430312,-0.01592356688,0.0008450704225,-0.0194510482,-0.006721838748,-0.02583423036,0.02793199167,-0.0392,-0.04213148489,-0.06452590124,-0.01309049516,0.0345631068,-0.03948148776,0.02533308313,-0.04330588594,-0.01634988759,-0.003025449368,-0.08592011866,-0.01173341677,0.001054518612,-0.05095780644,-0.07977346278,-0.05671489035,-0.06773211568,-0.02401951586
0.0615369792,0.1330711242,0.029699703,0.009947155735,0.009708737864,0.01083591331,0.02865329513,0.03744587957,-0.005303867403,0.04371308017,0.02039966694,0.05020352782,0.01683937824,0,-0.01426426426,0.0126135662,0.057284041,0.03315269366,-0.003739871182,0.05640842556,-0.003592953176,0.03245211334,0.02170020015,-0.0002638522427,0.06400562687,0.05239423503,0.005442176871,0.01672755239
0.005888493045,0.06248192074,-0.0635615853,-0.007540781779,-0.008875739645,-0.02297090352,-0.08356545961,-0.04718350857,-0.02177293935,-0.02425614489,-0.03427172583,-0.04737295435,-0.05095541401,-0.02306805075,0.02208682407,-0.01219512195,-0.03185044141,0.0206726319,0.0244004171,0.008279824265,-0.01070140747,-0.02821220485,0.01010413445,0.004354711006,-0.038671294,-0.02693228803,-0.005412719892,-0.009455370651
-0.1741317662,-0.09120609856,-0.03559206023,0.02822142968,-0.04850746269,0.008406953548,-0.008884732289,-0.02327669974,-0.01612536907,-0.007954922108,-0.027460921,-0.03627938517,-0.04496644295,-0.05489964581,-0.05774962742,-0.1053791887,0.001072769533,-0.1200120919,0.07166123779,-0.01893748953,-0.06854791299,-0.01230672136,-0.05215882413,-0.02864275391,-0.03575726319,-0.01845327965,-0.05306122449,-0.0190912562
0.06627150512,0.01737567406,-0.005086349657,0.01930327251,-0.002352941176,0.02896707644,-0.02406227884,0.005841033448,0.04963065559,0.04076177748,-0.01346655083,-0.002814588953,-0.009486999297,-0.02404747033,-0.004744958482,0.007589945786,0.04036435078,0.01099278598,0.01614741641,0.001024940212,0.03130522595,-0.009584664537,-0.04942924833,-0.005410523468,0.02282046711,-0.04229821263,-0.02011494253,-0.00155702608
0.05240506545,-0.02915194346,0.01866603258,-0.003254919367,-0.03747379455,-0.008651469377,-0.02199661591,-0.04227578921,-0.009676709919,-0.009149277689,-0.01805372083,-0.01458308832,-0.02483150053,-0.00032,-0.0317798967,-0.002445705341,-0.0113304721,-0.0655827387,-0.002056459151,-0.03037542662,-0.008567931457,0.002903225806,0.01880593633,-0.01155990752,-0.06675963047,-0.01985361627,-0.005425219941,-0.02222222222
0.0366184155,-0.001516530179,0.03699813259,0.005046756717,0.005445140212,0.01842360438,0.1173999011,0.04511207605,0.06306906507,0.007613802041,0.05605381166,0.04833512352,0.03637686431,0.0576184379,0.0771396096,0.03785427086,0.02048966835,0.002549100179,0.02341701012,0.05297430482,0.0149382716,0.07751688646,0.02068275325,0.03095762245,0.09450877848,0.06645472579,0.06236178682,0.06559011164
0.08582308601,0.05589307412,0.03579065841,0.001181509378,0.01299756296,0.01101741023,0.04888299049,0.05244757862,0.03258825987,0.01720257235,0.03481953291,0.0441712204,0.03861003861,-0.02088377724,0.05828571429,0.03363885477,0.03403096818,0.003264417845,0.05930807249,0.03459802775,0.05510278555,-0.01701492537,0.009260268003,0.05204857867,-0.01740614334,0.01771309061,0.06272550652,0.03236669785
-0.05051488053,-0.01064441887,-0.02325328697,-0.003540345184,-0.02485966319,-0.01466433472,-0.06094474905,-0.04961340664,-0.03236900668,-0.01264422317,-0.05744768158,-0.01897078064,-0.1233524839,0.01978361669,-0.07415406767,-0.04442819271,-0.02106302452,0.01048445409,-0.02211854156,-0.03457189015,-0.01106755822,-0.04266626177,-0.05656303972,-0.04807814284,-0.09378256339,-0.08492481834,-0.07077565944,-0.04675607104
0.07809344489,0.0636813027,0.04194014907,0.00473723168,0.02878289474,0.009557618788,0.006737031215,0.03921054995,0.01902571608,0.01184568593,0.01567261646,0.05001111358,0.04124903624,0.007578053956,0.06181959565,0.06811441691,0.004202386956,0.02754919499,0.04046651352,0.009203480589,0.005595709956,0.06074544013,0.0299771167,0.04184434968,0.02031429667,0.03643604575,0.02164137156,0.04714828897
-0.003623239437,-0.02679059595,0.0003203074952,-0.01723883896,-0.01225686118,-0.00703272924,-0.0263216596,-0.02455869961,-0.02482560525,-0.02910931815,-0.02571795971,-0.01217188823,-0.002591632729,-0.02888086643,-0.02380080557,-0.03179579042,-0.02728490124,-0.05745473538,-0.01154891304,-0.02321339745,-0.02249014607,-0.03947368421,-0.02843812486,-0.02097723203,-0.02291510143,-0.02520556617,-0.001925722146,-0.0232389252
-0.1031907863,-0.02780898876,-0.02636353933,0.0023988006,-0.02400863232,-0.01266684827,-0.0529209622,-0.007781986252,-0.02040816327,0.03161153658,0.02199736032,-0.01285760206,-0.05827765405,-0.03469640644,-0.1417854464,-0.07446808511,-0.003269660988,-0.03472122173,-0.02268041237,-0.01493804108,-0.03806925996,-0.03315691158,-0.05248113423,-0.02443166972,-0.05113417916,-0.01836991479,-0.05278390298,-0.03271375465
0.006419173192,-0.006356544351,-0.004275378207,0.01630272211,-0.01990049751,-0.03034901366,0.0004837929366,-0.008304374679,0.02384020619,0.01563734007,0.03185535945,-0.01324215782,0.0007883326764,-0.02599486521,0.008741258741,0.0287856072,0.03211325967,0.006123230004,-0.02566807314,-0.05290367052,-0.03217852299,-0.02221864434,-0.01448051164,-0.033212803,-0.09846029173,0.06330644082,-0.02124254329,-0.01902382782
-0.09743931088,-0.04012794417,-0.06330507542,-0.02442972774,-0.03243090807,-0.04467207284,-0.04279497099,-0.09071991156,-0.001887979862,-0.05536547434,-0.06132665832,-0.08194918051,0.03505317054,-0.06062602965,-0.1767764298,0.004566210046,-0.1080628973,-0.0756941803,-0.01840490798,-0.04657933042,-0.04573248408,-0.06965256051,-0.04003918207,-0.05734866325,-0.02,-0.07214110726,-0.06629998513,-0.09520078355
-0.1942875487,-0.008785216601,0.0005876821815,-0.04857444562,0.01194986884,-0.02769918094,0.1510482445,-0.02507000567,0.02374947457,-0.0218966085,0.02177777778,-0.00718907261,0.1088280061,0.03016485444,0.06789473684,0.01528046422,-0.0763315829,-0.008230452675,-0.04411764706,-0.02538167939,0.03377386197,0.01398230088,-0.01020408163,0.08346803821,0.08690667278,0.05011673113,0.08597357109,0.03918597099
0.01261522226,-0.07732273839,0.003641489487,0.006342159505,0.01872119816,0.01317200184,0.01426377002,0.01311973095,0.0279203449,-0.01312910284,0.02783819052,-0.01013758146,0.007206588881,0.05209397344,0.04484967965,0.02810059059,-0.03614213198,-0.01161825726,-0.04038461538,0.05502251811,0.04041838843,0.06021993367,0.06829896907,0.004340160043,0.005485232068,0.01784196712,0.04017006304,0.01708333333
-0.01671177375,-0.06558463067,-0.02598314607,-0.02505120529,-0.0384506644,-0.002267573696,-0.06209433146,-0.04713739076,-0.009386858398,0.01483881972,-0.06051629285,-0.01938551573,-0.02248722317,0.03333333333,-0.02452830189,-0.02585008802,-0.04550242258,-0.01259445844,-0.03366733467,0.03897550111,-0.01601092218,-0.001317089233,-0.02135102533,-0.03349088454,-0.06357532522,0.006354339172,-0.02156448203,-0.05960671856
-0.037230706,0.007444168734,0.02583513578,0.01648351648,0.01058512202,0.004545454545,-0.002306805075,0.02826813814,-0.003225806452,-0.01243697479,0.005855855856,0.0394131543,-0.04078075985,0.01753836517,-0.02756286267,0.00970135058,0.04899580667,-0.00943877551,-0.009954375778,-0.01214719543,0.008451059536,0.02687108473,0.04991988167,-0.0005588933911,0.01075509747,-0.00958019055,0.00763468741,0.04269222392
-0.03923771224,-0.02040816327,0.04404357503,0.01510333863,-0.004655222578,0.005731523379,0.01803468208,-0.03462810951,0.01800161812,0.0001701837985,0.02015226153,0.04282296651,0.04723837209,0.01231148046,-0.008453505719,0.03692539563,-0.01556911424,0.0215469139,0.005027230834,0.01356238698,0.01313320826,-0.01123775887,-0.006104719418,0.0262826786,0.00221680337,0.03077496257,0.03288062902,0.0242322958
0.01662019093,-0.0305316092,-0.01548300236,-0.02537196554,-0.02367728734,-0.004949010198,-0.09561662503,-0.006297826234,-0.008742300815,0.004253871023,-0.02326602283,0.0002294104152,-0.0600277585,-0.01459410155,0.003510531595,0.03769985465,-0.05834580038,0.02521008403,-0.03397248854,-0.05156110616,-0.03098765432,-0.02435460302,-0.04712969525,-0.05462471053,-0.06923247069,-0.004478757891,0.01314878893,-0.05160106058
-0.01675675676,0.03927380511,-0.06028490028,-0.0144624779,-0.05089820359,-0.008892238131,-0.08387744852,-0.05290635315,-0.02084586089,-0.006099627245,-0.04943820225,-0.02832568807,-0.07715023994,-0.06016661524,0.005497251374,-0.001925938895,-0.06354970495,-0.01680327869,-0.02761596548,0.01203912716,-0.03834883425,-0.05192211682,-0.07797198463,-0.04567723343,-0.04847908745,-0.05291346538,-0.06120218579,-0.005161290323
0.05881768098,0.008912655971,0.0403832161,0.04418718409,0.08296529968,0.01961678832,0.1049890351,0.006982724639,0.02251791198,-0.01653597,-0.02742316785,-0.006373185412,0.028,0,0.03628230616,0.01350758705,0.01429956374,0.0125052105,-0.2491679609,0.008921933086,0.04014308426,0.0401965947,0.0149233665,0.02008153405,0.04170829171,0.03664486389,0.08352735739,-0.006268914829
0.1009981054,0.03074204947,0.001865019233,0.0132729544,0.08942615788,0.04354958986,0.1548002977,0.06818732563,0.07367367367,0.06049575316,0.001944579485,-0.002138021143,0.1385214008,0.05187130663,0.06139088729,0.03037646041,0.05734767025,0.05557842734,0.05526004728,0.02745025792,0.00165584002,0.1657104286,0.01059743012,0.04114860864,0.1366578758,0.01810885988,0.02108514639,0.0374157059
0.02845561085,-0.02708261913,-0.01593949971,-0.0003082139004,-0.01042780749,0.001429183936,-0.07733619764,-0.01406525394,-0.01771396606,-0.005067015364,0.01552644347,0.01606951553,-0.04408749146,-0.02059925094,-0.04292815183,-0.03292457584,-0.1423728814,-0.0604524181,-0.03780453654,0,0.006485249237,-0.01563404748,-0.02516712544,-0.02160932613,-0.07783168108,0.002143255176,0.02972510851,0.003355001048
0.08634146341,0.02748414376,0.05131236699,0.01957761677,0.0067549311,0.006279434851,0.06030267753,0.03089176672,0.0294229309,-0.008214227041,0.02627806976,0.03409090909,0.01894887379,0.004461440408,0.0269121813,0.01016154247,0.07457180501,-0.006226650062,0.06722933644,-0.002151694459,0.01313960834,-0.01720588235,0.008202232083,0.04315605929,0.06473010064,0.04769012226,-0.01328394431,0.0486938349
-0.05202514594,-0.03772290809,0.008771929825,-0.006047777442,-0.1478797638,-0.005531130336,-0.08871321915,-0.05508181147,0.01696477964,0.01043564684,-0.04283054004,0.01166874363,-0.02070175439,-0.04695431472,-0.04873563218,0.008339781618,0.01520353114,-0.02631578947,-0.0103626943,-0.001976639712,-0.02406783888,-0.01152177166,0.02987463324,-0.02507312996,-0.08227712137,-0.003878509191,-0.02213592233,-0.02351534476
0.1379065339,0.08410548824,0.0508361204,0.008822634621,0.02236220472,-0.03308613805,0.08987951807,0.0175432221,0.02230281052,-0.0106557377,-0.01750972763,0.03807390817,0.03833751344,0.04727030626,0.08554857419,0.06028308322,-0.04275362319,0.06778206778,0.04188481675,0.05635577962,0.0521339126,0.03875264911,0.02421652422,0.03000428633,0.06975655431,0.07069761422,0.1031241726,0.00612244898
0.02426444877,-0.04700854701,-0.01920220666,0.01507840772,0.02187307455,-0.02345132743,0.04665045324,0.05534127367,0.01720468251,-0.02270091135,0.001485148515,-0.002157497303,0.02587991718,0.03083280356,0.01113089938,-0.02139123442,0.04567247035,0.0184813178,-0.1102882835,0.01568092722,-0.06327422881,-0.01165840863,0.07447212037,0.01317797198,0.04792122538,-0.05875645205,-0.003600144006,0.02961460446
0.0725157179,0.0031045188,-0.0318009735,0.008615567439,0.0003014772385,0.006645521824,0.01394169835,0.02503095028,-0.00662598082,-0.01017293998,0.01433514582,0.03372972973,-0.01210898083,0.02651865557,0.02377807133,0.002793984715,-0.05936293436,0.03668639053,-0.01694411415,0.02148011411,0.005445352003,-0.01238572692,0.01106142622,0.02163198248,0.05282940071,0.01057385646,-0.003372275081,0.0195035461
0.01856763926,0.03129298487,-0.003575019551,-0.0175257732,-0.02350813743,-0.01950487622,-0.01583333333,-0.02159146246,0.01843075303,-0.03391572456,-0.02972709552,0.01819702991,-0.02485529452,0.04445779513,0.01677419355,0.02630500697,0.01641867624,-0.01674277017,-0.008769277291,0,0.001547388781,-0.02448492087,-0.01303538175,-0.0006700616457,-0.009321697739,-0.002414589202,0.0129305136,-0.01024154589
-0.02423363095,-0.01767255752,0.0579661397,-0.001199220507,0,0.02310635042,-0.02646062659,0.02732341851,-0.02792140641,0.01985815603,0.01607232546,0.04971240756,0.008030726257,-0.001438021283,0.0524534687,0.009980836793,0.01009591116,0.02051083591,0.02013422819,-0.006899950715,0.01776747779,0.03734312825,0.02676886792,-0.002816145903,-0.02782782783,-0.00161362237,0.00548795037,-0.01073799297
-0.01323745835,-0.04786150713,-0.03878762187,-0.02566411526,-0.06080246914,-0.023781035,-0.07979995651,-0.05166335474,-0.0115248227,0.01929763561,-0.03460207612,-0.01438356164,-0.07273986838,-0.04291474654,-0.05908360129,-0.01810419796,-0.031984008,-0.04816078878,0.03917464115,-0.04499586435,-0.04098671727,-0.04440838005,-0.06420121741,-0.05849919311,-0.06404448105,-0.03797928673,-0.03239202658,-0.04657588317
0.02721259283,-0.008912655971,-0.03186328556,0.02449168207,-0.0006572461387,0.001378887697,-0.004017013233,0.02103783578,0.02600896861,-0.02780146683,-0.01792114695,-0.01350143949,0.01456854688,0.002106530244,-0.008970525416,0.02544283414,-0.01471347445,0.04980079681,-0.0218705036,0.01420405335,0.005803983643,0.03659101436,-0.004050073638,0.01028424511,-0.004400440044,-0.01218026797,0.009564684243,0.02007865866
-0.02412575181,-0.003237410072,0.01434916297,-0.01323109307,-0.01150937192,0.0108629131,-0.1100830368,0.002111601085,0.04143356643,-0.02,-0.06047966632,0.01841602093,-0.02282768778,-0.003603603604,-0.01896551724,-0.01177763819,-0.03091433063,0.003036053131,-0.03118564284,0.01298035867,-0.005639344262,0.02144772118,-0.0887245841,-0.04495970592,-0.02519337017,-0.01764530805,-0.01846228592,-0.03023538961
-0.0262678122,0.04402742692,-0.01212529471,0.003199756209,-0.03626081171,-0.002573028606,0.06478272461,-0.04480588536,-0.00436461306,-0.03007518797,-0.01387347392,-0.0168972332,0.03617181613,0.01416515973,0.004393673111,0.006753535675,-0.05352798054,-0.006053726826,-0.08290312785,0.01062215478,-0.008177261936,-0.002916302129,0.01446923597,0.01968911917,0.01292223985,0.0199099723,0.00123747061,0.00857920067
-0.02080925313,-0.03318354649,-0.003295829071,-0.02354191981,-0.05419399379,-0.04506828528,-0.07686529795,-0.009107473503,-0.04501770359,-0.01698043559,-0.02194710186,-0.004322042416,-0.08872727273,-0.03744427935,-0.02187226597,-0.02564912004,0.02342187946,-0.06547392463,-0.1261589404,-0.04888221555,-0.02978723404,-0.02164375548,0.007597973874,-0.0008710801394,-0.08504923903,-0.03522098831,-0.01124706464,-0.06970954357
-0.03303135776,-0.01644619235,0.004903078677,0.0007777259294,-0.02591240876,-0.03368822501,-0.06943314348,-0.01420103177,-0.007768361582,-0.02403304544,0.005178365938,0.0007066424389,-0.06544293695,-0.03673973449,-0.03935599284,-0.03993196177,0.05191180575,-0.05254582485,-0.005305039788,-0.01385721803,-0.04618969298,-0.1089686099,-0.1305728271,-0.103458297,-0.07852250489,-0.05674075755,-0.07725,-0.03211418376
0.04610367893,-0.05379861868,-0.01338931124,0.01414361206,0.01536155864,0.03453379378,-0.007869425823,0.0008464994226,0.01263345196,-0.01327433628,-0.004579278764,-0.02330273378,-0.04696840307,-0.0358974359,-0.03584729981,0.02505694761,-0.02892013797,-0.02966466036,-0.112,0.02027748132,0.00373616899,-0.05284348264,-0.02175897748,-0.01815235008,0.0509689408,-0.03194351042,-0.04077485776,-0.002764976959
-0.007305337532,-0.0338071456,-0.01759631972,0.01777777778,0.00295202952,0.01621363853,-0.06903642773,-0.01552314728,-0.01054296257,-0.00643400273,0.01495112133,-0.04152034704,-0.03539426523,-0.03257978723,-0.01158860454,0.000329218107,0.00737704918,-0.05626938414,-0.04847704848,0.01272663877,-0.01188260558,-0.01151257527,-0.01710997045,0.007758336085,-0.05253851983,-0.01300380556,-0.01609942099,-0.01848428835
-0.04365136876,0.01948310139,-0.02856473894,0.01054058124,0.01876379691,-0.004536211481,0.2196276428,0.007741282236,0.01775883502,-0.02668759812,0.02492917847,-0.06346982759,0.07385044124,0.04776632302,0.07914020518,0.05858153694,-0.04176837537,0.02535211268,0.07439134355,0.02857634705,-0.004201680672,0.03046049095,0.0799177085,0.04914004914,0.09037589976,0.07491253397,0.05109803359,0.01412429379
-0.07150283932,-0.005460218409,-0.02771752229,0.02041424527,0,0.002985543683,-0.025614489,-0.04409660271,-0.0225091607,0.03125,0.01492537313,-0.05085720861,0.001730103806,0.0003279763857,-0.01901312811,-0.01873154049,-0.0925559015,0.00641025641,0.1237935376,-0.03280334728,0.01309471846,-0.004694835681,-0.08645955451,0.00031225605,-0.135207824,-0.02633245471,-0.05516864673,-0.02274837512
-0.007575791922,-0.00862745098,-0.05057015369,0.007301401869,0.0173347779,0.03117656274,0.06585236325,0.006844930006,0.04302034988,0.05376344086,0.03376906318,0.003758031277,0.03151986183,-0.004262295082,0.03922473466,0.01037623762,0.04179663132,0.0004549590537,0.08140403286,0.04775912788,0.001723395088,0.04437456324,-0.01572024382,-0.004838457937,0.04184337009,-0.01702099461,-0.02543720191,0.05368171021
0.1326770215,0.1036392405,0.02036553525,0.03885184111,0.06318778843,0.0548465512,0.04359740907,0.04345088958,0.002224884477,0.02690166976,0.04741833509,0.0154589372,0.1515278359,0.08001317089,0.08259325044,-0.007525870179,0.0751497006,0.1195998181,0.07907458564,0.08918249381,0.06637992832,0.05838072934,0.08572359844,0.05426599749,0.06295793758,0.1000941316,0.04997775471,-0.004959422904
0.01054274571,-0.00752688172,-0.02085465711,-0.0079542283,-0.02003338898,0.02650151231,-0.122941036,-0.01586228433,0.004610655738,-0.01842818428,-0.01207243461,-0.01058515699,-0.01999272992,-0.02195121951,-0.01517637408,-0.01587677725,-0.005569479254,-0.005280259951,0.02816,-0.04033358605,-0.02594783544,-0.02560455192,-0.04473131192,-0.02067836953,-0.03012509574,-0.03535932418,-0.02231638418,-0.02061622111
-0.01619192439,-0.001083423619,0.02848556122,-0.004079336053,-0.03509369676,-0.01599551003,-0.01660315732,-0.008058975931,-0.004759476458,-0.01398858826,-0.006619144603,0.0278879673,-0.01483679525,-0.01496259352,-0.0433152853,-0.01388554459,-0.01988238589,-0.01143323806,-0.08776844071,-0.01911834413,-0.0237405107,-0.03146796431,0.006756756757,-0.01321585903,-0.004738088971,-0.02369344866,-0.009534816527,0.01295396715
-0.0175010142,-0.01337671728,0.01651632575,-0.005225988701,-0.007768361582,-0.005133323827,0.06531967894,0.01915270924,0.008881298036,-0.02800074669,-0.02050230651,0.009472576307,0.02108433735,0.02373417722,-0.004353504571,-0.009197460524,0.01914285714,-0.006608839323,0.03889457523,-0.001288659794,0.0123002969,0.01507285212,0.02325581395,0.009698275862,0.04945781539,0.01740002217,0.03165110852,0.008449417675
-0.06848455319,-0.0428728472,-0.04049493813,0.02541530598,0.03523131673,0.03726530027,0.07950116913,0,0.04960216692,0.02515844056,0.001569858713,-0.06105189991,0.1120943953,0.01761978362,-0.08307826847,-0.03647416413,-0.00532660499,-0.02827442827,-0.04236453202,0.006774193548,-0.005865921788,-0.00461969972,-0.02516778523,0.002896783046,0.02116935484,0.01845263193,-0.08695037466,0.01222826087
-0.1111968085,0.02679938744,-0.04585124398,-0.03613957353,-0.1543485734,-0.003178112478,-0.1095066185,-0.05353214001,-0.005967741935,0.02566504309,-0.05694879833,-0.01184454041,-0.0550397878,-0.0170109356,-0.07677634716,-0.01790433967,-0.0777903044,-0.04236200257,-0.03943758573,0.02082665812,-0.03231244732,0.00281783524,-0.02597402597,-0.04043782305,-0.1243830207,-0.01148965466,-0.02121399814,-0.02237136465
-0.0663295331,-0.05294556301,0.07686006826,-0.01723890246,0.06300813008,-0.05683393402,0.1027027027,-0.03640156991,-0.04445886743,-0.06155251142,0.001108033241,0.09039830191,-0.1010526316,0.01699629172,-0.0444214876,0.008854935324,-0.03881418093,0.03261840929,-0.0531952874,-0.01804770873,0.02642276423,0.04380165289,-0.05526104418,-0.02376425856,0.05101465614,0.01452900153,0.02199019143,0.0647597254
-0.1967961798,-0.01535433071,-0.06110547667,-0.02207279637,-0.1166347992,-0.01895943563,0.004901960784,-0.04402158478,-0.00747155714,-0.006811989101,-0.02324294411,-0.1125615482,-0.02459016393,-0.096627165,-0.06648648649,-0.01505894501,-0.03529411765,-0.05711813068,-0.2081447964,-0.03851686112,-0.06195190948,0.03008709422,-0.0567930624,-0.08049334632,-0.1271118262,-0.1308666541,-0.07291021672,-0.2263056093
-0.06763937195,-0.00399840064,0.04401836349,-0.03587443946,-0.07445887446,0.02741573034,0.07317073171,-0.02155464681,-0.009409751925,-0.002155594748,0.0730878187,-0.008516129032,-0.08683473389,-0.04944500505,-0.01968731905,-0.1209156037,-0.009887936717,-0.06103717302,0.06,-0.05003324468,-0.05006031363,-0.06010760953,-0.07535604831,-0.07077303212,-0.07619047619,-0.05044308476,-0.1784939055,0.08611111111
0.1234950071,0.02368526696,-0.05483704087,-0.02821705426,-0.01777362021,-0.07713619131,-0.04568181818,-0.03437842704,-0.05872193437,-0.07187745483,-0.1193241816,-0.0904476835,-0.04864154251,-0.05449398443,0.003544004725,-0.08358179288,-0.0206391478,-0.05816226784,0.05031446541,0.001749781277,-0.05365079365,-0.08652273471,-0.08208227725,0.02811016144,-0.09211839042,-0.00614014135,0.005691056911,-0.08184143223
-0.1071968206,-0.03058823529,0.02613574165,0.0280791321,-0.04095238095,0.009796176331,-0.03167420814,0.002075325819,-0.00128440367,-0.01692763436,0.03956834532,-0.004006295607,-0.04283740212,-0.006362275449,-0.05591524426,0.003253443227,0.05370496261,-0.01608718215,0.09110350727,-0.007161572052,-0.03539080845,0.06982990152,-0.007858963466,-0.03510068354,-0.1080586081,-0.02847287019,-0.1734033953,0.006963788301
-0.06451016504,-0.1432038835,-0.118682491,-0.0665735568,-0.1196623635,-0.1023314035,-0.1637973438,-0.04760410514,-0.08745177292,-0.1173052088,-0.05478662053,-0.1134894412,-0.08999037536,-0.1951035782,-0.11159601,-0.1389039023,-0.1348387097,-0.151371308,-0.1991375931,-0.08937368051,0.04973048166,-0.2209205021,-0.09312780989,-0.1349798966,-0.05215605749,-0.2314057043,-0.1985330073,0.04038727524
0.1614737338,0.06798866856,0.1240732335,0.01679135495,0.08855047941,0.1225379118,0.1979411765,0.1137275423,0.126837125,0.1082662765,0.08358755339,0.1941338519,0.1750396616,0.1717360786,0.09754385965,0.1634446397,0.1174496644,0.06898694842,0.1497797357,0.1018160742,0.06195130031,0.1995703545,0.2476392823,0.2007525454,0.2270363951,0.152157038,0.1900549115,0.07817069928
-0.1035929319,-0.05835543767,-0.003634405707,-0.01880313931,-0.04404145078,0.008540372671,-0.106064326,-0.008457321848,-0.01411470431,0.009900990099,-0.06531531532,0.008820735514,-0.06660666067,-0.1182108626,-0.08248081841,-0.095058265,-0.06873540207,0.02151162791,-0.08727117923,-0.009644046993,0.01310248011,-0.1409383954,-0.1269631031,-0.03797235023,-0.1532485876,-0.06025529789,-0.04101512433,-0.04290998767
-0.080725117,-0.09295774648,-0.008646311808,-0.01233127812,-0.1268292683,-0.03756735951,-0.09997253502,-0.0409975605,-0.06107285248,-0.04204793028,-0.04096385542,-0.04788808179,-0.03567984571,-0.1059782609,-0.09407665505,-0.07618934065,-0.06879254747,-0.07740466705,-0.1189365672,-0.01540368272,-0.06389530408,-0.03460496143,-0.1074989163,-0.07740946541,-0.1922435363,-0.1043198176,-0.04570970329,0.05823241433
0.05457693346,0.07091097308,0.07386208776,-0.002699510714,-0.05276225947,0.03471444569,-0.1583765639,0.01675969475,0.01852924146,0.02865590175,0.007537688442,0.04973156259,0.071,0.1246200608,0.04307692308,0.03110480124,-0.02116198538,0.01172115978,0.009528851244,-0.001798237727,0.04046052632,0.08659036925,-0.01044196212,0.0199376947,0.09344346928,-0.09903595735,0.01792717087,-0.01095690285
-0.04325004142,-0.1005316578,-0.05697969543,-0.06394857046,0.01572739187,-0.06478045764,-0.0529369108,0.03161695357,0.004548038658,-0.01989829759,-0.04738154613,-0.03068640646,-0.009803921569,-0.08423423423,-0.07374631268,-0.03742646138,-0.0231918239,-0.08780487805,0.05506030414,0.01188974959,-0.01438507746,-0.04570747218,-0.02134969325,-0.07106495622,-0.07271010387,-0.08521961473,0.00660429279,-0.08887247661
0.1213289988,0.1289629232,0.07118826537,0.06217242003,0.2180645161,0.03306331625,0.3970137825,0.116073516,0.08583286172,0.03722084367,0.1079842932,0.08428214385,0.1433286186,0.2257747172,0.1098726115,0.1035110533,0.08651911469,0.1530748663,0.06610337972,0.08456471426,-0.07971130714,0.1697209496,0.07447342026,0.06641823762,0.2443991853,0.1854169726,0.159650082,0.1826533369
-0.04983960072,-0.09376487387,0.004396984925,-0.01633486473,-0.1022245763,-0.05008801408,-0.2154014799,-0.05638113938,-0.04951355108,-0.02196607221,-0.01772002363,0.001536688436,-0.03463917526,-0.08627608347,0.04662840746,-0.02462880038,-0.01481481481,-0.02376811594,0.1086247086,-0.003775443204,-0.03049843151,-0.14206872,-0.095915986,0.02014388489,-0.2086743044,-0.006454345993,-0.00495049505,-0.08498971899
-0.09508928242,0.007352941176,-0.06303939962,0.01937381076,-0.05191740413,0.0185309973,0.04156479218,0.03467436251,0.02339608847,-0.006893484545,0.03307276007,-0.1127733026,0.01366937206,-0.03689064559,-0.01713502399,-0.009423704241,0.09360902256,-0.02790973872,0.08242220353,0.01169879717,0.01330217509,0.01888358581,0.06143520909,0.0425146081,-0.04756980352,-0.04508777011,-0.01018715944,0.04694132335
0.01014809856,-0.01147028154,0.04151648645,-0.01323604276,-0.02551337897,-0.004300363877,-0.001341381623,-0.00837728526,-0.01571709234,-0.005597850425,0.006402793946,0.03112840467,-0.01559207754,-0.02097583219,-0.01464435146,-0.009025490914,-0.02715709866,-0.02199144777,-0.006604506605,-0.01661237785,-0.01773993259,-0.003258655804,-0.02748054475,-0.007924236567,-0.03908794788,-0.02000884602,0.01340354236,0.03935129979
0.09201561477,0.08227848101,0.04627018713,0.03267411866,0.0619412516,0.03571428571,-0.01779717931,-0.01991558402,0.02558519325,0.02319297456,0.05031810295,0.0714185884,0.05779109589,0.09455053563,0.05520169851,0.06855384615,0.07879858657,0.06870705809,0.06140007822,0.05266644584,0.05652880621,0.0919493257,0.1545386347,0.05786090006,0.1271186441,0.07513163833,0.08833254606,0.02179899036
-0.06259158932,-0.05116959064,-0.06235452652,-0.02847626978,-0.04810583283,-0.03865276664,-0.1483760684,-0.02124287456,-0.09076433121,-0.03763204225,-0.04405286344,-0.07618053744,-0.07041683529,-0.06978723404,-0.07511737089,-0.01278507256,-0.06649197511,-0.04149620105,-0.05600589536,-0.05349276274,-0.02427350427,-0.0621257485,-0.05263157895,-0.03572744015,-0.05614035088,-0.05316962786,-0.1061197917,-0.07859869751
-0.07139755402,0.01232665639,0.02038149987,-0.01542680836,-0.1181301327,-0.03687020354,-0.08390204737,-0.0575674229,0.003308036583,0.002515435628,0.008064516129,0.0129906806,0.01001306051,-0.01829826167,-0.003625815809,-0.009217127523,-0.01087719298,-0.03536585366,-0.004683840749,-0.008144946809,-0.01156271899,-0.06624102155,-0.02926383173,-0.02406417112,-0.09665427509,0.001604560329,-0.0398154892,0.0004874482086
0.08879045012,-0.1055301877,0.006402048656,-0.01549442897,-0.1103151862,-0.02355794214,0.0736196319,0.03437842704,-0.05740884407,-0.01847627737,-0.1057142857,-0.006272651241,-0.02025862069,-0.02795899348,-0.02620087336,0.07866227037,-0.01418942888,0.03034134008,0.1039215686,-0.02128372717,-0.05069124424,-0.02414529915,0.01295336788,-0.04755381605,-0.1064079953,-0.07168482958,-0.1739570164,-0.08453105968
0.02086570824,0.01134429949,-0.02430025445,0.02015915119,-0.06441223833,-0.05889657619,0.02857142857,-0.01290547611,-0.04176954733,-0.01835928422,-0.04856230032,-0.01402721279,-0.05103387593,-0.03163950144,0.01868460389,-0.00731441048,0.02302986686,-0.06073619632,0.03552397869,-0.008561643836,-0.05489171023,-0.02715130282,-0.05138339921,-0.02321758784,0.1171052632,-0.02286547291,-0.07284970921,0.03219797765
0.1202028624,0.09029725182,0.0363802321,0.01404056162,0.08777969019,-0.002073515551,0.08253968254,0.02615190848,0.05819196908,0.00165719697,-0.0120886501,0.05875657988,0.07046824293,-0.03762376238,0.09391049156,0.06477510173,0.07808652832,0.1005878511,0.01269296741,0.01934369603,0.068945081,0.07517443169,0.04901960784,0.04375262936,0.04534746761,0.09668813846,0.08022449653,0.0469193091
-0.03268165771,-0.01800411523,-0.06152491193,-0.02393162393,-0.09493670886,-0.034945221,-0.09494134897,-0.05829767648,-0.05580357143,0.03639801465,-0.008837525493,-0.06302069336,-0.08098744045,-0.04732510288,-0.06908115359,-0.03077876472,-0.06199021207,-0.04451038576,-0.0189701897,-0.03744493392,-0.08667529107,-0.09085199916,-0.05420560748,-0.05098750504,-0.1132394366,-0.09822858838,-0.054400978,-0.005909874415
-0.123135461,-0.09848088004,-0.07092103499,-0.06042031524,-0.2263986014,-0.04286553142,-0.2098015391,-0.05784812785,0.05050505051,-0.0401368301,-0.08984910837,-0.09737559157,-0.1182846371,-0.08369330454,-0.1296829971,-0.1009164535,-0.03026086957,-0.1080745342,-0.1774861878,-0.05175145221,-0.08114123837,-0.04190651623,-0.148715415,-0.1006583139,-0.2280813215,-0.1558054617,-0.1881060116,-0.07134010404
0.01139163057,-0.08251016851,-0.06334776335,-0.1068033551,-0.1412429379,-0.04151329243,0.08457201435,-0.01185114592,-0.01718494272,-0.05702066999,-0.1213262999,-0.08452494439,0.06467129877,-0.05421331762,0.0190397351,0.05546995378,-0.1592539455,-0.00278551532,-0.2661628883,-0.0374976796,-0.05659546355,-0.04446046623,-0.1436448056,-0.07508854782,-0.08971193416,-0.07773454244,-0.1174363057,-0.04747932782
-0.05492362432,-0.04053198227,-0.005238021876,-0.02754590985,-0.025,-0.05739278856,-0.2485822306,-0.04869256137,-0.01103247294,-0.02368354749,0.08319039451,0.01145435613,-0.08483935743,-0.02866043614,0.01949634444,-0.0625491297,-0.1045221843,-0.04888268156,0.01773455378,0.00906460945,-0.01797385621,-0.02992957746,0.05049135886,-0.04110288486,-0.03797468354,-0.07454443392,0.07893549842,-0.06132735928
0.1481104027,0.07260726073,0.03716896392,0.08862660944,0.3036437247,0.08239022182,0.4522012579,0.09052705592,0.02715217849,0.06503225806,0.1203483769,0.07995881949,0.1047723533,0.1039127646,0.1354581673,0.0927168184,0.2486898523,0.1343612335,0.1624508151,-0.0120412844,0.1283574994,0.1384495722,0.09129032258,0.09478168264,0.1898496241,0.2552715509,0.1045150502,0.1375298329
0.1282773596,0.128,0.05315813051,0.04928050463,0.07971014493,-0.001672940192,0.249891728,0.08826770827,0.05491803279,0.06954204022,-0.009187279152,0.09866539561,0.1544190665,0.09936083672,0.08912280702,0.08210918658,0.06753147654,0.09902912621,0.06624758221,0.06713097311,0.0389719823,0.08449100433,0.04936446941,0.05739299611,0.1500789889,0.1021708181,0.1214988645,0.07290847102
-0.0294473342,-0.04637206765,-0.02693889125,-0.004133007702,-0.04793863854,-0.009635525765,-0.1389466389,-0.02735649209,0.005439005439,-0.004984141368,-0.02282453638,-0.03398409255,0.005591397849,-0.05655391121,-0.05154639175,-0.0424475737,-0.05110793424,-0.0394581861,-0.06848072562,-0.02248005801,-0.01358475264,-0.02855942881,0.0005633802817,-0.02023919043,-0.1201923077,-0.01791388137,-0.07087411407,-0.05842092398
0.1336026422,0.07322654462,0.02069066006,-0.01528013582,0.1268882175,0.05012690355,0.1348088531,0.0929833943,0.03226429675,0.02436247723,0.0007299270073,0.04625748503,0.0628742515,0.09915966387,0.07744565217,0.0744815912,0.004519774011,0.07480073574,0.0676728335,0.03746290801,0.07050359712,0.1083009079,0.07432432432,0.08708920188,0.1834504294,0.160056834,0.1373047584,0.09397715472
0.01494557188,0.04424307036,-0.0289793005,-0.02011494253,0.08400357462,-0.03242698892,0.195035461,-0.03905660194,-0.03556054651,-0.005779062014,-0.01677607586,-0.02732865932,0.04466800805,-0.004587155963,0.007566204288,-0.01585269791,-0.02324709411,0.02053622362,0.1112631099,0.003038970325,0.02438556068,0.03608347962,-0.02646750524,0.001727488663,0.3496042216,0.05385029172,0.05908655382,0.03939250119
0.002329061446,-0.05002552323,-0.04013525434,0.02580645161,-0.06430338005,0.05599500416,-0.1189910979,-0.02551799713,-0.04385794683,-0.008942544154,0.008160237389,-0.06045895852,-0.031201849,-0.006144393241,-0.06132665832,0.004802401201,-0.03186180422,-0.03242034656,-0.006565449323,-0.01390126537,-0.02586691659,-0.01430722892,-0.01803499327,-0.01250269455,-0.07233626588,-0.002611078827,-0.08082026538,-0.07831050228
0.03510453518,0.09618484686,0.01286567621,-0.0306842005,0.06519823789,-0.01498127341,0.1040754463,-0.01260869114,-0.01542520804,-0.04714640199,-0.007358351729,0.02411147644,0.02902584493,0.0170015456,0.01866666667,-0.004779448372,-0.07057890563,0.06123627961,-0.04956629492,-0.01518163745,0.1035212623,0.03380443086,0.0819627193,0.05784763152,0.2766069547,0.02842307072,0.09547244094,-0.0009908347783
0.05884300675,-0.01029411765,0.03130198095,0.05701926858,0.0835401158,0.02041224735,0.0918242831,0.01637212953,0.04803133375,0.02201704545,0.03632320237,0.01941599144,0.0127511592,0.1580547112,0.09031413613,0.06243121561,0.05034129693,0.06151333696,0.0308561495,-0.03156542485,0.01970357454,0.02106041012,0.06865974158,0.05612876599,0.125877012,0.06908999039,0.1524408506,0.04438383337
-0.01892712712,-0.04309063893,0.01568914956,0.006510416667,0.08320610687,-0.01215924691,0.001117630623,-0.03930560105,-0.004130605822,-0.009728978457,0.0121602289,0.01979604079,-0.04883632201,0.08092738408,-0.07743097239,-0.03098220171,-0.008935824533,-0.04564102564,0.163153457,0.03088876255,0.01077291382,-0.03853808576,0.06021811285,0.02579132474,-0.04545454545,-0.06020308785,-0.001299376299,-0.1099240266
-0.02253916802,0.06625258799,0.01775660459,0.03585289226,-0.05073995772,0.04268413738,0.03991068937,-0.004023184453,-0.01402330634,0.07766081871,0.07349823322,-0.02897058824,0.04372242278,-0.02023472278,0.009759271308,0.01632653061,0.05491803279,0.005910800645,0.007973903588,-0.003676470588,0.002030113348,-0.0365073391,-0.00782647585,0.009142857143,0.003456221198,0.02135068616,-0.01691386937,0.08295545479
-0.03276441457,-0.04126213592,-0.02368794326,-0.0228367529,-0.0274684484,0.009710586443,-0.07648953301,-0.02996605577,-0.01342147436,0.02669850228,-0.01514154049,-0.02407996365,-0.1214450423,-0.02106567534,-0.03028350515,-0.02572193536,0.01670551671,-0.0438034188,-0.05429701546,0.05313653137,-0.05335134223,0.0236328125,-0.03222898355,-0.03661759154,-0.1044776119,-0.01594312103,-0.09184753838,-0.008374384236
0.1375485714,0.0835443038,0.04256864739,0.01844075224,0.05801526718,0.006222892702,0.04940424295,0.01527128731,0.02720812183,0.03636363636,-0.01336898396,0.07402234637,0.05686789151,0.05611814346,0.09634551495,0.06359799784,0.05196790218,0.08938547486,0.04562737643,0.04852838122,0.05742821473,0.130700248,0.1108523521,0.08287617555,0.1106837607,0.07670088399,0.09443310988,0.04098360656
0.03229501032,0.03037383178,0.01964882943,-0.002689135891,-0.02164502165,-0.004122938531,-0.01993907505,0.001024481448,0.004348685511,0.007343941248,-0.03048780488,0.005346048259,0.01655629139,0.01198561726,-0.03515151515,-0.008120328504,-0.05811841627,0.01897435897,-0.05272727273,-0.01888053467,0.02361275089,-0.02126223422,0.1075471698,0.02207345757,-0.0130819546,-0.1234130644,0.02716378162,0.0479599141
-0.05394647202,0.06213151927,-0.0049200492,-0.0158188028,-0.0302359882,-0.03406097102,-0.03927663182,0.01536976998,-0.04625073804,-0.02571891454,-0.01257861635,0.02155791894,-0.02890879479,-0.0426371891,0.003768844221,0.001209414829,-0.03740840725,-0.02566683442,-0.09750479846,-0.01600817439,-0.02273850717,-0.03551724138,-0.06265379519,-0.03133297929,-0.01637426901,-0.01602110979,-0.06352087114,-0.03096539162
0.009407758701,-0.005977796755,-0.05452547727,0.01351598174,-0.1239543726,-0.01500097409,-0.03323529412,0.009755430283,0.002682624845,-0.002494283933,0.04670912951,-0.07484524479,-0.0251572327,-0.06556701031,-0.01877346683,-0.02880505482,0.008814102564,-0.04907024793,0.04466184602,-0.01003807546,-0.03102343618,-0.0121558813,-0.05290791599,-0.03910818713,-0.07927070947,-0.06553194963,-0.1040974529,-0.0352443609
0.03348399688,0.02491408935,0.02527600232,0.02649125969,0.02083333333,0.03303006329,0.05263157895,0.04463750963,0.003498662276,0.006251302355,0.03177822853,0.01703163017,0.02666666667,0.04413062665,0.04464285714,0.01253348641,0.1060365369,0.03150461706,0.02280130293,0.0005244755245,0.04332695319,-0.06351791531,-0.09061833689,-0.002092050209,0.03314679294,0.07925220582,0.07354758962,-0.001217730151
-0.02366700524,-0.02766135792,-0.0351374327,-0.005969101124,-0.02380952381,-0.001148765078,-0.05780346821,-0.03188806416,-0.02112387203,0.01470283703,-0.04521625164,-0.04096889952,-0.04147465438,-0.02409129332,0.009768009768,-0.039497307,0.001436265709,-0.02422327541,-0.04100318471,0.01327974838,0.01184122748,0.00309178744,-0.049003517,-0.02992186011,-0.02,-0.02614090755,-0.08750719632,-0.02609119727
0.02691223853,0.001293103448,-0.03524229075,0.01942776404,-0.001742160279,0.01552616446,0.06472392638,-0.04315058111,0.002095118374,0.001020408163,0.01304049417,-0.02650452136,0.01005244755,-0.01689042876,-0.003022974607,0.01938022627,-0.03836500538,0.00215866163,0.03819012038,-0.01241593378,-0.002966869952,-0.007127721056,-0.002958579882,0.01021611002,0.0425170068,-0.002763636364,0.003154574132,0.01151727591
0.07424892915,0.05596211795,0.04931506849,0.02321552322,0.01832460733,0.04869762174,0.06539902046,0.02478632479,0.0206983065,0.04036697248,0.03387533875,0.05124919923,0.07312851579,0.1176211454,0.1461491813,0.1237212893,0.04175988069,0.1389337641,-0.006797281088,0.01763576043,0.05538105472,0.02502910361,0.04352126607,0.06903928433,0.1782218597,0.1215369228,0.1525157233,0.001732673267
0.04702871714,-0.05788830004,0.05526544822,0.03741957332,0.05569837189,0.003959683225,0.03109789075,0.04131675822,0.003072511266,-0.029590437,0.08912188729,0.04890310786,0.01451612903,0.04256996453,0.03015873016,0.01021985572,0.1012884753,0.03262411348,0.1119162641,-0.03963623885,0.09508145363,-0.008707173954,0.0009478672986,-0.05202837912,-0.01765316719,0.07165470192,0.1694406548,0.07585866074
0.03953846288,0.03115534401,-0.02886597938,-0.002774604211,0.1136363636,-0.003047687343,0.03855232101,0.03322504583,0.01776597917,0.001615508885,-0.0348977136,0.02251270879,0.04610492846,-0.03516068053,-0.005136106831,0.01946782283,-0.02437439064,0.03347069597,-0.009413468501,-0.01500804002,0.03189815477,0.08115333206,0.03669507576,0.05891383612,0.009513742072,0.05072328091,0.05272981801,0.03399173174
-0.01027519694,-0.01720520352,-0.02080679406,-0.006219312602,0.06195335277,-0.06185937781,0.07803030303,-0.03465592997,-0.002407704655,-0.003225806452,-0.008104738155,-0.01661931818,0.02963525836,0.03605015674,-0.03149199793,-0.01017344897,0.01932045303,-0.04124761863,-0.0105994152,0.02067839652,-0.01705018021,0.00918403391,0.04521580269,0.01286698079,0.1287958115,0.01504766745,0.04499113475,0.03109729009
-0.03114136855,-0.007258753202,-0.03801676785,-0.01482213439,-0.08304735758,0.000766724171,-0.04591239166,-0.02263657226,0.03720836685,-0.01496763754,-0.001885606537,-0.03813375704,-0.03653136531,-0.05105900151,-0.01652452026,-0.01550126369,0.009150326797,-0.04205175601,0.05208718138,-0.0314554825,-0.01170497814,-0.02975148757,-0.0351758794,0.004294149222,-0.06029684601,-0.04076437677,-0.06786850477,0.004093063335
0.05933697683,0.05978494624,0.07137490609,0.02440655299,0.0628742515,0.02164336334,0.0559783943,0.03937699426,-0.0003878223774,0.007392197125,0.05352644836,0.06262201532,0.03523554194,0.06815464328,0.01680216802,0.02105083005,0.0524611399,0.06415822479,0.04248595506,0.02587155963,0.03538812785,0.0101010101,0.06725543478,0.05647603777,0.07502467917,0.04088687648,0.08213879408,0.02874919545
-0.005026623715,0.0004058441558,-0.0301542777,-0.0137075718,-0.02112676056,0.01443569554,0.0104626831,-0.01177885598,-0.01319107662,-0.00591112923,-0.001793185894,-0.01158846806,0.009618941916,-0.02835820896,0.08315565032,-0.01064364733,-0.002153846154,-0.02085222121,-0.0569215224,0.005902343051,-0.006339581036,-0.01089285714,0.0538934861,0.001011804384,0.03520048975,-0.01237293323,-0.04730866274,0.05151199166
0.01248439451,-0.00121703854,0.0004338394794,-0.001985440106,-0.002158273381,-0.02310109037,-0.02577082375,-0.01417759926,0.01592294083,0.02419520197,-0.01856287425,-0.01401201029,-0.009527299377,-0.005376344086,-0.03346456693,-0.004997882253,-0.05334566759,0.01111111111,0.03142857143,-0.001778093883,-0.01040221914,-0.02094240838,-0.01046909603,0.01954177898,-0.02897693672,-0.006890367332,0.01765614655,-0.005950019833
0.02002055076,0.01543460601,0.01185313674,0.0003315649867,0.106705119,0.04615966705,0.03330184223,0.01536077895,-0.02515479876,0.04424424424,-0.001830384381,0.03016241299,0.01775804661,0.08416988417,-0.01425661914,0.01208922186,0.07133550489,0.0434981685,-0.004155124654,-0.03402208764,0.04498948844,0.01253918495,0.03702950153,0.01718440185,0.03288672351,0.01797617783,0.05768813706,-0.02254588986
0.05929379339,0.012,-0.006142857143,0.005469008949,0.09185667752,0.03254972875,0.01828571429,-0.05085510566,0.01052004764,0.01610429448,0.01711491443,0.01421734234,0.02290076336,-0.002849002849,0.009297520661,0.02262786003,-0.03253268471,0.03685827117,-0.005910987483,0.03522035774,-0.0002682403433,0.06629029321,0.03708063567,0.01803118908,-0.004716981132,0.04646711039,0.07566126717,-0.02449479486
0.01158296752,0.0209486166,0.0002874802357,0.009889566507,0,0.01856392294,0.005836139169,0.02916338536,-0.027695934,0.002452830189,-0.004206730769,-0.004857737682,-0.03127221038,0.008214285714,0.01023541453,-0.01842559842,0.006599622879,-0.0008463817182,-0.09758656873,0.01834698967,0.006305339415,0.007685738685,0.003972758229,-0.01643529599,0.0192535545,-0.03256195154,-0.005337399924,0.02866708516
-0.0006881484295,-0.0460704607,-0.02888346027,-0.0236657418,-0.05548926014,-0.02544704264,-0.02253961169,-0.01284967223,-0.008888888889,0.01261057783,-0.01025950513,-0.03221757322,-0.0407190022,-0.01983705278,-0.03242147923,0.003519651387,-0.008117389947,-0.02837780601,-0.06821705426,-0.00979534721,-0.02652979603,0.06406779661,-0.01488599962,-0.01963011032,-0.03458297007,-0.04039336827,-0.02740513607,-0.003458096013
0.02573114379,0.04383116883,0.03773305712,0.04530257439,0.03158559697,0.01446718419,0.05205479452,-0.03204223717,0.01121076233,0.01840148699,0.04268292683,0.0616803574,0.03403441683,0.03505601735,0.06806282723,0.06087682672,0.03430909663,0.03679163034,0.04950083195,0.001236530648,0.02547247329,0.007486460656,-0.01185921959,0.01720999504,0.05599036725,0.05421154924,0.04532019704,-0.003265972647
-0.004981913965,0.02488335925,0.04976472266,-0.02190948345,-0.0300061237,0.005043478261,-0.002170138889,-0.001380211313,0.04595847611,0,0.0514619883,0.05416044523,0.02181952663,0.04294692737,0.0004901960784,-0.03132871537,0.02647595861,0.0195930037,-0.01228695997,0.04587155963,0.01923076923,0.04490118577,0.03464963221,0.06458435009,0.01881413911,0.04718570196,0.09048067861,-0.0006143764079
0.0664717507,0.08801213961,-0.005297473513,-0.01749509483,-0.0523989899,-0.01540058834,-0.0469769465,-0.01104956042,-0.03950664868,-0.02847234897,-0.04783092325,-0.02845737832,-0.05537459283,-0.04084365584,-0.02841744243,-0.02397204616,-0.05069670916,-0.02268041237,0.01565008026,-0.001349527665,0.006551362683,-0.03540626419,-0.09653882133,-0.009321515892,-0.02406267487,-0.0635467471,-0.01348314607,0.05
-0.06504250545,-0.02789400279,-0.01474805408,-0.009985022466,-0.03597601599,0.03602811951,-0.02829758101,0.02688624075,0.008828250401,0.009205335337,-0.009929906542,0.01577203446,-0.0398467433,-0.04328097731,-0.04135148764,0.003746565648,-0.02373516552,-0.02953586498,0.04385618333,-0.0006756756757,-0.03306430617,-0.01960784314,-0.0004141644233,-0.03347215795,0.02293577982,-0.004626968897,-0.02768529876,-0.02029664325
0.06417988264,0.03981348637,0.009702009702,0.02118003026,0.09536973048,0.0491942324,0.04156881165,0.02584387418,0.03420843278,0.03276247208,0.02831858407,0.01330897704,0.06983240223,0.05800802627,0.02367175171,0.04512276045,0.06941778631,0.04304347826,0.1025738077,0.05882352941,0.03931071621,0.04512,0.06380774808,0.06495371848,0.09445067265,0.07251298312,0.08127590557,0.06772908367
0.02566365532,0.01897205933,0.02168840082,0.0237037037,0.009463722397,0.006790622474,-0.02953776776,0.005299638887,0.02230769231,0.02271088681,0.02925989673,0.01223280968,0.03133159269,0.05862068966,0.03956834532,0.01753968254,0.0113670356,-0.005002084202,0.0006865774116,0.03017241379,0.01062176166,0.01194121249,0.02200584226,0.0391128428,0.06120358515,0.009535222534,0.006666666667,-0.01231343284
-0.003631608545,0.01354096141,0.01706301223,0.008039877794,0.00125,0.00738718484,0.005576208178,0.03297106563,0.02859292701,0.02643637645,0.03288740245,0.001653733622,-0.005063291139,-0.007166123779,-0.04102817598,-7.799703611e-05,0.07719609583,0.001256807708,-0.002401372213,-0.008368200837,-0.003716995642,-0.0243570348,0.002858231707,-0.008797231035,0.004584942085,-0.005151905904,-0.03741721854,0.0005666792595
-0.02899555954,-0.01770207081,-0.008322324967,0.002392726113,0,-0.006057707636,-0.01825323475,0.004150383953,-0.00237746891,-0.01785714286,-0.01942795467,-0.00889001778,-0.005452562704,-0.008530183727,-0.01030927835,-0.01443057722,-0.005766062603,-0.02092050209,-0.01409903714,-0.01156430692,-0.003730863245,0.006202512017,-0.004180125404,-0.0216790339,0.00480422772,-0.005178585489,0.0042999656,-0.01094959411
-0.0548276176,0.01292077525,-0.01731717064,0.02434754933,0.003745318352,0.001924619086,-0.02918333726,0.05689909137,0.006966086159,0.01171328671,-0.006053935058,0.001665812404,0.03143274854,0.02581072138,0.0609375,0.005461020973,0.01353217343,0.03461538462,-0.01290547611,-0.02086956522,0.006069214876,-0.005393743258,0.0650639191,0.0240928019,-0.0578532154,-0.06304186352,-0.0142147628,-0.03473945409
0.04250022228,0.01074185968,-0.05530703538,0.009165760447,-0.008084577114,0.008644149192,0.01260606061,0.009021999775,-0.01565628982,0.02021772939,0.01882613511,-0.01164129461,0.02303330971,0.02677419355,-0.01914580265,0.02274874055,0.02915531335,-0.01528294093,0.09363957597,0.003390925238,0.05134129123,-0.005887821506,0.004120386958,0.01524832994,0.04744988582,0.009259650343,0.0128561501,0.008898556456
0.006346837242,0.01361673863,-0.016932128,-0.009698275862,-0.02382445141,-0.02713854944,0.003112281542,-0.01579964783,-0.01239134455,-0.03150406504,0.01141304348,0.003106393994,0.00311742293,0.01790763431,0.005505505506,-0.009851458478,-0.002118083135,-0.008389261745,0.0394184168,0.008368200837,-0.005860090343,0.01122194514,-0.0312221231,-0.007867257903,-0.006298449612,-0.01682027576,-0.01200686106,-0.04606036848
0.06749627453,0.02129750983,0.008319953291,0.009482356599,-0.01477199743,-0.0008156606852,-0.004295942721,0.01423501386,0.01086142322,0.004547044421,0.001074691026,0.003483870968,0.007596685083,-0.01512345679,0.01045296167,0.02844928099,-0.01061289467,0.01861252115,-0.0242461921,0.01516118736,0.02480658234,0.009556103576,0.01546961326,0.01585928489,0.0007313505607,0.04821028643,0.01579861111,0.02383398397
0.01133972875,-0.007058068656,0.001013317892,-0.004003695719,0.007170795306,-0.00212244898,0.02708533078,-0.0062698329,0.004631344943,-0.006963788301,0.01610305958,0.01658737302,-0.01747772447,0.005014102162,0.02857142857,0.001058121079,-0.007508715473,0.02533222591,0.004460019114,-0.01304826285,-0.005152786099,-0.002290076336,0.01886108089,0.01660516605,-0.003166869671,0.01661793738,0.0006836438216,-0.0004013646398
-0.01822207976,-0.02197092084,0.01663051338,-0.007111935683,0.08478964401,-0.01505235602,0.03920653442,-0.04206904314,-0.0003687995574,-0.01349929874,-0.00528262018,0.02302049077,-0.01778862923,-0.02213907078,0.003352490421,-0.02242355606,0.0226965685,-0.004050222762,0.04408499841,-0.007327174259,0.01156347868,-0.006732976282,0.08348166607,0.007399134441,0.01344086022,0,0.09530315969,-0.02549688818
-0.0198929227,0.01949124546,-0.01692745377,0.005294300841,-0.01909307876,0.01029900332,-0.01908825511,-0.04077775502,-0.009776793949,0.0003554291807,0.03505045141,-0.02040059347,0.01455965909,-0.02423469388,-0.007159904535,0.01776336114,0.0428005284,-0.007726718178,0.0252126367,-0.0006418485237,-0.007263634199,-0.008011092282,-0.0008214227041,-0.002355875831,0.02218471184,-0.007297453419,-0.06252923749,0.00515039143
-0.01386537769,-0.04990278678,-0.04717117639,-0.020755886,-0.004257907543,-0.003123972378,-0.1023351648,0.003272251309,-0.01490312966,-0.03446438088,-0.03283735249,-0.05906853465,-0.03325166258,-0.02222222222,-0.02307692308,-0.04295037183,-0.01798834558,-0.05778688525,-0.02222222222,0.01300578035,-0.01847187238,-0.01118186054,-0.04998355804,-0.04722878178,-0.1085161595,-0.03498812991,-0.08283433134,0.002049600328
-0.04109173512,-0.03103683492,0.005011389522,-0.002056311294,-0.00733048259,0.0224311397,0.01071155318,-0.03487621699,0.01134644478,0.0005519779209,-0.003183023873,-0.01301140174,0.02787834902,-0.01336898396,-0.03494094488,-0.011496987,-0.01186790506,-0.0113092649,0.003939393939,0.01268029799,-0.01698643529,0.006753573111,0.06784354448,-0.01516256014,0.01111405134,0.02559200967,-0.03989844033,0.03681734506
-0.003134593402,-0.02428722281,-0.02765185857,-0.01141226819,-0.04,-0.01580900145,-0.04870047943,-0.0418797642,-0.0102842184,-0.03181316661,-0.05055880788,-0.04688774123,0.007044734061,-0.00135501355,-0.01325854156,-0.02237908077,-0.04464751958,0.03383194017,-0.02173256867,-0.01518234465,-0.03617603182,-0.04368174727,-0.06175040519,-0.03182827535,-0.03716304632,-0.04367079898,-0.04080090669,-0.0323535214
0.03224864233,0.007575757576,0.006993006993,0.005611672278,-0.003205128205,0.01229306671,0.03315649867,0.01974076337,-0.0005667863216,0.02526115859,-0.002242152466,0.01254812491,0.01434067856,0.02001356852,0.05581395349,0.01739415819,0.009018857611,0.01110685561,-0.007096575131,0.01064844247,0.02128208435,0.01941272431,0.03040248748,0.004434250765,0.0443055178,0.002796018208,0.106734935,0.02854230377
0.0001781615821,0.02864303616,0.009259259259,0.01227678571,0.04501607717,0.02687823834,0.0487804878,0.002419363789,0.01758034026,0.02593553168,0.008426966292,0.027460921,0.04551724138,0.03491852345,0.02153695546,0.02298387097,0.005417118093,0.02272727273,0.02796768179,0.01855637679,0.01894417782,0.02912465995,0.07242246438,0.04125437662,0.01327433628,0.05266315992,0.03256227758,0.05133795837
0.04278259776,0.01009397842,0,-0.001575051189,-0.02153846154,0.001419110691,0.02399020808,-0.0003432076259,0.001300390117,-0.03810039726,-0.01114206128,-0.002055921053,0.03660949868,0.01349614396,0,0.01355932203,0.004040948276,0.01234567901,0.02902055623,-0.01219700479,-0.001239464551,0.06111024724,0.0004689698296,0.01812865497,-0.0205497046,0.001471517615,-0.003101843874,0.000754147813
0.04827888812,-0.01343900758,0.01651376147,0.0127780407,0.02327044025,-0.005038576602,0.01816877839,0.0220761961,0.004638218924,0.0223390276,-0.02253521127,0.02513391018,0.01686286987,0.05231452124,-0.004791566842,-0.01680018667,0.002146498524,0.06219512195,-0.02761457109,0.01781806815,0.009059319931,0.008499413834,0.050625,0.01608271109,0.04143718857,0.03937872559,0.01832324978,0.01356443105
0.02172725268,0.02305274188,-0.002707581227,0.005763239875,0.0626920713,0.008070897294,0.01127025123,0.007762045799,0.02345337027,-0.01487330151,-0.005187319885,-0.01433547696,0.02284105131,0.01596866526,0.01925854598,0.01123328851,0.01070950469,-0.001913509376,-0.01722054381,0.01243857494,-0.0006149305129,0.02281313572,0.03212373587,0.01526286037,0.02493074792,0.003110109791,0.009506026142,-0.01988847584
0.004065409309,0.010583817,0.01010558069,0.008208146198,0.04511278195,0.002825745683,0.01555607151,0.02645792788,0.003608805485,0.0165890028,-0.006373117034,0.01209732228,-0.0006118078923,0.006820877817,0.05054322154,0.001173433466,0.01456953642,0.007668711656,0.02367045804,0.01638101016,0.007137583067,0.04958090638,0.03616714697,0.01071826281,0.009336609337,0.06510684002,0.008071296452,0.01251659397
0.03399559599,-0.0003378378378,0.004927579513,-0.004301075269,0.01826231323,-0.002348152786,0.02560585277,-0.006526043067,0.002157497303,0.004217088376,0.007580174927,0.01034112275,-0.002142638506,0.03564064801,0.00404676259,0.004766369745,-0.01070496084,0.008751902588,-0.01381381381,0.0008953887479,-0.005865102639,0.001218191662,0.0305937978,0.01914336868,0.009737098345,-0.001852419287,0.058882402,0.025660236
0.0262480948,-0.01081446435,0.0132243685,0.0089478556,0.007065217391,0.0004707359172,0.01069995542,0.03316790969,-0.004485109437,0.001643235348,-0.02199074074,0.03230094377,0.001840490798,0.001706484642,0.01164352888,0.005910257407,-0.01319609396,-0.01282534892,0.009135200974,0.01431340391,0.03478367748,0.001892659186,-0.02793145325,0.01148648649,0.02868852459,0.01855857113,0.02378701953,-0.02611395179
0.01593484004,0.03587290741,0.007625751576,-0.004434250765,0.009713977334,-0.01662484316,0.01764446405,-0.04831626179,-0.008469994594,-0.001822821728,0.02307692308,0.03566829771,0.02510716473,0.01902328223,-0.002257636122,-0.00765365288,-0.01444236427,0.0137562094,-0.02655401328,0.007349698662,-0.01080888467,0.01916070706,-0.001665741255,-0.01456245825,0.0438247012,0.01249126653,0.02677334975,-0.02456403525
0.01972674928,0.02371372032,-0.006985882695,0.01412993396,0.0122928915,0.008293460925,-0.01625487646,-0.007013254407,-0.01145038168,0.01022644266,-0.02891844997,0.01106552281,0.05047789725,0.007801616049,0.06482097697,0.03014957931,-0.02578018996,0.02035431587,-0.03192808431,0.0202830877,0.007444764649,0.0006619886138,-0.01334816463,0,0.02739110912,0.01208278535,0.003896298516,0.02249134948
0.09078442983,0.002287444827,0.01553568811,-0.01923368166,0.01900739176,0.01138880101,-0.03304692664,-0.0265736481,-0.006435006435,-0.02874186551,0.001786777844,0.01561731431,0.03753198749,0.02405308267,-0.0075,-0.01134387053,-0.02506963788,0.0184706317,-0.0441882805,0.01573226545,0.04219308701,0.03228367293,0.047632469,0.03579175705,0.03015734266,0.04013379715,0.06956262129,-0.02387666855
-0.01168831169,-0.008036001286,-0.02092654063,0.008801729463,-0.00207253886,-0.01970597435,-0.008202323992,0.01209635667,-0.005551443375,0.000558347292,0.005350772889,0.002905920814,-0.01699095643,0.01403887689,-0.02350965575,-0.008643769601,0.007714285714,-0.001088139282,0.01373534338,0.005632216277,0.02710430009,-0.003204306588,0.0006725854183,-0.001570680628,0.001272804412,-0.02026945392,-0.02386601535,-0.01367488444
-0.04640473062,-0.06221646144,-0.03847287736,-0.00887800398,-0.06334371755,-0.004148053606,-0.0362968068,-0.02321664115,-0.02158541124,0.005208333333,0.0053222945,-0.03549438609,-0.01616950098,-0.06043663472,-0.03052450559,-0.02569444444,-0.02891976184,-0.05119825708,-0.01255783212,-0.01176141137,-0.0427569313,-0.01440144014,-0.04557064122,-0.04247509177,-0.08707627119,-0.04686138894,-0.04646840149,-0.02187072837
0.0009039722414,0,-0.03004752415,-0.01343629344,-0.0266075388,0.015379686,-0.05029797378,0.00174691111,0.00285279574,-0.01165803109,-0.05235294118,-0.02703717612,0.008500991782,-0.03088693681,-0.02350332594,0.03302447137,-0.04291970803,-0.04822043628,0.0187416332,-0.00623406064,-0.01500523438,-0.03939986954,-0.0185915493,-0.02751916758,-0.04339754003,-0.01542679704,-0.04363472785,0.0005989219405
-0.02934430337,-0.09225984796,-0.04868025921,-0.05181590482,-0.08826879271,-0.03124013885,-0.03062248996,-0.04082211833,-0.03280864783,-0.03651001685,-0.05524518932,-0.05519104593,-0.06659173925,-0.05029239766,-0.06130790191,-0.04592149647,-0.02806589384,-0.06031363088,-0.05289093298,-0.03535785572,-0.06010864431,-0.03110145321,-0.0937141217,-0.06898493594,-0.05288694808,-0.05976066655,-0.0714957667,-0.03252194733
0.04101113715,-0.01789113057,0.004485794983,-0.03747729899,0.02123672705,-0.005048859935,0.02485758674,0.00109007101,-0.00862745098,-0.001165954139,0.0006570302234,0.005855119826,0.01926550271,0.0289408867,0.03628447025,0.006508638007,0.05743879473,-0.008985879332,0.008324661811,-0.01167602719,-0.003518029903,0.01457807682,0.01631037213,0.01890216241,0.0212602459,0.02174934431,0.02600472813,0.02021035265
-0.02312171806,-0.01976744186,-0.01918623884,-0.005145797599,-0.05749235474,-0.007693566869,-0.07225871652,-0.01598715117,0.003560126582,-0.01167315175,-0.04661851609,-0.03411398403,-0.06822209096,-0.01137043686,-0.05193744164,-0.009021235829,-0.01127931137,-0.01727115717,0.04781561748,-0.001794526694,-0.05762198966,-0.03854655982,-0.0634153942,-0.06173938854,-0.05417607223,-0.05750582072,-0.08113890718,-0.02425712553
0.01330874846,0.008105970739,0.03490725126,0.00724137931,-0.001297858533,0.0103926097,0.01661220044,0.05723759352,0.009854158455,0.01397637795,0.05578512397,0.03966362999,0.01616481775,0.026937046,0.02868398375,0.03520502699,0.05133593515,-0.0002196836555,0.004267892318,0.03820224719,0.04549103559,0.03779278632,0.0783563467,0.0582094274,0.05780959958,0.08125592498,0.09260254344,0.03687590636
0.06249019289,0.0178466366,0.02867850741,0.01215337213,0.04613385315,-0.002448979592,0.04125368336,0.01501966238,-0.004293520687,0.01883129489,-0.01500326158,0.02076031275,-0.01965065502,0.03330386089,0.01436093825,0.01673151751,0.002855511136,0.02570863546,0.01830663616,0.008946608947,0.04261581776,0.02949321518,0.04859611231,0.03692077728,0.06793682627,0.03933972098,0.0831147541,0.02237762238
-0.006923051013,-0.06319845857,-0.07381593537,0.005411804499,-0.06832298137,-0.007855973813,-0.008489837921,-0.01204637357,-0.02842022736,-0.02667682927,-0.03708609272,-0.07606973059,-0.05854279351,-0.05248146035,-0.03916941954,-0.01278224263,0.02334851936,-0.03941730934,-0.06292134831,-0.0370423341,-0.03056339757,-0.05178211163,-0.009857289981,-0.03257892461,-0.01150234742,-0.05429615585,-0.02527622219,-0.00195427008
-0.07961177714,-0.04278074866,-0.03249529673,-0.00622371741,-0.07466666667,-0.02045529528,-0.07031655423,-0.0006076126786,-0.03167238249,-0.02016444792,-0.02751031637,-0.03787878788,-0.06184521798,-0.05538832029,-0.05697445972,-0.05520235695,-0.04785754035,-0.05753791258,-0.0304898938,-0.01767414228,-0.01658647759,-0.03744680851,-0.07964338782,-0.04202056325,-0.06388031346,-0.05989481942,-0.08105590062,-0.04953984727
0.04189403324,0.06703910615,0.04189499735,0.01912660799,0.07564841499,0.04563826204,0.09377616522,-0.01193584483,0.04416666667,0.04795204795,0.0558698727,0.06744911603,0.01981268012,0.07616316125,0.07135416667,0.05588380108,0.05464640561,0.08187411264,0.06148409894,0.0574538857,0.05909617613,0.02873563218,0.03874717469,0.03717529942,0.08650431253,0.07222551892,0.08617776276,0.05315203956
-0.0454958509,0.01610954491,-0.008652867323,-0.01062946354,-0.0207635633,-0.003704300209,-0.003827507017,0.008682521706,-0.01197126895,-0.003431839847,-0.01339584729,0.002087682672,-0.04380077711,-0.0136215576,0.04958677686,0.008704437709,-0.008035466888,-0.005686789151,0.02596537949,-0.0004289390906,-0.01264283978,-0.0171895144,-0.01802921977,-0.004349130174,-0.0291851506,-0.01287021691,0.008089607965,-0.02758215962
0.05578802148,0.03448275862,0.03354441212,-0.03072016115,0.1039671683,0.01066925315,0.03304303279,0.05838323353,0.03251211632,0.05108092596,0.01968771215,0.03638888889,0.07092722571,0.03272290603,0.005558128763,-0.01063256029,-0.01480446927,0.03871535416,0.02109020117,0.01373194107,0.07510465403,0.06719137152,0.08974358974,0.07832504895,0.09259259259,0.08155405011,0.08009259259,0.01488634078
0.009910907127,0.008812260536,0.02566650108,0.01697263595,0.01672862454,-0.007357645553,0.03248202331,0.04526166902,0.005476237043,0.02675646159,0.03062583222,0.04261592066,0.004484304933,0.002325581395,-0.02579456472,0.01830075539,-0.005670541537,0.008047437526,-0.0009532888465,-0.008748412586,0.001030691709,0.0150232177,0.01220043573,0.01424779997,-0.009685230024,0.06745340709,0.01514502072,0.00792864222
-0.0003796070799,-0.02734523357,0.008233774621,0.02264986376,-0.001828153565,-0.02707057686,-0.0437079731,0.0101488498,0.01264345458,0.01240914731,0.06072351421,0.01915167095,-0.01442307692,0.01972157773,-0.02364066194,0.009483022331,0.008269175934,0.04075630252,0.06520356234,0.03800711744,0.007093009953,-0.002691065662,-0.01004448271,0.01019143369,-0.02756168037,0.01898207515,0.01435608726,-0.004719764012
-0.05390862971,-0.04334244436,-0.04115292234,-0.03397169026,-0.05616605617,-0.01010268301,-0.05349070819,0.003348961822,-0.031694199,-0.021537384,-0.02375152253,-0.0199268508,-0.04599303136,-0.04266211604,-0.05714285714,-0.03204545455,-0.01102941176,-0.1154622527,-0.04747685876,-0.01549643445,-0.0522549131,-0.04128440367,-0.06653138136,-0.0408997955,-0.05051428571,-0.04762980356,-0.04967392813,-0.01383125864
-0.007428534278,-0.008979591837,-0.006346025384,0.01482503017,-0.03686934023,0.004350008365,-0.0214911117,-0.01835781041,0.01448125372,-0.005010737294,0.004366812227,-0.03422982885,0.01643535427,-0.02168746286,-0.0395480226,-0.01017453236,0,-0.01049748973,-0.01253918495,0.0215907508,-0.0281673259,-0.001547987616,-0.01708074534,-0.04449182658,-0.03225806452,-0.0004951927212,-0.02409110819,-0.003406131036
-0.0134247301,-0.02635914333,-0.008403361345,-0.02666893154,-0.02484889187,-0.01099450275,-0.02792841649,0.001020061204,-0.01153695737,-0.0008992805755,-0.0149068323,-0.01692205197,0.00574919152,-0.01761311874,-0.03957219251,-0.02427453151,-0.00686302545,-0.06273062731,0.01301587302,-0.008181074448,-0.01763690183,-0.008315715292,-0.01895734597,-0.02722404046,-0.007711442786,-0.001238595146,-0.03545780969,-0.01588258947
0.06709022628,0.02749576988,0.0393220339,0.02844677138,0.06008953168,0.01549604177,0.09260808926,0.02581521739,0.02947576657,0.03618361836,0.03783102144,0.05719707238,0.06645230439,0.07171561051,0.02616926503,0.03387358185,0.02476245321,0.03543307087,0.06267627703,0.0323068463,0.04808537351,0.05528709494,0.04090177134,0.04389050314,0.04788167461,0.0543151343,0.08701721731,0.04249233912
0.03195814657,0.03375874846,-0.005218525766,0.02358730697,0.05570894916,0.003151434732,0.04978299719,0.02317880795,0.003266717909,0.008165392634,0.03098420413,0.01602564103,0.004690117253,-0.01153735218,0.006918068367,0.01591158489,0.01770160157,0.01045627376,0.02388675907,-0.006925023305,0.01653090561,0.005791245791,-0.006961633663,0.00776443012,-0.01387559809,0.006822211437,0.03082191781,-0.01156182638
0.06062885828,0.01274392672,0.009016393443,0.02934350133,0.01846153846,0.01570767196,0.00170233463,0.03851132686,0.02547404712,-0.001033947958,0.01797289334,0.008201892744,0.02200733578,0.01838342574,0.02007813552,0.01681968984,0.008834897846,0.02304327375,0.006048387097,0.007241518037,0.03004949328,0.0494108195,-0.007322012775,0.02296845472,0.04609412906,0.04228902832,0.03474529347,0.0618556701
0.02801188293,-0.02742823437,0.002599512591,-0.0009663391851,-0.007250755287,-0.006348689565,-0.05122602573,0.02399501402,-0.001120657452,0.01086769018,-0.006078147612,0.00225281602,0.03099510604,-0.04613180516,0.01610662384,0.02170119129,0.01614668856,0.01655639796,0.0120240481,-0.004659832246,-0.01395721313,0.009442388669,0.002667922159,0.007673724599,0.007421150278,0.01546804097,0.06408026756,-0.02613890963
-0.04301258811,-0.03325583746,0.007778317939,-0.005803643398,-0.02008520998,-0.01769331586,-0.003326509724,0.005173463177,0.001682872102,0.004778156997,-0.01572510192,0.01535964036,0.002215189873,-0.004505857615,-0.01897582532,0.004455997029,-0.0164287638,-0.0158299412,-0.02291371994,0.002541466025,0.005917159763,0.009733282771,0.03819064016,-0.005358905655,-0.1010589319,-0.01942686112,-0.02853909982,-0.0007668711656
0.06000648148,0.02843998327,0.03794822319,0.02643100373,0.05341614907,0.03635757171,0.02002567394,0,0.01941385104,0.01154891304,0.02840236686,0.02951666462,0.003789074834,0.04315027158,0.03656597774,0.03260628466,0.009309967141,0.03262867647,0.003184713376,0.008539026017,0.01787773933,0.02628943415,0.05517865219,0.03402807316,-0.02842509603,0.03759491151,0.03507182606,0.01592478895
0.07665253364,0.05002033347,0.02680092951,0.008846761453,-0.04186320755,0.01947215964,-0.03850994211,-0.01332122313,-0.01556491485,0.007387508395,0.02416570771,0.009198423127,-0.03963510538,0.005206826728,-0.01891615542,0.02269798081,0.01003798155,0.03671562083,0.04617604618,0.02288662521,0.01597733711,-0.003903391071,0.003429061294,0.02235019882,0.04243542435,0.02213157438,0.003250812703,0.02738432483
-0.02880564226,-0.02439969016,-0.001207000604,0.001879110554,-0.01169230769,0.002999210734,-0.02958115183,-0.007364222154,0.00353422619,0.01683333333,-0.01011235955,0.004616477273,0.02849656076,0.02043165468,0.03543512246,-0.02093397746,0.005103411228,0.01352221507,0.03613793103,0.01784790481,0.01383002454,0.004775900073,0.0203616688,0.006035407725,-0.006321112516,0.01252441199,-0.01483050847,0.021875
-0.01508839529,0.06986899563,0.01132930514,-0.004532666458,-0.006849315068,0.001259049418,0.009441596979,0.001545595054,0.006672845227,0.01147352893,0,-0.04029692471,-0.02197452229,0.01607445008,0.03522898842,0.02488558352,-0.0312667023,-0.0292249047,-0.03860489883,-0.01041931385,-0.07612761276,-0.01157830591,-0.01646664806,-0.004932675643,0.05750636132,-0.01677219171,0.002783048703,0.003237992445
0.04747056103,-0.005194805195,0.0503360717,0.01004867326,0.04764890282,0.01776171015,0.08257616248,0.0237654321,0.01104768919,0.01215362178,-0.03229284904,0.04112952732,0.02539889287,0.02858728837,0.0320855615,0.02190901479,-0.01737931034,0.06413612565,0.02797009139,0.01836158192,0.02238628245,0.03094944513,-0.003830874007,0.02666130761,0.05630413859,0.03134462024,0.04856818469,0.0145239376
-0.03635996142,-0.02275270421,0.002275312856,-0.002953520908,-0.03052064632,-0.007104247104,-0.01061466305,-0.01205908954,-0.01748315425,0.008005123279,-0.01765292358,0.0007075471698,-0.003175611305,0.005126821371,0.003061705134,-0.01925440393,-0.03032004492,-0.1820418204,-0.04445043103,-0.003026100113,0.003959934778,-0.02164812821,-0.09400370318,-0.01722562965,-0.02733485194,-0.04259014224,-0.0156400385,0.003534817957
0.02060092882,-0.0179389313,-0.004114642452,-0.008107265357,-0.01049382716,-0.01135479857,-0.03917165669,-0.00823924321,0.00797034291,0.0208068615,-0.007164179104,-0.01661560217,-0.009557183817,-0.008053691275,-0.002113172106,0.01218323587,0.03039953677,-0.01954887218,0.02791091063,0.005691159732,-0.0150812065,0.05036674817,0.006602735419,-0.002655689815,-0.0112412178,0.01058132504,0.02664385236,-0.03082071152
0.0112005397,-0.01632335795,-0.01054281237,-0.02687834014,-0.003742981909,-0.02249842668,-0.01558036874,-0.01846153846,-0.009746230232,-0.01369223588,-0.004209260373,-0.02109047334,-0.01286587327,-0.01434370771,0.003764705882,-0.01719513034,-0.02528800225,-0.006134969325,0.003565551289,-0.01584507042,-0.00800942285,-0.008845437616,0.00515383414,-0.004127279989,0.02629085741,0.002564212146,-0.003928571429,-0.0154461203
0.01035188912,0.06045041486,0.02678185745,0.004684219028,0.04571070758,-0.001126669886,0.0526246373,0.03103448276,0.01188486537,0.009465215334,0.01509661836,0.03990696536,0.08634734441,0.0313014827,0.01734646038,0.01469661978,0.01614298069,-0.0006430041152,0.01913091008,0.01686685408,0.03158394681,0.03017848755,0.03464885022,0.04826203209,0.03854142626,0.04283845724,0.06609298434,0.01550387597
0.004746838903,0.01508941878,0.01472444257,-0.005466237942,0.05508982036,0.01820818563,0.04022052374,0.03709334144,-0.005138557533,0.01343959994,0.02260559191,0.04025897587,0.03659268146,-0.01144834931,-0.009216589862,-0.004896889441,0.02411347518,0.007849697594,-0.01045856798,-0.03103794923,-0.01818600368,0.01709791405,-0.04204835561,-0.003315903584,0.03044444444,-0.007559996988,0.02724215247,0.004907306434
0.00167998468,0.02073775005,-0.001934770591,0.0101842871,0.004540295119,0.02816901408,-0.03758130571,0.01846965699,-0.008116583656,0.007093292213,-0.001163467132,0.004865904719,0.01851851852,-0.001885267977,-0.01255813953,0.00159412254,0.01108033241,0.002042900919,-0.04661246612,-0.00246401245,0.02391559203,0.01165527289,-0.008151747923,0.009596928983,-0.08345913306,0.02388678975,0.01822547201,0.002893832519
0.007664566587,0.00934915498,0.01093879812,-0.008961433829,0.02768361582,-0.004617515777,0.06808510638,0.02187679908,-0.003719546215,-0.00367478181,0.01863715783,0.01486486486,0.001136363636,0.01133297356,-0.01837023081,0.005743547159,-0.007397260274,0.02752293578,0.01023308698,-0.00637025481,-0.003778337531,-0.04918577601,0.02339181287,0.004689480355,0.01294117647,-0.001810213415,0.008252947481,0.006131650135
0.01506161767,-0.003206270039,0.02109300096,0.0143710641,0.004947773502,0.001546312046,0.02132645887,0.0261971831,0.01848049281,0.002305209774,0.01086335049,0.02019529516,0.001986379115,0.009071504803,0.0004798464491,0.01472409522,-0.005244272702,0.01636904762,0.04473832302,0.002224257491,-0.002528445006,0.003029243854,0.02548262548,-0.003532231613,0.008130081301,0.008059983244,0.0008504305305,0.0005377307761
0.03909611864,0.008577555397,0.007780013414,-0.01050620821,0.01258205689,-0.006330091092,-0.004130335016,-0.013999451,-0.01521260997,-0.03311867525,0.03280542986,-0.0166412878,-0.02605494194,0.0444209413,-0.007673860911,0.001084892867,0.03218645949,0.01464128843,0.03555076757,-0.03968668407,0.004147943311,-0.02230224184,0.04051204819,-0.00670971009,0.02442396313,-0.01998884833,-0.008072225173,-0.03529201003
0.01759531991,0.002834868887,0.03607081059,0.006274131274,0.01661264182,0.01817899316,0.03479262673,-0.01280623608,0.02010050251,0.001110053917,0.004381161008,0.02676695056,0.04361733062,-0.005316455696,0.01884968584,0.01598482796,-0.07983870968,0.0202020202,0.06033810143,0.006797172376,0.01090074584,-0.00118807176,0.01418439716,0.007902115728,0.04026090868,0.01570534497,0.006638826427,0.01448467967
-0.03165343923,0.002826855124,0.009635149024,-0.005275779376,0.06496612196,0.01602319548,0.002449343131,-0.006204173717,0.02262360883,0.001900839537,0.005997818975,0.01368092212,0.02117581499,0.01654364978,0.007590132827,0.0642,-0.01256208005,-0.001885902876,-0.02354672553,0.01782338644,0.02519863791,-0.01677173784,0.03796203796,0.03085483055,-0.009945945946,-0.01827386489,0.005956813105,0.01812191104
0.005540677618,-0.02307963354,0.02659371421,-0.0393764063,0.00499001996,-0.05181736257,-0.001776988005,0.01078320091,0.0003568242641,-0.006324110672,-0.01246612466,0.008820403826,0.003274215553,-0.02679018528,0.01035781544,0.0148468333,-0.01863905325,-0.0009447331129,0.03114795278,-0.02268506235,-0.02657218778,-0.002177594967,-0.04468582428,-0.002698724239,-0.05263157895,0.03661438091,0.02580099397,0.01150665228
0.03701556704,0.01704238052,0.04028259792,0.01840388155,0.03624627607,0.02249326786,0.01246105919,0.01122964627,0,-0.005250596659,0.04500548847,0.02875803223,-0.00462333424,0.05325443787,0.01071761417,0.01740740741,-0.005125113054,0.04160756501,0.01851400731,-0.002986290213,0.009895359418,0.04873908826,0.03526194588,0.02902829028,0.03319502075,0.05228688933,0.03566642614,0.01635264842
0.02074659081,-0.03431155244,0.011676397,-0.002792837194,0.03018687111,-0.0001549186677,0.02285714286,-0.00333148251,-0.02265025861,0.009916826615,0.000525210084,-0.007270120827,0.02677595628,0.05617977528,-0.005532503458,-0.009707559762,-0.005454545455,-0.1461643214,0.01554651997,0.03798502383,0.03502646694,-0.008439306358,0.004587793688,0.0185273727,0.03792949576,0.02231486361,0.02776948343,0.02903112977
-0.02399856562,-0.006243114212,-0.004828642092,0.006754530478,-0.002790697674,-0.003718624109,0.03137086377,0.02005571031,0.01058394161,0.02233132721,0.007349081365,0.01825683342,0.02394890899,0.007400555042,0.0264255911,0.009925254258,0.0009140767824,0.002126528442,0.008949599623,-0.001442812172,0.01153427639,0.03556021919,0.01079435372,-0.002347142354,-0.02128116939,0.02678030113,0.0251791594,0.03535010197
0.007559904153,-0.0177383592,0.01218934911,0.005400098184,-0.02425373134,-0.01944012442,-0.02729166667,0.008192244675,-0.06139400506,-0.009759876065,0.00260552371,0.05095218801,-0.02624740125,0.004132231405,-0.03026196929,-0.0179568066,-0.008523592085,-0.01538461538,-0.006069094304,-0.00591094181,-0.007852839931,0.002364332358,-0.01410186199,-0.01729208328,-0.04304853942,-0.01982933049,-0.02767806537,-0.01625082075
0.006086177579,-0.03235515425,-0.009470361277,-0.01692708333,-0.0258126195,-0.02125297383,-0.03212679375,-0.02464788732,0.0007695267411,0.0203379224,0.01923076923,-0.00713253012,-0.01601281025,-0.01646090535,-0.01210992082,-0.01204595997,0.007982806263,-0.01939655172,0.02301550023,0.0080602537,0.001843218042,-0.001235538583,-0.01569226496,-0.01508259516,0.003213220106,-0.02934140123,-0.007772272418,-0.01618554981
-0.005066412952,-0.001166407465,-0.0276203966,-0.02102649007,-0.02257114818,-0.005833738454,0.002434166851,-0.02304915301,0.005767012687,-0.01962588163,0.01019887812,-0.02145422774,-0.005153241117,-0.01813110181,-0.0174446016,0.009128993935,-0.01370697533,-0.01923076923,-0.009182736455,-0.008126884257,-0.01493506494,-0.03047683311,-0.0019751693,-0.01871657754,0.004575611988,-0.004506383054,-0.0002937432684,-0.001696065129
-0.04033182534,-0.01401323472,0.005583879582,-0.005073566717,-0.01004016064,-0.000814995925,0.007284768212,0.03638430927,-0.007645259939,-0.005786675008,0.008329126704,0.0435515873,-0.006815703381,-0.009943181818,-0.03119001919,-0.02298779354,0.0003088326127,-0.02591036415,0.0006950880445,-0.0252411788,-0.0007690617447,-0.1086880872,0.006502685892,0.008917513005,0.009337280802,0.01527590541,0.05377081293,0.001529051988
0.0328317317,0.003158310304,0.007605021729,0.006969233384,0.001521298174,-0.01044045677,0.007232084155,0.03538123971,0.005200308166,0.02296680824,0.01476846058,0.008080616028,0.006038978864,0.01673840268,0.007429420505,0.02340182648,0.001852423588,-0.01135873472,0.01574438527,0.01681127983,0.01286421111,-0.01236335242,0.02949438202,0.02467468696,0.03158844765,0.00185778009,0.01682312483,-0.0006785411366
-0.02639484807,0.005509641873,0.01677249311,0.0153612424,0.03949367089,0.02637652489,0.008268059182,0.02278145695,0.008813949032,0.04044287252,0.0133201776,0.02065258393,0.02237380628,0.002587017874,-0.04178957719,0.01784718349,0.02526964561,-0.007562536358,0.03943469341,0.01853333333,0.01650021711,0.02002898933,0.008867667121,0.02108541991,-0.00656167979,0.03078196337,0.03638025594,0.01222203361
-0.03045255163,0.0168297456,0.003416990692,-0.004821280133,-0.01704822211,-0.001124317379,0.01122140699,-0.01968401968,0.003228869896,-0.003842743127,0.006329113924,-0.004157812067,0.00346944222,-0.0173586676,0.03232426886,-0.001826484018,0.009618274722,0.02403282532,-0.02807017544,-0.001832700615,0.001708671508,0.009301123886,-0.002569303584,-0.00293323947,0.02113606341,-0.01331230129,-0.03801375904,0.01324836492
0.003174126216,-0.03464203233,-0.02418976045,0.01002338791,-0.009910802775,0.02910435761,-0.06188647034,-0.0142668428,0.009276789095,-0.001335311573,-0.01306240929,-0.03043236222,0.004255319149,-0.01647171163,-0.02485089463,0.0121378469,0.01012206014,-0.04235832856,-0.01737364621,0.009836065574,-0.0250533049,0.005759631384,-0.01315075922,-0.03859731702,-0.006899525658,-0.01914392586,-0.04740075181,-0.0233366435
0.06376049157,0.0211323764,0.03754512635,0.06037049289,-0.004504504505,-0.00984375,0.01478616924,-0.008576789065,0.001125492403,0.006388352399,-0.01274509804,0.02794258373,-0.005296610169,0.0177184466,0.1182466871,0.01042545498,0.01178897731,0.02211595935,0.09552238806,0.001688311688,0.02919628212,0.01947060321,0.02898749828,0.05924112607,0.02149370386,0.02453637214,0.04764196343,0.04694119641
-0.01906214183,0.001952362358,0.008698677801,0.03275620028,0.02966314731,0.02856241124,0.01277740417,0.01540957015,0.03129098745,-0.0002952465309,0.04369414101,0.007075032582,-0.005591054313,0.03195802528,0.04421148587,0.02671915071,0.05767550248,0.02807017544,0.04548312723,0.01957733696,0.02974925627,0.02658844089,0.06181575434,0.03998151144,0.05526036132,0.0194110974,0.05071198898,0.02816445452
0.003812527164,0.006625097428,-0.04357824537,-0.008760006041,-0.02001953125,-0.0006136851795,-0.004869411244,-0.00851970181,0.001090116279,-0.01137034849,-0.0199809705,-0.03780735811,-0.01044176707,-0.003928819043,-0.006547359232,-0.01771710717,0.004681905811,0.001137656428,0.01182838813,0.008519837233,-0.009595542716,0.00814688716,0.001383125864,-0.005333333333,0.01087613293,-0.01388019828,-0.02369502492,-0.002046599496
-0.04114013907,-0.0487804878,-0.03534503486,0.0112753314,-0.01544593921,0.02763279091,-0.0462633452,-0.007250268528,0.01742286751,0.01314413742,0.01844660194,-0.02344125276,0.0005411255411,-0.05034802784,0.03866432337,-0.001419278533,0.02247807018,-0.05681818182,-0.005944125223,0.02307401337,-0.00552140848,0.02846460017,-0.02348066298,-0.007149240393,-0.002390914525,-0.04493771527,-0.04988357514,-0.0070989115
0.003301536096,-0.01628001628,0.00535892323,-0.01220430918,-0.01872469636,0.001643262623,-0.007695895522,-0.003245875034,-0.01498394577,-0.005012531328,-0.01858913251,-0.002754549926,-0.004326663061,0.00561935011,-0.03299492386,-0.00355323937,-0.01072386059,-0.01506024096,-0.02013155272,0.01676115356,-0.03111250786,-0.01935029905,-0.01915905876,-0.03139063906,0.0209706411,-0.02494435261,-0.03958902818,-0.02383222116
0.009001201556,0.02441042615,0.02429651667,0.01845637584,0.002578648788,-0.01267710664,0.005640423032,-0.004884667571,-0.009416877943,-0.01452066973,0.01651287033,0.01815132682,-0.02227050516,0.008746355685,-0.02843394576,-0.004516819208,-0.01869918699,0.006727828746,-0.01749389748,-0.01066666667,0.01059574008,0.01195886152,0.009307813319,0.00278778023,0.0001956181534,0.01860544821,0.02659731083,0.001302083333
0.001867165684,-0.0302907916,-0.02831901247,-0.01078328591,-0.05041152263,-0.01057401813,-0.05281607852,-0.03981456231,-0.01718464351,-0.01638851301,-0.009077878643,-0.0342021122,-0.0475,-0.05105973025,-0.01715443494,-0.01641791045,-0.01795084231,-0.02855407047,-0.003105590062,-0.01127174712,-0.03049106665,-0.05731505554,-0.03130276659,-0.03034866211,-0.04596127518,-0.05156028752,-0.04531548757,-0.007477243173
-0.0338424647,0.001249479384,-0.01320214223,0.008175624527,-0.003791982665,-0.01114503817,0.0281273131,0.01192842942,-0.02120535714,-0.004585753592,-0.01350048216,-0.007524077047,-0.02274715661,-0.02614213198,-0.02033991479,-0.009590288316,-0.006467941507,-0.05816135084,0.0199376947,0.0003717472119,0.007503862282,0.009276670427,-0.0219898096,-0.01122924382,-0.0110701107,-0.007021359715,-0.04426196675,-0.03766786767
-0.0345370801,0.01788685524,0.006058311246,-0.001201381589,0.004893964111,0.004940558901,-0.02855771538,0.0005613247264,0.007981755986,0.0109029484,-0.009286412512,0.009905994137,0.0376007162,-0.003648683868,-0.002805704933,0.01133786848,0.01302009624,0.005312084993,0.04398289554,0.02427845906,0.01380065717,0.03378462303,0.0216616397,0.03346623173,0.01326699834,0.0179805627,0.02870913663,-0.02025187202
0.05302392903,0.0298324479,-0.02245640447,-0.01894451962,-0.01082251082,-0.03487478875,-0.01482213439,0.02103786816,-0.01414027149,-0.00941819839,-0.004933399112,-0.01010909819,0.01236698303,-0.004185194873,0.0007033997655,0.01575566598,-0.03520536463,-0.005944517834,-0.004681100059,-0.004474543476,-0.003349178911,-0.01934398654,-0.03891572732,-0.002454991817,0.01350245499,0.02698852063,0.02668567936,-0.006079555324
0.03379207407,0.03253968254,0.05248973306,0.03141762452,0.05032822757,0.02308182108,0.04262788365,0.03846153846,0.02333142092,0.04416500537,0.02875557759,0.05247724975,0.04346590909,0.04334121355,0.05576382381,0.04128385634,0.03098754706,0.05382059801,0.04115226337,0.04045189504,0.04791327913,0.1249693703,0.03700083775,0.05625219735,0.05651998385,0.05256059755,0.07757936508,0.03303040895
0.03128855499,0.023443505,-0.001341299841,-0.0004457652303,-0.0296875,0.007001711529,-0.05170755171,-0.01798941799,0.006727714446,0.0001468644441,-0.03421686747,0.003074262657,-0.01007350939,-0.01258811682,0.01420328451,0.002578205569,0.002247191011,-0.02711223203,-0.04121964992,-0.00350262697,-0.001137891797,-0.004247440645,-0.01238723576,-0.01109508488,-0.001337409247,0.006058638343,-0.004234947523,-0.01454914566
0.05593279996,-0.00150206534,0.009157509158,-0.002675784153,-0.01825013419,-0.002626699629,0.01014455998,-0.01104525862,-0.01020976425,-0.01439060206,-0.01996007984,0.01743128053,-0.01842684268,-0.0119836818,-0.0249452954,0.001657237556,-0.005325112108,0.00032404407,0.01982724774,0.0005858230814,-0.02029826015,-0.008640489992,-0.05180640763,-0.01694154606,-0.01798354697,-0.02427109866,-0.003328402367,-0.02969957082
0.06607865169,0.04964272283,0.02323049002,-0.01252049486,0.03663203937,-0.01920991479,0.04669846849,-0.01334786162,0.01219054764,0.03188319428,0.008655804481,0.01760331356,0.02689829084,0.04670967742,0.03366247756,0.04803742583,0.0112707805,0.05474570781,-0.006159769009,0.0318501171,0.004968287526,0.003199470432,0.02530553559,-0.003423875827,0.009351256575,0.01178281815,-0.01985157699,0.002300070771
-0.004391465801,-0.02293084916,-0.05876788459,-0.02777358491,-0.05221518987,-0.02969515085,-0.0299832094,-0.00966316952,-0.02501389661,-0.02209067283,-0.04038364462,-0.02516188714,-0.06548431105,-0.05226824458,-0.03430308294,-0.01605879151,-0.06826414043,-0.02764127764,-0.0699205888,-0.01963231956,-0.08730409172,-0.01748597823,-0.01374281307,-0.05703160788,-0.0345493148,-0.04713500724,-0.04675373841,-0.03601059135
-0.1097415956,-0.102310231,-0.1182160804,-0.051079025,-0.1413466889,-0.03483639915,-0.1577645895,-0.07666573739,-0.0703154694,-0.03853536099,-0.1236191478,-0.143575631,-0.1553284672,-0.1407388137,-0.09577338129,-0.08038727524,-0.1046650718,-0.1193935565,-0.1268221574,-0.04954277115,-0.0942722139,-0.1136109246,-0.1652211005,-0.1530240466,-0.1395441823,-0.1452959339,-0.1799046863,-0.1104193371
0.08549979587,0.0420751634,0.05841287933,0.05677356021,0.06221646144,0.04368358914,0.08279506753,0.05827294686,0.02166802944,0.0472972973,0.1008403361,0.09806094183,0.08745247148,0.01877081441,0.0387866733,0.04072915413,0.07314629259,0.149928264,0.09563558311,0.05736207526,0.06005853162,0.07500947089,0.06796116505,0.05448809865,0.06459107807,0.0830697261,0.1061743341,0.07595718403
-0.07034148336,-0.05997647981,-0.05532373132,-0.02012695464,-0.07809640024,-0.002747252747,-0.09408893709,-0.006562054208,0.04421768707,-0.01363636364,-0.03598691385,-0.05852674067,0.02606484425,-0.04843982169,-0.07228338918,-0.08098734031,-0.02552131964,-0.06363069245,-0.05071832825,0.01082699839,-0.07634137559,-0.06907083284,-0.06889952153,-0.07968452543,-0.02662592754,-0.08172795878,-0.12564299,-0.06026401377
0.09406912804,0.0775646372,0.05614135081,0.04060673092,0.06154864328,0.02236266407,0.1266087998,0.03790924756,0.01916075877,0.0365690501,0.06787330317,0.05830653805,0.0529739777,0.03560274828,0.04721362229,0.08579695559,0.0367294794,0.04863424384,0.07223113965,0.03452597995,0.0669265757,0.1172239748,0.1065433368,0.09145981087,0.08856502242,0.08398114694,0.1033921642,0.03318403909
-0.04082390953,-0.001547987616,-0.02671343767,-0.02717886426,-0.0174563591,-0.008559201141,-0.07996811902,-0.0160486995,-0.02180861064,0.0001434102969,-0.02224576271,-0.02359732631,-0.05325095616,-0.02110977081,-0.0322739591,-0.03267292318,-0.002772643253,-0.0209656925,-0.02202737382,-0.01872452913,-0.03349573691,-0.05082448611,-0.008823529412,-0.03831054555,-0.0008238928939,-0.01557960335,-0.03142370959,-0.03704433498
0.01574602747,0.003488372093,-0.004158580538,-0.007491805837,-0.04758883249,-0.01151079137,-0.06381749928,-0.008717660292,-0.004036133,-0.005162030399,-0.0116468039,-0.005186184006,0.005282784338,-0.03604436229,0.03258655804,-0.02730865972,-0.01143033673,0.04412719014,0.01158976602,-0.03255135256,-0.01424070573,0.003807710614,-0.02561299391,0.001266891892,-0.02164502165,-0.05303680091,-0.01768564067,0.001841620626
0.08340902517,0.05098493627,0.0258908686,0.008649158673,0.07794803464,0.03202328967,0.002159161012,0.02921985816,0.01215746816,0.01599884693,-0.01013976432,0.02919403608,0.06182380216,0.03899009268,0.08136094675,0.06594015515,0.0078125,0.02610316967,0.07976653696,0.030397958,0.01265660956,0.06922712186,0.02820964898,0.06213974413,0.02570585756,0.04742512635,0.008703946584,0.01919934641
-0.02055291875,-0.06504961411,-0.02686567164,-0.02260679763,-0.03770086527,-0.01990283655,-0.02585410896,0.002205071665,-0.0118207817,-0.0245424883,-0.01605758583,-0.07314355182,-0.01018922853,-0.06797908336,0.01413588691,0.007970888927,-0.01984496124,-0.03149606299,-0.02282282282,0.005967796419,-0.05075116778,-0.009866962306,-0.03335931411,-0.05294506949,-0.02300739523,-0.1043552864,-0.09160756501,-0.03126252505
-0.070862929,-0.03577044025,-0.007947573898,-0.009730419525,-0.05651894669,0.004796929965,-0.09478672986,-0.0005500550055,0.002508199884,-0.04857475276,-0.02476083286,-0.01759755164,-0.07088235294,-0.04290429043,-0.07284172662,-0.006991003381,-0.001265422335,-0.05003126954,-0.1206719934,-0.03716140587,-0.05665647028,-0.07009293472,-0.06063538139,-0.03060796646,-0.08578637511,-0.0734238355,-0.08197787899,-0.0318576748
0.03793378592,0.09824704444,0.07210119466,0.03785438144,0.09870660313,0.03119032463,0.127399651,0.01541001651,0.05484988453,0.02262305105,0.09174841316,0.09256786827,0.09718265274,0.1379310345,0.1096023278,0.07692307692,0.02470700032,0.125082291,0.08387698043,0.02894675657,0.08162977584,0.09235400361,0.09922746781,0.06329296424,0.04530818767,0.1215926091,0.1216158753,0.09188034188
0.08019364723,0.001484780995,0.01560041951,-0.009933260903,0.005576208178,-0.008333333333,-0.03900928793,0.00108401084,-0.0005473453749,0.001494768311,-0.0121564482,0.004175152749,-0.0002885170225,0.01181818182,0.01748251748,-0.0001607544743,-0.001236476043,0.004681100059,0.001719690456,0.00169472376,-0.01094890511,0.003306878307,-0.03513977823,-0.02210169492,-0.007260726073,0.0141283303,0.03020346266,-0.02974559687
-0.03385912338,0.007783543365,0.03485220085,0.01473585201,0.01355514479,0.0172735761,0.1137242268,-0.0002707092583,0.03650967506,0.01298507463,0.03584804708,0.0776797485,0.05916305916,0.05929919137,0.05627147766,-0.02325955303,0.03775920768,0.02154921374,0.05214592275,0.03778479585,0.08302583026,0.04449571523,0.04807381029,0.06281198003,0.1063829787,0.05276369827,0.1257360157,0.1621621622
-0.002439314715,-0.02059580728,-0.02594486716,-0.005252587672,0.01580547112,-0.02111060119,0.00549609488,0.001353912808,-0.001056710109,0.006630322676,-0.005165289256,-0.01148019196,-0.02452316076,-0.0138535482,-0.002033346889,0.01305898491,0.02892931703,0.05644241733,-0.02121150316,0.009129442452,-0.03845217815,0.01346376354,0.01606177606,0.01735159817,0.0140224359,0.04296129144,0.02931241146,0.01266921208
-0.01247542183,0.006383777694,0.01613522858,-0.006056841124,-0.01915020946,-0.008282544148,-0.01495972382,0.009734991888,0.02150916784,-0.001610070258,0.04205607477,0.02541646835,0.04301675978,0.007740825688,-0.01059494703,0.0145696799,-0.005217391304,-0.02806260119,-0.05876224213,0.01906300485,0.00847886611,-0.02646600934,0.0075999392,0.004616568351,0.01244567365,0.01913736242,0.005716705484,0.004627249357
-0.05120980382,-0.001492537313,-0.004914933837,0.01421875,-0.01769371568,-0.006460762685,-0.04935747664,-0.009105516872,0.01639627201,-0.006157454919,-0.0139511709,-0.01438915707,0.0243706481,0.02759601707,0.01441515651,0.0001601537476,0.03933566434,0.0516379789,0.03918529998,-0.005918410484,0.02735600452,0.02078891258,0.02489063207,0.009063058463,-0.03512195122,-0.01510362388,0.01610526316,-0.0185943364
-0.02702657807,-0.06576980568,-0.02596251266,-0.03034971499,-0.05341614907,-0.02204599524,-0.08110599078,-0.02513513514,-0.03786721005,-0.02714264641,-0.04194037393,-0.09899218235,-0.03111111111,-0.04955703212,-0.04303694681,-0.03133173205,-0.04289318755,-0.04963041183,-0.05325948019,-0.01892409101,-0.04250641261,-0.04898172324,-0.03503090963,-0.06299810247,-0.06855409505,-0.05740952447,-0.05604475293,-0.04814879193
0.01926750475,-0.0052,-0.0139123651,-0.009056244042,-0.02887139108,0.009406422316,-0.02507522568,0.004990296645,0.01041298976,-0.01182714177,0.006856540084,0.001149905917,0.006475984889,-0.00757355083,-0.004666949512,0.004022481816,0.003514938489,0.0005555555556,0.01327632763,0.01603814478,-0.008547008547,0.04227981551,-0.008694325808,-0.01255569056,-0.001085540599,-0.01033464339,0.003950834065,-0.009861212564
0.04490484149,0.03337354242,0.06078586498,0.01587301587,0.1033783784,0.04177377892,0.1491769547,0.04965517241,0.01903930131,0.01749271137,0.03928758512,0.07361386656,0.07855227882,0.08423833284,0.06606990622,0.04736293288,0.02918855809,0.04330927263,0.07195203198,0.01695819113,0.04130211014,0.01780634285,0.09386059394,0.04785343177,0.06020430341,0.06598577566,0.05870135549,0.008299520472
-0.00297626469,-0.007392996109,-0.004972032318,0.002367424242,0.007960808328,-0.008173966687,-0.04386750224,0.007884362681,-0.004285224546,0.008746795355,0.02772177419,0.002431433573,-0.004474272931,-0.007850568489,-0.04038384646,0.007021588765,0.004254112309,-0.01383714742,-0.001450176093,0.03282642895,-0.004201161498,0.003623188406,-0.002672668448,-0.02818371608,-0.01824518245,-0.08482835335,-0.03727413526,0.0212182184
-0.02457612131,0.0007840062721,-0.006495940037,0.0003149110376,0.02430133657,0.009951795988,-0.0418227216,0.007301173403,-0.005336546738,0.007175960532,0.03678273664,-0.03250218298,0.003745318352,-0.05184174625,-0.03770833333,-0.04834009782,0.0299350466,-0.04533189423,0.01597510373,-0.01259138911,-0.03437151011,-0.03682310469,-0.01043723554,-0.03665413534,-0.0386301942,-0.01525674435,-0.06424281424,0.01576213505
0.05525682492,0.01958480219,0.07154532881,0.03856445774,0.081257414,0.02648190916,0.09348534202,0.03494693244,0.0382485289,0.03814754342,0.03263954588,0.07801845166,0.04701492537,0.08489208633,0.05650573717,0.01017004757,0.03921030984,0.04381006218,0.0486011844,0.0299259564,0.05628373169,0.037695438,0.05430444698,0.03386759582,0.04148566464,0.06775926751,0.05730659026,0.04655263622
0.004141031092,-0.002689204764,-0.005397793945,-0.006062443165,-0.01755348327,0.0005999700015,-0.009532320524,0.003501750875,-0.003833972329,0.0004289390906,-0.008703618873,-0.01023255814,-0.001187930625,-0.005305039788,-0.006147540984,-0.004709066306,-0.005277044855,-0.02085025724,-0.01304771178,0.001797304044,-0.005717761557,-0.005469556244,-0.008381776396,-0.0146939876,-0.01626694473,-0.008445129459,-0.01788617886,-0.003032855939
0.04130867257,0.06856702619,0.00873053327,-0.009911558402,0.05304299274,-0.001049317943,0.06165413534,-0.04361914257,-0.009705488621,-0.01486351293,0.00831792976,0.02904135338,0.02830637488,0.06,0.05010309278,-0.0124537742,0.01830238727,0.04922566372,0.04025256511,-0.006877304894,0.02618377585,0.02054581301,0.0160872529,0.01381857983,0.02586389654,0.01419662813,0.07174392936,0.008788237282
-0.00455291624,0.0183850036,-0.007251461988,0.005082396427,-0.001060445387,-0.01245498199,0.01756373938,0.01433411519,0.006083136195,-0.02814449441,0.0009165902841,-0.03105306421,0.006476983576,-0.03396226415,-0.01276261535,-0.01338179415,-0.001823391508,0.004744333158,-0.0003793626707,0.007125652348,-0.003219267915,-0.0005083884087,0.0009392191064,0.02672064777,0.02831163464,0.04243129146,0.05540679712,-0.005361031999
0.01810153936,0.05238938053,0.03051366635,-0.003984063745,0.005307855626,-0.01230815985,0.04844097996,-0.01336073998,0.02300974135,0.02298850575,-0.005952380952,0.008671882364,0.03148701448,0.02213541667,0.06245027844,0.06039294485,0.01174321503,0.04039874082,-0.005123339658,0.005979073244,0.0240430622,0.03316378433,0.01219839142,0.01025236593,-0.006430868167,0.01962673534,0.03795862607,0.01549604177
0.05989839236,-0.004036326942,-0.02263633246,0.01092307692,-0.002111932418,-0.02753846154,-0.01725969198,-0.02057291667,0.006402889509,-0.01561359988,-0.005988023952,-0.03364171573,-0.002450980392,-0.006624203822,0.001123174841,0.01326455416,0.003095176683,-0.01361573374,-0.0259393477,-0.02238732046,0.02020791964,0.01801890508,-0.0178784267,0.009758001561,-0.006472491909,0.03282601508,0.03798063364,-0.03615856693
0.024193511,0.01992570078,0.003041291379,-0.00791355958,0.007936507937,0.00474608448,0.03053228857,0.01409199681,0.009461663948,0.008449451527,-0.02919369787,0.03152499758,0.009604645968,0.03770197487,-0.0007479431563,0.001662337662,-0.01259964001,0.03220858896,0.004307812806,0.008106191103,0.002518891688,0.0006770480704,0.01752966559,0.03813941502,0.05476384365,0.01589239024,0.03052259759,0.02099466529
0.08326016047,0.01258278146,-0.01551020408,-0.00782328578,0.001049868766,0.01133679735,0.004195070792,-0.0002621919245,-0.001454427925,0.006026752903,0.01670644391,-0.002718665042,0.01615044248,0.03287197232,-0.000748502994,-0.001037236801,-0.007552083333,-0.007924715206,0.0499122636,0.001608201829,0.00536774783,0.01701140537,-0.008083752982,0.05349385627,0.005018336229,-0.02278766144,-0.0007031112674,-0.005730659026
-0.0009554317549,0.02190974493,0.01421464108,0.004792826221,0.01101206083,0.01058695314,0.004438642298,0.008654602675,0.01116685548,0.008912916423,-0.005164319249,0.002632073698,0.01698236447,-0.0009571667863,0.02509363296,0.004153255114,0.01180792443,0.01298052921,0.01541318477,0.003411941796,-0.005339088947,0.01387568903,0.00668002672,-0.0129594722,0.015171884,0.01738994757,0.00219876869,0.01457874216
0.04707980048,0.0032,0.01880401775,-0.008308970611,-0.01089211618,0.02757664458,0.01533662594,-0.008580343214,-0.06434058899,-0.003186097031,0.003303445021,0.02784549034,0.004709912224,-0.002634730539,-0.01753744976,0.02124909523,-0.01063278008,-0.00591424347,0.0192026335,0.003700370037,0.005824577433,0.004593175853,-0.001857996019,-0.001790403438,0.02497162316,-0.005437194171,0.01474330847,-0.0208855472
0.01407563724,0.01435406699,-0.002522068096,0.007137315749,-0.01153644468,0.003748125937,0.0343061956,0.02281667978,0.01607937051,0.005811419439,0.01128880527,-0.00282769315,0.009801832517,0.02545629203,-0.01301599107,0.01584569432,0.007863695937,-0.02825979177,-0.01238112327,-0.004184934237,-0.01146815033,0.01931510684,-0.01435979258,-0.004065526725,-0.02233296419,-0.006054936469,-0.04791144167,-0.001706484642
0.03533611586,0.007547169811,-0.0167796805,0.002927129872,0.01485411141,0.01135175504,0.003465346535,0.008205128205,0.02154882155,0.01328903654,0.001860465116,0.006220270765,0.02532179785,-0.008430913349,0.01676714393,0.001694408452,-0.009102730819,0.01173469388,-0.000363372093,-0.03281969182,0.005513439008,0.001922372757,-0.00714960205,0.008404370273,-0.003775722107,0.006091822065,-0.01044599873,-0.01521367521
0.08894950486,0.004993757803,0.01683226184,0.001689708141,0.05645582854,-0.007384433614,0.1100148002,0.008392675483,0.0009887936717,0.003563791875,0.01578458682,0.006363636364,0.004939287919,0.0259801606,0.02797850658,0.02348258706,-0.005511811024,0.01563287948,0.02017448201,0.01106972895,0.02513136852,0.0244860667,0.02445652174,0.007500892963,0.08527572484,0.04003865291,0.04396915733,0.0262107273
0.009782069467,0.01211180124,0.0004598229682,-0.0006134028523,-0.007916872835,0.003719684571,0.026,-0.008070617907,0.007573263089,0.02130681818,0.01279707495,-0.02583559169,0.02662297768,0.02163904236,0.016222062,0.009965000972,0.02032198469,0.03475670308,-0.01835025833,-0.007776527167,-0.006908847782,-0.03192722733,-0.002917771883,-0.01323564169,0.02427099703,0,-0.04378791875,-0.004566982409
0.01919355471,-0.009205277693,0.0004596116282,0.015958263,-0.001496259352,0.001482359917,-0.0008663634395,-0.02059496568,0.002614379085,0.03115438108,0.01940433213,0.004265578635,-0.002792738879,-0.01216764308,0.006739978716,0.008182124465,-0.003879979307,0.01679462572,0.07295825771,0.01433433021,0.001234290844,0.004329801935,-0.0001330140995,-0.009221556886,-0.01108080464,0.002629217126,-0.01379310345,0.008156329652
0.02844899673,-0.03685351502,-0.03663718847,-0.01948346171,-0.04095904096,-0.01110124334,-0.04855842185,-0.02751817238,-0.02004563233,-0.01712975452,-0.02390438247,-0.04441366574,0.01180236047,-0.03946167883,-0.02184637068,-0.0216260085,0.00571280187,-0.05804624823,-0.01657645467,0.005286701911,-0.03250028017,0.01531829022,-0.03645071172,-0.030218784,-0.0146526461,-0.0269724597,-0.03431235431,-0.02157424574
-0.0881748137,-0.0008038585209,0.001549833095,-0.01447935921,-0.015625,-0.0004490345757,-0.01275917065,-0.0008008542445,0.007483785132,-0.005900919446,-0.003174603175,-0.01913228331,0.02194543298,-0.01068629779,0.02323487032,-0.01083243876,-0.0201394268,-0.01177354709,-0.01341589267,-0.0232605178,0.0008108421175,-0.0116541693,0.00345160845,-0.004362457933,0.01172148355,0.01482257489,0.03060731872,0.01912144703
-0.01453140064,0.03362831858,0.01999761933,-0.009534229447,0.008994708995,-0.001946690626,-0.01107777521,0.03045685279,-0.01716738197,0.01725565986,0.01819836215,0.00916165895,-0.01141420004,0.008401344215,-0.0336208414,-0.02022494081,0.008432147563,-0.002281368821,0.03190376569,-0.01439221371,0.008449074074,0.003199268739,0.002476609796,-0.001627441162,-0.008818952101,-0.01707203601,0.001498969458,0.06338742394
0.02147875511,-0.003268991283,0.007585482553,0.02729998422,0.0267435763,-0.04516129032,0.003033838973,0.04692766399,-0.01058112193,0.03569005292,0.02323503128,0.04021866458,0.01350293542,0.02618424185,0.03442622951,0.0425938979,0.0253462242,0.02413617886,-0.05136002703,0.0237419897,0.02559394009,0.0193166287,0.05407631073,0.02369905956,0.05041870202,0.03164936244,-0.03863423761,0.02241297091
-0.02482930899,-0.04263626425,-0.02154273801,-0.004608294931,-0.01327885598,0.009585166562,-0.02791996277,0.003714710253,0.004753013071,0.01257861635,-0.01965065502,-0.03049924925,-0.007723498745,0.01646949664,-0.02236309209,-0.01608074174,-0.01783893986,-0.05333664103,-0.0160284951,-0.01990764495,-0.01510743062,-0.004022526146,-0.0109375,-0.03343949045,-0.001826939047,-0.01346857038,-0.05429600078,0.004197761194
-0.0197715668,0.0009787928222,-0.02793560606,-0.01342592593,-0.03726708075,-0.01042801556,-0.1433700335,0.0088823094,-0.002027369488,-0.005305383023,0.006013363029,-0.01326105895,-0.02938314847,0.0308078503,-0.02683717579,-0.02115337423,-0.008173326414,-0.124475891,-0.001628959276,-0.04847659931,-0.02476991251,-0.03545144498,-0.037388099,-0.03751108858,-0.02795341098,-0.03602530094,-0.03693795658,-0.001703050008
0.00548117328,-0.03031290743,-0.0009741841208,-0.007195369936,0.02795698925,-0.00298836112,-0.09164571109,0.01100513573,0.06720839682,-0.03070118382,-0.00199247288,-0.02207180695,-0.04550922213,-0.0172680983,-0.03201924857,-0.008423586041,-0.01635055592,-0.002095181084,0.007070340827,0.004291373239,-0.01596178492,-0.002233181353,-0.01832603939,-0.02962475313,-0.03577541938,-0.03875062117,-0.01730769231,-0.02760545906
0.001799637828,-0.02319327731,0.0004875670405,-0.01512525603,0.004184100418,-0.014197823,0.03045216856,0.002660861151,0.03600888325,0.009663132465,-0.01818988465,-0.008325810011,0.03843730309,0.002478035594,-0.01567877629,-0.01749595469,-0.001329787234,-0.02039592082,0.0102610261,-0.002410430591,0.003788775752,0.01454816749,-0.02479799387,-0.009226594301,-0.009231315462,-0.009615612446,-0.02217873451,-0.001594896332
0.003556707512,-0.01754989677,-0.05177875244,-0.00271956487,-0.0546875,-0.01744279085,-0.07462686567,-0.002653799759,0.01041188179,-0.02113518543,-0.02349751469,-0.02306291726,-0.01375404531,-0.00202247191,-0.0271950272,-0.02964487905,-0.002396804261,-0.01347213717,-0.02156094084,-0.05194947831,-0.02547770701,-0.03759536722,-0.03571428571,-0.02150095864,-0.04121125246,-0.02851357494,-0.07427173671,-0.03546325879
0.01219285275,0.01208406305,0.03135037903,-0.003529034328,0.05289256198,0.01856677524,0.05870967742,0.02951136913,0.02333686922,0.01385116784,0.02267468764,0.03447918824,0.05311730927,0.03129925692,0.03773961661,0.02105653973,0.0269620929,0.02265673495,0.04643962848,0.0031278962,0.0309852336,0.02636103152,0.03866666667,0.04436668999,0.02971407214,0.03488025862,0.02318039875,0.019542895
0.02557855377,0.03270462018,0.03538059051,0.06728911784,0.0334903192,-0.003997441637,0.05484460695,0.02960526316,0.008736857693,0.01768015001,0.02352941176,0.03553197878,0.01888997079,0.02838427948,0.05522416779,0.03002441432,0.009877826878,0.04036418816,0.03411068569,0.04215267352,0.02500586992,-0.05639307649,0.02553130794,0.005092468507,0.01361161525,0.03411350111,0.01819462378,0.02452891488
-0.02563250752,0.0008378016086,-0.02250030081,0.003016591252,-0.01164556962,-0.0478407449,0.02021952629,-0.003879507074,0.0008807985907,-0.01592524349,-0.006631299735,-0.04233520201,-0.01529051988,-0.008492569002,-0.04996353027,-0.02738413435,0.02406692407,-0.01196032672,-0.02911477617,-0.0234929078,-0.01672202497,-0.03885601578,-0.01182197497,-0.01666666667,0.003581020591,-0.02046985482,-0.04438551994,-0.01458696686
0.03811606396,0.02327138791,0.05046774988,0.02255639098,0.04969262295,0.03169785871,0.02718006795,0.02932416953,0.01716045761,0.0555035442,0.02336448598,0.06842955188,0.02892080745,0.04325481799,0.0236084453,0.01539977186,0.05190398391,0.008562149395,-0.02478765817,-0.0004539264639,0.03995340711,-0.08834393597,0.02997888811,0.01749152542,0.05352363961,0.002840454046,0.009530703342,0.02847948512
0.03606562413,-0.01832460733,-0.01980314038,-0.003235294118,-0.02196193265,0.005883314267,-0.06394707828,-0.004228800356,0.03475126172,-0.01191079574,-0.01500326158,-0.01322501417,-0.01678928504,-0.01477832512,-0.01856366023,-0.03145585457,0.006690561529,-0.02517564403,-0.003021685034,0.01952770209,-0.003584229391,0.01609454136,0.01161519541,-0.009461620469,-0.01083827265,-0.03965159243,-0.006453154876,-0.01329787234
-0.01137077601,-0.01866666667,0.01673640167,0.009884921806,-0.02245508982,0.05296506905,0.03327444052,0.01184622262,0.01700111483,-0.01923570146,0.02119205298,0.02220945817,-0.01285495012,-0.002916666667,-0.03974016049,-0.02572889756,0.02895798718,-0.02762762763,-0.01658049563,0.0206013363,-0.009667266187,0.03035002215,-0.01431851952,-0.01506794027,0.003937681904,0.002106682397,-0.02393553043,-0.008244807357
-0.005073741686,-0.005434782609,0.001881246326,-0.004967129291,0.02552322614,-0.006480481407,-0.01852379595,-0.02032250939,-0.01548369416,0.005230125523,0.02031993083,0.01095710807,-0.009523809524,0.002507312996,0.005173099881,0.03268575139,-0.00184544406,-0.007411982705,-0.01178390138,-0.02956901255,0.01430192963,-0.001827563965,-0.0008222557215,0.0009561535309,-0.04962482947,0.02396347832,0.005298829328,-0.01294964029
-0.01457430554,0.01229508197,0.02757892266,0.01967405667,0.03534096565,0.01102655692,0.0493612079,0.01352874859,0.04356297843,0.0551508845,0.004661016949,0.01732283465,0.04493720565,0.03793247186,0.01979414093,0.0306555573,0.02796394731,-0.01244555072,-0.02293157219,0.004384978637,0.02148612355,0.03231017771,0.02674530243,0.02306222707,0.04593576171,0.0197093306,0.0503799951,0.02380952381
0.04624947944,0.01045883941,-0.001256281407,-0.008783297336,0.008173076923,0.010906298,0.004427227449,-0.005784204672,-0.009335822886,-0.005917159763,0.02319696331,0.01356765616,-0.0234741784,-0.003012048193,0.02135093168,0.0105755542,0.0002248201439,0.05166981727,-0.04243334585,0.004030001119,0.001424189308,-0.003442879499,-0.02631578947,0.02240896359,-0.02041516555,0.009865527875,0.007702182285,0.004904287296
0.0119670863,0.01469115192,0.007890222985,-0.005520046485,0.000953743443,0.01018082358,0.01900826446,-0.009398075632,-0.01184706516,-0.02529761905,-0.02225886232,0.01769832001,0.01576923077,0.004229607251,0.0144431775,0.00125779835,-0.001573387278,0.03894547633,0.01764705882,-0.01995763184,0.01083032491,0.003454773869,0.01783509398,0.01069797782,-0.01698774081,0.001395592865,0.02617255356,0.00330604534
0.05579339533,0.01151694636,-0.002155661448,-0.01110137306,-0.00285850405,0.004061371841,0.01027304677,-0.01287553648,-0.01498637602,0.004325699746,0.008010118044,-0.006709039548,0.07099583491,0.01183313277,-0.01723491945,0.007487060952,-0.01508329581,0.092272203,0.02504816956,0.003071672355,0.01612554113,-0.0008346374544,-0.004852405985,0.03369046082,0.01371815428,0.006570054384,0.02065229658,0.02997018673
0.01583223972,-0.001626545218,-0.002387720296,-0.003101920236,-0.003822264692,0.005393258427,-0.003746320578,-0.02151029748,0.002766251729,-0.0329364074,-0.0008364700962,-0.007020974049,0.001767721407,-0.01625371655,-0.05299275639,-0.02399002494,-0.016,0.02217529039,0.0265037594,0.01553816491,-0.01384598999,0.006891510912,-0.03318434241,0.005994005994,0.00913884007,-0.01206537581,-0.04212737727,-0.007007921999
-0.0154518434,0.004235907462,-0.005014816503,-0.0008890205956,-0.006714628297,0.001192072716,-0.002417405318,0.004209541628,0.001379310345,-0.02017291066,-0.001255755546,0.003848563501,0.001411681666,-0.003223856538,-0.0004025764895,-0.004292503449,0,-0.01446280992,-0.005676616004,-0.0005584096493,0.0001080030241,0.009644301566,0.0002801905296,-0.008813306852,0.0153256705,-0.00400417277,-0.01500634884,-0.006750536975
-0.003757594634,-0.003244646334,0.02497136312,0.01112264571,0.03718010623,0.01964578062,0.0436187399,0.02608290638,0.01253443526,0.006951871658,0.01005867561,0.01604850214,0.009691629956,0.04143925611,-0.06322996375,0.03130613292,0.0281068525,0.003668763103,-0.01031307551,0.02022572354,-0.02084233261,0.02752670501,-0.004481792717,-0.01552911709,-0.01337907376,0.01768919076,0.02074299777,0.008804448563
0.05588996706,0.01595052083,0.02715690657,0.001026694045,0.02653631285,0.01080134287,0.06269349845,0.01180208806,0.006529723847,0.01832182687,-0.003319502075,0.0279045279,0.02809773124,0.01222826087,0.00214961307,0.03085344613,-0.005874378671,0.0005221932115,0.01377000372,0.009200438116,0.03430020955,-0.02069172331,-0.01631963984,0.04503243862,0.02885952712,0.02093499527,0.0561423651,0.04853774307
-0.01284803428,-0.01377763537,-0.000326406267,0.01098901099,0.01405895692,0.007364620939,0.0009711094926,0.02467474204,0.01013650493,-0.005997392438,0.03039134055,0.005420863924,0.008148022407,0.01476510067,-0.02209352209,-0.008979000724,0.02590909091,-0.01852818372,0.02753303965,0.01703928804,-0.0005331627213,-0.02704909666,0.001573226545,-0.02580645161,-0.02551537682,-0.009673464567,-0.01217523644,-0.0008761682243
-0.04545509818,-0.04191033138,-0.0008707009142,0.001884057971,0.02012522361,-0.004443807339,-0.0063060878,0.002845884413,-0.009232004282,0.006820566632,0.01151515152,-0.004457652303,0.01986866476,-0.01606198035,-0.001754770783,0.02523259779,0.001661497563,0.01249667642,0.00857449089,-0.01835449792,-0.004694334791,0.002412924885,-0.0002855918892,-0.02099212795,0.001040402289,-0.01621274811,-0.05942555299,0.009500146156
-0.03218097953,0.00983384198,0.009586056645,0.004484304933,0.004822446295,-0.005039596832,0.01684159141,0.01659026413,0.01620526671,0.005211047421,0.01457958858,0.00315565032,0.02162786858,0.004993278279,-0.01076686443,-0.003088326127,0.02488112352,-0.007352941176,0.02019128587,-0.004891836069,0.02229606603,-0.005860805861,0.007998857306,0.0002552648373,0.01888099775,-0.001985785953,-0.000351000351,0.006804690893
-0.0053440331,-0.009066487576,-0.01262408287,-0.01209677419,-0.01221640489,-0.005643994211,0.01728276524,-0.04444921623,0.02524916944,-0.01166407465,0.006692913386,-0.04080938616,-0.01987718164,-0.02942862603,-0.0346512661,-0.004241731008,0.005394907208,-0.01851851852,-0.001909722222,0.02141140485,-0.02705253224,0.006527002842,0.02380614992,-0.02832716601,-0.02091125468,-0.02487171432,-0.03078183521,0.003595053207
-0.001150199769,-0.05116909522,0.007430881871,0.04635568513,-0.04151943463,-0.003056323679,-0.006842850401,0.00606741573,-0.0194426442,-0.02360346184,0.001173249902,-0.0007090941322,0.02291838417,0.01968891514,-0.01242521859,-0.06954482363,-0.002361021678,-0.01940700809,-0.01652461298,-0.05401069519,-0.00280202608,-0.0118188474,0.02006920415,0.02206172029,-0.01475950686,0.01530365677,0.02741214829,0.06018054162
-0.04736264513,0.0075,-0.01703004664,-0.01225968236,-0.02718894009,0.01372262774,-0.02209550962,-0.0008934554389,-0.007138136153,-0.005103411228,-0.006640625,-0.01383714742,-0.03223726628,-0.03301795713,0.02283317801,-0.005812757202,-0.007099827883,-0.04947773502,-0.01344181111,-0.01967213115,-0.04863287582,-0.03524555461,-0.03514246947,0.004753950919,-0.01744800846,-0.09204146393,-0.009755524213,-0.03284227598
-0.03208411127,0.05033676001,0.0001103509159,-0.001551480959,0.01421127428,-0.01108870968,0.02696793003,-0.011848871,-0.02622819864,-0.007289416847,-0.03342508848,-0.01789890268,0.03897401732,0.004792332268,-0.0050523918,0.004501474621,-0.01040086674,0.006362058994,-0.008963786303,0.008649521393,0.01783482904,0.04509051015,-0.009843903811,-0.003836317136,0.01094170404,-0.01881442338,0.02991097923,-0.03423700391
-0.07148459062,-0.04758690516,-0.03652212292,-0.01568018082,-0.02428771602,-0.02315421581,-0.03998107405,-0.0371040724,-0.009023789992,-0.0187652978,-0.01912123678,-0.02985621394,-0.0195575505,-0.05703497615,-0.04918242968,-0.02518800865,-0.03612874973,-0.03132183908,-0.05571635311,-0.02949919963,-0.0046875,-0.0311778291,0.046584292,-0.01219512195,-0.01490418737,-0.02706848691,-0.01832430564,-0.009839386485
0.04218597472,-0.05288093551,0.004008245534,-0.006171067738,-0.01101005266,0.01252236136,0.0002464268112,0.00587406015,-0.04773730684,0.03215077605,0.001244296972,-0.01491551024,0.03548070634,0.009694415174,-0.02480134842,0.005812417437,-0.01544752385,0.08577870068,0.01360153257,0.001885014138,0.004373177843,0.04366670278,-0.02347672683,-0.004808317089,-0.005223342939,-0.004637335924,-0.01831415825,0.01622095572
0.04206957565,0.024592464,0.01083608988,-0.002310469314,0.01936108422,0.02296819788,0.007144616901,0.01144592385,0.0128948131,0.003222341568,0.01429163215,0.006133205558,0.02115900837,0.02337716552,-0.01802469136,0.01329130549,0.01984310106,0.04121131317,0.01171801172,0.01411100659,0.005805515239,0.01391196013,0.03210116732,0.02742230347,0.008328806808,0.009666076534,0.01231762736,0.01898188093
-0.005665026093,-0.03489501552,-0.01139697585,0.008105369807,-0.0113960114,0.001439263097,-0.001712328767,0.01847575058,0.02045487055,0.0005353319058,0.02470900551,-0.003143156491,0.004793567342,0.00530287579,-0.01734976113,-0.01762754044,0.005461538462,-0.00130149567,0.006725200822,0.009508348794,0.002331002331,-0.00102396068,-0.003366096674,0.01423487544,0.005386963548,-0.0220322518,-0.001890135854,0.001270110076
-0.09616151629,0.01931939431,0.009131377697,0.0136396267,0.02737752161,0.009198045415,0.03675569713,-0.001587301587,0.01135407906,0.006955591225,0.01275408529,0.02197592203,-0.0298553401,0.0002028809089,0.02763561924,0.01657166983,0.0008685594963,0.03992601234,0.005566895528,0.02699287847,0.01738648948,0.005330053301,0.02039989192,0.01516290727,0.01357385247,0.01958091624,0.03242987336,0.03368569415
-0.02074550098,0.005753526355,0.005203031331,0.004815864023,0.0252454418,-0.004129877528,0.02765303711,0.002044060868,-0.04088704089,-0.003719447396,-0.002164502165,0.01608077786,0.004282994924,-0.0004056795132,0.02440239044,0.005191568892,-0.01910971223,0.01616978272,0.003137110168,0.005592215636,0.0126265375,-0.0009176182708,-0.0116509996,-0.01259103814,0.009162995595,0.03262270047,0.0276281096,0.01158985547
0.002579652853,-0.001291751246,-0.02194216271,-0.01296870595,-0.05061559508,-0.02016302016,0.01011959522,-0.01314596555,-0.009104046243,-0.02053333333,-0.01084598698,-0.0004600662495,-0.02748380982,0.01217532468,0.003403014098,-0.006301001963,-0.05065322026,-0.01392342118,0.009013980868,-0.006895784674,0.001719875309,0.07766098581,0.01768251842,0.02812851606,0.004539898725,0.004705554913,-0.02409638554,-0.02466639709
0.02307908658,-0.01294530673,-0.004256787851,0.001142530706,0.008165225744,-0.009194395797,0.001117941712,-0.006201194304,-0.004958436634,-0.01306833651,-2.791068581e-05,-0.004510724478,0.004547669319,-0.001804330393,-0.0009689922481,-0.004417879418,-0.01158860454,-0.009107413011,-0.01112123974,-0.01209541942,-0.003648460135,-0.02272727273,-0.008029485323,-0.002796692607,-0.0008691117678,0.003089477465,0.02433127572,-0.007462686567
-0.01554626325,-0.0007375597629,0.01594454073,0.01854493581,0.006669842782,0.01075268817,0.03277074127,0.03281719436,0.002491572622,0.02896551724,0.03591408054,0.01488810801,0.01602586904,0.02369953806,0.0305528613,0.008300704777,0.02882266732,0.03261677201,-0.03963864307,0.03060877452,0.02843295638,0.02635658915,0.01021762208,0.0312157054,0.04140570633,0.01826445546,0.06251081092,0.01726538569
-0.04227794791,0.007493443237,0.01876492665,0.0162464986,-0.0004732607667,0.01471874089,0.01035014314,-0.04699037816,-0.001461988304,-0.008310991957,0.02925327175,0.02824601367,0.01016530556,-0.007455365902,0.03524705882,-0.00269234752,0.0289648623,0.03349876542,0.02438087925,0.006819931801,0.01665095822,0.004342900302,0.005516879023,0.0145441646,0.02255262279,0.01026013487,-0.00609179708,0.02586914864
-0.003487791335,0.01338787653,0.01361911141,0.009233737596,0.04356060606,0.004452103978,0.01264167393,-0.001173984503,0.01317715959,0.01919437686,-0.007479431563,0.0211785556,0.03134845621,0.03459181656,-0.03404700214,0.00960440245,-0.008306414398,0.002145922747,0.02248875562,0.00797552715,0.01709929955,0.001880052641,-0.0197256695,0.0134032634,-0.02336219572,0.0155615112,0.03159674522,0.01814543029
-0.1003407599,0.02425688073,0.003414096916,0.005325686194,0.02087114338,0.05476122391,0.003874300474,0.00540667607,0.002167630058,-0.01830238727,0.01130369254,0.006942034016,0.0322285016,0.03859380971,-0.009411764706,0.05378721654,-0.001163331782,0.002141327623,0.02291055718,0.02276176024,0.01934373101,0.02270594858,-0.01385927505,0.03277745831,-0.0118768819,0.02468715417,-0.001741446425,0.0136286201
-0.01670365103,-0.01687506718,-0.02151245747,0.006655800054,-0.008444444444,0.02006235597,0.02229845626,0.04091653028,0.004037490988,0.009186706296,0.01229508197,-0.007238883144,-0.01805267831,-0.008462104489,0.005225653207,-0.005562875128,-0.04845096669,-0.0113960114,-0.001075076151,0.002543450615,0.001192250373,-0.01541284404,0.01635135135,-0.00289532294,0.005755882851,-0.01474619922,0.008311954849,0.008403361345
0.08503829841,0.01530612245,-0.009758833427,0.01754149238,0.006275212909,0.007441860465,0.02055369128,-0.004492362983,0.02542007755,0.03373493976,-0.001104158999,0.003819444444,0.0003013863773,0.01576994434,-0.006143667297,-0.017812454,0.01297429621,0.02161383285,0.02457399103,0.006025369979,0.01835863848,0.0290719344,0.008775428799,0.000781773509,0.04325871065,0.00674564695,-0.01689395481,0.01551282051
-0.04119373292,0.005384063173,0.0009062075215,0.009945630553,0.03741648107,0.009629336499,0.004521167283,0.001805054152,-0.02941176471,-0.03082103082,0.005526897568,-0.005880318229,0.01717384754,0.01570776256,0.004041844983,0.004096722622,0.0009666505558,-0.01316408087,0.00350140056,-0.01334454135,0.005944260378,-0.004889532778,-0.01107156979,0.01305657851,-0.004678928687,-0.01716989824,-0.0102484472,0.01489710895
-0.03772603294,-0.02284898251,-0.007469443187,-0.007746848739,-0.02060970374,-0.008100339692,-0.02414075286,0.02972972973,0.01645021645,0.008017103153,-0.01648955661,-0.01235212248,-0.05331753555,-0.03632440209,-0.04191333175,-0.01726539954,0.02655721873,-0.01572177227,-0.07013258897,0.02385516507,-0.01433691756,-0.01656050955,0,-0.02654769773,0.005349327282,-0.01086539691,-0.0674615626,-0.01418086827
-0.05137763192,0.02849835586,0.01425313569,0.02156940585,0.0201665936,0.01001053741,0.02935010482,0.03040244969,0.04003407155,0.02916224814,0.03166915052,0.0347895015,0.09965581977,0.04123903713,0.05140879881,0.03888410713,0.01928504233,0.003872216844,0.0003752345216,-0.01112960266,0.01503685504,0.01276831976,0.02745568439,0.008600203689,0.01402773299,0.04049280607,0.006617317183,0.01602523659
0.04242331324,-0.009946714032,0.002360876897,0.01606217617,0.0150408251,0.00873761085,0.02810590631,0.01485884101,-0.003822003822,0.01262235961,0.02022390755,0.01055408971,0.01465357803,0.03333333333,0.0197461213,0.02383157074,0.007383479465,0.05496624879,0.01669167292,0.04018091932,0.02449651433,-0.003654302942,0.07588532884,0.04240996298,0.04150103355,0.02111233619,0.01593314763,0.0152757079
0.04076556125,0.008252601363,-0.004374158816,0.004716981132,-0.01566469094,-0.01538461538,-0.0192155309,0.01966115875,-0.01000274048,-0.0139913508,-0.007433628319,0.003368988461,-0.02762198542,-0.01439472771,-0.01982480406,0.01489908606,-0.0006871278058,-0.009597806216,0.01457295702,-0.003235918698,-0.003780361024,-0.006785255822,0.02700747528,-0.001506834571,0.00427480916,0.007703551956,-0.01996051766,0.009541284404
0.01724810607,0.002135231317,0.002816266757,0.01103920822,-0.0004301075269,0.006827731092,-0.01999596041,0.00841025641,0.03598615917,0.0350877193,0.004279600571,0.008813900781,0.00173035328,-0.01090973078,-0.005174035748,-0.01158482248,0.00137520055,-0.03784033226,-0.002545454545,-0.003347874607,-0.002276823831,0.09970457903,-0.003874148861,0.0003233804031,0.004864700517,-0.01207051723,-0.03043867502,0.01017811705
-0.07478818646,0.01598011364,0.01965850371,0.02823795181,-0.006884681583,0.01330203443,-0.01422093982,0.001220504475,0.007748830995,0.008225324028,0.02414772727,-0.004742885671,0.00287894055,0.0085394058,0.01323877069,0.007782101167,0.01510643168,-0.0009592326139,0.07491797302,0.008245114007,0.004564039175,-0.02182672935,0.004714201532,0.001293103448,0.01754916793,-0.002036332458,-0.01154201293,0.006956938947
-0.00629479965,-0.000699056274,-0.02390657706,-0.01000854388,0.001733102253,0.01402831403,0.01568053523,0.00426655831,0.02465862389,0.01013597033,0.01109570042,-0.01504890895,0.02224773934,0.03757276416,-0.01586560896,-0.01440813636,0.02547914318,-0.01248199712,0.04951670341,0.02473498233,0.0009465215334,0.02900789564,0.01759530792,0.00850193715,-0.02468034493,-0.004285023895,-0.0169313405,0.009291244789
-0.0149227012,0.003497726478,-0.02381489842,0.007397361608,-0.0134083045,0.01091509075,-0.01337999177,0.0244790613,0.01526717557,-0.01884483603,0.04423868313,-0.01052542229,0.01418140972,0.001020061204,0.0137505927,-0.0002866424613,0.02154793316,0.02333495382,-0.004847309743,0.006403940887,9.456264775e-05,-0.004670558799,0.0002305475504,-0.002027531747,-0.02286585366,-0.0004076966219,-0.02280555885,-0.0002360439042
-0.05044640996,0.07459044963,0.01849924847,0.03818382083,-0.06400701447,0.02197112367,-0.0121009806,0.03060821485,-0.006371861858,0.06560239461,0.0157635468,0,0.0225668005,0.05315896739,0.07015902713,-0.102408487,0.03142488162,-0.02185273159,-0.03848027277,-0.02770435634,0.000378214826,0.02832244009,0.001959202489,0.001176218991,0.0399375975,0.03341454625,0.005348243588,-0.001534647621
0.07888813193,0.05773597146,0.00136224316,0.008841211835,0.04309133489,-0.0457002457,0.03315733897,0.02433416363,0.005386687187,-0.01123595506,-0.01616553508,0.04074804838,-0.002572434335,0.01596516691,0.03846153846,0.06026726295,-0.002086811352,0.01894123361,0.01334008781,0.02879581152,-0.01862003781,0.02069752282,0.05705083966,-0.02146747837,0.01455145515,0.07319864265,0.02526901221,0.01064081343
0.07111970406,0.03495860166,0.02686770207,-0.01051647581,0.01392007185,0.0009011328527,-0.01512673753,-0.02637485971,0.005612960837,-0.003787878788,-0.05619454486,0.01590834158,0.02158273381,0.0326984127,0.006313131313,0.01822746673,-0.05938937683,-0.008102955195,0.003166138977,-0.001076531611,0.0386208225,0.02123582947,0.02491838955,0.02041039074,0.03593079994,-0.003881866721,0.0329009434,-0.001988769303
-0.01295891406,-0.02133333333,-0.005299183043,0.01381672178,0.0119574845,0.01080385852,0.03092569531,0.009606147935,-0.004186223519,0.002614068441,0.02263231198,-0.003245436105,0.01873505182,0.03473716569,0.007109995818,-0.00152875037,0.02645620276,0.02210475733,0.03637873754,-0.01655726462,0.02466617211,0.0107879925,0.006051597834,0.01561664349,-0.003853839566,0.01039198489,0.005480077634,0.01394912671
-0.02597024759,0.06206478959,0.0268590455,0.02516016308,0.03150984683,0.006362132587,0.05274813771,0.003615604186,-0.01401273885,0.004503436833,-0.0228123936,0.01571021571,0.001173862006,-0.01782531194,0,0.02533708698,-0.02079272255,0.1257639868,0.00272479564,0.01155608687,0.01104072398,0.01051817479,0.04178978472,0.02401263823,0.06605530878,0.02718205598,0.002952197116,-0.01098265896
0.005011402482,-0.02311858609,-0.01070038911,-0.01352119077,-0.00169707255,0.03527626754,0.02620003825,-0.02559726962,-0.001162790698,-0.003303445021,0.0118466899,0.005369450232,0.02905158937,-0.009528130672,-0.006519933555,-0.009055876686,0.04313205043,-0.01733138442,-0.007992327366,-0.01231041954,-0.01297887576,-0.03887953467,0.01296596434,-0.02252391237,0.01169354839,-0.01037053488,-0.02400090569,-0.0227936879
0.0125139953,0.0385479588,-0.000764776576,-0.02430315595,0.004674883128,-0.05153883732,0.01546775997,-0.05312317572,-0.02095459837,-0.03385416667,-0.0444214876,-0.0108409725,0.001139384732,-0.02580546648,0.05505162396,0.01570095275,0.02735368957,0.0361240969,0.01192394457,-0.02323262539,0.003083340891,0.003822264692,0.0074,0.001999158249,0.01594260662,0.01409082869,-0.0009279665932,0.001913875598
-0.02624843528,-0.003371733633,-0.003717472119,0.005076142132,0.005922165821,0.005279423126,-0.002385758855,0.03842992191,0.0007927070947,0.009066405293,0.02234234234,-0.01128213394,-0.01707132018,0.0004702194357,-0.00911251981,-0.01880832735,0.0002063983488,-0.0008203445447,0.01401273885,0.01602694978,0.001808154778,0.0001586546089,0.01488981537,-0.01144597291,0.02366941284,-0.01086622207,-0.0270521305,-0.005491881566
-0.01569734523,-0.01325063434,0.004280070237,0.005755226685,-0.0004205214466,0.01140002562,-0.009381898455,0.003562240253,-0.01056105611,-0.01214181642,0.02784631653,-0.01198141658,-0.02045542262,0.01033996553,0.003598560576,-0.009657594381,-0.01361947998,0.01395730706,0.01083542714,-0.007937305335,0.009926901904,-0.01744923858,0.007726917058,0.008922880816,-0.05671946857,-0.03278234721,0.001431980907,-0.0008403361345
-0.06819489162,-0.03671428571,-0.0331111354,-0.01191171318,-0.03533866218,-0.03014184397,-0.05441039926,-0.03135476237,-0.01000667111,-0.02826941986,-0.04972565158,-0.03629764065,-0.03454163383,-0.03178787409,-0.06055776892,-0.04678881009,-0.02907949791,-0.02611336032,0.004349852416,-0.0146850314,-0.03940666607,-0.03212786568,-0.05027661846,-0.03674457781,-0.02478331528,-0.01936572782,-0.0285986654,-0.06464015379
0.01659487668,0.01913095062,0.02056962025,0.02387424654,0.01788050589,0.01880386524,0.03083267871,0.02524429967,0.00525606469,0.02352643562,0.00252616384,0.0193460024,0.04570806693,0.02386290839,0.01297709924,-0.01167717268,-0.001939237233,0.01163999169,0.01515854602,0.02600472813,0.0168372093,0.03969974979,0.05508431272,0.03552300798,0.05040966532,0.001139432563,0.01472031403,0.04187540141
0.01424563804,-0.00101862631,0.02159468439,0.02262495671,-0.0008568980291,0.009484747501,0.04210325776,0.0160841938,0.02842204049,0.001977261493,0.01259899208,0.01813906617,0.03057109405,0.01220084467,-0.02934773507,0.01934337097,0.02353195164,0.01191699199,0.02940728325,0.0006010819475,0.02579818864,0.02230065779,0.01094537001,0.02364365632,0.01850872554,0.01972568932,0.00580270793,0.008013808408
0.02985185385,0.05375091042,0.0108401084,0.02043119991,0.01329331046,0.03491620112,0.003473491773,-0.02364666797,0.004171555208,0.01159348791,0.02346249556,0.0283734741,0.01489522848,0.0188533457,0.03256415786,-0.005026156529,0.02341278211,0.05299492386,0.0008880994671,0.008710452543,0.02425755819,-0.005806654112,0.01235987353,0.03361517839,0.01051401869,0.01618373285,0.05048076923,0.01859099804
-0.002643180463,-0.1150124412,0.01694369973,0.02079646018,0.05205247567,-0.003557845663,0.03042448533,0.006204963971,0.01090484227,-0.004145330407,0.01945119833,0.01884825152,-0.004975124378,-0.02320643106,-0.04887218045,0.0004639175258,-0.01648804617,-0.008098727343,0.06743566992,-0.03146401985,0.01245102307,-0.0009471191792,0.01135718342,0.01865522745,-0.04020552344,0.04649464413,-0.01601830664,0.02581652257
0.05038636222,-0.01468291159,-0.008436148898,0.01007802341,-0.01488334674,-0.01391282935,-0.01538189533,0.02426894768,0.001541029922,-0.01371204701,0.006473594549,-0.006770054318,-0.016625,0.003260869565,0.02064119455,0.01092276779,0.01299245599,-0.01516329705,0.008451094486,0.002971920476,0.002837977296,-0.009164164955,-0.01918397904,0.0289883459,0.004550321199,0.006472199922,-0.03465116279,-0.02364508955
0.04837111146,0.005072923272,-0.02594916516,0.006329792941,0.001224989792,0.01635659883,0.007362183516,-0.02485919596,0.01000128222,0.0002482621648,-0.01184834123,-0.01727827534,0.01258421253,0.02182324718,-0.01359724613,-0.003618571938,0.003930492346,0.03868930122,0.007555982965,0.01471339532,0.01123402796,0.05884228991,0.02566548993,0.01494241934,0.01159072742,0.03562705929,0.006504456757,-0.003117132238
-0.004452443401,0.03690851735,-0.01856097827,-0.01918976546,-0.01019575856,0.002702702703,-0.03582887701,-0.01115315674,-0.0214548686,-0.01141722512,0,-0.01766271474,-0.005774541803,-0.03165707361,-0.01238876287,-0.03278772379,-0.00123634865,0.001140250855,-0.01295336788,-0.02285771826,0.003900949796,0.001656626506,-0.0303255814,-0.01031507877,-0.00579481101,0.004866794681,0.03303015797,-0.009981960313
0.08640065183,-0.04493459081,-0.03304038269,-0.01684782609,-0.0173053152,-0.02487135506,-0.04178221483,-0.04330312185,-0.04540736897,-0.02636203866,-0.02500856458,-0.02577996716,-0.05037878788,-0.03284842797,-0.01590106007,-0.02570204664,-0.01836187332,-0.07858769932,-0.009393562647,-0.01607584501,-0.02339922284,-0.02706359946,0.00460475825,-0.02757248437,-0.0152338058,-0.03924505481,-0.02455977757,-0.02538872692
-0.009395554931,0.08782212595,0.001955821445,-0.0322830293,-0.01006289308,-0.01319261214,-0.0005788153579,-0.01178947368,-0.007474857298,-0.017019082,-0.01546029515,0.001516939154,0.002925142933,-0.007763221737,-0.0002244165171,0.002768278782,0.0008406893653,-0.01812937783,0.00934318784,-0.001780477587,-0.0110717066,-0.01220831402,0.007734912147,-0.003215434084,-0.009819747108,0.0006953186755,-0.007600950119,-0.001371058208
-0.03132237018,-0.02196193265,0.0008037662189,-0.01279561293,-0.01990681914,-0.008276037688,-0.02451737452,0.009373668513,-0.0006846501438,0.001573976915,0.006780870807,0.01337933356,-0.01246188519,-0.00847595762,-0.01324354658,-0.01337014182,-0.006929861403,-0.02182123374,-0.008842221608,-0.009967474557,-0.006559958016,-0.01720901126,-0.01525632522,-0.02150537634,-0.02309468822,-0.01650234416,-0.01220679751,-0.002745881178
0.03890394269,-0.05224550898,0.01009637448,0.01330864483,0.01080380294,0.003466427012,0.04611122106,-0.03102574926,0.007262263634,0.008905185961,0.003190358029,0.01486340613,-0.01221640489,0.01249383528,0.04231119199,0.01486805289,0.009515753859,0.02616902617,0.0349874547,0.02214921577,0.02782179961,0.04106972302,0.0314665127,0.04375624376,0.02433597552,0.01554287584,0.03695178095,0.02866082603
-0.1107343383,0.03620281156,0.007155838255,0.01678848789,0.03206498504,0.02558853634,0.005297010972,0.05205837508,0.01727656101,0.008826583593,0.01448763251,0.01521845852,0.02663767328,0.08686475077,0.02095154954,0.04416693697,0.009426057813,0.01923076923,0.01171717172,0.01306376361,0.02132945006,0.04266055046,0.07911185745,0.04996171516,0.02633722509,0.03826064988,0.01857693656,0.02895729407
0.09002096332,-0.001859699399,-0.01037554979,0.0006739301359,0.0057995029,-0.01097804391,-0.03161460294,-0.006604554865,0.02193099759,-0.00591868245,0.003134796238,0.01160541586,0.004898067249,-0.03271586495,0.009833262078,-0.01118301838,-0.01058310853,-0.00430680886,-0.04392971246,-0.004400777812,0.01576784366,0.01158527643,0.01590732256,-0.002552415679,0.01111111111,-0.004857827008,-0.02466161964,0.02140238855
-0.02831017785,0.01649358583,-0.01948717949,-0.0269390504,-0.01606260297,-0.04654389506,0.004469490867,-0.02721910756,-0.03219052604,-0.01941496246,-0.002604166667,-0.03202676864,-0.0007904096957,-0.004015444015,-0.02959356478,-0.03042044086,-0.00148909396,-0.03476828012,-0.002923976608,-0.01099917763,-0.01403682603,0.05305885764,-8.50991405e-05,-0.01462255529,-0.01203558346,-0.0143061922,-0.01916970481,-0.01863857374
0.02307395264,0.0006009615385,-0.001627150163,-0.001153535587,0.00209292591,0.0007937557878,0.002708454246,0.01317621853,-0.02825851812,-0.02191129884,-0.00365535248,-0.02987654321,-0.009492419249,0.001550628004,-0.00397015837,-0.01711847932,0.005902245374,-0.02308907004,0.007820136852,-0.0192287704,-0.006029645758,-0.01789647577,-0.006893617021,-0.03515117789,-0.03416313559,-0.007684743941,0.001558752998,-0.008021705792
0.01699517499,0.03453453453,0.01979045402,0.03707125534,0.01837928154,0.04084600132,0.01697858383,-0.01015013745,0.03909837206,0.02321187584,0.02550663871,0.006023585306,0.0162385199,0.03468029107,0.02715724923,0.02725124993,-0.0238045521,0.01965923984,0.03533324096,0.003815175922,0.0228325891,0.03812727782,0.02373810952,0.02758819571,0.04291198245,0.004302364761,0.0324434335,0.0132001427
0.0510493517,0.01567489115,-0.004223744292,0.01559020045,0.07219031993,0.002921005842,0.02959590211,0.08053834651,0.006293519014,0.02400422052,0.03577512777,0.01045707539,-0.02265880812,0.01167140506,0.02921108742,-0.0754666524,-0.00513368984,-0.0175664096,-0.08725910064,-0.001372466216,0.01523887974,0.02741020794,0.01682571572,0.006735266604,0.05692125674,0.01884750459,0.01692949907,0.01830985915
0.01633049276,0.01657616462,0.01146394589,0.01304824561,-0.001912777353,0.02950487527,-0.02929795467,-0.0001977066034,0.02648037259,0.02035033488,0.01118421053,0.009096978802,0.0192977754,0.02055908889,0.009322560597,0.02597477728,-0.02494087293,-0.01657217619,-0.01847507331,0.008246114811,0.01354969574,-0.007622552241,0.06923520211,-0.01514588366,0.02935323383,0.03531759099,-0.03899657925,0.004034117105
-0.005899868686,0.01040202418,0.04386263176,0.006927156619,0.01303181296,0.00036900369,-0.01214882308,0.01008503065,0.002463054187,-0.002524614996,0.01691607027,-0.02324042676,0.01235866421,-0.002753623188,-0.004310344828,0.01646461799,0.00815876516,0.00133037694,0.03002688975,0.02034182657,0.01120717259,0.01138921997,0.0224052972,0.01877535617,-0.01002899952,-0.02030455117,-0.004627432368,-0.005854666514
-0.01462192691,0.04590984975,0.009337676439,0.01354401806,0.02194475974,0.01143489487,0.03958493467,-0.02192638998,0.02172507436,0.009111617312,-0.0006397952655,0.02523285351,-0.02116883117,-0.006830402558,-0.003545660689,0.01447828258,0.02799650044,0.03830823738,0.02248005801,-0.002260815949,0.01290373654,0.01034437606,-0.001957978763,0.0009260974254,-0.006468936897,0.02951366768,0.003099296698,0.01581986143
-0.0008078252508,-0.01037509976,0.02678571429,0.0001060557853,0.007774898186,0.0280816922,0.0303142329,0.01601281025,0.002657891406,0.007524454477,0.02464788732,-0.004294681203,0.0570518774,0.01697395376,0.01783276097,0.008694225722,0.0214893617,-0.09191725315,0.01673758865,0.005767844268,0.01703790543,0.01840331778,0.04399003999,0.009715025907,0.01154791155,-0.006281470932,-0.001307189542,0.002387177447
0.009855607654,0.01182795699,-0.003771608172,0.01410392365,-0.01800146951,0.009932600213,0.0342662361,-0.01477541371,0.01527392073,0.00497883993,0.004061230865,0.02637690776,0.001004142086,0.00345323741,-0.03455284553,-0.02997777416,0.03436784003,-0.0009394081729,0.03334263393,0.01300563236,0.008453085376,0.006999236447,-0.03873952009,0.01081279208,0.02732572261,-0.001944977607,0.004283674441,0.02959854842
0.05248730286,0.02151965994,-0.0165106741,-0.01411690892,-0.002618780397,-0.02423603793,-0.01162185603,-0.0149970006,0.008454556757,-0.007183552143,-0.009645301805,-0.01131404558,0.0002507836991,0.0167765988,-0.002105263158,-0.008159159495,0.01047120419,-0.008462623413,0.001215066829,-0.02436312171,-0.02705174122,-0.000505497283,0.008721804511,0,0.008275209836,0.002598357223,-0.001777251185,-0.01971582773
0.02757434877,0.006631989597,0.0248075278,0.00169707255,0.01987996999,0.01727861771,-0.008248508249,0.006293138449,-0.01430156577,0.007984031936,-0.007854225573,0.008173941475,-0.00213112699,0.002820476661,0.05189873418,-0.0001126887537,-0.01235552013,0.006164058796,-0.005933117584,-0.00818568024,0.006970551378,0.00872423821,0.003875968992,0.007886864292,0.005393363818,-0.005667470866,0.02183976261,-0.006179775281
-0.01576524528,-0.04702234853,0.01439899833,-0.03250741211,-0.007723427731,-0.0364472753,-0.001592638471,-0.02642727456,-0.02764227642,-0.02797029703,-0.04211526282,-0.02529592995,-0.006281407035,-0.008437631838,-0.01925391095,0.00219767835,-0.02966101695,-0.02544769086,-0.03608247423,-0.002820727121,-0.007077856421,-0.04186512911,0.000297000297,-0.02383522216,-0.01434402332,-0.008959482562,0.01498431874,-0.0158281515
0.02258207898,-0.007184492341,0.01326887472,0.007223377476,0.01556708673,-0.004651732158,0.03225806452,0.006630750104,0.001672240803,0.0226636109,0.003305785124,0.02146065546,0.01845764855,0.03928520777,0.03558282209,0.02462749508,0.0264088168,0.04303675048,0.04629890234,0.008905185961,0.07159642801,0.008765044479,0.01247030879,0.02110015664,0.04484145764,0.03122902089,0.02952620737,0.02423894314
-0.02731046778,0.01829601311,0.01827225662,0.002933825926,0.01788321168,0.008486041077,-0.004979395604,0.01173322355,0.009759856171,0.02315737052,0.01120263591,0.01164495114,0.01713008937,0.04025655022,0.02093206951,0.02293804533,0.01175040519,0.03152526657,0.005783456624,0.007372793354,0.01915204678,0.02113863312,-0.003519061584,0.01723515611,0.01449439475,0.03044269763,0.01011560694,0.01256168686
-0.01909688691,-0.03110753553,-0.006479912272,0.0003250270856,-0.02258874148,-0.01658536585,0.01811906816,-0.009359104781,-0.00534147272,-0.01995619372,-0.004561746497,-0.001690412944,-0.01025140347,-0.005378459924,-0.01508704062,-0.002199452819,-0.004004805767,-0.01078651685,-0.007221182134,-0.01195753015,-0.01283890403,-0.01663703327,0.01831959976,0.0005322451876,0.001227815604,-0.02614023633,-0.02454055244,-0.01506424457
-0.01507638573,-0.03182950457,-0.01113786875,0.02350265353,-0.01944240646,-0.0078125,-0.02203389831,-0.03409324297,-0.00920598389,-0.01837596225,-0.0003273322422,-0.03846153846,-0.001602959309,-0.033632287,0.001571091909,-0.009892473118,0.06795335746,0.008178100863,-0.004040948276,-0.01064162754,-0.02143428032,-0.02905850446,0.01654504732,8.866034223e-05,-0.03021181717,-0.004765129285,0.01410198556,-0.0290148448
0.009220883072,0.04002287021,0.006189751395,0.005925925926,-0.005611672278,-0.0016247969,0.007105719237,0.02806719115,-0.01677635824,-0.00632431065,0.0180091683,0.0003354297694,0.0003705075954,0.00969018698,0.0137254902,0.03220026064,-0.02202560241,0.02478593961,-0.01920476062,0.001054518612,0.01952776953,-0.02380952381,-0.00170575693,0.0125,0.04575238533,0.02170366824,0.01724329736,0.001505675237
0.01818134739,-0.009620670698,-0.04275917709,-0.05386071955,-0.0568096313,-0.01765147722,-0.05197040096,-0.01365046536,-0.02677516734,-0.01400203666,-0.04599549694,-0.02397518652,-0.02543209877,-0.02338469857,-0.04371373308,-0.06412751854,0.01116458133,-0.03254177661,-0.01199669057,-0.009059306858,-0.06081130289,-0.02030249353,-0.02207034031,-0.003677436302,-0.05771133341,-0.05904328438,-0.001640419948,-0.0483404649
-0.08895537799,0.01248959201,-0.05130636325,-0.03513453413,-0.02871958516,-0.03530011469,-0.01415864948,-0.02684000839,-0.02009440324,-0.03950426026,0.03169251517,-0.04543502534,-0.04877121865,-0.03128027682,-0.03114886731,-0.02810567735,-0.008566533409,-0.02045454545,-0.01270062805,-0.01116190071,-0.0392369727,-0.01418636996,-0.103960396,-0.03190087002,-0.03336444237,-0.004150240452,0.01237813561,-0.02466885405
0.0547530884,0.008771929825,-0.0058856191,0.04943535377,0.02874743326,0.03077939234,0.04474314123,0.01077354019,0.01513900358,0.03682795699,0.02843137255,0.004948713335,0.01757890531,0.1010144306,0.01419624217,0.02452284558,0.05395545315,0.05939675174,-0.01413627368,0.01978069232,0.04681194512,0.02525395034,0.03314917127,0.01307189542,0.06613565049,0.05767695361,0.02250595109,0.0260403688
0.02835516739,0.0222826087,0.05127345845,0.01855715384,0.02754491018,0.01755734974,0.02485019387,-0.008526966532,0.02752169197,0.009333679025,0.0149348586,0.01602650192,0.0198926842,0.02815987542,0.01914368053,0.03697640285,0.01002004008,-0.01182654402,0.05420131919,0.009698503057,0.01865844256,0.03302600798,0.02359232463,0.02034050179,0.007471134254,0.01654749067,0.02169312169,0.02027929569
-0.03022153365,0.001860712387,0.02475826161,-0.01778783959,-0.01748251748,-0.01939546599,-0.002063628547,-0.006020210707,-0.03219422087,-0.03673259697,0.001565435191,0.005904124075,-0.0007699217246,0.01893222264,-0.005049484953,-0.001306549077,0.01334776335,-0.0195035461,0.03386833515,0.007517226978,0.0006055101423,0.03689889437,-0.004379225569,0.02300869412,0.01033707865,0.001240362708,0.007975142413,-0.006903118305
0.0003980669867,0.0023879013,-0.009746992949,0.004939084623,-0.006722024516,-0.004880554842,-0.03136308806,0.0233614536,0.01049761418,0.01653333333,-0.0003125976868,0.006044678055,0.05303711314,-0.01573145051,-0.005278116119,0.004415372036,0.004271982912,-0.02486437613,0.01434021839,-0.02259067358,7.56429652e-05,-0.005781089414,-0.01057180338,0.002317795519,0.0005560498221,0.02028577762,-0.01037813399,-0.003116011505
0.005988524316,0.001058761249,0,0.02064220183,0.03662420382,0.01355188436,0.05319338196,-0.005918410484,0.004182406908,0.01390346275,0.01282051282,0.008707767328,0.002195121951,0.03158822049,0.01387755102,0.01155975252,0.01595179015,0.005563282337,0.01011673152,0.009329940628,0.01021102791,0.02054529009,-0.01037279676,0.008650222679,0.04145826387,0.02215746514,0.004568580625,0.007213272421
-0.007872562321,0.006081438392,-0.01235602094,0.005136436597,-0.02342549923,0.01668152298,-0.02736486486,-0.01530937699,0.003358860674,-0.009831824062,-0.02994751467,-0.006647099448,-0.03163786809,-0.007075759424,-0.005636070853,-0.003111754922,-0.01849267271,-0.008298755187,-0.01438109913,0.02521008403,-0.009658580413,0,-0.01158483726,-0.02853018596,-0.02604055496,-0.01440298344,-0.0111627907,-0.0028646455
0.02363499122,0.06438896189,0.003392705683,0.01352070691,-0.0007864726701,-0.006763527054,0.06061132338,0.0151155258,0.02785216926,0.003396916645,0.002227880331,0.006778482663,0.001005277708,-0.0233443912,0.01700404858,0.01313169367,-0.04408105226,0.002789400279,0.05888483585,-0.01454918033,0.001134044001,-0.05216510509,-0.01594642003,-0.00576872651,-0.002739425816,0.001657196594,0.01233406502,0.003830500359
-0.004543855344,0.01209876543,0.03212172443,0.03182773109,0.01889020071,0.01639344262,-0.005894874734,0.01191235907,-0.004299114122,0.006770833333,0.02000635122,0.02641346569,-0.006653276425,0.007296515285,0.02762738854,0.02252324037,0.05559687616,0.03917477979,0.00873523622,0.01923476814,0.02446760308,-0.01335826877,0.01677199806,0.02716483516,-0.01076804747,0.009174704098,0.02601961797,0.01478654901
-0.02472315724,-0.02903147109,-0.009213759214,-0.00346126438,-0.001544998069,-0.001364764268,-0.02816669412,0.01156190877,0.01151380348,-0.001034661148,-0.02864259029,-0.01320326297,-0.02527486415,-0.01173972774,0.02599364686,0.01054600239,-0.0278316012,0.01940664733,-0.0110989145,-0.01040497807,-0.009287925697,-0.04102355808,0.0007968762451,-0.005648750428,-0.03809841164,-0.005067278714,0.01751031498,-0.001175088132
-0.003419299451,-0.01557788945,0.01115933044,-0.007661661048,-0.005415860735,0.003975649149,-0.06847457627,-0.0176641729,0.0009054456086,0.002848265148,-0.04262820513,0.01159025055,-0.01503954363,-0.01908252243,0.00283179158,0.01670779354,0.006885305309,0,-0.02343364578,0.03195546851,-0.009300595238,0.02188338275,-0.01863205669,-0.01067309348,-0.01270207852,-0.002546543402,0.01651666502,0.005882352941
0.01819104014,0.01939765186,0.03137134682,0.02944204241,0.03422792688,0.009281029576,0.001273653566,0.01502009731,0.002843111915,0.05215595146,0.03314362236,0.04667228307,0.02619455048,0.01919608348,0.01468373494,-0.02781008242,0.03023213964,0.02407002188,-0.05342258146,-0.004395165318,0.04108148704,0.02100027632,0.03707910751,0.02923264312,0.01368421053,0.006607880767,-0.001362132711,0.01052631579
0.1184545883,0.02328492739,0.002377885663,0.0134,0.007145543437,0.01692005885,0.008359076867,-0.02876198416,0.02783505155,0.006871165644,0.03823720026,0.01199291693,0.0283478707,-0.01681203388,-0.02300556586,0.004524886878,-0.009956331878,-0.01623931624,0.01054036024,0.006421189927,-0.01002741307,-0.0301759134,-0.006102331404,-0.005071851226,0.00449982693,-0.003879024684,0.01578332034,0.0375
0.01156358143,-0.03523366773,0.01719877434,-0.01322281429,-0.007468259895,-0.01495056667,-0.02288700667,0.0169527897,-0.01429287864,-0.006580550816,-0.06491885144,-0.002942813966,-0.01846077086,0.04422730779,-0.006076718572,-0.009733871803,0.03440366972,-0.002823631625,-0.006733562186,0.008274349516,0.0246301829,0.02260359983,0.0387279597,-0.007476635514,0.00344589938,0.009286002573,0.002493765586,0.01126729139
-0.01352804209,0.01369515597,-0.00660771548,0.0052,0.01015801354,0.0003671970624,0.007930652896,0.01624815362,0.006741287204,0.001472031403,-0.02770360481,-0.0009572431398,-0.005337399924,0.01477468604,0.007642338556,0.006849315068,-0.05696742282,0.01023742104,0.03336434933,0.01700613012,0.01571723206,0.01828353118,0.004849954532,0.01549392227,0.02632783883,0.01187169818,0.01607347876,0.01533370105
0.0198370762,-0.005504128096,-0.01330333562,0.00119379228,-0.008938547486,-0.02202373669,-0.01500457457,0.02055647841,-0.03209096652,-0.002694757472,0.005149330587,-0.01828489301,-0.02261402836,-0.01662217908,-0.01251422071,-0.02892454692,0.01917164044,0.05002156102,-0.006946231026,-0.007485903169,-0.008052093544,-0.001875921211,-0.009426847662,-0.03043075107,-0.01717599822,-0.01701200103,-0.007627118644,0.007931334203
0.01577980292,0.009308176101,0.004461187667,0.003378378378,-0.00375798572,0.007381458776,0.01300390117,0.01200406918,-0.01305312622,-0.003193318595,0.007172131148,0.003416022773,0.03503267974,0.02800740284,0.009562211982,-0.005668449198,0.008163265306,0.006981519507,0.02033678756,-0.0008815750808,-0.003741088445,0.01825748423,0.008070041873,0.004520952878,0.007489786655,0.01596367851,-0.01290445014,0.0009701412094
0.02364338081,0.0166999003,-0.01362021319,0.01178451178,0.01207091664,-0.001987083954,0.01503759398,0.006232408524,0.01520962836,0.006899950715,0.007460155985,-0.009402610035,0.02096489012,0.01140182429,0.03693560044,-0.001344519738,0.01971483894,0.01060358891,0.008886631966,0.0002941176471,0.008360493127,0.01147000659,0.02635752587,0.01609832093,0.03503041226,0.01703293901,-0.002595405172,0.009153564506
0.04334735227,0.0117675901,0.01580948569,0.01027698933,0.02273574357,-0.003359880538,0.03739837398,-0.00959040959,0.003256904638,0.001223690651,-0.01211713228,0.01767449472,-0.002845126175,0.01435860923,0.02384446075,0.002854219398,0.0001726221302,0.000807102502,0.00364917579,-0.006370675292,0.02107925801,-0.0006517205422,0.01515820456,0.02291311755,0.04004788334,0.00245462366,0.04809175019,0.01013765873
-0.01600853789,0.005573055488,0.01379038613,-0.007459794613,-0.02259475219,-0.004994381321,-0.009578544061,-0.005245107928,-0.02168549539,-0.006110975312,0.008858603066,0.03352898609,-0.02121324898,-0.02550304165,0.0752418488,-0.02078187091,0.00224370038,-0.01088709677,-0.0220661986,-0.002761885974,-0.01376273053,-0.0276509717,-0.03928674978,-0.02681322342,-0.0125562415,-0.01901124543,-0.01783908046,0.008451299387
-0.01485900217,0.01180722892,0.01418577536,0.0224499756,-0.005219985086,-0.002133266407,0.02321083172,0.008517542081,0.00597292275,0.02631578947,-0.005403579872,0.03454177688,0.02205323194,-0.006482593037,0.007330889703,-0.001151631478,0.007404856208,0.006930289442,0.04474358974,0.008011869436,0.005372592799,0.01207243461,-0.01275086766,0.002224694105,0.0120801102,-0.001908756789,0.01844396592,-0.005342551854
0.0231201145,-0.006906406287,-0.03544740372,-0.001241050119,-0.01499250375,-0.01169517103,-0.009795497508,-0.01608686909,-0.009499934028,0.01509705248,0.007809847199,-0.01827342458,0.003968253968,0.0360077332,0.02216341383,-0.004776545514,-0.01111111111,0.006072874494,0.003190575531,-0.01148071828,-0.005899090846,0.02783300199,-0.02766526557,-0.01434303765,-0.006700869019,-0.03736394424,-0.001011215297,-0.009268035808
0.032691273,0.006954436451,0.01956694478,0.0176830434,0.01788432268,0.02035882428,-0.01648733079,0.01675863478,0.01332090049,-0.005193578848,0.02729110512,-0.0006127920337,0.005681818182,0.009913692559,0.004207119741,0.03734760302,0.01158167675,0.0152917505,0.005749235474,-0.005658129839,0.01165875454,0.01418439716,0.01461919359,-0.003031615418,0.005586592179,0.003056362543,0.01371123585,0.005102583183
0.005022507503,0.003572279114,0.0002922552362,-0.01023762562,-0.003364485981,0.01409153261,-0.006705487912,0.01567839196,0.006309977652,0.005695301376,-0.008199409643,-0.009274162643,-0.02407270941,0.001963275205,0.01482436352,0.009678791746,-0.005809979494,0.008323424495,0.0249331063,0.002994908655,0.0006210751501,-0.008900190718,0.003331009373,-0.001911381407,-0.009014675052,-0.00959820641,-0.0006354393609,0.01068217874
-0.02603421462,0.06395348837,0.003895597974,-0.0390017081,-0.02550637659,-0.0127889818,0.03464203233,0.003364338017,0.002873938602,0.0004719207173,0.003637566138,0.01570478106,0.0031462371,-0.01175656985,0.08161321054,0.005214368482,-0.003093846683,0.0161163522,0.009374629168,-0.02906340201,-0.004827586207,-0.0144964721,-0.009419394688,-0.01653899721,-0.01755870531,0.008152935138,0.001271686802,-0.003139388866
0.05408829134,-0.01929296309,0.0125145518,0.008294657845,-0.01501154734,-0.01270553064,0.01631181319,0.01735700197,-0.01380747688,-0.04056603774,-0.00823723229,0.01485261635,0.0170618492,0.01644506648,0.004991192014,0.02583180508,-0.0005172413793,0.002707930368,0.008111920997,-0.01814454126,0.008523908524,0.02056756053,-0.04084177708,-0.03531598513,-0.01098191214,-0.003356868893,-0.05515739817,-0.03548183918
-0.03463946677,-0.0136456675,-0.04062470058,-0.0190970522,-0.01250488472,-0.0005046681807,-0.04291265416,-0.02656068244,-0.02866199974,-0.03146509341,-0.04485049834,-0.03805163615,-0.01282841988,0.001032702238,-0.005258545136,-0.03136173256,-0.01569777471,-0.02912808642,-0.04058309038,-0.01534767175,-0.03284546142,-0.01581632653,-0.02543474728,-0.03615010551,-0.05366862617,-0.0105638229,-0.02246759482,-0.02154984763
0.004184538132,-0.003919760203,-0.01398182363,0.009984025559,0.02057776019,0.02852814946,-0.005825242718,-0.03067118104,0.01115039434,0.004314720812,-0.01739130435,-0.003588983381,0.03561164563,0.002980284273,-0.03024963289,-0.0114427336,-0.007010164739,0.002582952513,-0.02917223775,-0.008270596967,-0.001207815275,-0.001296008294,0.007254231635,0.006377915278,0.0002300701714,0.006189338376,0.02642176603,0.008453837597
0.03302427336,0.04421296296,0.008001620581,0.01522340846,0.01085692129,0.0117820324,0.01615767045,0.00226011917,0.001748251748,0.04498357341,0.02088495575,-0.01104063895,0.008566602317,0.02822857143,0.04209569958,0.01008161306,0.03106247794,-0.02378121284,0.03092525354,0.007698064792,0.02518139138,0.01933558266,0.03460264901,0.02241770715,0.002415181139,0.01291765883,0.02373205742,0.02570041915
0.02400161355,0.001330082022,-0.007737138264,0.005160662123,0.004986574607,0.01334303736,0.03686877512,0.007585075851,0.01610954491,0.001451027811,0.002427184466,0.01219319082,0.09103959804,0.00455707458,0.01162452775,0.009505703422,0.02242382746,0.002842062525,0.02307505465,0.002015915119,0.004024424091,0.01858688733,0.02680428869,0.01600518087,0.02787976136,0.004249375538,0.009254066181,0.01397999785
0.009454402206,0.005756032765,0.007189873418,0.004843553231,-0.008396946565,-0.005147234858,0.001853724301,0.01363173957,-0.002510239133,0.007486114465,0.01660325147,0.01259386733,0.02521929825,-0.005532197389,0.003160011491,0.005963590709,0.006361962163,0.01174089069,0.0289648623,-0.007623888183,-0.004837595024,-0.01824771904,-0.01192238759,-0.01675468949,-0.0004464784016,-0.0006047123002,0.01018801519,0.004454342984
-0.0403902439,0.02289236188,-0.01699175548,0.003084932035,0.003849114704,0.002526771748,0.00740117746,-0.00582095544,0.01364238411,0.001438159156,0.0003402517863,-0.02502896871,-0.0286631016,0.00756564308,0.01174112257,-0.0112324493,0.01563799701,-0.001600640256,0.0141901246,-0.01301749893,0.006180555556,0.04901336728,0.009305993691,0.005741804038,-0.006923506421,-0.01134362391,-0.01063537178,-0.01520430789
0.03324522163,-0.00494942974,-0.01513756776,0.006439211917,-0.006134969325,0.006601056169,0.0008348639172,-0.01958409045,-0.009408075265,-0.006701771182,0.01768707483,-0.01560890579,-0.01585553843,-0.005300353357,-0.02236060006,0.008783001999,-0.02506142506,0.004408817635,-0.02138550791,0.01048648649,-0.002829732901,-0.009587378641,-0.01304891389,-0.002578268877,-0.01742943888,-0.0009180310971,-0.02826429432,0.003002037097
-0.005608580144,0.01773356401,0.002596323606,0.03017570665,0.006172839506,0.01120782163,0.01618284952,0.03336079077,0.006595435958,0.01734939759,0.008689839572,-0.006036703155,0.02808234504,-0.008769982238,0.004921829763,0.006777540274,0.01780913978,-0.003591380686,0.02022550273,0.004921365144,0.008513289037,-0.01102806029,0.01820916792,-0.01707902511,0.01842526894,0.09479239881,-0.03776463857,0.01122394441
-0.009400356224,-0.01317467063,-0.0218562254,-0.01242120875,-0.02530674847,-0.004362693079,-0.009522245937,-0.008569151056,-0.003014021753,0.0007105637139,-0.01358515573,-0.02380759576,0.01077375122,-0.005151752716,0.005473926822,-0.01796903319,-0.01931330472,0.00600720865,-0.0143557024,0.02437985734,-0.02415757326,0.104200223,0.001244071223,-0.01305532075,-0.01168670637,0.007833597889,-0.01060455897,-0.008773784355
-0.004894615922,-0.007536606374,0.0009530869427,-0.01576872536,-0.007867820614,-0.01030317385,-0.002486325211,0.006633165829,0.01669295478,0.03195266272,-0.02015451797,-0.02040647034,0.004091300603,-0.003039513678,-0.02263610315,-0.003163889475,0.002861471133,-0.004378980892,-0.01641428737,-0.02473498233,-0.01301076025,0.001122082585,-0.01949211773,-0.008184240579,-0.01046048891,-0.02623143389,-0.01833116298,0.009917884185
0.001907247541,-0.0529399002,-0.03893355904,-0.05473965287,-0.05035685964,-0.002393203303,-0.03356596876,-0.03414536741,0.002714932127,0.01077981651,-0.02399725746,-0.05131679228,-0.02852241047,-0.05250677507,-0.07739665787,-0.02920016928,-0.0577374958,-0.08316673331,-0.01339757903,-0.03314151748,-0.05301410859,-0.04292759471,-0.04601615714,-0.04711187872,-0.04883373549,-0.06342611764,-0.06448979592,-0.01246040127
-0.0005009518084,0.009851088202,0.01023778071,0.000807102502,0.04509394572,0.009715725081,-0.02630674003,0.002274136862,-0.03120165034,-0.01769911504,-0.01896733404,-0.004820137463,0.01379690949,0.01918722441,0.003495392437,-0.07857454228,-0.03722835768,0,0.05467540203,0.009478672986,0.03536493604,0.04110551587,0.03204649232,0.02185077032,0.01485866151,0.03195833514,0.02563263525,-0.003421727973
0.0536287089,0.0415154265,0.02113980604,0.04909274194,0.01957650819,0.02102637206,0.03549355465,0.01938943894,0.01929731168,-0.05844305844,0.03938417472,0.03166203247,0.03941208492,0.03426099158,0.05129829006,-0.04275576582,0.04440333025,0.03619712167,0.04054664558,0.004585653456,0.08691860465,0.03082114736,-0.0176172472,0.02670476941,0.03118676348,0.00103233939,0.04796341593,0.06083690987
0.04081438493,0.03332607275,0.01654039057,0.03257422888,0.007053291536,0.01663757999,0.03819918145,0.0196276811,-0.004047525787,0.02576054956,0.03995866345,0.01530168666,0.006494186655,0.03685698135,0.03343373494,0.01538271452,0.04375553587,0.03451178451,0.02963204168,0.01738941419,0.02500668628,0.01975120035,0.03201768752,0.02025146367,0.048712917,0.01473094584,0.01704891415,0.01092343481
-0.00521023766,0.03056492411,0.01070753727,0.01265587195,0.02996108949,0.02368963149,0.01724704336,0.006548918436,0.04142632407,0.01387227936,0.0003312355084,0.009761945539,0.02154230409,-0.0210445971,-0.03060332265,-0.0052932587,-0.001866938221,0.02318958503,-0.001159603626,0.01602392907,0.02844096543,0.01615837346,-0.01102912005,0.02539981185,0.01706108971,0.02685945361,0.0198563161,0.0304152076
0.04741339704,0.01165882594,-0.0121520565,-0.004778533358,0.005289006422,-0.01799888206,-0.02502825771,0.01340694006,0.05198892246,0.01250294881,0.003973509934,-0.01840230665,-0.001324368378,0.007017153041,0.02946482261,0.004098109976,0.01105254208,0.05228628231,0.0181530343,0.009042161707,0.006533045795,0.01158382477,0.03032734275,-0.01495412844,-0.02456709957,-0.003676103985,-0.004989727033,-0.002330323332
0.04066146153,-0.03780832996,0.006413626327,-0.01311172669,0.01465614431,0.003073770492,0.009605829745,-0.03696498054,0.02189781022,0.03145386766,-0.003298153034,0.01589632829,0.003774354789,0.001880322973,0.05870327103,-0.01224415205,-0.003531786075,0.02134895145,0.004457344252,0.01250390747,0.007498897221,0.019675203,0.04820121476,0.01322529571,0.01009652724,0.02383943523,0.0418879056,0.0101216545
-0.02996838778,0.02164320235,-0.03520685332,0.01075973054,-0.0362962963,0.02235841562,-0.0157480315,0.01070707071,0.009601873536,0.006324824938,0.03441429517,-0.04983416957,0.00487804878,0.0234047251,0.02537931034,-0.003761948813,0.02143459916,0.02071772105,0.02229102167,-0.01430482659,-0.01075806855,-0.002654415518,-0.01649208825,0.008272819193,0.01208260105,-0.01482938331,-0.06568516421,0.006262645727
-0.02320326758,-0.01902509255,-0.007038440715,0.004535777099,-0.01268255188,0.007548845471,0.0445,-0.02258644813,-0.02308049177,-0.03164983165,0.02271273193,-0.04412422805,0.01567556634,0.01186623517,0.000807102502,0.001980933515,0.02247191011,-0.01304820587,0.008681607107,-0.03309667989,0.01751390996,0.0003070938684,-0.01593775965,0.03063178047,0.01541133058,0.02250930051,-0.03787878788,0.01340482574
-0.03714412811,-0.0214907223,-0.05234460196,-0.04201990417,-0.04281821721,-0.01718818863,-0.05600765917,-0.07116564417,-0.003442953817,-0.05957348169,-0.03472005005,-0.05561797753,-0.003783729961,-0.03091684435,-0.03440860215,-0.05436797232,-0.07967032967,-0.02019831069,-0.01651321057,-0.04481157542,-0.02535263779,-0.02343430209,-0.06294135708,-0.01008403361,-0.03762291578,-0.04691851901,-0.05774278215,-0.02598261527
0.04356664357,0.02806942361,0.07399309551,0.02674105425,0.04554697031,0.03811659193,0.04699121028,0.04601497138,0.02906838218,0.04387478432,0.03985742061,0.1107475709,0.03448275862,0.03630363036,0.03591314031,0.05474977133,0.03529411765,0.05772113943,0.04853973746,0.06138367624,0.06643289767,0.005239442523,0.0502948886,0.04673398266,0.03976010662,0.07030455734,0.02863509749,0.03123484334
0.008588631132,-0.01104626928,-0.002785813779,-0.01320966835,-0.0003889537145,0.0004319654428,0.01646754924,0.0008419280152,0.003009956008,0.01204250295,-0.02181364911,0.01151477283,0.009951690821,0.01380042463,-0.0008062348831,-0.005760654113,-0.02086160109,0.008504606662,-0.00689052795,0.01224837576,-0.003347880672,0.01428124674,0.03174231789,-0.002390302202,0.006942960906,0.009307113446,0.01505632582,0.006020129809
-0.06724607146,-0.02370916754,-0.02986999033,-0.01462071585,-0.04280155642,-0.02838946459,-0.03827827192,-0.02060988433,-0.0114265928,-0.01679888007,-0.007327174259,-0.0462407342,-0.0312828853,-0.03267015707,-0.03308230231,-0.006230141424,0.005369825048,-0.04919184821,-0.03136909997,-0.02956649832,-0.03809009657,-0.03905447071,-0.02449164714,-0.03200410748,-0.03935504402,-0.04156121853,-0.07128374773,-0.02599345489
0.02823529412,0.005936319482,0.0004430169454,0.007611523268,-0.02520325203,-0.0009998889012,-0.02840627581,0.01095125617,0.05102159953,0.0118652112,0.05166880616,-0.02035529238,0.03120679439,0.02251569604,0.01808066759,-0.01924644223,0.07339765679,0.03658536585,0.03460451977,0.008457118074,0.002369668246,0.02524064171,0.01410306083,0.01175742574,-0.011704947,0.03750710028,-0.001608640699,0.009887683594
-0.02983981693,-0.007725321888,0.008745710174,-0.005163511188,-0.01626355296,0.01479092527,-0.0492945776,0.01932880204,-0.0361030882,-0.002579737336,0.0009154714678,-0.007177937287,-0.002873012833,0.007622273978,-0.004098360656,0.004474558936,0.01171749599,-0.01319073084,0.03139931741,-0.01634232878,0.007838745801,-0.0299394951,-0.0006877053565,0.01485364788,-0.03865921788,-0.002150339881,-0.03487167683,0.01273764259
0.06708180017,0.01665224913,0.007023705004,-0.01710880431,0.04239084358,-0.01830136986,0.01501877347,-0.02146280475,0.02143598018,0.01105102281,0,0.03576864536,0.02151363811,-0.002206345871,-0.01769547325,-0.004963726613,-0.003331746787,0.01047687861,0.0552141439,-0.008962728167,0.01382716049,0.03613291752,0.0251567518,0.02238484718,-0.03184565318,-0.001884184335,0.02587646077,0.004974657406
0.04889478338,-0.1218889598,-0.0237576286,-0.01398396245,-0.01545343636,-0.04978789908,-0.02289941871,0.0004258943782,-0.03294595509,-0.03279069767,-0.03506097561,-0.02590007348,-0.01814591952,-0.03201010846,-0.0601871247,-0.01087234587,-0.03088188475,-0.04075795495,-0.03870620912,0.02029337157,0.001095957136,-0.04597820446,0.09092265235,-0.01827368421,-0.01404561825,-0.03373502875,-0.06032779263,-0.02325581395
0.009188232319,0.0261627907,0.02210314802,-0.01041356739,0.01776125568,-0.0008223684211,0.04236524247,0.04491272882,0.002333450006,-0.008655926906,0.0448657188,0.04120309259,0.03744134827,0.10660285,-0.02139673105,0.007047717574,-0.04188567674,0.01080879612,-0.007456426508,0.002270024862,0.002554433767,-0.00815926893,0.00902502393,0.02350317379,0.03470108365,0.05739519541,0.04737753587,0.01137884873
0.06147677915,0.03564683664,0.01976845784,-0.001603527761,0.02069805195,0.009994121105,0.03199584919,0.004481564473,-0.001164008846,0.01843317972,0.04747505292,0.02128044915,0.03276721433,0.02398505849,0.04342544792,0.02985553772,0.00822904166,0.08517699115,0.02770213166,0.03160051769,0.006673137588,0.009542612702,0.0145683697,0.01617499162,-0.08119557543,0.006073876354,0.005432856974,0.02108348303
0.04658482845,0.006382493731,-0.04669594088,0.005621361172,0.0007952286282,-0.005937136205,-0.005362828892,-0.01095112553,-0.01410092064,-0.003334127173,-0.007217090069,-0.04362475616,0.003485566181,0.007871748104,-0.01746216531,0.01564837905,-0.008671994559,0.006795786612,0.06359649123,-0.0140094093,0.01729540798,0.03226857888,0.03346022841,0.02037113402,0.02843237705,0.01680303007,-0.01926465406,-0.008518518519
-0.02939849624,-0.006115515289,-0.01089765195,0.03034537832,0.03734604688,0.0002342194636,0.04077506318,0.01435308591,-0.00756501182,0.03225806452,0.01104972376,-0.01817170406,0.03420021375,0.008572244976,0.008886255924,-0.01491621141,0.004802744425,0.01889976375,-0.01718213058,0.06033294454,0.01001125526,0.03936427744,-0.006074705958,-0.004283866796,0.02154420922,0.01329774584,-0.005868966343,0.007657825925
-0.01510574018,-0.02347310848,-0.03271240345,-0.02480139508,-0.01800076599,-0.02716309566,-0.00437105391,-0.02506569638,-0.01286326822,-0.04189814815,-0.02128271498,-0.01841359773,-0.007492249397,-0.005949570309,-0.03934233705,0.001807078764,-0.02253328781,-0.0274925472,0.004370629371,-0.0229,-0.0242228739,-0.01336708861,0.006176853056,-0.01168926049,-0.01852980617,0.001019280495,-0.02638554217,-0.0109360519
-0.01722510618,-0.0301050175,-0.004697040864,0.003973773098,-0.007410296412,0.00565651703,0.005691056911,0.02156334232,0.004946911197,-0.02657646775,0.01204819277,-0.007888407888,0.01084598698,0.02004560137,-0.05776283619,-0.02295204329,-0.002444987775,-0.03610354223,0.03150565709,-0.005731245522,-0.0009617118471,-0.01016114133,-0.006978998384,-0.01379876797,0.01229660912,-0.01909204913,-0.01039475312,0.0207083958
0.01808723489,0.03115976901,0.007904672015,0.01899861468,0.0007858546169,0.0155576831,-0.01147938561,0.007509640755,0.0002401248649,0.008190618019,0.01771196283,0.02705323378,-0.003690987124,0.007916550247,0.01200129744,0.04806468042,0.02818627451,0.00371024735,0.004387445157,0.01513124035,-0.0004813188135,0.05205309,-0.005596407887,-0.01157658033,0.008588957055,-0.03438441597,0.01400525197,0.006334343156
-0.006603254461,-0.04421887761,0.002341097975,-0.01388619149,-0.01374165685,-0.02521800613,-0.002944062807,-0.01047542305,-0.009362621534,-0.002708025603,-0.001426533524,0.009252265861,-0.01240630654,-0.01940491591,0.008333333333,-0.01190548503,-0.006640558488,-0.0265798275,0.01646505376,-0.007503548976,-0.0004815505929,-0.005617977528,-0.0007198481775,0.001263902932,-0.050486618,-0.0247241711,0.003452953508,0.0001824484583
0.007755005144,0.01428222656,-0.005839075091,-0.02353520433,0.002388535032,0.003868471954,-0.008038057743,0.01038273616,-0.01865988126,0.01629227351,-0.01485714286,0.000187090739,0.002791590334,-0.004617414248,-0.01335028608,-0.003872871458,-0.01988344189,-0.01555153707,-0.02727272727,-0.01634654679,-0.003432700994,-0.01149767073,-0.0115913556,-0.008162921821,0.0202434337,-0.007991518258,0.001474744992,-0.01377234586
-0.003926187672,0.005175111325,0.002466815459,0.01401774909,0.097299444,0.004696531792,0.02645940136,-0.01188797099,-0.008643042351,-0.01141607967,0.01769141531,-0.003928170595,-0.004436711614,0.008330966581,0.02222938144,0.002098247346,-0.007869884575,0.02792064658,0.01418861512,0.01204819277,0.002175489485,-0.004612453625,0.01530510833,-0.003818089258,-0.004520909205,-0.0005555791108,0.007976438827,-0.002404513086
0.005912495073,0.02741858238,0.02226388563,-0.003381402287,-0.02207745204,-0.006712213832,0.01884968584,0.006933115824,-0.02677793,-0.0009828009828,-0.00227985181,0.03558685446,-0.01380636141,0.01605483053,0.03151591554,0.02327872891,0.01551207474,0.01786990708,-0.006618078244,-0.01293103448,-0.008019778099,0.00725294651,-0.003719655442,-0.007665445873,-0.02573483033,0.01222953491,0.02994886779,-0.01603782331
0.03957680251,0.1194499476,-0.002636405319,0.003692246283,-0.00518134715,-0.02739230119,-0.01423149905,0.01417577967,0.01574097773,0.004181013281,-0.01199657241,-0.005349533049,-0.01302498671,0.01792644613,-0.007027192178,0.02750361098,-0.008852629752,0.01439606742,-0.01973351324,0.002703264712,-0.03969363565,0.009500950095,-0.03189886684,-0.006608874775,0.003366567396,0.02704526766,0.008628841608,-0.02647446768
-0.02977761025,0.004372267333,0.02413515688,-0.002286736926,0.01450892857,-0.003101736973,0.038177735,0.008785942492,-0.002393851581,0.003183933382,-0.007805724198,-0.01257976299,-0.01194003052,0.007897603486,0.02861538462,0.01897733263,0.06199649737,0.009691934926,-0.01445285616,-0.003214433845,0.006583111786,-0.001089756291,-0.02557510149,0.00613443926,0.01019486385,-0.01042685372,0.02308683933,-0.01122616859
-0.01849261849,-0.01803482587,-0.0261474582,0.006776283009,-0.0128346168,-0.0009956440572,0.01127935723,-0.01425178147,-0.01363980803,-0.00048828125,-0.01048951049,-0.008862629247,0.01671815373,-0.02188597676,-0.02213580616,-0.01638213485,-0.01055408971,0.001371271855,0.001833100559,0.01435556018,0.005533895108,0.01943865913,0.01298430774,0.0107342207,0.01814001022,0.01850680052,0.01683848797,0.0004893804444
0.03063647878,0.01351066076,0.0008066374741,0.0236563397,0.01448736999,0.00585523857,0.01482047364,-0.004016064257,0.02330345711,0.009281875916,0.0005889281508,-0.006613263785,0.02171581769,0.01593001842,0.02202508412,0.0113370734,0.0001666666667,0.01882916809,0.043826784,0.005230232797,0.01857410882,0.01906800272,0.00562067311,0.006881903144,0.005897114178,-0.07175087607,-0.005407232173,0.009293680297
0.01805054152,-0.0231201833,-0.003799654577,-0.0200154709,0.01354815086,-0.009784493436,0.0007527853056,0.0002016129032,-0.0508008008,-0.00266214908,0.008828722778,-0.01650257853,-0.01898014519,-0.0006344602556,0.001197246333,-0.004853807928,-0.01049825029,-0.01680107527,-0.001752921536,0.009895939604,-0.01160434703,-0.003054892601,-0.01295071911,0.0009281917138,0.01347137333,0.01143068568,0.003850945747,-0.004264805661
-0.01512750868,0.007036247335,-0.01606564956,-0.01292550567,-0.01445086705,-0.01375859912,-0.00586730856,-0.007861318283,-0.0148958608,-0.006551807814,0.008168028005,-0.02154638192,-0.004368758916,0.00634863051,0.01360239163,-0.01184531413,0.02307174133,-0.002734107997,0.002257713856,-0.02798262451,-0.01242390359,-0.0255673657,-0.02458393757,-0.01365705615,-0.02190769231,0.01200635858,-0.03497687013,-0.01674291833
-0.02095223503,-0.03175947491,-0.003289087278,-0.02079168333,-0.00146627566,-0.01445783133,0.01225786925,-0.03616416091,-0.02836879433,-0.01905227162,-0.01678240741,-0.02153366462,-0.01558162443,-0.01505046864,-0.07683232562,-0.02844047479,-0.03094650206,-0.03101439342,-0.02461204739,-0.009353564747,-0.01503333753,-0.003144654088,-0.004318584071,-0.007008547009,-0.008305020763,-0.03112771857,0.007248918508,-0.03217503218
-0.006885758998,-0.005576208178,-0.01331761933,-0.004797876684,-0.001101321586,0.005276026251,0.01644490955,-0.009274873524,-0.009365101226,-0.01419322709,0.001765744556,-0.0112527385,0.0007277358319,0.008143471498,0.002875399361,0.005564291762,-0.02972651605,0.007250221043,0.01770592764,-0.01070079731,-0.004597994763,0.01882886435,0.01173208191,-0.01351351351,0.005583047837,-0.005186792788,0.01137550784,0.01053600655
0.00543649543,0.01660252886,0.01731963688,0.02666940199,0.007717750827,0.02982590886,0.01426680394,0.01127659574,0.0119560684,0.02248042435,0.007931844888,0.0100715077,0.02781565312,0.03040479216,0.02771583307,0.008841573439,0.02993697479,0.01615168539,0.01067406287,0.02725344645,0.02444344646,0.03328495404,0.02396514161,0.005845912224,0.02523659306,0.01361390478,0.01308389762,0.01265310254
-0.0241360395,-0.04023361454,-0.02759187507,-0.0240783295,-0.0284463895,-0.02647607209,-0.02552204176,-0.01598990112,-0.01882126666,-0.0266798419,-0.02098513553,-0.03589590188,-0.02237551959,-0.004227957368,-0.05796652201,-0.02837894235,-0.02617712052,-0.04837595024,0.007817047817,-0.01476205223,-0.03588426854,0.008240471954,-0.04783802334,-0.03252949341,-0.04246153846,-0.09072805948,-0.03364676561,-0.03898440624
0.01180438449,0.0004507550146,-0.003501569669,0.005323505324,-0.01238738739,0.02208886619,0.00193452381,0.005772931366,0.01554186502,0.0005076142132,-0.01012206014,-0.01985727583,0.007056269224,0.02344095533,-0.01151694636,0.01079953366,0.004538313842,-0.0116194626,0.008003960723,0.002200335289,0.007340045469,0.02015417479,0.01290276076,-0.01945664844,-0.002699228792,-0.007532825852,-0.02520515826,0.02912419388
-0.002698412698,0.02590673575,-0.001332848661,0.02107942974,0.006081337894,0.02323547783,0.01128768751,0.003401360544,0.01861298773,0.03145611365,0.04721804511,-0.001793816609,0.03215954006,0.02031114952,-0.0103195739,0.02822800947,0.005560382276,0.02094048494,0.002373935822,0.02906429692,0.008963115811,0.02339766934,0.04341019072,0.02029992685,0.01211496327,-0.008166666667,0.005892964522,0.03426318981
0.0510106637,0.0303030303,-0.008007765106,0.0009973072704,0.02531167359,0.003418386033,0.01718313996,0.01906779661,-0.01055766107,0.01770782095,0.01206203331,-0.01754756871,-0.01296779809,0.01296060991,-0.02119071645,0.02267091746,0.01952652497,0.008636200072,0.001633319722,-0.009549933963,0.004154150955,0.006405124099,0.000682035193,-0.009858397562,0.009805169999,0.00100823391,-0.01661884266,0.00273624548
-0.070417203,-0.03346121057,-0.03057729941,-0.02082295507,-0.04384672071,-0.02701058523,-0.01804793532,-0.04719334719,-0.02352941176,-0.02029966167,-0.02553916005,-0.0408865935,-0.00299797196,-0.01112226125,-0.02577319588,-0.08168802679,-0.03406779661,0.006421691045,-0.03889115369,-0.01487332034,-0.05352596741,-0.01237514364,-0.03878135224,-0.1050868936,-0.0552332913,-0.0476750042,-0.08425531915,0.0290420037
-0.03526920257,0.03219404631,-0.01514004542,0.0177045177,-0.003082851638,-0.04464174065,0.007645934421,0.02487453633,0.01120762118,0.02466699556,0.052708212,-0.03971281131,0.03378438136,0.02427061311,0.02469135802,-0.002263154586,0.0361466924,0.005317263382,0.02553444181,0.0351936693,0.009481541255,0.0277454578,0.0188612352,0.005562860322,0.01414842499,-0.02538339503,0.02575677111,0.01278530164
0.01080715974,0.01110873745,0.008839354343,-0.002299540092,0.01430228063,-0.0002617801047,0.005253173792,0.005535448158,-0.009697977279,0.003370245546,-0.02185338866,0.003387850467,0.006074086748,-0.08355350066,0.02030981067,-0.0123495684,-0.01083827265,0.008110014104,0.01315245264,-0.0003017501509,0.007460698108,0.004615518593,0.0151019556,0.001307583987,0.06949197157,-0.01627780792,0.0375355941,-0.01047316252
-0.02138322753,-0.0002112824847,0.000253968254,0.0008016835354,-0.001143292683,-0.01112856769,-0.01190303382,0.006140165149,0.006015668719,-0.007917466411,0.003959276018,-0.03096984515,0.01785714286,-0.01756756757,-0.01889338731,-0.002807017544,0.02225646293,0.008219657223,0.01094056172,0.01277794547,-0.01322401481,-0.003294036061,-0.009735362677,-0.001908588649,-0.003199606202,-0.002206287921,-0.02020958084,0.01786051786
-0.1198361215,-0.1191885038,-0.1275866447,-0.0705917693,-0.08927890118,-0.08460214484,-0.1148817394,-0.0585016835,-0.110693923,-0.07182587666,-0.09492957746,-0.133485522,-0.05981620718,-0.1255387437,-0.09731774415,-0.08214445653,-0.09579634902,-0.1261058109,-0.1081408496,-0.07738923107,-0.07142857143,-0.09662550009,-0.1194267516,-0.0854468599,-0.07839506173,-0.07904919845,-0.07282913165,-0.082907808
0.0934833204,0.04414587332,0.09487776484,0.01249730661,0.03979891077,0.0221290136,0.06390041494,0.02838623156,0.01219702893,0.02449192288,0.002801120448,0.122989462,0.03483205971,0.06837248322,0.08723809524,0.03080783439,-0.002593072791,0.02739182215,0.04772253917,0.02315064068,0.02568913263,0.07586406085,0.02743926409,0.008143501706,0.02772940388,0.03041216487,0.04971161769,0.007795100223
-0.03095069173,-0.02090992647,-0.03694843169,-0.02841030006,-0.03303787268,-0.02702702703,-0.04056162246,-0.02586394262,-0.01297698131,-0.02034587996,-0.02638112973,-0.05333991851,-0.01751674395,-0.008932076953,-0.0007007708479,-0.02833186828,-0.04196843083,-0.01391035549,-0.02886776145,-0.001789097032,-0.01618122977,-0.01843400447,-0.007040097949,-0.01015173016,-0.03441084463,-0.05631067961,-0.04369440084,-0.01798091411
0.05527592203,0.01009152781,0.0004140215291,0.02201292301,0.03208333333,-0.01018033741,0.01430894309,0.01851851852,0.006104241665,-0.01090342679,0.04271597067,-0.01173862006,0.002709316553,0.0282262058,0.03050490884,0.01356993737,0.0145377011,0.007053291536,0.04841580634,0.02235108065,0.006936498856,0.02005652293,0.03598951911,0.01268195854,0.01430885529,-0.01275720165,-0.004514363885,0.01554828151
-0.0008672274738,0.0248605948,0.01241550559,-0.002036005144,0.01291885345,0.03805465766,-0.01490862456,-0.01861993428,-0.008711885501,0.02860892388,-0.008865790278,0.03061897849,0.01612481478,-0.003949142747,-0.007825791085,0.005698592516,-0.02598395109,-0.006225680934,0.05212224109,0.009590595029,-0.005468361622,0.04173742068,0.01182771703,-0.00304911249,0.02129358531,0.005418924552,-0.008382575237,0.01248992748
-0.02404305182,-0.01858988891,-0.01076440932,-0.01889831418,-0.0310880829,0.01585279547,-0.02392188771,-0.02366071429,-0.0009416195857,0.008675682572,-0.0493522517,-0.02970930977,-0.02127294562,-0.04757760371,-0.01371742112,-0.02703440743,-0.05021577089,0.004698512138,-0.09068904309,-0.01981613892,-0.01185375607,0.04787234043,-0.05800617556,-0.05155652649,-0.04430544696,-0.01907131012,-0.1159922395,-0.01432550736
-0.01476342938,0.07715407715,0.05798898072,0.0371018934,0.1032496915,0.02020342762,0.03401133711,0.005944215821,0.03471567703,0.03743991905,0.08630759247,0.1090141217,0.04469763365,0.05442176871,0.08518776078,0.0457479652,0.0580338703,0.046375682,0.06166814552,0.05429345561,0.05737823385,0.01743900442,0.0459689378,0.06253598987,0.05399509136,0.08368554522,0.08449600251,0.02805813484
0.007402058133,0.007934805919,0.03241765395,0.01298016041,0.04735272185,0.01515979241,-0.004837149307,0.006818181818,0.01609230302,0.02414045355,-0.007765830346,0.05605141021,0.02265100671,0.02407318247,0.0320410125,0.01409017713,-0.01015030256,0.04134078212,0.02390305056,0.02046061085,0.02556041553,0.01738150801,0.04969407551,0.03435941903,0.0001293661061,0.08541341654,0.01908065915,0.01826035735
0.001164874552,0.01319148936,0.02131147541,0.02031461611,0.03203987184,0.01116642002,0.00810110175,0.009029345372,-0.1207231436,-0.0002380952381,0.03853100542,0.01453684922,0.009844134537,0.0293370945,0.04284383732,-0.01270345375,0.01360678367,0.01037195994,-0.01452942617,0.01210771019,-0.0137278422,0.05362651269,-0.01606482798,-0.03541863146,-0.004009830552,0.02497305066,-0.01744680851,0.02506748939
0.03177302425,0.1392272155,0.002839856772,0.02042066571,0.01931700586,0.0310005322,0.02700096432,0.03713646532,-0.01410365336,0.01428911646,-0.009855072464,-0.01399533489,0.01551584078,0.03699643738,0.02977076511,-0.03726042086,0.02937743191,0.02477876106,-0.03478837074,0.07359555938,0.0577027027,-0.01373770738,0.05981794538,0.08886474742,-0.03649350649,0.05819456617,0.03248159376,0.06066591422
0.05117973629,-0.01861751152,0.04998768776,0.02231338803,-0.005076142132,-0.01148535295,0.02566510172,0.009059534081,-0.007066528783,-0.008217891524,0.02634660422,0.0697307649,-0.004799616031,0.01338971106,-0.01387684302,-0.02290129472,0.04158004158,-0.00621761658,0.01853599931,-0.0006239971474,0.02159192539,-0.001446186634,0.01158827539,-0.008380724334,-0.003369726378,0.05913533212,0.0394295302,0.009754367296
-0.005033833966,0.01728024042,-0.0390478424,-0.01301751982,0.0119047619,-0.01566579634,0.02822703692,-0.0316374519,0.01527512585,-0.0165719697,-0.04021677125,-0.02780117944,0.0007234145165,0.01199582754,-0.02228085605,-0.03604758852,-0.0157866086,-0.02050747306,-0.03732412166,0.007314244938,-0.01532016008,-0.005411997866,-0.01630727763,0.002716571084,-0.00703272924,0.04426024398,-0.0329566855,-0.009133222095
-0.05303972796,-0.007293205318,-0.01281269067,0.003768345894,0.02050420168,-0.001326259947,-0.01305831726,-0.005739514349,-0.01060010258,0.01011073664,-0.01456166419,-0.009423743501,-0.02939759036,-0.004294794709,-0.03748125937,-0.01182469884,-0.009955752212,-0.04932576295,-0.003850866445,-0.01655893031,0.004699307805,-0.05380134887,-0.0106863954,-0.01836243227,-0.02397166984,0.007039089411,-0.02086521074,0.0005317734645
0.0313115831,0.007904770762,-0.007663782447,0.01531317921,0.007575757576,0.008897742364,0.005563073222,-0.001110124334,0.04129946432,0.02383222116,-0.05518697226,-0.01574630946,0.09649122807,0.03019323671,0.07414330218,0.03552464288,0.005772811918,0.02388951101,-0.01458443156,0.0307041239,0.00278111371,0.07289810465,0.02714305498,0.002657671471,0.008093776165,-0.01070791196,0.008950134962,0.02427141465
0.004670912951,0.002952574276,0.01718983558,-0.01488761312,-0.02124877411,-0.01487429248,-0.002990430622,0.01022449433,-0.0235645536,-0.00791433892,0.04596233642,0.01455393845,0.01041509434,-0.04982415006,0.008410672854,0.006933410371,-0.0185150898,-0.006562158221,0.004903708987,-0.002708133135,-0.01304758903,-0.0013589008,-0.01948227046,-0.02079722704,-0.008305647841,0.01232711966,0.02295128133,-0.009167171149
-0.0001690617075,0.02686292548,-0.05951506245,0.02054523904,0.01436205745,0.04716729022,0.004799040192,0.01342134213,0.02821210061,0.01360863444,-0.003356728715,-0.04424003504,0.000373468778,0.003172644752,0.006183491516,0.000932434371,0.01263912469,0.00880733945,0.02839144708,0.01979677645,0.007472218674,-0.005140610826,0.02062564455,-0.00145757418,-0.01437744277,-0.003564003564,-0.05905024088,-0.008553722615
-0.04903618532,-0.01200501702,-0.01002604167,-0.01132404181,-0.00362199539,-0.001020798775,-0.04074626866,-0.01324359531,-0.001818181818,-0.01736111111,-0.01469687691,0.02348762603,-0.01433584708,-0.03935693578,-0.01472059454,-0.02594052311,-0.02757078987,-0.03637686431,-0.0005176429989,-0.001374334307,-0.0007606973059,-0.02841945289,-0.03671269788,-0.03002815139,-0.02520889392,0.01222056632,-0.03276770041,-0.02253719518
-0.0457859175,-0.005622052956,0.01617782454,-0.005580029369,0.004626569729,0.008430195427,0.01976038587,0.009900990099,-0.01390958768,0.00777385159,0.008701056557,-0.00100750028,-0.005302628589,-0.02524005487,-0.006672468813,-0.003163392923,-0.00632183908,0.005473763684,0.01346568839,0.0123000172,-0.06439129607,0.0151728453,-0.01468531469,0.006234547995,-0.006247275897,-0.06036513545,-0.01330913491,-0.000810591732
-0.004751700363,0.02042677366,0.0191560963,0.01614491042,0.01644736842,0.01228625712,0.01281660055,0.01851851852,0.0201511335,0.01659654044,-0.00123228589,0.01255042582,0.01043332572,0.006191950464,0.02015186916,0.01557195572,0.01870059765,0.02534259433,0.007835789115,0.00900671255,0.02535937076,-0.01679506934,0.02583392477,0.02649289606,0.01988304094,0.04152303353,0.05119558553,0.0228952587
-0.01376146789,-0.02055406613,-0.01625603251,-0.02654524317,-0.006148867314,-0.01939439439,-0.04157878879,-0.01882352941,0.0116872428,-0.02506323293,-0.01449722394,-0.01671093404,-0.01213445885,-0.03981351981,-0.02691096479,-0.01206307681,-0.006813020439,-0.03295496155,-0.01580326206,-0.009852631579,-0.02909668033,-0.03588779188,-0.02795074028,-0.005411593298,-0.03110665138,-0.05115089514,-0.00860309128,-0.03093056045
-0.06473659231,-0.04562043796,-0.04867028144,-0.02896098726,-0.06935851514,-0.02169197397,-0.07529078906,-0.01700457816,0.04490725675,-0.01933962264,-0.02754303599,-0.09093978616,-0.04036011292,-0.02971450767,-0.0567814063,-0.02000735565,-0.0234375,-0.04316546763,-0.05907607762,-0.007569314509,-0.043318349,-0.03202210663,-0.07323843416,-0.05305012033,-0.05237461163,-0.06167750119,-0.09589645536,-0.02891697736
-0.01420887039,-0.02504780115,0.05278870946,-0.005841959619,-0.003149055283,-0.02204251989,-0.03042665307,-0.01463739188,-0.03565867331,-0.001924001924,-0.008368200837,0.03590441996,-0.05207505168,-0.06024819856,-0.07174048659,-0.02401861443,-0.002146341463,-0.06529481599,-0.002828983391,-0.01294026909,-0.01260145237,-0.03341729639,-0.03517394977,-0.0538121547,-0.01779859485,-0.08600878675,-0.02602895721,-0.01582545182
0.02378255946,0.01568935085,-0.0464037123,-0.00618556701,-0.0157950158,0.024939984,-0.02419354839,0.05851901868,0.02454383982,0.01590361446,-0.01006166829,-0.0332257679,0.02080013419,0.0148029819,-0.005376344086,-0.06113973698,-0.004301916308,-0.01905165114,0.03761325158,0.03490189269,-0.008075564208,0.05455177206,-0.01289500915,-0.008525049632,-0.1254172628,-0.02033647624,-0.03273759813,-0.02873453853
-0.03026950925,0.05638154084,0.03122465531,0.08267634855,0.02139800285,0.05556278465,0.0574919152,0.07931107804,0.06382978723,0.01992409867,-0.01081967213,0.05439485721,0.03943800838,-0.001469199286,0.04121621622,0.02252621232,-0.003338570306,0.01337936987,0.0221379432,0.04538590604,0.08112233772,0.04052718287,-0.01975647125,0.03133097762,-0.005816066885,0.005850160408,0.08271455707,0.04829545455
-0.01472570777,-0.09687442881,0.06383536505,-0.02270767462,-0.01641061453,0.01849112426,-0.03941556235,-0.0003940110323,-0.008888888889,-0.008139534884,-0.05336426914,0.008207292766,-0.1158801676,-0.03184445612,-0.06489292667,0.01722342386,-0.03783251232,-0.0234241908,-0.05065147985,-0.0686943263,0.03476097627,-0.1285623813,-0.01719315564,-0.00890817725,-0.04204753199,0.09099437148,0.02998405104,-0.01317633866
-0.01073571203,0.02206031168,-0.001601774273,-0.001764705882,0.003194888179,-0.01972887921,0.01680226388,-0.01241623965,-0.01076233184,0.01078546307,0.02801120448,-0.006512385161,0.03996423782,-0.01052974381,-0.006245662734,-0.04677902032,0.00409584272,0.09507195813,0.0163606617,0.01619991383,0.0003898635478,0.02507267442,-0.0907340755,-0.009564415764,0.004961832061,0.004299226139,-0.02214307835,0.01789772727
0.03074795191,0.04257425743,0.01678390719,0.02877627185,0.0406935598,0.01407581183,0.0187858758,0.01915785272,-0.008310667875,0.01925307353,0.0235013624,0.03968161068,0.05613823934,0.05726823917,0.02479050279,0.105171844,0.03548847644,0.06053365193,0.08451082096,-0.002204697702,0.0242920239,0.06646579227,0.08064070699,0.07469458988,0.05639954425,0.03133561644,0.06587490103,0.01730393525
-0.0019611891,-0.03361823362,-0.02718776551,0.004391408115,-0.009180550833,-0.02240350664,-0.03875704285,-0.006657528882,0.01081822337,-0.01843422849,-0.01264559068,-0.06057194326,0.01033781034,-0.008820172253,0.008177172061,-0.02048291844,-0.01103013591,-0.01689823507,-0.01789395564,-0.004079204555,-0.005263157895,0.02359980057,0.006729704404,0.04601060951,-0.0008987956139,0.01062593392,0.00579408706,-0.01673525377
0.05357327542,0.002948113208,0.05377417342,0.01454234388,0.0394646534,0.03499813177,0.06465364121,0.02917405874,0.02336448598,0.02040343149,0.004044489383,0.08664908917,0.01651627457,0.04051507538,0.04562352146,0.06960238113,0.04839673372,0.03666921314,0.02233417296,-0.0003413260517,0.02358640913,-0.03799318071,0.03993907599,0.003104947216,0.06153292551,0.06308526368,0.1044313146,0.02687872024
0.00638068126,0.04193611601,-0.02427184466,0.008619074386,-0.0006602839221,-0.02322503008,-0.01368034701,0.006320628232,-0.007806746207,0.02908429902,0.01040617657,0.03959413257,0.02116192439,-0.005835597143,0.01583710407,0.01876560828,0.008358662614,0.02063375092,0.02841655716,0.04908237303,0.007722488634,0.02632911392,0.02799023596,-0.000928600908,0.009661016949,-0.02178952248,-0.02728366992,0.021827733
0.03306671869,0.01297724281,0.01468268414,-0.003529630318,0.02708952759,0.02648761858,0.02266576455,0.01712980586,0.009055819477,0.008390373151,-0.0009966777409,0.02312751963,0.01684259547,-0.003542151604,0.0289532294,0.04097212495,-0.005275056518,0.01768953069,0.012138636,0.007404393816,0.0187256659,0.06429863509,0.07535222416,0.02416606424,0.02753063623,0.02006319115,0.04344837069,0.02845240206
-0.006798224908,-0.005941329372,0.00717531691,0.008855331842,0.01286587327,-0.008401344215,-0.01753225273,-0.000748502994,0.002206855966,0.002846507554,-0.009644163618,-0.01824968893,0.000534310358,-0.003757871217,-0.01360544218,-0.001547466864,0.0005681818182,-0.01028733593,0.01720056809,-0.005169210888,0.008735743752,-0.0522249691,-0.03363756808,-0.002621760613,-0.01519359582,-0.005885085953,-0.007510870997,0.001896061363
0.05637418006,0.03530070975,-0.01258608407,0.003326249654,-0.008256589393,0.007141128056,-0.003367003367,0.0191011236,0.01438637698,0.02379912664,0.0315648086,-0.01320236586,0.02876106195,0.00601488429,0.003134796238,0.02473045822,0.02971796328,0.008602150538,0.004421346572,0.03572298449,0.0007216742843,-0.02233452886,-0.03770279534,0.01374987362,0.005640345056,-0.006075712728,0.005310674456,0.0112688172
