-0.005762543467,-0.02677165354,-0.08765957447,0.02604166667,-0.003649528481,-0.07459459459,-0.05737704918,-0.08433784991,-0.08482142857,0.08112733911,-0.07721445499,-0.02519798416,0.002252252252,-0.063853701,-0.06170077508,-0.05509260469,-0.03283529464,0.07007445741,0.005447222467,0.03103519843,-0.03898458749,-0.08545454545,-0.05345847786,-0.06619144603,-0.06791569087,0.01333333333,0.01828153565,-0.02284996435,-0.02047502048,-0.008403903194,0.02059351985,0.03937007874,-0.04245788295,-0.04041938352,-0.0204248366,-0.02867585044,0.03413400759,-0.0138867833,-0.003571887447,0.05911275003,-0.05596211795,0.02454473476,-0.03787450537,-0.05142857143,0.01442307692,-0.01720816872,0.02272950486,0.02191609267,0.01532912534,-0.06122149503,-0.0573630137,-0.004444444444,0.1029447853,0.03399710663,0.01331252588,0.1511627907,-0.01059691482,-0.04611833637,0.06785436719,0.005723880027,-0.02282955031,0,-0.0007277085741,-0.006336633663,-0.02459016393,-0.04262523191,-0.009815739625,-0.01308411215,-0.007434944238,0.01148060174,-0.02672750978,-0.1045751634,-0.06187484151,-0.04912821501,-0.09420289855,0,-0.08341741934,0.1097148381,-0.02563421941,0.01589871536,-0.01439207256,0.04229680796,-0.01011622528
0.05805935845,0.1132686084,0.1753731343,0.09611564776,0.0766570943,0.1203271028,0.01086956522,0.1026389414,0.1546341463,0.1308707124,0.05343550816,0.1395864106,-0.09213483146,0.0391236448,0.09637659444,0.06264513989,0.06133795115,0.0821160679,-0.00541771099,0.1103655687,0.09245283019,0.005964214712,-0.001570535522,0.05561613959,0.08291457286,0.1552631579,0.05385996409,-0.02915218902,0.01003344482,-0.07629782161,0.003114722383,0.09090909091,0.07230753585,0.05387822864,0.0483736447,-0.008683068017,0.04502852486,0.07044245611,0,0,0.03773369813,0.04173106646,-0.03808353808,0.006024096386,0.002369668246,-0.1483055508,-0.01852029687,0.05232843137,-0.02452520836,0.07149779598,0.1126248865,-0.1116071429,-0.0008899766381,0.1109583968,0.01316906057,0.09090909091,0.0009683916951,0.05542112611,0.01895644385,0.02276521475,0.07751781632,0.02655527685,-0.01400788211,0.09645277003,0.09243697479,-0.02819630832,0.02313043478,-0.02462121212,-0.06741573034,-0.02549622589,0.02935923197,0.05109489051,-0.08209941433,-0.02963949231,0.16,-0.0830807385,-0.02115805443,-0.01981707317,0.0305506908,-0.02173742652,0.003431124824,0.004291594897,-0.06569289768
-0.03703878605,0.03561046512,-0.02698412698,-0.07731803081,-0.1440857874,-0.01251303441,-0.05376344086,-0.03103055738,-0.01351922264,-0.1172810702,0.02870597911,-0.00712896954,-0.06806930693,0.1129344719,0.04033369777,0.01576564858,-0.06912838128,-0.1589748267,-0.1081851395,-0.1325283263,0.002590673575,0.0266798419,-0.09456541854,-0.1115702479,-0.03944315545,0.05466970387,-0.08177172061,-0.1342471637,-0.02317880795,-0.08087527866,-0.07276619544,-0.08506944444,-0.05870637329,-0.04925539904,0.01193317422,-0.03863746959,-0.1264054072,-0.07238467283,-0.06630819751,-0.04178096645,-0.1636823025,0.06379821958,0.006829918374,-0.06137724551,-0.02364066194,-0.1559784906,-0.03332261717,-0.1461511587,-0.04545136214,0.06159187722,-0.08,-0.1959798995,-0.07493597595,-0.04870839414,-0.1246742772,-0.1611111111,-0.03502186448,-0.07263789075,-0.09190905794,-0.1466092892,-0.05955574967,0.03103796446,-0.02850067342,-0.155216285,-0.04230769231,0.05020190438,-0.07742648309,-0.03398058252,-0.0281124498,-0.08227666533,0.01656544843,0.08333333333,-0.2140765342,-0.01486972214,-0.006896551724,-0.1785123967,0.004320335752,-0.009997778271,-0.04939577039,0.0008813396362,-0.0684938769,-0.03610465116,0.003122958276
0.055545566,-0.002807017544,0.09380097879,0.04462629569,0.08913126431,0.06230200634,0.01136363636,0.06773579431,0.01884368308,0.01311013216,0.05580988094,0.022845953,0.01460823373,0.04336083553,0.01093189555,0.0597787112,0.1008763838,0.09635614359,0.09887587764,0.06249891154,0.03962101637,0.1222329163,-0.02398146886,0.08139534884,0.06280193237,0.08639308855,0.03896103896,0.1425795783,0.006779661017,0.1177349145,0.1736345106,0.1954459203,0.06921914358,0.06157521578,0.04166666667,0.007288924884,0.1446957298,0.07518424475,0.05278300779,0.004844747853,0.06213056614,0.03486750349,0.03794396647,0.07336523126,0.0411622276,0.1604601667,0.03447129079,0.07869612657,0.04355588163,-0.06079428336,0.01419698314,0.08125,0.06896966779,0.02721708252,0.1602225609,0.1247240618,0.006055502085,0.0554353769,0.06988225898,0.08920187793,0.03864654172,0.06353683138,0.1011582666,-0.01721170396,0.08567603748,0.007832526346,0.1730078305,-0.03316582915,0.04132231405,0.141356674,0.05158021069,0.02435897436,-0.2257379575,0.05245866893,-0.05555555556,-0.05167367843,0.05866768634,-0.05094254937,0.09697282695,0.01422243569,0.08731717034,0.03429036733,0.004674528184
0.03778669103,0.03589021816,0.0216256525,0.1631501985,0.06452366354,0.05367793241,0.02471910112,0.03575263472,-0.1214796133,0.03367307893,0.02819669176,-0.009572431398,0.1727748691,0.02410485838,0.05113052125,0.0195031176,0.1460175137,0.04782630199,0.03896512229,0.0490184141,0.02402651201,0.07547169811,0.1333589278,0.0752688172,0.04090909091,0.1003976143,0.1107142857,0.03118781432,-0.01430976431,0.009901781635,0.1095239783,0.1603174603,0.1231624576,0.1197096189,0.04150943396,-0.05798994975,0.05030220316,0.05541155463,0.09936378146,-0.01939513478,-0.01743754638,0.03369272237,0.1331562168,0.06389301634,0.08139534884,-0.0395099614,0.03773954125,0.08888607915,0,-0.01468995991,0.0769903762,0.06936416185,0.09169387832,0.06498517895,0.1381269473,0.1187438665,0.01803723044,0.06164553256,0.06193589251,0.1157407407,0.03880549345,0.02202537706,0.1611095317,0.1549912434,0.03082614057,0.03998869578,0.1028822744,0.002079002079,-0.0119047619,0.01199605609,-0.04301402521,0.005006257822,0.04094746464,0.04682307925,0.07720588235,0.03635837593,0.02338690952,-0.1721447151,0.128671278,0.07706069615,0.01436777849,0.06878553725,0.06201533556
-0.02794980078,0.001358695652,-0.03211678832,0,0.01110775898,-0.003773584906,0.03070175439,0.004454000922,-0.05598086124,-0.01669190644,-0.05141895268,-0.02512886598,-0.04464285714,-0.02759189995,-0.008417182663,-0.01595353799,-0.02899239544,0.0106202209,0.03302926808,0.008100482591,-0.04368932039,0.02153110048,0.04797832045,-0.04,-0.04257641921,-0.02619692864,0.01286173633,0.03024455282,0.05465414176,-0.01182896627,-0.02820815896,-0.03009575923,-0.01535363705,-0.02384271266,-0.02028985507,0.1423236957,0.009590990657,-0.03749386018,0.02653339644,0.04927924908,0.06544996853,-0.01434159061,0.03343336772,-0.02444134078,-0.04193548387,0.0732596161,-0.01575906146,0.00290292615,-0.0213493942,0.01865106471,0.06498781478,0.1351351351,0.0214192395,-0.03376305355,0.04439076758,0.04035087719,0.07380723977,0.01073489477,-0.0243902439,0.03755902132,-0.009900076864,-0.03538930032,0.01147254285,0.06709628506,-0.02870813397,0.005027173913,0.01616463719,0.05809128631,0.1325301205,0.0447631935,-0.002703204092,0.03486924035,0.159723119,-0.01731435167,0.1262798635,0.05611390285,0.0258271885,0,-0.02098440608,-0.01138306708,0,0.05519179353,0.01605813407
-0.03010439054,0.03392130258,-0.09653092006,-0.08279454023,-0.03800249552,-0.05492424242,-0.04042553191,-0.0376911315,-0.04308160162,-0.06961223861,0.07588864859,0.03569068077,-0.06892523364,-0.01920201937,0.02169317332,-0.02052418578,-0.1131254942,-0.04623791509,-0.01901025319,-0.06242098015,0.006768189509,-0.02966432475,-0.05168816667,-0.01458333333,-0.03762827822,-0.1029684601,-0.04761904762,-0.04444368763,-0.02186234818,-0.04336182923,-0.04352399737,-0.1311706629,-0.07813565099,-0.0202241594,-0.003698224852,-0.06902026711,0.02034812454,-0.05715581765,-0.05573637103,-0.004685835996,-0.1062020083,-0.03571428571,-0.08920549934,-0.02362204724,-0.05948372615,-0.02993162473,-0.02216961121,-0.06391108024,-0.06944444444,-0.09743724307,-0.05110602593,0.01428571429,-0.05032145141,0.01532386397,-0.02420722619,-0.129005059,0.01925285785,-0.02340371941,-0.05760917031,-0.1172171275,-0.0323572338,-0.003194291372,-0.05895981741,-0.02877442274,-0.03448275862,0.126447659,-0.07974772249,0.06078431373,-0.02127659574,-0.05242980002,-0.0766389413,0.07942238267,-0.05788289793,-0.01615113547,-0.09696969697,0.006608511763,0.002420623218,-0.06483861754,-0.05358547457,-0.02468373196,-0.0383260878,-0.027251338,-0.02586244068
-0.03862042767,-0.002624671916,0.01252086811,-0.05512042295,-0.07286056676,-0.06412825651,0.01219512195,-0.0622136596,0.0688559322,0.007283428361,0.02350333737,0.01340140396,-0.04893350063,-0.001700432768,0.006462086968,0.001647811117,-0.04082022543,-0.04845502179,-0.05551230229,-0.004614628893,-0.003361344538,-0.03861625101,-0.0553111056,-0.04545454545,-0.007109004739,-0.0620475698,-0.06166666667,-0.04070140423,-0.08609271523,-0.001208249593,-0.0275982953,-0.1168831169,-0.04455125243,-0.05846763943,-0.04157386785,-0.07413723917,-0.07304180682,-0.04958503729,-0.04191543054,0,-0.05934443563,0.006172839506,-0.003686544114,0.01759530792,0.04057279236,-0.04691807916,-0.01991518901,-0.05590599876,-0.01278950077,-0.07468423943,0.006430868167,-0.05164319249,-0.082157794,-0.03622946537,0.004397977457,-0.02226524685,-0.0251676952,-0.0315730651,-0.02536983191,-0.1035694759,0.01193799942,-0.01199355347,-0.01205306287,-0.08229700073,0.01658163265,0.09093091171,-0.02893694791,0.03789279113,-0.08405797101,-0.03783488245,-0.03125449679,-0.05462653289,0.07202969127,-0.004477166451,0.03020134228,0.006652661064,-0.03139211336,-0.1389737324,-0.03016241299,-0.005041420718,-0.01472876536,-0.00781436887,-0.01917186513
0.01578886712,-0.03947368421,0.003297609233,-0.02383172728,-0.0530397494,0,-0.001095290252,0.01228405826,-0.01883052527,-0.04345761969,0.02051282051,0.02644836272,0.04221635884,-0.007672653894,-0.004586140368,0.02919439193,-0.1265878812,0.004631654787,0.01866573319,-0.0231777395,-0.006745362563,-0.01255230126,-0.01400596976,-0.02325581395,0.03102625298,-0.1400220507,0.01065719361,0.04677515233,-0.1503623188,0.01268400187,-0.01205245114,0.007352941176,-0.1218922318,0.02465935886,0.008520526723,-0.03900747643,-0.008618455158,0.01303508716,0.00535783117,-0.02824737856,0.07306449347,0.02522154056,0.01720086004,0.04610951009,0.08944954128,0.0453413493,-0.02261887762,-0.03288353203,0.01188645309,-0.05435503578,-0.04952076677,0.06435643564,0.001930800124,0.1378451021,0.04391829885,0.01782178218,0.01198209109,0,0.03550331023,0.01960442624,0.03773824248,0.004040059178,0.06892319137,0.06416899163,0.03764115433,0.08613861386,0.1294698871,-0.07569011576,0.02056962025,0.02011592226,-0.04034342414,0.002358490566,-0.1225164833,-0.04197481511,0.02605863192,0,0.07730954189,0.1450869103,-0.03659930015,-0.04068849621,0.02198774677,0.006750783573,-0.007521398378
-0.04661415281,-0.04589041096,-0.06409202958,-0.08427980045,-0.1210135851,-0.073875803,-0.0625,-0.08495191335,-0.05404040404,-0.1297674951,0.004021745388,-0.003680981595,-0.1278481013,-0.001716499269,-0.04055456702,0,-0.1887954188,-0.1561099301,-0.04945073217,-0.1647482591,-0.04329371817,-0.09491525424,-0.1605455755,-0.07029478458,-0.05555555556,-0.1243589744,-0.1089630931,-0.07694764862,-0.2164179104,-0.06512123004,-0.063895249,-0.1386861314,-0.073262091,-0.04992358635,-0.009216589862,-0.1362047581,-0.01588339107,-0.03004466098,-0.07460136917,-0.03886809073,-0.09283750164,-0.002659574468,-0.02413606646,-0.0826446281,-0.06789473684,-0.06196383237,-0.03703649592,-0.09184502845,-0.08645251037,0.005537507383,-0.125210084,0.01395348837,-0.2468974023,0.008813487547,-0.08517104536,-0.156614786,0.001831335787,-0.08211638333,-0.04057621671,-0.1538198599,-0.1272805061,-0.02499291584,-0.01197021365,-0.04831460674,0.01571946796,0.02278942571,-0.127751163,-0.007707129094,-0.04651162791,-0.06951871658,-0.01470451661,-0.03411764706,-0.1396476767,-0.04694345921,-0.1174603175,0.04913043478,-0.00834028357,-0.08457249071,-0.02260850228,-0.05475634356,0.04129754213,-0.1132221069,-0.03030146869
-0.04593519432,-0.06819813352,0.07989464442,-0.03268807233,-0.01932843728,-0.01734104046,0.01988304094,0.005304635459,0.02936465563,0.0218039835,-0.039237209,-0.02832512315,-0.04499274311,-0.006885548094,-0.03457449744,-0.03318541846,0.01952209902,0.01435595484,-0.01541690962,-0.02597387491,0.0115350488,-0.03558052434,0.05579773322,0.04024390244,0.008578431373,0.04685212299,0.01084812623,0.05736916984,0.04489795918,-0.1885279085,0.004605212872,0.05084745763,0.02829291488,0.02533049829,0.06201550388,-0.05886959927,-0.026434644,0.008854686544,-0.02975201285,-0.01008133807,-0.08198614319,0.024,0.01979649406,-0.03603603604,0.04912478826,0.06341469672,0.01647676412,0.04489856802,0.02802921355,-0.04056832367,-0.02113352546,-0.09174311927,0.01023541453,-0.02620290692,0.01836751503,0.03806228374,-0.06278505755,0.08087915276,-0.005359813364,0.1363360937,-0.02776805098,-0.02813299233,-0.01965203916,0.0826446281,0.01904761905,-0.05542351621,0.08150919366,0,0,-0.0151460728,-0.03515772276,-0.04019488429,0.007857226311,-0.02135976983,0,-0.01558226274,-0.02193818927,-0.07681895093,-0.02229722043,0.0112037739,-0.01652913708,0.01833403349,-0.04999859326
0.003884533143,-0.02003081664,0.03739837398,0.05835829838,-0.02783159463,-0.002352941176,-0.0378440367,0.04485906203,0.05031120332,0.06388733846,0.001671100198,0.02915082383,-0.06382978723,0.03726349612,-0.02985535418,0.04096236891,0.05006127451,0.07671823105,-0.001954327948,0.06750220927,0.02105263158,-0.02912621359,-0.0132122213,-0.05568581477,-0.03766707169,0.1216783217,-0.01951219512,-0.0245827121,0.06770833333,-0.007686071529,0.0007608468225,-0.6491935484,0.1098265896,-0.07593544315,-0.01678832117,0.01248266297,0.0482330468,-0.0935465339,-0.03065959405,-0.02557574355,0.1078616352,-0.015625,-0.07404297357,-0.02024922118,-0.1313240043,0.02421990905,0.002701613505,0.06452533904,0,-0.01924769449,0.07948969578,-0.09090909091,-0.05683890578,-0.0493301632,0.006227758007,-0.02888888889,-0.04854875152,-0.03062434289,0.01256961401,-0.09998222538,-0.08035296236,0.004266347687,0.02532691479,0.04071246819,-0.02803738318,-0.08013279748,0.005593582101,-0.07766990291,-0.0406504065,-0.07999513707,0.03865316357,0.03553299492,-0.01298362556,0.05453296264,-0.05395683453,0.07299823188,0.03435997432,0.03335777126,-0.01016173448,0.03512717983,0.06722776528,0.02047912308,-0.05427861597
0.0642017821,0.002358490566,0.0407523511,0.08978713768,0.06204729238,-0.002358490566,0.02979737783,0.007575152918,0.1555555556,0.09108519311,-0.02579074597,-0.02709359606,0.1087662338,-0.01336842105,0.03897741738,-0.01702026787,0.1598879617,0.05749617896,0.0529413859,0.06557184488,0.03264604811,-0.004,0.03442373526,0.09621353197,0.005050505051,0.08603491272,0.008955223881,0.06080602468,-0.01463414634,0.1322880171,0.0572101952,0.0632183908,0.05989583333,0.0425805948,-0.06310319228,-0.03205479452,-0.001431825578,0,-0.01020538022,0.07327790974,-0.06045983537,0.03439153439,0.1245065614,0.07631160572,0.02106567534,-0.02425955367,0.03571109589,0.05390907872,0.02726499712,0.03531018338,0.09545454545,0.1333333333,0.07632398754,0.03243473024,-0.05329153605,0.114416476,0,0.002353809941,-0.02778503718,0.09627727856,0.04272734393,-0.00254099337,-0.0373147402,-0.01117708697,-0.05649038462,-0.0547830712,0.01668740394,0.03684210526,0.01694915254,-0.02788239181,0.005329821921,-0.01715686275,0.02366620665,0.03262170639,-0.04562737643,-0.1124450722,0.001393377359,-0.06456190138,0.003408957329,0.01606888966,-0.02362233517,0.01155001155,-0.03478079332
0.04650154282,-0.01176470588,0.004518072289,0.032,0.1213553695,0.06855791962,0.05266203704,0.07143011457,0.005982905983,0.05411303447,-0.006832439233,-0.02151898734,0.09516837482,0.02370791483,-0.01975020136,0.01029734488,0.108844393,0.08687654386,0.09123799648,0.1457869651,-0.02995008319,0.01807228916,0.07854384997,-0.01019252548,0.005025125628,0.1435132032,0.1785009862,0.06881282069,-0.04826732673,0.07806407748,0.07360264639,0.1945945946,0.1105651106,0.05888518699,0.02694136292,0.08420605718,0.02880792544,0.1032005915,0.09793837374,0.01958614584,0.01797583082,-0.01662404092,0.05246679317,0.03988183161,0.09223300971,0.08141934705,-0.001954668928,0.0735462527,0.01770313209,0.2386282269,0.1302904564,0.07720588235,0.1218623684,0.03369406339,-0.02844285957,0.08829568789,0.02449816315,0.04784050097,0.08150971983,0.2613042695,0.03444131455,-0.01785216734,0.01430339205,0.1024373013,0.03057324841,0.07351286174,0.043697358,0.05583756345,-0.01666666667,0.1054849453,0.03386764798,0.03740648379,0.2442417463,-0.003859021012,0.1752988048,-0.006630713465,0.02994516095,-0.03450891164,0.0315135895,0.02370894498,0.1024181366,0.02226535739,0.01801704373
-0.006247708908,-0.01031746032,-0.07046476762,0.1030907077,0.03906677393,-0.06415929204,-0.01649257834,-0.05497304781,0.009770603229,-0.0217551493,-0.003439721303,-0.05045278137,0.03877005348,-0.01820103772,-0.01308876287,0.004821692844,0.02071187133,-0.033172147,0.02218572801,-0.02301662566,0.003430531732,0.08481262327,-0.01629675088,0.01372997712,0.02625,0.01506024096,0.03263598326,-0.02528607129,-0.05591677503,-0.04750627454,-0.0107507075,0.04977375566,0.0110619469,0.01345188432,-0.00462962963,-0.0117478136,0.002850807729,0.02339461254,-0.002819515007,0.01910136748,0.07360142454,0.03511053316,-0.01108807356,0.02272727273,0.03888888889,-0.01551321972,0.02543166141,-0.01789735688,0.01088838747,0.01527367877,-0.02276064611,0.05574516496,0.04212446066,0.06298088732,0.008535057823,0.1018867925,-0.004001901894,0.04565628158,-0.003377996701,0.04106262944,0.008096725002,0.02595797281,-0.04000861172,0.09516180711,0.01854140915,0.05395185144,-0.02614153676,0.007692307692,-0.02542372881,-0.04561942822,0.01022562741,0.01442307692,-0.09917469685,0.0224336785,-0.1016949153,-0.03693485226,0.03042550293,-0.0534171249,-0.01237932993,0.01632537267,-0.0299862978,-0.02471238691,-0.05663911729
0.02166765569,0.07457898957,-0.007258064516,0.006936205166,-0.01638328843,-0.02718676123,-0.01173840134,0.03465786648,-0.03660075726,0.03558233796,-0.006903187648,0.02179836512,0.001287001287,0.06655647216,0.02041534258,-0.03411250475,0.03631595324,0.04498849655,0.007517657401,0.0157066958,0.03418803419,-0.09272727273,0.0008664610266,0.03893905192,-0.008526187576,0.02077151335,0.0226904376,-0.006308403333,0.03581267218,-0.00410788606,0.05977147694,0.2068965517,0.01969365427,0.03184902238,0.002325581395,0.1237617224,0.04883133291,-0.022859816,0.02260183019,0.004685835996,0.03593642018,-0.04899497487,0.03473108478,0.05416666667,-0.01818181818,0.006416433325,-0.0406842024,-0.02124064687,-0.03550572296,0.1536156313,0.05559729527,0.01724137931,-0.02232371521,0.07692355733,0.001213101496,-0.03424657534,0.1100171063,-0.04154059506,-0.01354644902,0.06345177665,0.04912659824,0.03373493976,0.0251177394,-0.07753071972,0.03519417476,0.0001776198934,0,0.01526717557,0.1304347826,-0.02286929073,-0.002030396226,0.01895734597,0.02062647149,0.03101769147,-0.04528301887,0.06967932723,-0.007811467101,-0.05684647303,0.02089083103,-0.04813865557,0.0550555108,0.01085120394,0.09756125027
-0.04172553452,-0.02537313433,0.004874086109,-0.08583340886,0.0362720403,-0.01458080194,0.01131221719,-0.03588908136,0.06331877729,-0.06099546257,0.01216010809,-0.044,0.002570694087,-0.0189598055,-0.01000919329,-0.02594687654,-0.07628463584,-0.03551343719,-0.00746156392,-0.02706109117,-0.03140495868,0.002004008016,-0.07483205208,-0.05703422053,0,-0.01744186047,-0.09350237718,-0.006314502988,-0.0704787234,-0.006241519674,-0.05384467942,-0.2857142857,-0.04291845494,-0.03945299954,0.0007733952049,-0.03596614951,-0.06257905198,0.009511043023,-0.003683713041,-0.05140979436,-0.04416277518,-0.071334214,-0.04977535019,-0.1080368906,-0.05010893246,-0.009856156437,-0.005299370517,0.04648581998,-0.0479265897,-0.03392648396,-0.06690391459,-0.03707627119,-0.08596376337,-0.01930560147,0.03020424648,-0.03368794326,-0.02342084043,-0.02665789762,-0.05777982073,-0.1193317422,-0.01108860586,-0.006534449157,0.04842120615,-0.1328893118,-0.0386869871,-0.02166577872,-0.00269140874,0.00469924812,0.01538461538,-0.05893987342,-0.002034527122,-0.01046511628,0.1056366281,-0.03888772445,0.08300395257,0.08146868251,-0.0008772416856,0.08007039155,-0.0114519581,0.01151692882,-0.04217980636,-0.01489831757,-0.02563971026
0.05638555796,0.006125574273,-0.004042037187,0.2030537379,0.0208130773,0.01972872996,0.01230425056,0.02481194966,0.0431211499,-0.06403541129,-0.03948466193,-0.0460251046,0.09230769231,-0.03300748556,0.01011039014,0.005100366115,0.04464721042,-0.01786467509,0.01419665141,-0.001326272534,-0.01535836177,-0.006,0.01598233335,0.1059907834,-0.0171990172,0.02169625247,0.05594405594,0.0127434233,-0.03004291845,0.06004915347,0.05148982865,0.245,0.004484304933,0.05001319842,0.01236476043,0.002194586686,-0.002827036751,0.02171988618,0.009243332388,0.0246954967,0.05611390285,0.03342816501,0.09336176525,0.03692762186,-0.0252293578,0.02928261018,-0.04463707541,0.07694120419,-0.03513284341,-0.03108446046,0.02898550725,0.08690869087,0.1571455865,-0.003938311612,-0.03928761446,0.06788990826,0.03781790157,0.06619518458,0.0224656064,0.1208525599,0.02926473651,-0.004096468959,-0.007964109341,0.1415508413,0.04268292683,-0.02425122527,-0.03913074356,0.000935453695,-0.01515151515,-0.03783102144,-0.02644281217,-0.01292596945,-0.01015988207,-0.02442499491,-0.03284671533,0.05416200671,-0.03328665422,0,-0.01325584929,0.04035106215,0.03582361979,0.02239792984,0.06491377707
-0.009459417548,-0.08675799087,0.01542207792,0.037992418,0.02687739977,-0.02660217654,-0.0546961326,-0.0272376248,-0.04488188976,0.06352959723,-0.01697890666,0.00365497076,-0.02464788732,-0.02248134049,-0.04100206849,-0.02479463411,0.09081210828,0.03408028699,0.03291754673,0.04310527104,-0.006065857886,0.02615694165,0.07684939581,0.009895833333,-0.0275,0.04247104247,0.05960264901,0.02435650913,0.01032448378,0.0004765707514,-0.02835353616,0.04417670683,0.03348214286,-0.03061994067,-0.04045801527,0.09209245742,-0.06269329897,-0.02692081567,-0.03479857502,0.0239912759,0.03753634681,0.01858224363,-0.008310014415,0.003561253561,-0.01411764706,0.005128431849,0.04322575676,-0.01105032823,0.03521106131,0.08786390253,0.02816901408,0.03238866397,0.1028646908,-0.005432136878,-0.03841669581,0.01374570447,0.01333121166,-0.08779416114,-0.01306152635,0.05881199765,-0.01001720125,-0.01237857984,-0.05517966696,0.015379686,0.002339181287,-0.04974513525,-0.03082039911,0.02336448598,0.03076923077,0.08358817533,0.06269824162,-0.004761904762,0.08623731299,-0.03755476737,0.07547169811,-0.02856926341,-0.02356836551,0.09287169043,-0.06459063089,-0.02191371317,-0.01584805496,-0.02606934953,0.06260155902
0.03819901058,-0.04166666667,-0.04476418865,0.006113537118,0.074,0.0248447205,0.03272939801,0.02053354313,0.001648804617,0.001852812569,0.002725226482,-0.04297159505,0.02286401925,-0.03236637944,-0.04171260126,0.005770221535,0.05582722086,-0.006571875305,0.05497897295,0.03623592755,-0.03923278117,-0.1656862745,0.08686281218,0.1309953584,0.0411311054,0.02685185185,0.0046875,0.05987156265,-0.0102189781,0.09686514322,0.04112757977,0.1153846154,-0.01079913607,-0.008765560166,-0.02625298329,0.04812298095,0.003093421324,-0.04442395141,0.05976853516,0.05633652822,0.1295541401,0.01756756757,-0.04095767422,-0.04329311568,-0.01491646778,0.03963052562,0.02272559472,0.03330014382,0.008206231076,-0.09742595474,0.03028118241,-0.0137254902,-0.01119095741,-0.008446399685,0.007608366172,-0.03559322034,-0.02631165704,-0.009378907878,0.05414617049,0.006171696599,0.005042245844,0.008349301944,-0.03892248896,-0.005048911328,-0.02917152859,0.006969459671,0.06367726683,0.01461187215,-0.01791044776,0.0747883349,-0.02260279927,-0.003588516746,0.1266372783,0.001625840017,0.0701754386,0.09415711054,-0.03015388963,0.0678345136,-0.001810625077,0.00688976378,0.04246229163,-0.07420882421,0.02635644007
-0.05978949273,0.04347826087,-0.02259414226,-0.07473169192,-0.1084122743,-0.001212121212,-0.02490096208,-0.03231458186,-0.05761316872,-0.1321201361,0.03989536858,0.006088280061,-0.09647058824,0.001758805913,0.06311037751,-0.03391045999,-0.1354303358,-0.1283230455,-0.08383923347,-0.101227095,0.03085299456,-0.03877790834,0.02530768989,-0.1190150479,-0.04444444444,-0.1289449955,-0.03576982893,-0.06155423671,0.05309734513,-0.08363947934,-0.07516505841,-0.1344827586,-0.1113537118,-0.06725620498,0.02941176471,-0.06897651185,0.01816063596,-0.06099833611,-0.05997921534,-0.02661558625,-0.09337994812,-0.006640106242,-0.08215941512,-0.03041543027,-0.05996365839,-0.05990861398,0.00785446145,-0.07794432548,0.01044093295,-0.1221594121,-0.09097270819,-0.1153081511,-0.07642227185,-0.070139424,-0.03778466352,-0.1212653779,0,0.02251209762,-0.1038764489,-0.1533460099,-0.07308474576,0.02235839361,-0.04304686897,-0.04598794799,-0.02884615385,0.1409518625,-0.07484944078,0.001800180018,-0.0007598784195,-0.07908721475,-0.02416318302,0.001200480192,-0.1392492745,0.03571042095,-0.0393442623,-0.02687865393,-0.03588685201,-0.1190226876,0.008987096508,-0.009415033184,-0.1186868138,0.0854282328,-0.05135923357
-0.003496335263,0.02333333333,0.02140410959,0.01526652452,0.01604310449,0.03398058252,0.02843876959,0.01953215527,0.01004366812,-0.03383907262,0.02266564384,0.06202723147,0.006510416667,0.04217677391,0.03685101978,0.02319724284,0.008571045935,0.008887008041,0.02061752789,0.02593899555,-0.005281690141,-0.03789731051,0.01080649618,-0.01138716356,0.01937984496,0.002070393375,0.01048387097,-0.004635454606,-0.3487394958,-0.107079272,0.01101729819,-0.08764940239,0.02211302211,0.02182246573,0.02777777778,-0.04931506849,-0.01783670997,-0.0162313499,-0.02190527965,0.004557224236,0,0.06417112299,0.05488367575,-0.008416220352,0.001288659794,0.02954545455,-0.001303650221,0.01463074779,0.01152745757,-0.01133363385,-0.0169361047,0.02471910112,0.04598360656,-0.01562854054,0,0.04,0.01080548338,-0.001165980796,0.01528934608,0.009056002318,0.007241076653,0.03967983005,-0.01190139993,-0.05352393617,0.0396039604,0.1667177862,-0.08818970862,0.04672057502,0.003802281369,-0.01948404616,-0.01339855381,-0.03836930456,0.04482676121,0.06895831157,-0.07167235495,-0.005568173493,-0.02829475911,-0.1354992076,-0.04453524004,-0.006050690766,-0.02310292086,0.01816039769,0.006368452743
-0.01823507637,0.01465798046,-0.03436714166,-0.01075268817,-0.0009533456474,0,0.003386004515,0.00988797886,-0.01469952443,-0.01530657256,-0.01023122749,-0.03133903134,0.02069857697,-0.009273241916,0.02171274291,0.0407047545,-0.0510556367,-0.04026845638,0.003226689612,-0.001995099254,0,-0.006353240152,0.007623386484,-0.01256544503,-0.03422053232,-0.05268595041,0.003990422985,0,0.08387096774,0.01256580552,-0.02247343586,-0.07423580786,-0.07692307692,-0.002799941439,0.03474903475,-0.06712295869,0.0272066886,0.01487805757,0.01947202735,-0.01371275389,-0.08234855081,-0.0351758794,-0.0271191123,-0.02932098765,-0.04472329472,0.03095971849,-0.001950855651,0.02300297551,-0.003432557118,-0.05728522113,-0.08535630384,0.02631578947,-0.05955646109,-0.0618492966,0.08507112709,-0.05480769231,-0.05704864558,-0.1194808762,-0.03576379263,-0.05384836301,-0.0116912352,-0.01869960229,0.01739343459,-0.1412012645,0.02261904762,0.06613115233,0.06935237124,0.05579399142,-0.01893939394,-0.009347088555,-0.02506697872,0.01122194514,-0.07090220242,-0.0102629264,-0.01470588235,-0.06940249024,0.02656575998,-0.02062328139,0.101603592,-0.02954931417,-0.03752572633,-0.01072446589,0.004748488398
-0.01927868852,-0.00481540931,-0.004340277778,-0.02173913043,0.006500864794,-0.004694835681,-0.008998875141,-0.005507529771,-0.03466432646,-0.01778434798,0.03187458141,-0.008823529412,-0.03422053232,0.00510895791,0.008704824294,0.005029129114,-0.02467408288,-0.009178321678,-0.007241574238,-0.01933406737,0.003539823009,0.001278772379,-0.0196829033,-0.009544008484,0.01443569554,-0.03162486369,0.007154213037,0.01084425521,-0.02579365079,-0.02034311295,-0.01463795798,-0.06603773585,-0.0078125,-0.007450771687,0.002985074627,-0.01853520402,-0.008806458069,0.04064319182,-0.01527917131,0,0.003253355022,-0.01041666667,0.01859914813,0.0007949125596,-0.02256652071,0.003264821548,0.02017908217,-0.005705336167,0.01027803037,-0.02255846893,-0.01113013699,-0.02564102564,0.01349887509,-0.008167242697,0.02051518469,0.01525940997,0.02079338221,-0.002651485612,0.02667415965,0.01707391106,0.01091109478,-0.01269776348,0.02897503813,0.01308793456,0.001164144354,0.2382257048,0.01351136544,0.02682926829,0,-0.0259295499,0.006412078714,-0.002466091245,-0.02408585768,0.01407973816,-0.03731343284,-0.006016942443,-0.001489579257,0.05334581189,0.001669189861,0.03044906311,0,0.001226713833,0.015747188
0.03277948649,-0.003225806452,0.04533565824,0.08446180556,0.02124318559,0.01179245283,0.01475595914,0.03631194036,-0.01136363636,-0.0169661589,0.005004569018,0.02818991098,0.07611548556,0.00507536846,0.01053396295,-0.009462940943,0.03103703881,0.02646669607,0.0405462453,0.02923067931,0.03350970018,0.04853128991,0.01854072503,0.05835117773,0.01681759379,0.04279279279,0.03393843725,-0.003060418586,0.04276985743,0.0376122511,0.01908470932,0.0101010101,0.01312335958,0.01220301377,-0.01264880952,0.05901639344,0.005923133876,-0.02343350275,-0.006792719693,0,0.02229428456,0.01184210526,-0.01825953631,0.02144559174,0.009648518263,-0.001627098587,0.005099956326,0,0.005645865154,0.02841591857,0.02424242424,-0.02850877193,0.04098495437,0.03941248816,0.02126037608,0.03206412826,0.004641225873,0.05416112805,0.008872538412,0.01492203238,0.02703783116,0.006421120024,0.04344773791,-0.01937828018,0,0.06445545869,0.02234943538,-0.02216943785,0.01930501931,0.020592667,-0.004237022158,0.02595797281,0.04114149276,-0.007303839733,0.03488372093,-0.009000398248,0.02390674977,-0.03065304309,-0.006743140598,-0.02435009798,0.008474687447,-0.005413722362,0.07751839398
-0.005648620215,-0.01375404531,0.02585487907,0.01224685824,-0.02260001741,-0.0303030303,-0.02964205817,-0.03207070707,-0.04137931034,0.02533172497,-0.03405025536,-0.0404040404,-0.009756097561,0.002532451777,-0.03317865935,-0.04544090432,-0.02787634222,0.01610084515,-0.01013312702,-0.0165121463,-0.03412969283,-0.1291108404,0.003803658757,-0.05513404148,-0.06870229008,-0.02051835853,0.01297709924,0.01538207625,0.021484375,0.06101402012,0.01388552654,0.01,-0.05440414508,-0.08618138643,-0.02034664657,-0.01783281734,-0.01184342589,0.03360111771,-0.02831700051,-0.02299811834,-0.04374834787,-0.007802340702,-0.04188357785,0.04199066874,0.08122866894,0.003809806017,-0.02284737115,0.03116561656,-0.02638930325,-0.1070863977,-0.01437024514,0.03386004515,-0.0423330569,-0.01528010119,-0.0184954798,-0.007766990291,-0.05254088143,-0.02128816912,-0.0188381659,0.0385944277,-0.1517639149,-0.02873875054,-0.0373775884,-0.0992177851,-0.1395348837,-0.02889392396,-0.001457390504,-0.03481781377,0.05303030303,0.003515185602,0.002111766004,-0.09879518072,-0.02172043485,0.005143297597,0.01872659176,-0.03632856454,0.02433633782,0.1567369386,-0.01361685525,0.005355756099,-0.05462255929,-0.02715865467,0.002878700209
-0.02055797904,0,-0.04959349593,-0.0485529021,-0.04342534877,-0.05048076923,-0.01498559078,-0.05275664394,-0.0139088729,-0.06452488688,-0.03783693434,-0.02932330827,-0.05911330049,-0.05882530895,-0.01176205498,0.0229243627,-0.1169692488,-0.1160233456,-0.04723824048,-0.07924787065,-0.02826855124,-0.02097902098,-0.06273306869,-0.05728051392,0.0150273224,-0.0848952591,-0.0293896006,-0.04544715711,-0.1013384321,-0.06547837966,-0.05338290724,-0.05940594059,-0.08219178082,-0.008115617567,-0.007692307692,-0.07275249023,0.02099133261,0.08434712084,-0.005028178045,0.01412368928,-0.1111264686,-0.01965923984,-0.02548777476,-0.07388059701,-0.006313131313,-0.001085890799,-0.01817451551,-0.07943262411,-0.005209203855,-0.0870602725,-0.05831903945,-0.009825327511,-0.08325429879,-0.002299612588,0.01768914427,-0.04990215264,-0.02724352773,-0.006416734034,-0.02689008629,-0.08316817667,0.0237777407,0.01479455221,0.002562708705,-0.1069469835,0.008108108108,-0.05158721664,-0.004378552773,0.02348993289,-0.03597122302,0.007075802158,0.02135623074,-0.01604278075,-0.07677396087,0.0410055492,-0.05147058824,0.006255212677,-0.04987885874,0.04477020602,0.02586922986,0.0008789920891,0.006233315904,-0.03969609518,-0.01434644453
-0.06662456584,-0.07547169811,-0.1120615911,-0.05535239362,-0.0744096565,-0.09746835443,-0.08308952604,-0.09455928658,-0.1147859922,-0.09301538164,-0.05361567509,-0.05964368706,-0.06806282723,-0.05446626595,-0.08532080806,-0.08275279172,-0.06362457449,-0.02656927788,-0.09669964686,-0.04740999731,-0.06363636364,-0.06928571429,-0.1097028813,-0.05735377626,-0.09286675639,-0.1168674699,-0.09316770186,-0.0682491571,-0.1021276596,-0.05135845503,-0.06291551808,-0.04210526316,-0.08358208955,-0.05727413797,-0.05426356589,-0.06608648355,-0.05133306805,-0.05709299427,-0.04545322402,-0.03249630724,-0.0808583424,-0.1189839572,-0.0659942217,-0.07171635778,-0.04383735705,-0.07391029024,-0.0529176285,-0.05961834775,-0.04060373554,-0.06779089376,-0.07468123862,-0.06063947078,-0.144611371,-0.05529714689,-0.04636036535,-0.09371781668,-0.05798225723,-0.07022629036,-0.04605523986,-0.01351038369,-0.05855268519,-0.0623967805,-0.05015491867,0.04964176049,-0.09919571046,0.1057620692,-0.05123061492,0.004098360656,0.03731343284,-0.1009391304,-0.01358051304,-0.02309782609,-0.1291078666,-0.05555629964,-0.04263565891,-0.07186075425,-0.02350836685,0.01744406523,-0.03782533256,-0.07262614435,-0.07244930053,-0.07301441276,-0.01746747782
0.005430524891,0.02839396628,0.133911368,0.02252331515,0.0542760401,0.1037868163,0.01148691768,0.0772468677,0.1478021978,0.08004906405,0.002830726424,0.06177924217,-0.009831460674,0.007555283599,0.004337421478,-0.004383882948,0.1199688393,0.08329237524,0.07136765862,0.08652274099,0.01844660194,0.04067536454,0.09510938119,0.06445783133,0.01928783383,0.1739427012,0.04280821918,0.009357067144,0.1161137441,0.08420132458,0.009267270385,0.03296703297,0.04885993485,0.06291284551,-0.004918032787,0.05241700641,-0.01698825503,0.02118588049,0.04338424523,-0.03369683751,0.07596007444,0.07435508346,0.08530960004,0.06423611111,0.07441860465,0.03110077837,0.0307293595,0.09818502647,0.013309594,0.04092800289,0.1161417323,0.08450704225,0.09828048588,-0.02195113016,0.02066463503,0.05909090909,0.04670706729,0.009024283527,0.06689755489,0.01173892628,0.05682752651,0.01988176223,0,0.09410043881,0.01041666667,-0.09723838099,-0.001545092299,-0.008163265306,-0.05035971223,0.01176106469,-0.03496503497,0.01390820584,0.04522007289,0.0372261221,0.02429149798,-0.05724236471,-0.02611407042,0.08460678345,0.002644866554,0.04298791862,0,0.01534949883,0.002961026489
-0.004622004994,-0.01294219154,-0.06627017842,-0.01101359491,-0.01977868227,-0.03557814485,-0.05362776025,-0.05245283595,-0.009573958832,-0.02389887419,-0.04049132948,-0.07602792863,0.004255319149,-0.054354519,0.002705385952,-0.000645052726,-0.03158409975,-0.06666465019,0.01537157448,-0.02959748132,-0.008579599619,-0.07522123894,-0.03225169486,-0.0752688172,-0.01310043668,-0.03544450901,-0.09688013136,0.03965236285,-0.04246284501,-0.05985569039,-0.03823366925,0,-0.1055900621,-0.0448895861,0.02965403624,-0.1570282236,0.02197567741,-0.02964689128,-0.005069227551,-0.03475905654,-0.1003144654,-0.03107344633,-0.009800490025,0.008156606852,-0.00185528757,0.02959900968,0.02032447318,-0.01159187421,0.00835325633,-0.01312073685,-0.07319223986,0.03463203463,-0.03935650675,-0.04550936781,0.03332669833,-0.03326180258,-0.03346714813,-0.02062442409,0.002583945776,-0.03094059406,-0.03247604226,0.01355858181,0.05614678899,-0.08600713012,-0.01620029455,0.1016075426,0.1112559049,0.02222222222,0.003787878788,-0.0903181401,0,-0.0329218107,-0.1249899418,0.02225868198,-0.06324110672,-0.04281519371,0.01104589114,0,0.06794564349,0.01372953639,0.01904789987,-0.03088652136,0.001477619968
0.04107956163,0.01398601399,0.04549590537,0.04898207761,-0.01012132615,0.04216073781,0.003333333333,0.009109287285,0.03576607057,0.02134763254,0.002951896141,0.007556675063,-0.05367231638,0.09712695454,0.009146265997,0.04156259647,0.05370966455,0.1166023917,0.009254357387,0.07189391141,0.01153846154,-0.003189792663,-0.01023600626,-0.08200734394,0.01327433628,0.06024096386,0.09636363636,0.004876349704,0.06208425721,0.0455404384,0.05088539397,0.05319148936,0.05902777778,-0.04487260476,0.0112,0.01477104874,-0.04766875435,-0.01757779927,0.01732905649,0.00514439378,0.02062216008,0.01895043732,0.03226783821,-0.03802588997,0.005576208178,-0.006075960238,-0.00796491331,0.04087320019,-0.01122632616,0.06194144838,-0.03235014272,0.01255230126,0.038476874,0.03069521403,0.0368749828,-0.007769145394,0.00523877108,0.0259567756,-0.0199836815,0.04988825032,-0.01155555556,0.002507001978,0.0442822948,-0.003900536324,0.005988023952,-0.0541428073,0.006962767517,-0.001610305958,-0.02264150943,-0.06380832282,0.01536620083,-0.03404255319,0.04119792784,0.02878236679,-0.2616033755,0.03354774864,-0.01092521243,-0.06254295533,0.1215194611,0.01446639887,0.07103485193,-0.01489325937,0.0236011355
0.01191106858,0.04224137931,-0.01392515231,-0.01484614747,-0.01632037753,0.05309734513,0.02790697674,0.02291483758,-0.00793280448,-0.03625557207,-0.05283759298,0.05166666667,-0.002985074627,0.0009024390244,0.05176790905,0.004849921862,-0.04612471598,-0.0182847192,0.07499016473,-0.03455172564,-0.0009505703422,0.0336,0.0120941419,0.064,-0.04512372635,-0.07897727273,0.04809286899,0.06623916811,-0.02713987474,0.01835142988,0.07413061917,0.05050505051,-0.0262295082,0.01005313168,0.01028481013,-0.07876435387,-0.01614906832,0.0357846133,0.006012804245,-0.08212167035,-0.07688356164,0.001430615165,0.106936699,0.04121110177,0.01047443007,0.004449820711,0.03078469932,0.005577867024,0.002368983648,0.008332642401,-0.03638151426,-0.02272727273,0.13875024,0.01901389682,0.006104195971,-0.01118568233,0.06785291614,0.01777478085,0.08749834809,0,-0.009549503255,0,-0.0200007394,-0.0234948605,-0.03125,-0.07620700879,-0.002765849043,0.009677419355,-0.003861003861,-0.03331537356,0.01946665817,0.007342143906,-0.1741396061,0.005460218409,-0.02285714286,0.2094025278,0.01367395945,0.03335777126,-0.04291387193,0.01155790994,0.03664681012,0.003617500512,-0.002882841328
0.01398317965,0.02398676592,-0.009708737864,-0.01506987708,0.005197228145,-0.02040816327,0.0006464124111,0.01221900578,-0.01834430856,-0.09492239696,0.02272414996,0.004754358162,-0.02095808383,0.009024376376,0.009643415192,-0.02407894031,-0.1558372813,-0.03722099039,0.00620267062,0.02175454299,-0.02473834443,0.07198142415,-0.04949587534,0.001253132832,-0.009146341463,-0.009253547193,0.01898734177,0.01212574364,-0.04291845494,-0.03800734481,-0.01126552959,0.02884615385,-0.0101010101,0.04762632326,-0.01644479248,0.0158005618,-0.02792632204,-0.05106857218,-0.004978333262,0.05031048029,-0.01762196253,0.03214285714,0.005435743327,-0.0113085622,-0.003658536585,0.02989247312,0.003901711302,-0.0947415132,0.05375259396,-0.1766229495,0.05306122449,0.03171247357,0.02103089308,-0.00124792635,-0.01878181962,-0.04524886878,0.04398125644,0.02684581544,0.02116877909,0.03991484832,-0.001037658351,-0.03086841848,0.02659574468,-0.1533834586,-0.01689708141,-0.04890423508,-0.015254361,0.007987220447,-0.007751937984,0.07208546215,0.05512844553,0.001457725948,-0.09903037217,-0.02986811482,0.1052631579,-0.008946243369,-0.0005132591959,-0.0404398723,-0.01973431889,0.01057949166,-0.01598822058,-0.03152203482,-0.01300451023
-0.04861596882,-0.05008077544,-0.0623885918,-0.08094708949,-0.08358743206,-0.03921568627,-0.06976744186,-0.05432176802,-0.05845711548,-0.1493384816,-0.03434163885,-0.03154574132,-0.1162079511,-0.0554571654,-0.0341745106,-0.0776733707,-0.1198306945,-0.08840508506,-0.06779012944,-0.0934059039,-0.08292682927,-0.03104693141,-0.08707453838,-0.1433041302,-0.01230769231,-0.1133250311,-0.07142857143,-0.0823215777,0.01569506726,0.1539771518,-0.05271004153,-0.07009345794,-0.1462585034,-0.08879721649,-0.03742038217,-0.1277220878,-0.09459046455,-0.07119170984,-0.09810097712,0,-0.08931268882,-0.04152249135,-0.07560107248,-0.1241830065,-0.08873929009,-0.02687408645,-0.06727155819,-0.09534313725,-0.03911271574,-0.03140759974,-0.06007751938,-0.09221311475,-0.04115413192,-0.09775915604,-0.07710299218,0.01954976303,0.01123051422,-0.005884326529,-0.09774731356,-0.08773212458,-0.05583207098,-0.03872593489,-0.06324183295,-0.01894612197,-0.11875,-0.09268726384,-0.03794841387,0.01664025357,-0.01953125,-0.02781388095,-0.05224808957,-0.02037845706,-0.1702144496,-0.03918432627,-0.07407407407,-0.009027001118,-0.003634161114,-0.04177449168,-0.03179797261,-0.02962652778,-0.05731159871,-0.06288402795,0.02488707665
0.05110025734,0.02891156463,0.09505703422,0.1237909226,0.09457504521,0.05867346939,0.075,0.06666123247,0.05852417303,0.1705493625,0.09623287671,0.09609120521,0.1280276817,0.07575873795,0.06503958099,0.08555512526,0.2183236562,0.1265200256,0.05041066837,0.08257610301,0.1021276596,0.06184798808,0.1042212746,0.08254200146,0.06853582555,0.1657303371,0.0602006689,0.06359595394,0.1479028698,-0.0117690463,0.06615332734,0.08542713568,0.1593625498,0.1020921459,0.05541770058,0.08579354072,0.1100421941,-0.02469411283,0.1098789357,-0.02654440154,0.07858179556,0.1155234657,0.1238647711,0.1026119403,0.07857622565,0.07236658584,-0.01040182606,0.09861826063,-0.03654891691,0.04149912362,0.05360824742,0.09819413093,0.07938352921,0.09316770186,-0.02682862886,0.1714119698,0.07315456019,0.01975648381,0.04398633588,0.1382433082,0.1136832455,0.08325643822,-0.01219990585,0.08267954134,0.1897163121,0.03571234144,0.05701078582,-0.02182385035,0.03585657371,0.02254901961,-0.08166135383,-0.02823179792,0.1624070189,0.0633652379,-0.06857142857,0.0182184603,0.005206819083,-0.7982253086,-0.0008081995518,0.04129244545,-0.003638202531,0.1144623454,0.02143032714
-0.02539888745,-0.004132231405,0.015625,0,0.005650090864,0.003614457831,0.002583979328,0.007313270874,0.06009615385,-0.001425638686,-0.01526866604,-0.02080237741,0.06134969325,-0.008801952116,-0.0244315949,-0.002469745616,-0.04847669727,0.02152916903,-0.004723899503,0.02799136567,-0.01833976834,0.06666666667,0,-0.009446693657,0.0612244898,-0.03313253012,-0.001577287066,-0.009181255759,-0.04038461538,0.03190721521,0.01975152442,0,0.05841924399,0.002095435685,-0.005485893417,0.05255474453,-0.01512847803,0.03668255481,0.05400219693,-0.01103123451,0.08631295656,-0.0498381877,-0.02288881367,0.01945854484,0.02366127024,-0.0283338836,0.01541843401,-0.0186189889,0.006736195231,0.1927436519,-0.003913894325,0.01027749229,-0.01786782595,0.09090909091,-0.02253951149,-0.001984126984,-0.03277957026,0.0006364562118,-0.0194936453,-0.1355347462,-0.06836797695,-0.02146977969,0.009729558,0.152173913,0.07451564829,-0.04115637319,0.0166180758,-0.05179282869,0.05769230769,0.02946047241,-0.01095797175,0.08409785933,0.1102633522,-0.02328524094,0.1226993865,0.0387934447,0.03368216239,0.2600382409,0.009632707085,-0.01033464567,-0.004553785422,0.00779963019,0.02377607898
-0.0335116291,-0.01825726141,-0.04871794872,-0.04237358272,-0.147818373,-0.03661464586,0.0206185567,0.009907825361,-0.02176870748,-0.08783050654,0.004847920054,-0.01517450683,-0.09248554913,0.04085172367,0.006514058166,-0.04319000853,-0.08864921337,-0.03884319293,-0.0679795602,-0.0299533214,-0.03048180924,0.01447368421,-0.03741364039,-0.07084468665,-0.0206043956,-0.122741433,-0.0102685624,-0.01859908997,-0.1022044088,0.001049178746,-0.06846340749,-0.05092592593,-0.0974025974,-0.05041303493,0.002364066194,-0.1156380028,-0.01528367426,-0.05646080847,-0.0284666251,-0.01654342649,-0.04600955583,0.05449591281,-0.02126001299,-0.06390041494,0.03284671533,-0.04665410476,0.0110375949,-0.04410101772,-0.001203228173,-0.07403411213,-0.05599214145,-0.03967446592,-0.0425177665,-0.04339814197,-0.03589036901,-0.01540755467,-0.06511941517,-0.009667981173,-0.05451546817,-0.06320247597,-0.03618450119,-0.01014937185,0.005820813341,-0.04305757136,-0.009708737864,0.1271242188,-0.04488098652,-0.02521008403,-0.02909090909,-0.08001016002,0.004094553212,-0.01269393512,-0.09602453262,0.004207124063,0.0218579235,0.005716027742,-0.005011065042,-0.1031866464,-0.01587706202,0.0008636708629,0.01464444035,-0.007739266771,0.02185731114
0.07396209067,-0.009298393914,0.1194968553,0.09290467548,0.08042564676,0.0492211838,0.08585858586,0.05555096491,0.09133055169,0.178613911,0.05593101611,0.08936825886,0.1433121019,0.05118950715,0.05770967926,0.07547224059,0.1718196837,0.1301315629,0.0788722561,0.131228693,0.05780933063,0.1050583658,0.07957598734,0.1920821114,0.06171107994,0.1363636364,0.08300079808,0.1088361704,0.1674107143,-0.01496223301,0.05568093529,0.02926829268,0.1654676259,0.1415863603,0.03694968553,0.2721035091,0.1420396645,0.07141743334,0.08203264067,0.02816362941,0.1797440178,0.07105943152,0.07065121217,0.0469858156,0.04711425206,0.09287380654,0.0075092735,0.1682439537,-0.01157665864,0.06758391969,0.1654526535,-0.03813559322,0.1035711256,0.1488147594,0.02791982975,0.2029278142,0.1125873064,0.1301991008,0.1207549741,0.06746652756,0.06137978455,0.05546450272,0.01857355126,0.05712841254,0.02521008403,-0.01935703516,0.04271130461,0.1120689655,0.03220973783,0.1179826983,-0.01165101775,0.07142857143,0.3772836882,0.04958238017,0.02139037433,0.01432252198,0.08715103794,0.2301184433,0.01694727105,0.01304848073,0.06762887174,0.02265927047,0
-0.03228568136,0.005972696246,-0.01284109149,-0.01415467341,-0.02776290904,-0.0296912114,-0.01337209302,-0.03405306157,-0.05140186916,0.01843195581,0.02100424196,-0.0261669024,-0.02228412256,0.004872596575,0.01410780307,-0.01620060953,-0.01660192778,-0.01150664259,-0.04559383327,-0.03039873053,-0.006711409396,-0.04107981221,-0.01114861409,-0.07503075031,0.071334214,-0.01625,-0.08032424466,-0.04550587517,-0.05544933078,0.005271075128,-0.03234737506,-0.01421800948,-0.07407407407,-0.08817799847,0.002274450341,-0.04993065187,-0.0424874734,0.009168971038,-0.02707499957,0.08738225087,-0.04449685535,0.0006031363088,-0.04570059088,-0.06773920406,-0.01406074241,-0.05139988338,-0.01354465996,0.0198019802,-0.004934601665,-0.07279291382,-0.07098214286,0.02202643172,-0.04788624135,-0.0589727852,0.06337679995,-0.002937473773,-0.02229614466,0.006341918032,-0.03148064834,0.07737416517,0.01071089229,-0.002423921071,0.03209336251,-0.02295552367,0.01092896175,0.1613599167,0.05600748686,-0.03062015504,0.03555878084,-0.05136648008,0.05883780598,-0.008,0.03193067838,-0.004663186173,-0.02617801047,0.03376914456,-0.00834803057,-0.06189821183,0.04122548485,-0.03608580057,0.001686583166,0.001380716,0.02005242464
0.01260675763,0.02120441052,-0.00406504065,0.006176305446,0.04742154524,-0.002447980416,0.007071302298,0.001281947381,-0.008956560681,0.0310332238,0.02145981661,-0.01379811184,0.03988603989,0.01049761913,0.0009274361188,0.01220108696,0.02955117327,0.01532086582,0.01647239478,0.03070998797,0.02027027027,0.004895960832,0.008653978762,0.06382978723,-0.04562268804,0.03494282084,0.05208333333,0.01416512119,-0.03441295547,0.01858926008,0.04650320524,0.06730769231,0.01666666667,0.045703035,-0.003025718608,0.02335766423,0.08559139785,0.02808624171,0.03525056289,0.0452524792,0.03883495146,0.01145268234,0.03615501191,0.03542234332,0.04392470051,0.001614818828,0.02539788503,0,0.009290792854,-0.04889754154,0.04036520903,0.119612069,0.003027367401,0.02965323866,0.02737337634,0.00968013468,0.02193219688,-0.003998012288,0.008750564958,0.02834895676,-0.006366977181,0.008105696767,0.001227450251,0.01174743025,0.02972972973,0.04810710397,0.009066739382,0.007596961216,0.01261387526,0.06586254773,-0.02665444186,-0.02822580645,0.03091390119,0.008020573407,0.02150537634,0,-0.003734882618,0,0.005311713727,0.01427309,-0.008431769236,0.01244213913,-0.1087797319
-0.02049765621,-0.01079734219,0.02612244898,0.03675063776,-0.02999614536,-0.01104294479,0.02867173786,-0.02561348,0.09534568459,0.05771954674,-0.01575896577,0.02135493373,0.01369863014,-0.01678429341,-0.02316441945,-0.002416172246,0,0.06943400279,-0.04537918992,0.02607227919,0.02081362346,-0.04872107186,-0.006870620407,0.125,0.002583979328,0.09515039902,0.02208682407,-0.06318378157,0.04402515723,0.0184888804,-0.04236026994,0.08558558559,0,0.008132198297,-0.006069802731,0.005706134094,0.008782356049,0.006417674908,0.04301200055,-0.00959651036,0.02629494693,0.01549463647,0.002089427497,0.0149122807,0.03333333333,-0.07873851947,0.004690389879,0.0139011474,-0.006748557052,-0.1328128719,0.01662817552,0.0009624639076,0.07219606423,-0.01096461154,-0.03849526234,0.04168403501,0.0266006488,0.01836942964,0.02292498973,0.03124310814,0.01492280566,-0.009641095168,-0.006092577457,-0.04305757136,-0.0157480315,-0.1032473618,-0.0282394271,0,0.03667820069,0.08108768216,0.02967199327,-0.0387275242,0.08251276186,-0.0331531486,0.07894736842,0.04090482041,0.01078250521,0.03372434018,-0.04696190211,0.01053437533,0.0008424488936,0.05327496757,0.002939255389
0.03288221067,0.01595298069,0.05966587112,-0.03936947328,0.04609660056,0.005583126551,-0.04664391354,0.01051924123,0.03465346535,-0.01300875221,-0.02935554342,-0.01225666907,-0.01351351351,-0.0967468134,-0.02609055921,-0.01208320999,0.0464362851,-0.03331659553,0.01528027539,-0.0169376914,0.002780352178,0.1549295775,0.005197218972,0.004444444444,0.0206185567,-0.03139013453,-0.03129657228,-0.006293541547,-0.004016064257,0.05143420034,0.02683314662,0.1452282158,0.02950819672,-0.01714649023,-0.01450381679,0.0682427108,-0.0274923087,0.03512439891,0.03092766512,0,-0.0146627566,-0.004694835681,0,0.01382886776,0.0142781597,0.06220997844,0.001340166711,-0.005440696409,0.0142146199,-0.04270736126,-0.07860063607,0.05,-0.0794955523,0.05216242984,0.02094487262,-0.01520608243,0.03846793507,0.03048658279,0.02665741991,-0.008910749929,0.02521186441,-0.02192265277,0.02941616207,0.03690596562,-0.01333333333,0.1335589986,0.01981368187,-0.007936507937,0.02136181575,0.05083214097,-0.01774103963,0.04172661871,-0.009250908341,-0.01303671966,-0.05853658537,-0.00520724849,0.07285914448,0,-0.007951271109,0.01478772044,0.002551523681,0.02659852846,0.01466494172
0.02388069616,-0.0132231405,-0.01501501502,-0.01232690307,0.04465241565,0.02776064158,0.06443914081,0.04420962957,0.007177033493,0.009594417793,0.01008111783,-0.03357664234,0.01232876712,0.05580668157,0.003403264447,-0.006101879597,0.03133995981,-0.04378879568,-0.0108702253,0.001845311322,0.0314232902,-0.05764966741,0.03958226331,0.009955752212,0.006313131313,0.009259259259,0.04307692308,-0.003149766308,0.06653225806,-0.009714476913,0.04872683759,0,0.01910828025,-0.01128001941,0.02091402014,0.03186780761,0.02079827691,-0.01003164344,0.01833168111,0.05824708214,0,-0.05070754717,0.05225187656,0.02728047741,0.03128258603,-0.004379205153,0.04859323754,0.01641137856,0.02188987483,0.155570847,-0.01775147929,0.03846153846,0.0101529052,0.02980859743,0.01869993661,-0.005282405526,0.006438077545,-0.05476077279,0.01769334692,0.03955980724,0.06662533581,0.01078905931,0.04288152209,0.144807411,0.005405405405,0.1353788805,0.01295248483,-0.02,0.05751633987,0.03984520568,0.06659127195,0.07872928177,0.05828651685,-0.01250744491,0.1398963731,-0.01842546064,-0.02335407544,0.4184397163,0.007206147285,0.05483895883,0.02882180855,-0.06381383633,0.0187868625
-0.01907418821,-0.003350083752,-0.04649390244,-0.004133236081,0.04783471074,-0.02160864346,-0.05381165919,-0.01556539973,0.009501187648,-0.006527477802,0.004985609507,-0.02114803625,-0.02029769959,-0.06223289574,-0.01455985719,0.01353943979,-0.03544343796,0.01893147187,-0.0346574165,-0.02334189371,0.020609319,-0.004705882353,-0.04716577188,0.01095290252,0.03638644918,-0.02006880734,-0.04498525074,-0.04593483505,-0.01323251418,-0.02500309723,-0.05050674542,0.03260869565,0.046875,0.01453690452,-0.03186646434,-0.01544180726,0.04081498088,0.02414309032,0.01309498575,-0.02757257309,0.06296992481,0.0248447205,-0.02437284508,0.01576763485,0.002527805865,-0.02089271797,-0.01332454381,-0.08643702906,0.06253773829,-0.01994839222,0.04417670683,0.003527336861,-0.04327117139,0.0225472273,0.03849526234,0.01470588235,-0.006396893847,-0.003475080018,0.008698689956,0.05708157476,-0.002906188243,0,0.04564445373,0.07197614991,0.002688172043,0.08557509002,0.02934248604,-0.0106122449,0.004326328801,-0.04534803584,0.08993949978,0.09090909091,0.0837081275,0.01478354108,0.05454545455,0.1796075085,0.005315144228,-0.022,0.09388574557,0.008933147836,-0.004947465062,0.006086037349,0.02411331014
0.02448824366,0.1025210084,-0.008792965627,0.04581705729,0.021610878,0.01901840491,-0.01184834123,0.02023873566,-0.03215686275,0.005990627567,0.01128899646,-0.003086419753,0.03867403315,0.002724550408,0.06994622134,0.008491076257,-0.0466011466,-0.004211760943,0.02451744205,-0.02515704848,0.009657594381,-0.02364066194,0.09903556984,0.02762730228,-0.02300242131,-0.007606787595,0.01544401544,0.02738506463,-0.0153256705,-0.01539812173,0.001431449475,-0.03859649123,0.008955223881,0.01328066746,0.007836990596,0.007841998257,0,-0.01746463909,-0.00807857724,0.009415792853,0.1184792219,-0.08848484848,0.01896985945,-0.03921568627,0.001008572869,0.03312543615,0.0193043058,-0.04147519736,0.04822211398,-0.06359493671,0.02644230769,-0.1616871705,-0.06096531938,-0.01966626937,-0.007980172132,0.01127214171,0,-0.004083692759,-0.0005772205675,-0.00981803901,0.03178921188,0.01971305485,-0.008723737222,0.009535160906,0.0563002681,-0.0487804878,0.0149068323,0.006600660066,0.03692307692,0.001227259602,0,-0.003521126761,0.07721963941,0.009007700131,0.01724137931,-0.05913200723,-0.01409505499,0.1850715746,-0.03053358695,0.01289401747,0.0206955764,0.002005794517,0.05263041219
0.03516841782,0.009146341463,-0.001612903226,0.05377013462,0.1240503984,0.03251053582,-0.008393285372,0.0130181984,0.01904376013,0.1280315036,0.04687171711,0.01857585139,0.05186170213,0.01541348782,0.02210511836,-0.02767201158,0.06814992985,0.0608202163,0.04701305688,0.04257974746,-0.009565217391,0.0102905569,0.08457570611,0.1038481813,0.03717472119,0.0866745283,0.01901140684,0.04121317158,0.05058365759,0.02968229387,0.06656431433,0.2299270073,0.07100591716,0.05348050915,0.01710730949,0.2674351585,0.01260690529,0.07583130576,0.08631862659,0.009327962688,0.1214756258,-0.02659574468,0.05780346821,-0.01870748299,-0.00201511335,0.05544063325,0.02525625828,0.07719729564,0.04597790169,0.01086838975,0.1096018735,0.1027253669,0.05485914544,0.07781155015,0.05285122038,0.09116242038,0.02415079835,0.06304998848,0.02645197061,0.1041776838,0.008436911488,0.004017276174,0.03523563199,0.0507674144,-0.02664974619,-0.07692307692,0.0513431682,0.03278688525,-0.005934718101,0.02559665441,0.03496423462,0.03180212014,0.1018947368,0.01718698868,-0.02118644068,0.08700108912,0.01607655068,0.4322691976,0.06151039515,0.01430618581,0.07055780844,0.02278215557,0.02763328314
-0.007483862921,-0.003021148036,0.01857835218,-0.04157436125,0.04318799967,0.000583090379,-0.01148730351,0.003671686514,0.04811133201,-0.04542551833,-0.02260034904,0.02811550152,-0.01896333755,-0.007143775513,-0.04099718403,0.005570569742,-0.06187169933,-0.001135560715,0.03346904089,0.006189740372,-0.02809482002,0.001797483523,0.02479482644,-0.03772683859,0.01314217443,-0.06945198047,0.01641791045,0.01707779886,0.1407407407,-0.009115147096,-0.01460977184,-0.02077151335,-0.04972375691,0.02873378769,-0.03516819572,0.08196907685,0.01526526527,0.03310717427,0.03898195992,-0.0277252678,-0.0195018797,-0.004098360656,0.0203504805,-0.008665511265,-0.02069661787,0.02625921222,-0.004311986506,0.01723154171,0.06187526224,0.08601230275,-0.006331785564,-0.01520912548,0.04246528665,-0.007332205302,0.03439553562,0.02553812477,0.006286259363,-0.00712939086,0.03417658842,0.05387931034,-0.0527750803,-0.009617913364,0,0.1265917603,-0.001303780965,-0.03009259259,0.03370098039,0.01587301587,0.01492537313,0.07585770529,0.01313170408,0.0102739726,-0.04109667558,-0.02702424461,0.2164502165,0.1288972712,0.0312315194,-0.178313253,0.05016375369,0.003131696061,0.0181890678,0.003914380689,0.01408425448
0.004791228125,-0.02045454545,-0.01823949247,-0.03551891517,0.004529772721,0.02097902098,0.02568807339,0.02805362637,-0.001138088012,0.009990188208,-0.02399785733,0.0029563932,0.03092783505,-0.01349196714,-0.01220960359,0.001837428697,0.0439777111,0.04772250714,-0.03555003108,0.07564430519,-0.0433604336,0.0221291866,-0.04125870168,-0.01935483871,-0.007075471698,0.05655976676,-0.008076358297,0.00684079602,-0.09415584416,0.0163972127,0.02898112701,-0.09696969697,0.04069767442,0.005597254593,0.004754358162,-0.03782704634,-0.02865417796,-0.002797202797,-0.01082216623,0.06189241737,-0.03965971723,0.02949245542,0.02633425669,0.05769230769,0.02474226804,-0.03612039482,0.01297831938,-0.002916760153,-0.01975641502,-0.04826872876,0.01444350042,-0.07335907336,-0.01834525026,0.01704545455,0.02163007034,-0.01672002846,0.06015446535,-0.01824610415,-0.03033765329,-0.01136105431,0.03028271756,0.01052691476,0.01596365996,0.06416223404,0.005221932115,0.002386634845,-0.01570835803,-0.044921875,-0.03411764706,0.02319806574,-0.01020547385,0.02372881356,-0.01428599892,0.01040895143,-0.03202846975,-0.003967839616,-0.007249513092,0.04985337243,-0.0134626073,-0.005469226797,-0.01488102094,-0.0247872505,-0.01262810619
-0.006800806716,0.03325599381,0.008885298869,-0.01637641796,-0.07592480927,-0.0154109589,-0.0327966607,-0.0344049518,-0.04785415875,-0.009891371545,0.01028155358,-0.01915991157,-0.0025,-0.09571081649,0.04041485885,-0.01719087898,0,-0.007595486111,-0.03602764036,-0.02001257699,0.009442870633,-0.03803393798,-0.02151711924,-0.06072874494,-0.007125890736,-0.01931567329,0.00074019245,-0.02119566984,-0.03225806452,-0.02699339307,-0.004585359486,-0.1241610738,-0.01675977654,-0.04075114972,0.005520504732,0,-0.01262450041,-0.0118604793,-0.006931008303,0.04485810192,0,-0.04530313125,-0.04685475745,0.006611570248,0.01106639839,-0.01197913508,-0.0006068861347,0.02261476148,-0.01522264903,0.1729545102,-0.04355108878,0.04375,-0.03421293599,-0.01061452514,-0.006711906231,-0.0513748191,-0.00219870423,-0.03774843271,0.02123194667,-0.03591128476,-0.02085805044,0.00880304822,-0.06492718447,-0.06279287723,-0.01818181818,0.03571428571,-0.04914182475,0.03067484663,-0.01644336175,-0.02050070252,-0.008408458082,-0.01324503311,-0.03080530401,-0.04398193599,-0.04411764706,-0.01184610546,0.01803814714,-0.1110335196,-0.01568075117,-0.01021973613,-0.02115047352,0.01605635591,-0.06649627492
-0.01783465558,0.02919161677,-0.02081665332,-0.01453748071,-0.001759014952,-0.02550724638,0.0006165228113,-0.01719768156,-0.0307140008,-0.04812237981,-0.01592633504,-0.02779864763,0.02130325815,-0.02721779681,-0.0100526266,0.02749073894,-0.03421470411,-0.01637631509,-0.03143994323,-0.008166413404,0.002806361085,-0.02676399027,-0.009079665772,0.02370689655,0.0490430622,-0.05289814294,-0.006656804734,-0.01238832243,0.05555555556,0.003732297747,-0.0315732529,0.02681992337,-0.04545454545,-0.02653958107,-0.02117647059,0.009828546467,-0.001413518376,-0.03887808942,-0.01542440001,-0.008566978193,0.07386150967,-0.02791346825,0.02873216039,0.03694581281,0.02139303483,-0.02529236625,-0.04520673648,-0.03311695456,-0.04088413753,0.01994264284,-0.008756567426,-0.00998003992,-0.02900362007,0.0395256917,-0.00780066082,-0.03928299008,0.001469032789,-0.005267535348,-0.03392195862,-0.03432862507,-0.01551751094,-0.06433967179,-0.03248061751,0.04033333333,-0.02777777778,-0.05057471264,-0.03369434416,-0.02380952381,0,-0.02086457586,-0.06508563167,-0.03020134228,0.03739467757,-0.01654001506,-0.1076923077,-0.05399957564,-0.01054547401,-0.03534956795,0.03465928964,-0.01666825639,-0.0162085976,0.0026233604,0.02465789466
0.01955284879,-0.03272727273,0,0.004203065766,0.03006963195,-0.006543723974,0.005545286506,-0.01249901229,0.05555555556,0.04708803823,-0.01079245908,0.004636785162,-0.03558282209,0.006211411837,-0.02769465843,-0.01702358363,0.06470354835,0.01944025887,0.04825008495,-0.005295922582,-0.003731343284,-0.05875,0.04894977169,0.04315789474,-0.01938426454,0.06060606061,0.02010424423,0.03759752489,0.01754385965,0.05974955692,0.0258146424,0.1156716418,0.05357142857,-0.00644934334,0.01121794872,0.1150643452,-0.001415519238,0.01470352178,0.01603818821,-0.04330322074,0.002672243523,0.01076812635,0.04231658531,0.01187648456,0.008767657087,0.02108854249,0.0134409362,0.04574419663,-0.006250941407,0.07829735692,0.00574204947,0.0685483871,-0.01216102259,0.008690928843,0.01677558276,0.03215561731,0.03539576366,0.02060107767,0.001706174075,0.1096093316,0.002938023584,-0.01527203309,0.03011155041,-0.01826337712,0.03265306122,0.002421307506,0.0199252802,-0.00487804878,0.005572755418,0.06179663049,0.01915127725,-0.0092272203,0.02701996341,0,0.004310344828,0.01480318493,0.01406621943,0.07410423453,0.009373367344,0.004049761137,0.00392161624,0.03675554448,0.03475807099
0.03492886898,-0.001503759398,-0.00899427637,0,0.03953866954,-0.01676646707,0.01225490196,-0.003797164493,-0.001949317739,0.05714157866,0.05091429953,-0.02769230769,0.03180661578,0.01442236393,-0.02564606251,-0.02291655176,0.0991561743,0.001623455294,0.04601904376,0.02306341273,0.007490636704,0.09096945551,0.01532300192,0.05348133199,0.02325581395,0.02857142857,0.009489051095,0.04534258119,0.01896551724,0.05703667268,0.04435643564,0.09364548495,0.04519774011,-0.01347417286,0.0118858954,0,-0.008569587629,0.02752554814,0.001102345566,0.04526326593,0.05202780997,0.05113636364,-0.02112676056,0.06103286385,0.07049734428,0.07516910994,0.02398716965,0.04374319913,0.0319312871,-0.03229429935,0.02591128678,0.0679245283,-0.03473064654,0.001615508885,0.003102760472,0.0003846153846,0.01282142098,0.0271032929,0.02091613108,0.02085766728,-0.006848501643,0.006886106624,0.03368630273,-0.04732375979,0.01976284585,0.01207729469,-0.002442002442,0.09477124183,-0.09174876847,0.03280025086,0.01388929416,0.01862630966,0.06667319174,0.027788993,0.07296137339,0.06249309316,-0.01514084507,0.03411675512,0.04180367799,0.01125495121,0.007812594483,0.01201778632,0.03488555439
-0.0006683172076,-0.01731927711,-0.03547854785,-0.04201887567,-0.02975368935,0.01096224117,-0.007263922518,0.01334073268,-0.06484375,-0.04668783069,-0.04239388254,0.007911392405,-0.01356350185,0.02335440956,-0.02533545395,-0.02531681296,-0.03082921631,-0.01848223141,-0.007998992863,-0.01733938856,-0.01672862454,0.09312233719,-0.06322529012,-0.02490421456,-0.01818181818,0.02233115468,0.009399855387,-0.00291445757,-0.03384094755,0.05810574646,-0.0202882063,-0.04892966361,-0.04324324324,0.001515362989,-0.01879404855,-0.03501115314,0.011503217,-0.07121963236,-0.03043767348,-0.01305970149,-0.02599405221,-0.01351351351,-0.01169064748,-0.07890855457,-0.01939557961,-0.03249956973,-0.01973442288,-0.02887823186,0.03395431957,-0.00725478816,0.001712328767,0.03180212014,-0.006935393781,-0.00752688172,0.006677304529,-0.05651672434,-0.01194572668,-0.03651349315,-0.019942608,-0.05448403618,0.03160873724,-0.01710755901,-0.0342461212,-0.008221993834,-0.03617571059,0.007159904535,-0.04155124654,0,0.03389830508,-0.03485547729,-0.01660575014,0.08,0.03947440862,-0.03200899449,0.04,0,0.01196086716,-0.1502932551,-0.02866995938,-0.003988535945,-0.007752031008,-0.007510984444,0
-0.001322329123,0.002298850575,0.03849443969,0.03735115223,0.0468335385,0.0186746988,0.02195121951,-0.01629964835,0.02840434419,0.03743006838,0.01084123551,-0.007064364207,0.03375,0.007928571429,-0.01500804413,0.01624486014,0.04442889627,0.03546693614,0.09273992796,0.03999865126,0.01134215501,0.0289532294,0.04524928297,0.05500982318,0.0150462963,0.06073521577,0.01719197708,0.08119033552,0.005253940455,-0.01234338656,0.01877298239,0.0578778135,0.1129943503,0.006569909813,-0.007182761373,0.05256281407,0.01278591622,-0.006066834637,0.01588528344,-0.02188836932,0.02408684835,-0.005479452055,0.0373066424,0.01441152922,0.04875804968,0.1145107573,0.03459486495,0.03242082662,-0.0073397102,-0.003173675199,-0.007692307692,0.0102739726,0.1658776658,0.03737811484,0.02399590314,0.03626731866,0.0441276403,-0.025640436,0.001134880554,0.03025239138,0.03450407635,-0.07317172706,0.02478459373,0.1502590674,0.008042895442,0.1848341232,0.02291974728,0.007462686567,-0.02295081967,-0.00635459922,0.05858940591,-0.04338624339,-0.03956428092,-0.01837391548,-0.1538461538,0.01960580373,0.01139125314,0.0595340811,0.0708268143,0.02954223917,0,0.01953276899,0.01997447304
0.03116914741,0,-0.04118616145,-0.02750020646,0.02686387749,-0.0053222945,0.01968973747,-0.02039351275,-0.0268074736,-0.05097367858,-0.0008868895777,0.002371541502,-0.0592503023,-0.003933101835,-0.007105023683,-0.03581706796,-0.04543388281,-0.02944396839,-0.05608511931,-0.01470528637,-0.004672897196,-0.02705627706,-0.03815278629,0.0144320298,-0.02508551881,0.005022601708,-0.007746478873,-0.01274086856,0.05226480836,0.03260471606,0.009530141844,0.1063829787,0.01015228426,-0.03160663779,-0.004823151125,0.01546834718,0.01262450041,-0.00383576265,-0.009679297376,-0.03143118706,0.03136042403,0.03305785124,-0.06228070175,-0.03867403315,-0.009210526316,-0.01004664196,-0.01032686058,-0.0131017989,-0.02568811716,-0.04000670269,-0.001291989664,0.008474576271,-0.03409182279,0.02036553525,0.0428663285,0.05151395989,-0.007498000081,0.02872247528,0.01805815338,0.04194865485,-0.01482781803,0.02725551495,0.07138311058,0.07957957958,-0.003989361702,-0.002,0.0798344175,0.05185185185,-0.04362416107,-0.01070094346,-0.01219175053,0.04424778761,-0.03294057095,-0.008225583418,0.03636363636,0.03845761502,0.0458880691,0.03664495114,0.01654959258,-0.0162804239,-0.006252494346,0.01669404999,0.01346367648
-0.000649408153,-0.006116207951,0.02577319588,0.03260869565,-0.01626161089,0.04994054697,0.05032182563,0.06700815075,0.03213689482,-0.01564895824,0.04114427952,0.04968454259,0.006426735219,0.03162463093,0.02250161565,0.0311779656,-0.02468795428,0.06950337216,0.01407357632,-0.05281147748,0.01596244131,0.01668520578,0.04042488619,-0.03258375402,0.03157894737,-0.019990005,0.02767920511,0.03122906167,0.03145695364,-0.04363033521,0.02391406618,-0.0521978022,-0.01005025126,0.03108596638,0.004846526656,-0.02200282087,-0.001378273399,0.04295854818,0.003007909287,-0.0277252678,-0.007601713062,0.116,0.0196445276,0.009031198686,-0.02124833997,0.03781764764,0.007368006839,-0.02117795807,-0.01978016598,0.02522255193,-0.001293661061,-0.0218487395,-0.02488970282,0.01330603889,-0.02103171885,-0.02318623785,0.02471311475,-0.006974396623,0.01163593444,-0.07515164528,0.0582704629,-0.02196742392,-0.03998874437,-0.06481223922,0.02803738318,0.01803607214,0.006936838262,0.03098591549,0.02807017544,0.01081669227,-0.008563992052,0.01800847458,-0.02554695965,0.003018542475,0.03070175439,0.02779960707,-0.00758066475,0.01806755695,-0.04881284723,0.01891751113,0.01730558598,0.009118979598,0.02777777778
0.05535371437,-0.02307692308,0.05025125628,0.04210526316,0.05398903146,0.002265005663,0.01337047354,0.009145636375,0.04367165386,-0.005681037247,-0.01718379186,-0.006761833208,-0.02937420179,0.007655172414,-0.03200413698,0.01028859657,0.07781461208,0.01495104222,0.0231273216,-0.009699062011,0.0009242144177,0.03774617068,0.04547575987,0.0830170778,-0.01133786848,0.05354411015,-0.03729281768,0.07175343936,0.08507223114,0.01313614092,0.04548587181,0.1014492754,0.05076142132,-0.01206346691,0.02170418006,0.04153446784,-0.02358845671,0.03528203153,0.07721239972,0.04763447829,0.09181141439,-0.02031063321,0.01926605505,0.01383238405,-0.01854364541,0.04978293329,0.04512392241,0.01356297094,0.007742064384,0.03745637184,0.05354058722,0.01374570447,0.01703090319,0.07676767677,0.06249125262,0.08575803982,0.02011758589,0.03922927641,0.06192420724,0.02756979511,0.01952425306,-0.01216171798,0.07047712099,0.07882212968,0.05714285714,0.02362204724,0.04357021997,0.01092896175,0.01365187713,0.04274045463,0.04214537756,-0.01248699272,0.0419389447,0.006764115792,0.06382978723,-0.009031826436,0.02854520422,0,0.0931043501,0.02707098873,0.01467843813,0.05121679202,0.07168180707
-0.008536482969,0.02834645669,-0.0303030303,-0.04442866162,-0.009179490956,-0.01242937853,0.01649257834,-0.02054223728,-0.06935296397,-0.01373082062,-0.01224343782,0.0363086233,-0.01710526316,-0.00284888098,0.03925921529,0.01208442074,0.01318518872,-0.04116490816,0.06028789316,-0.01346216671,-0.02308402585,0.0147601476,0.02943556262,0.01401664477,-0.01032110092,0.006776379477,-0.03371592539,0.006141437571,0.004437869822,0.03570298283,-0.001171903611,0.1263157895,-0.004830917874,0.01118819425,0.01101494886,0.08492569002,0.01991775893,-0.009209873481,0.02992229017,0.01360965048,0.03033596838,-0.04024390244,-0.009900990099,0.006420545746,0.008755760369,0.01693647179,0.006418352881,0.04534834325,0.03030903819,0.02268811028,0.03032786885,0.09152542373,0,0.006097560976,0.02021998288,0.001410437236,0.01378760553,0.01407229558,-0.003099120016,0.01129688206,0.002635370182,0.0113797693,-0.01195655481,0.07333884753,0.02702702703,0.1384615385,0.03735016504,0.01081081081,0,0.06248481904,-0.01470827239,0.005268703899,0.02518019283,-0.02391390992,0.052,0.003664946714,0.002340016261,0.01774691358,0.00116968392,0.009027149321,0.007616218064,-0.04643634385,-0.04824698031
0.004911924119,-0.02143950995,0.01644736842,-0.01486497646,-0.008868190939,-0.008581235698,0.0373174689,-0.0154213758,0.04163197336,-0.02896519505,0.0663763287,-0.01313868613,-0.02543507363,-0.01048432071,-0.02684425761,-0.0213857279,0.03621687768,-0.01694196376,-0.007820498481,-0.02729618427,-0.0179584121,0.01142857143,-0.03406873374,-0.006047516199,0.01506373117,-0.01057692308,-0.002227171492,0.040291313,0.03387334315,0.03036611218,-0.0006013052724,0.05607476636,0.002427184466,-0.008030615482,0.00233463035,0.08585042117,0.001385914073,-0.01076648618,-0.01959551436,-0.004475638287,-0.03395032128,0.0292249047,-0.01090909091,-0.02312599681,-0.008222932846,0.005829041725,0.007529966192,0,0.003968826671,-0.01612709111,-0.01551312649,0.003105590062,0.03244218743,-0.03403263403,0.06666666667,0.00985915493,-0.01684864579,0.0377726625,0.04865876482,-0.05724977659,-0.03388939511,0.008773276599,0.07922773741,0.01643976368,-0.001196172249,0.03040540541,0.06882884894,0.07018716578,0.006734006734,0.0241184203,0.0578419244,-0.009433962264,-0.05728634039,-0.008429096424,-0.02281368821,0.005429298996,-0.02534375309,0,0.05727410318,0.009708737864,-0.03477446908,0.001825806636,0.04032278512
0.01040788808,-0.0117370892,0.03155339806,0.04292061363,0.03501537077,0.03750721293,-0.01303441084,0.0325788727,0.06354916067,0.008948761126,0.009127418766,-0.01183431953,0.01098901099,0.01348269793,-0.0081697812,-0.02248317342,0.03656348648,0.01239213806,0.004300926087,0.01721841292,-0.008662175168,0.00667693888,-0.02536547041,0.007388092134,0.0296803653,0.02721088435,-0.015625,0.02699571896,0.03846153846,-0.02028692703,0.004123620568,0.04203539823,0.01694915254,0.06236632219,-0.04968944099,0.0197461213,0.03478862607,0.02319106527,0.01171593486,0.004495759681,0,0.03148148148,-0.008272058824,0.0212244898,0.05020727775,-0.002073754943,-0.01035894046,0.09946154628,0.01638755121,0.03686034659,0.0101010101,0.009287925697,0.0506504065,0.0009652509653,-0.02701339574,0.05020920502,-0.0125219626,0.004288309603,0.006910569106,0.09034895432,-0.01440127689,-0.02363403127,-0.003737624469,0.02426080364,0.0251497006,-0.0131147541,-0.02277119131,0.1411617739,-0.005351170569,0.02070428037,-0.0211543959,-0.02010582011,-0.1354241327,0.0208547813,-0.01556420233,0,0.04920428711,0.2236542835,-0.07936109297,0.01181382128,0.04229449771,-0.0108209699,-0.04429668788
-0.02484118048,-0.0007917656374,-0.005490196078,0.02475685234,-0.03457934898,-0.03003337041,-0.01954569466,-0.03458472525,-0.01164975573,0.04553907777,-0.01397536432,0.004491017964,0.006793478261,0.02947265759,0.01235561447,0.01051860533,-0.02107661635,0.03513507115,-0.009989639095,0.0006289209289,0.05242718447,-0.03826530612,-0.01448107097,-0.05996548749,0.0133037694,-0.03169347209,-0.03779289494,-0.02628610662,-0.001371742112,-0.02285433201,-0.008198757764,-0.04883227176,-0.04523809524,-0.03198675372,-0.01307189542,-0.008298755187,0.0590917381,0.01487322202,-0.03644318679,0,-0.05877097191,-0.01256732496,0.01946246525,0.007993605116,0,-0.01825152633,0.01453872927,-0.07189059324,0.008297385852,-0.08498171379,-0.0388,-0.03067484663,-0.03567283139,-0.002892960463,-0.03906363391,-0.0385126162,-0.02670260652,-0.002124482026,-0.02549307286,-0.06112801565,0.04107471476,0.02694517436,-0.04599347042,0.02393288922,0.01285046729,-0.009966777409,-0.02228635562,0.02900930487,-0.0006724949563,-0.03045379989,0.02161157573,-0.001079913607,-0.05419878114,0,-0.05138339921,0.04864761541,-0.004198266522,-0.04213135068,-0.00714714387,-0.01678957071,-0.01578237305,-0.02000748481,0.002318303002
0.001867426942,0.01822503962,-0.004731861199,-0.01207937877,-0.009354677339,-0.03038990826,-0.001077586207,-0.02828185049,-0.007224334601,-0.0322448235,0.007500575983,-0.02533532042,-0.01754385965,-0.0147756642,0.01628477905,0.01626605584,-0.02687943421,0.01646805883,-0.004316998509,0.0119038266,0.0036900369,-0.03978779841,0.05287450339,0.009637448371,0.05251641138,-0.002442598925,-0.02356637863,-0.02170737849,0.01785714286,-0.00555679255,0.007087704821,-0.046875,-0.01995012469,-0.02416078683,0.004139072848,-0.02370990237,-0.04058320418,0.02303403309,0.01272699527,-0.02695554877,-0.004957282987,-0.04121212121,0.01545454545,-0.01268834259,-0.02105263158,-0.005488645314,-0.01948273898,-0.05256869773,-0.01984804208,0.02269210933,0.0253849355,0.0664556962,0.02900818488,-0.01402321083,-0.009040888985,0.0307320442,0.008922237381,0.006408094435,-0.03521340231,-0.01446842989,0.01926748215,-0.01017000607,0.003932516811,-0.03108433735,0.03575547866,0.09060402685,0.003061112933,-0.02127659574,0.004710632571,-0.02661704167,-0.003976194808,0.09945945946,-0.03397057778,0,0.05,0.04812249362,0.0325425968,0.02910737387,-0.02393120123,-0.04904127324,0.0282422452,0.006815110746,0.04508615705
-0.0006118296552,0.0007782101167,0.01030110935,-0.01421198888,-0.03537342827,-0.01833234772,0.02427184466,-0.02717209489,-0.02834163156,-0.01107497997,0.005793173541,0.003058103976,0.01648351648,-0.01593353296,-0.02603154153,0.0006276747504,-0.06800827967,-0.05263157895,-0.06223284984,-0.03715033608,-0.01746323529,-0.04696132597,-0.03279507242,-0.05272727273,-0.004158004158,-0.05582761998,-0.005631536605,-0.02641062603,-0.08097165992,-0.04527710445,-0.00117053186,-0.09601873536,-0.03562340967,-0.03081427775,0.01154163232,-0.04293650794,-0.03308603566,-0.05798612145,-0.01710432028,-0.06909889191,-0.06762772949,0.004424778761,-0.05013428827,-0.001606425703,0.002688172043,-0.06371938392,-0.009347483668,-0.005254308533,-0.02273052521,-0.06232139855,-0.0588474026,-0.04302670623,-0.02335555815,-0.04659146641,-0.01458868615,-0.05058626466,-0.03603591422,-0.0132791555,-0.0552663825,-0.02348934171,-0.04814262426,0.004863408329,0,-0.05197712012,-0.03897550111,-0.1615384615,-0.001035422343,-0.02581521739,-0.02210314802,-0.03812061874,-0.04735688567,0.0285152409,-0.07756443267,0.02571601452,0,-0.1033043478,-0.02743386144,-0.1426775613,-0.03498944405,0.007018449838,-0.03637303913,-0.01412149151,-0.02433588658
0.04466243344,0.01244167963,0.005490196078,0.01441688144,0.006517471535,0.04156626506,0.00579252238,0.02394198291,0.06385494679,0.03073770492,0.01728783873,-0.01143292683,0.001351351351,-0.002854302025,0.0128498878,0.01536838504,0.040347457,0.04859626621,0.05555607446,0.04180000599,0.01590271282,0.04115942029,0.03316121629,0.02303262956,0.006263048017,0.03112033195,0.03317152104,0.06533234625,0.05726872247,9.176931234e-05,0.04643668058,0.08549222798,0.02638522427,0.01249563269,0.002444987775,0.02537523841,0.03557948147,0.03259563705,0.01811058495,0.02481751825,0.1074351978,0.07174323474,0.0301602262,0.01609010459,0.0509383378,0.06896339046,0.02654763456,0.08218888654,0.03487662607,0.03379195984,0.02630444157,0.06976744186,0.0338549984,0.02932098765,0.01109245183,0.04446012703,0.02115333361,-0.0381872214,0.05960800834,0.07667328162,0.0009109791204,-0.007521419695,0.02646293694,0.1141133263,0.06488991889,-0.02385321101,0.02798537996,-0.001394700139,0.003424657534,0.05486960188,0.03902933363,-0.008604206501,0.01770523182,0.001474781241,0.06349206349,0.02744375485,0.005339730692,0.08357771261,0.01843533049,0.0007925223188,0.04005963029,0.02740455756,0.01473753933
0.01781260647,-0.008448540707,0.01248049922,0.020325526,0.01861964945,0.02197802198,0.03560209424,0.02921838034,-0.002593553168,-0.01835498636,0.01294626967,0.01927525058,-0.008097165992,0,-0.003556519508,-0.0201623094,0.04618340528,0.05757905228,0.07163904399,0.0172827111,0.009208103131,0.05345211581,-0.004858951577,0.06378986867,-0.009336099585,0.001006036217,0.007830853563,0.09890055345,0.05138888889,0.05402677379,0.05675089242,0.1002386635,0.0411311054,0.01956764437,-0.00243902439,0.04957541448,-0.01714866157,-0.0007042037905,0.04778380838,-0.004821389437,0.09229031927,0.0504991192,0.0274473925,-0.03800475059,0.02295918367,0.03479995384,0.04999555651,0.0196212417,0.04348851469,0.05991242901,0.02268907563,0.08043478261,0.0009654000618,0.009495252374,0.03752349316,0.02027027027,0.02417682047,0.02515945355,0.0479164705,0.05445710456,-0.01896752585,-0.002723837976,0.06207760429,0.009418412997,-0.02067464635,0.01315789474,0.03523668011,0.02793296089,0.05460750853,0.05972364965,0.03266026993,-0.01157184185,0.1014576041,-0.003674511234,0.01492537313,0.06757904672,0.03602494034,0.0148849797,0.07243512631,0.02014673343,-0.002958410256,-0.01696624035,-0.01117260989
0.01284111299,-0.0007745933385,-0.01232665639,-0.01992062874,0.04490681644,-0.03452178834,0.003033367037,-0.01324815454,0.0308320951,-0.02105312735,0.02076472367,0.04387291982,0.008163265306,-0.06972226281,-0.003054310557,-0.02378700599,0.0005441559914,0.0023988006,-0.01978415781,-0.006673898535,-0.01094890511,-0.01691331924,0.005608102452,0.002645502646,0.004188481675,0.01708542714,-0.009324009324,-0.01474773025,-0.04491413474,-0.004304507642,0.01967174025,-0.02386117137,0.03456790123,0.006072189373,-0.008964955175,0.03613807983,0.01069973859,0.003492861082,0.00466265976,0.03875798282,0.02669172932,0.008384572387,0.009795191451,-0.01646090535,-0.01246882793,-0.02132320143,0.008754005199,0.002393489708,0.005605026443,0.06887807272,0.01396877568,0.02749832327,-0.03846302226,-0.02574257426,-0.05468141127,0.04602649007,0.01146773609,0.01474672235,0,-0.03178134435,0.01747875459,-0.008149779736,-0.04136152939,-0.01516211803,-0.03666666667,0.009276437848,-0.03793315563,0.005434782609,0.002588996764,0.04542025862,0.02121250798,0.005853658537,-0.02632452687,0.01403434685,0.09558823529,0.05835027849,-0.02306077718,0.01533333333,-0.06754266485,-0.01367579909,-0.00891306598,0.01602836464,-0.03163812943
-0.02707526342,-0.003875968992,-0.005460218409,-0.02643906312,-0.03689315644,-0.03282532239,-0.01310483871,-0.05307211252,0.03351351351,-0.008323310079,-0.008606058665,0.01014492754,-0.001349527665,0.0174548613,0.009707484271,-0.003317382497,-0.02179972354,-0.04756207,-0.0431468019,-0.04092959331,0,-0.02419354839,-0.05091282393,-0.04397537379,-0.01042752868,-0.03656126482,-0.01333333333,-0.05340974212,-0.03734439834,-0.06054306116,-0.02346246785,-0.04444444444,-0.002386634845,-0.05621957494,0.01726973684,-0.03353907935,0.008,0.04897410845,-0.03711226819,-0.02331990672,-0.03030025632,0.01164079823,-0.03086419753,-0.03012552301,-0.01094276094,-0.03520880301,-0.02169509403,-0.04555873926,-0.04142131523,0.01920942869,-0.02998379254,-0.02088772846,-0.03201733269,-0.008130081301,-0.09514472248,-0.05444761,-0.004004667692,-0.03012559403,-0.03678004852,-0.03282455277,0.009045152819,0.02687097491,-0.06846728277,-0.0495026054,0.01960784314,0.03125,-0.06974637681,0.005405405405,0.01355713363,-0.05560995722,-0.03646952957,-0.006789524733,-0.04864088075,0.01603342727,-0.09395973154,-0.01102664773,-0.04271359173,-0.07419566645,-0.0230852953,-0.01541630981,-0.02549433717,-0.0522293361,-0.002334534062
0.08170614053,0.09805447471,0.0007843137255,0.03971619638,-0.02960501281,0.009090909091,0.03166496425,0.006076503411,-0.03486750349,-0.01266252668,-0.01262950491,0.0007173601148,0.005405405405,0.02118771058,-0.004557132726,-0.002621502209,0.0534667686,0.003028535535,0.05746154997,-0.01528652828,0.03597785978,-0.02754820937,0.009559446897,0.0625574977,-0.00105374078,-0.001025641026,0.05484896661,0.05756144812,0.07183908046,0.006990475994,0.03469561516,0.07674418605,0.01674641148,-0.01595621999,0,0.05409356725,0.01981143335,0.01798812435,0.0006899716418,-0.01432602561,0.04682337393,0.02739726027,0.04276615105,-0.008628127696,0.004255319149,0.05733881104,0.001654026636,0.03272290603,0.01116034794,0.068894312,0.04385964912,0.076,0.01239326867,0.05327868852,-0.04535940309,0.02544358889,0.02343229929,0,0.02167311021,0.06929124951,0.05645919179,0.01226211073,-0.01815222065,0.04011961126,0.01583710407,-0.08734402852,-0.01305916719,0.123655914,0.005057324841,0.012879284,0.06470023608,0.0068359375,0.0369185079,0.02367745109,0.1314814815,-0.06529267675,-0.06301144037,0,0.003195731207,0.01095568355,-0.004608294931,0.1078112163,0.009357647461
-0.01204683064,0.003543586109,0.01175548589,-0.01004000314,0.003241660567,0.006606606607,0.05792079208,0.01207960506,-0.0335982659,-0.003636184954,-0.004792554366,0.01792114695,0.006720430108,0.0256927893,-0.003048103986,0.02451197543,0.01849367784,0.003019391201,-0.006194012455,0.009705003128,0.0142475512,0.08045325779,0.01308855041,-0.008658008658,0.009493670886,0.04004106776,-0.01055011304,-0.0117466569,-0.03485254692,-0.007291099724,-0.01135311664,-0.004319654428,-0.004705882353,0.004325406972,0.004042037187,-0.0170815388,0.005149210064,-0.06353291016,-0.00275138559,0.1795859943,-0.0468933177,0.02133333333,-0.02006980803,-0.01218450827,-0.02372881356,0.02547511529,0.01550994447,-0.007364341085,0.01201103717,-0.007973305234,0.050020008,-0.0136307311,-0.04384851586,0.0233463035,0.01080816158,-0.03036238981,0.001300897619,0.02605214804,0.03030333773,-0.007934828608,0.0008553441905,0.02531672613,0.03078174367,0.04240536655,0.02227171492,0.08671875,0.06383843074,-0.07655502392,-0.05124402702,0.05360991379,0.01693428523,-0.02424830262,-0.02466605763,-0.0006940273607,0.03436988543,0.01364540033,0.0609850452,0.1127659574,0.04459771459,-0.01237180531,-0.001555172744,0.0252980278,0.01390518141
-0.01939044083,0.0007062146893,0.06506584043,0.01822359559,0.01097039817,-0.01193317422,0.02573701451,-0.01259850921,0.03887850467,-0.02140356068,0.02248391365,0.02253521127,-0.0520694259,-0.01830352111,0.0540261931,-0.0006629961662,-0.03061576993,-0.0245729831,-0.02906879335,0.008326486397,0.02282704126,0.05715783954,-0.002143714629,-0.03406113537,0.02194357367,-0.00789733465,0.02741812643,-0.04590004402,-0.03472222222,0.02230290993,-0.03966550921,-0.03470715835,-0.01891252955,-0.001081998515,0.02576489533,-0.04552543632,-0.03731517057,-0.02238031265,-0.02206850466,-0.02884346122,0.02015327846,-0.04804177546,-0.005342831701,-0.01585903084,-0.003472222222,-0.002404089286,0.03381031534,-0.03182350644,0.01567189827,-0.01423361541,0.0137195122,-0.001884422111,-0.02774685279,-0.03089353612,-0.0726534987,-0.05387205387,-0.01894244511,0.01136290959,0.01274161308,-0.03732537059,-0.0279971285,0.008751458576,-0.03480926224,0.0204550678,-0.007625272331,0.07836089145,-0.03622279199,0.01554404145,0.01381355706,-0.044847865,0.01545428407,-0.004970178926,-0.03369449648,0.002804749376,0.01582278481,-0.04288134082,-0.01180760202,-0.08731676227,-0.06647455446,0.007841013445,-0.04488270111,0.01505612559,0.04571416812
0.01243484349,0.01199717713,-0.001454545455,0.08964282935,-0.01806840735,0.004830917874,0.01824817518,0.0006715398331,-0.0284274919,0.01123822003,-0.01334962185,-0.01652892562,-0.001408450704,0.01275370511,0.02852919603,0.04597900081,-0.008040447236,0.02313460132,-0.01496091526,0.008260004643,-0.01716738197,-0.03869047619,0.007905817651,0.00452079566,0.001022494888,-0.05074626866,0.02372127502,-0.0124581087,0.01726618705,-0.03806729067,0.005985672305,0.01123595506,-0.01686746988,0.01293433013,0.0251177394,-0.00700280112,0.02007619278,0.01361691496,0.03173384301,0.08054594387,0.03283249861,-0.001097092704,-0.008057296329,-0.01253357207,-0.01045296167,-0.01606588573,0.01897959897,-0.0202661827,0.08130117981,-0.009913437017,0.01090225564,-0.1107614852,0.09217827887,-0.01029916626,0.04262637937,-0.06975088968,-0.0372788431,-0.025653457,0.000972280289,0.008308408109,0.08110009144,0.002561348426,-0.002075210665,-0.0509009009,-0.0241492865,0.03333333333,-0.00322635422,-0.02551020408,-0.01444233607,-0.03704893458,0.02081121257,-0.004995004995,0.02617170103,0.005593809517,-0.003115264798,-0.01224850969,0.004771387847,-0.01536312849,0.03200767225,0.0287603383,-0.006485523609,0.01306447782,0.03497171695
0.00055071016,0.03207810321,-0.03277494538,0.005498821681,0.02126207476,-0.008413461538,0.05286738351,0,-0.01407407407,0.02845609489,0.02069858751,0.03151260504,-0.005641748942,-0.02034604852,0.007056026798,-0.027246153,-0.003772144509,0.03166055948,0.04558194941,0.03843557763,-0.01310043668,-0.009287925697,-0.005712336943,0.01260126013,0.02145045965,0.004192872117,-0.0246198407,0.0504364933,-0.0198019802,0.06794441581,0.008642390792,0.1688888889,-0.007352941176,0.04147359151,0.009954058193,0.02538787024,0.006520837038,-0.02258511786,0.04853178402,0.0156555773,0.04463002874,0.002745744097,0.01624548736,-0.01178603808,-0.007042253521,0.03918771104,0.01552745318,0.03097663888,-0.0190265579,0.02553963359,-0.01561918929,0.08987968861,0.003024315497,0.01585728444,0.0541332348,0.00688599847,-0.001389328308,-0.02959565584,-0.008712882828,0.02471984179,-0.03708523097,0.003543761332,0.01754994013,0.03440911248,0.005624296963,0.01290322581,0.0528109029,-0.004188481675,0.02001550968,0.004670299122,-0.01567159004,0.05823293173,-0.01700280827,0.01459544654,-0.0015625,-0.003583384412,0.01348156346,0.08014184397,0.008857267315,0.004542048009,0.0065278602,-0.001172363485,0.02112034817
-0.02510112129,0.01891891892,-0.02710843373,-0.01818181818,-0.04202436642,0.01575757576,-0.01787234043,0.01275069423,-0.00826446281,-0.009012937927,-0.001564208359,-0.008146639511,-0.02553191489,-0.01285463755,0.01773643211,-0.02035493565,-0.01570916631,-0.03361271739,0.004842006501,-0.01577605266,0.002654867257,0.03229166667,0.0452466701,-0.006222222222,-0.023,-0.0375782881,-0.01336302895,0.007093360802,-0.0404040404,0.03179606391,-0.02250190185,-0.01330798479,-0.03456790123,-0.03217168972,-0.005307050796,-0.03163686382,0.03256964486,-0.01516297837,-0.01173553306,-0.02706253284,0.0427232872,0.02519167579,0.04174067496,0.02752293578,0.0008865248227,-0.04320931155,-0.0137587822,-0.03753244161,-0.02730694796,0.001768721922,-0.03891197582,-0.007792207792,-0.004020262121,0.008292682927,-0.01151756429,0.004559270517,0.0007025180451,-0.004525693903,-0.009749740334,-0.03350487831,-0.02763513514,0.009136076209,0,0.0240880936,-0.01677852349,0.05732484076,0.004099244876,0.009463722397,0.01945234569,0.0009407858329,0.01831630856,-0.1024667932,-0.03459380844,-0.008902813132,-0.01095461659,0.0606634174,0.01643917209,-0.01510177282,0.03514680484,-0.0007460493297,-0.02269306036,0.01053757271,0.01654556288
-0.001706865538,-0.01127320955,-0.01702786378,-0.007450810185,-0.007941831451,0.03221957041,0.003466204506,0.02717585858,-0.02803030303,0.009094909784,-0.02656126356,-0.01300479124,0.03056768559,0.005005005005,-0.0311857545,0.0006655862947,0.02862245833,-0.03175634791,0.003443101292,-0.008015567296,0.002647837599,-0.007568113017,0.006207443463,-0.02862254025,-0.001023541453,-0.001084598698,0.01354401806,0.009205234896,0.01203007519,-0.02676849642,-0.006021217624,0,-0.02046035806,-0.05541572192,0.005335365854,-0.007102272727,0.06428245494,-0.03079286835,-0.01055229477,0,-0.01953833471,0.0235042735,-0.04433077579,-0.01428571429,-0.0354295837,-0.04104718553,0.01808343037,0.01037129226,0.03668802064,0.01151170592,-0.009040880503,-0.03141361257,-0.02312908695,0.07885824867,-0.00531928367,-0.04236006051,-0.02283645574,-0.03744513124,-0.05517568945,-0.02634644184,0.006010701133,0.02811628995,0.001021830005,-0.01993727599,0.04436860068,-0.07530120482,0.01122690159,0.02395833333,-0.04075964666,-0.03914413667,0.01879395826,-0.009513742072,-0.03580652104,0.05255324473,-0.006329113924,0.03618112871,-0.06313054858,-0.04533333333,0.02060565613,0.01429864253,0.02736596198,-0.009266190021,0.02746632094
0.01089000829,0.02414486922,-0.0157480315,0.02244734349,0.0214739689,0.05028901734,-0.02763385147,0.05870488874,0.02689010133,0.05766342007,0.01284240951,-0.001386962552,0.05225988701,0.01495818528,0.0454550401,0.02790711125,0.002671296915,0.02601610962,0.01304387561,0.01180989279,0.01056338028,0.09405185562,0.00682139363,0.007366482505,0.004098360656,0.04451682953,0.04974016333,0.02416215594,0.002971768202,0.01672454044,0.009917582418,-0.04238921002,0.005221932115,0.01006408421,0.008339651251,-0.01867747576,-0.01184415028,0.02268899237,0.02666687986,-0.04356827797,-0.04372319852,-0.04801670146,-0.0133809099,0,-0.0009182736455,0.02996874273,-0.00100921752,-0.04126462739,0.01615522514,0.01843253622,-0.04165013883,-0.02027027027,-0.02987479856,0.01479820628,0.08635310296,-0.0102685624,0.005662928946,-0.02124243834,0.00104730685,-0.03418024382,0.02911414264,-0.04836252103,0.07708487998,0.02948571429,-0.02178649237,-0.04951140065,0.04839309429,0.04526958291,0.00170234441,0.01064503136,-0.00153915799,-0.02027748132,0.06191233504,-0.029569657,0.006369426752,-0.009730474468,0.05423916103,-0.06354748603,0.03798158139,0.006669343326,0.02017766339,-0.007034180909,-0.008910035973
-0.003408750862,0.007203667322,0.016,0,0.002488813577,-0.001100715465,0.02042628774,0,0.02314990512,0.001695148211,0.004758893537,0.01736111111,0.005369127517,0.006869358418,-0.002716769023,0.003769975242,0.01174459393,0.0005188594117,0.0359049642,0.01044190494,0.008710801394,0.008364312268,0.03662914676,-0.004570383912,0.02857142857,0.01247401247,-0.007779349364,0.02096077726,0.005925925926,0.001013014829,0.008188025353,0.02414486922,0.02337662338,0.0121658745,0.003007518797,0.01320158743,0.009599739668,0.01479041529,0.0136334329,-0.004235294118,-0.002110261145,0,0.01356238698,0.04981884058,0.02481617647,0.01744997861,0.007116558908,0,0.004317054441,0.01809892709,0.01738410596,0.01793103448,0.02125393986,-0.004860804242,0.03338021566,-0.000798084597,0.007746182939,0.01927876958,0.01040980091,0.0250678306,0.02661252433,0.01436859288,0.004250430787,0.01776198934,0.001113585746,0.06648389308,0.003850830969,0.02287104623,0.01393014853,0.01440446368,-0.004624591948,-0.003812636166,0.002916447714,0.01151515152,0.006329113924,0.03686956522,0.001552457233,0.03430275913,0.003438681226,0.007378520308,0.02769000906,0.008264679645,-0.004994743427
0.007402185407,0.0006501950585,0.008661417323,0.04740181054,0.01315268204,0.002203856749,-0.0008703220191,0.01096807631,-0.01557863501,0.03915111599,-0.007891233308,0,0.01335113485,0.01171326215,-0.005458777359,0.0138460676,0.02953632793,0.02635791752,0.02943528275,0.004255560105,0.003454231434,-0.001843317972,-0.01111863348,0.02938475666,0.005952380952,0.02823408624,0.02066999287,0.02669838752,0.0029455081,0.03684606191,0.01462414333,0.02750491159,0.03807106599,0.01695243839,0.005997001499,0.01438848921,0.007144775719,-0.02332612016,0.01153257576,0.01672967864,0.02916556525,0.01370614035,0.02943800178,-0.01725625539,0.02242152466,0.01470739892,0.007567820601,0.0108137045,0.01454876108,0.02198579172,0.02196908055,0.01422764228,-0.01559828169,0.01198934281,0.005217312404,0.04632587859,0.02236492779,0.0100517748,-0.02061546108,0.0589792278,-0.008106959563,-0.003033905949,0.001401281171,0.0719895288,-0.007786429366,0.004498714653,0.01912982031,0.03044719315,0.03043380713,0.01330190268,0.004646078163,0.02788408967,0.03486940347,0.00133855156,0.006289308176,-0.001593425025,0.015569619,0.03244412401,0.001151018913,0.01244941052,-0.005398319728,0.001144968643,0.01907489951
-0.0186351502,-0.02404158545,-0.05386416862,0.01919150674,0.03164672454,-0.02968664101,-0.01132404181,-0.1133195699,-0.03541823662,0.005985915493,-0.007148840652,-0.03754266212,-0.04347826087,0.01543108087,0.02374955397,-0.01241291607,-0.02459662809,0.00494288225,-0.05844849995,0.01089525891,0.02151462995,0.006463527239,-0.01456144509,0.03300624442,0.01873767258,-0.01697453819,0.04329608939,-0.06799261929,-0.03671071953,-0.00619079932,-0.03575417509,-0.003824091778,-0.007334963325,-0.03062845523,-0.0305514158,-0.04121355398,-0.004747173032,0.03730735395,-0.06143162231,0.04099656038,0.05265410959,-0.01352082207,0.008665511265,-0.02546093064,0.1105263158,-0.03783821816,0.02152631055,-0.01069801928,0.03458741572,0.1200500758,0.003184713376,0.03740814963,-0.004236749566,-0.01360245722,-0.01746626348,0.0534351145,-0.004785729824,-0.05149045233,0.002103883197,0.03667680939,-0.0392182711,-0.009129415635,-0.02387411829,-0.022995523,0.06726457399,-0.02751119642,-0.04041404586,-0.01662049861,0.005737925381,-0.06264539714,0.004601922379,0.008510638298,0.04214976457,-0.03543056475,-0.0109375,0.01348173037,0.01149090061,0.03212290503,-0.03190405268,-0.01661959592,0.0596079653,-0.0373768617,0.03645409335
0.006325269385,-0.002663115846,0.01402640264,0,0.04328490208,0.00283286119,-0.03436123348,-0.01359513076,0.013671875,0.02660133007,0.02481200544,-0.002836879433,0.02479338843,0.009017094017,-0.03300905186,0.004394927638,0.08509057536,0.04376434583,0.01078992722,0.02634604906,-0.03622577928,-0.01376146789,0.01544463446,0.09067357513,-0.03872216844,0.08024377857,0.02409638554,0.01339809848,0.04268292683,0.01199105815,0.03707993767,0.1113243762,0.07881773399,0.06705998033,-0.004611837048,0.07857318978,-0.03076263465,0.04604849856,0.05263191965,0.007858546169,0.08849125661,0.02192982456,-0.01718213058,-0.02072072072,0.01342812006,0.03430484347,-0.006865409813,0.01884368308,-0.01874347818,0.1234190246,0.03571428571,-0.04314230522,0.06258775475,0.1045373665,0.02402388608,0.04782608696,0.0006830601093,0.04379366586,0.0152343173,0.08255149641,-0.00679175385,-0.008196721311,0.00766507709,-0.02666111227,-0.03991596639,-0.1118421053,0.005883870968,0.0234741784,0.0187965616,0.07675943982,-0.007649779984,0.0664556962,0.06199140088,-0.009701049297,0.06161137441,0.06249222991,-0.002277838648,0.1075778078,0.007665317139,-0.005147464929,0,-0.009099500473,0.01330881276
-0.01658640282,0.0300400534,-0.005695687551,-0.03078258547,-0.05582735904,-0.01807909605,-0.01824817518,-0.00895862872,0.01502890173,-0.008438458916,0.02578592725,0.03342816501,-0.02956989247,0.005175553767,0.0009223038514,-0.02251950948,-0.05906518718,-0.04287180346,-0.02202828283,-0.0297540043,0.006993006993,-0.04930232558,-0.04628703752,-0.02375296912,-0.02316213494,-0.03149976493,-0.03137254902,-0.01006337884,-0.0350877193,-0.00266186053,-0.0437586427,-0.04663212435,-0.06621004566,-0.02700987017,-0.003088803089,-0.0151642155,-0.02079071053,0.003453246051,-0.01538352736,0.003898635478,-0.00620189793,0.009656652361,-0.04807692308,0.002759889604,0.008573655495,0.008900585255,-0.01381483541,-0.01313577133,-0.02578302133,-0.07828454731,-0.05440613027,-0.0201884253,0.02991110755,-0.01369311317,0.01222356794,-0.06915629322,-0.0006825938567,0.007696254489,-0.02742388029,-0.01452503147,-0.01882231048,-0.02376817659,-0.008100339692,-0.01390969399,-0.01859956236,-0.02222222222,-0.01852326954,0.09128440367,0.03097461282,-0.06014707496,-0.03549663453,-0.05539070227,-0.0532949061,-0.01608689857,0.002976190476,-0.01840945435,0.01366933503,0.1111789859,-0.007607007018,-0.02513767987,-0.001469972975,0.003678674587,0.008441954525
-0.03313184687,0.00583279326,-0.03764320786,-0.04409231829,0.0431470128,-0.01841196778,0.003717472119,0.01043032066,-0.001138952164,-0.02561677985,0.0007636383471,-0.008947006194,-0.002770083102,-0.01498323024,0.01843967124,0.01599566606,-0.01543104186,-0.02754923414,-0.02798618456,-0.03427490586,-0.02430555556,0.05870841487,0.02841928096,-0.02189781022,-0.007216494845,0.007281553398,0.01821862348,-0.04330166598,0.004545454545,-0.02741249409,-0.02176119694,-0.08333333333,-0.0293398533,0.01067031464,-0.003872966692,0.04464562055,0.02371675419,0.0006583475477,0.01757569133,0.05834068844,0.1127819549,0.009032943677,0.01744719927,-0.01009174312,-0.0170015456,-0.01363409848,0.02252172567,0.005324246619,0.006837747662,-0.08638222929,-0.01296596434,-0.05494505495,-0.0009719684305,0.03674969375,0.00276971483,-0.02080237741,0.01579234973,0.02520366599,-0.02127341304,-0.04544561266,-0.02094332981,0.003171949677,-0.001902587519,-0.05577256944,-0.01783723523,-0.125,-0.02279381012,0.01975620008,0.01167569927,0.01868504029,-0.02720735589,-0.01465968586,0.04288579091,0.009956246698,-0.0118694362,0.009019748083,-0.00374425058,0.387575591,0.01176788124,-0.005307517084,0.002196881334,0.05552086444,-0.05767401868
0.03908363235,0.0199742268,0.007653061224,0,-0.03521455797,0.0005861664713,0.01018518519,-0.03991425475,0.00722158875,0.009880899868,0.01978494289,-0.002083333333,-0.01944444444,0.009983916227,0.005428621941,0.02581876351,0.04493185227,0.0465561081,-0.002108180249,0.02179228068,0.008007117438,-0.003234750462,0.005392643468,0.004145936982,0.007268951194,0.03662650602,0.02451954937,0.03576311434,-0.0407239819,0.02980495288,0.04619627018,0.001976284585,0.02770780856,0.007933863646,0.01088646967,-0.03473816754,0.030503613,-0.005472651694,0.02687183705,-0.01100825619,-0.06081081081,0.074776198,0.04332129964,0.03058387396,0.03852201258,0.004878549381,0.01028297092,-0.007944073721,0.02710387432,0.00783509001,-0.00328407225,0.05377906977,0.0116360523,-0.02205592753,0.0494961994,0.007587253414,-0.02907633547,-0.007427139535,-0.004344978166,0.0231612538,0.02940859249,0.02215480591,0.02307985571,-0.03148701448,-0.007945516459,0.04761904762,0.06398459234,-0.04286892003,-0.0109776851,0.0009744354007,0.03618429025,0.02922422954,0.002571587434,0.004224898737,-0.009009009009,0.009647948334,0.0188011523,0.3332012678,0.02208824628,0.02514484622,-0.0007231556706,0.005195740522,0.02961542412
-0.006361897678,0.00947567909,-0.07594936709,-0.02212612613,0.04284658323,-0.01933216169,0.03024747938,0.01576930999,-0.02452830189,-0.01301651088,0.01641572244,-0.006263048017,-0.01841359773,0.04658845453,0.01529804818,0.01720788991,0.007010609528,-0.04545259084,0.01829813696,-0.01157741454,0.03442188879,0.04218822439,-0.01675828574,0.009083402147,0.02680412371,0,-0.05174644243,0.03832615442,0.1289308176,-0.04114658993,0.003274367544,-0.02169625247,-0.02941176471,-0.03774559428,0.01923076923,0.2171577655,0.02007279735,0.005502766418,0.04299176029,-0.02605615988,0.01438848921,0.0117589417,0.01211072664,-0.007194244604,0.01892505678,0.03398405279,0.05135175632,-0.0134529148,0.05034753341,0.07906833256,-0.03542009885,-0.01517241379,0.03931525293,0.01490132904,-0.01278002358,0.04518072289,0.04386791146,0.03745906114,0.01964869191,-0.01006086825,0,0.02581305911,0.005159662902,0.02301850973,0.06636155606,-0.001652892562,0.007592518101,0.01119724376,-0.01377747619,0.05216743973,0.0357159564,0.001548786784,-0.005129982669,0.01542612157,0.04545454545,0.02940832326,-0.01033659473,-0.1824665676,0.02218510205,0.03196693846,0.008028313941,0.02300409417,-0.02828402571
0.01514442677,0.001251564456,0.03196347032,0.04901238208,0.01522706164,0.01433691756,0.0115658363,0.02399240808,-0.01586073501,0.02690741724,0.03083637566,0.02591036415,0.03607503608,0.0220306746,-0.01595387029,0.01869184014,0.01340715186,0.02633120101,-0.009670645909,0.0567185871,0.01706484642,-0.00756227758,-0.001356999403,0.03109656301,0.01104417671,0.0330079033,-0.008867667121,0.03169257533,0.02228412256,-0.007594325967,0.0380401663,0.01008064516,0.05303030303,0.1231106149,0.0158490566,-0.0158870256,0.01159678858,0.008223930141,-0.01433876625,-0.03818181818,0.007092198582,-0.01404358354,0.05042735043,0.08333333333,0.03046062407,0.02972929852,0.0004580991937,0.02716450216,0.01177496729,0.006461204185,0.05294619983,-0.02240896359,0.0359773476,0.003968253968,0.01605920365,0.03818443804,0.02335425485,-0.007212539735,0.008032776308,0.01270389756,0.03548353299,0.01206218546,0.0182227799,0.01484574345,0.07296137339,-0.06622516556,0.01517041769,0.04557069847,-0.01244639939,0.01012299989,-0.01072694835,-0.003092783505,0.08247973428,0.008970379334,0.002898550725,0.03641116963,0.005969669161,0.08251544893,0.03173833112,0.04180015586,0.01449291619,0.02248680557,0.00148053394
-0.005740921181,0.05125,-0.01150442478,-0.0179863697,-0.02400269639,0.03651354535,0.02022867194,0.03307801373,0.02122641509,-0.04757800379,0,0.03003412969,-0.009749303621,-0.003516079729,0.05585348683,0.03791218946,-0.02009947815,-0.03553165807,0.02442114866,0.009334835491,-0.01929530201,-0.01120573734,0.01910533754,-0.06587301587,0.02184707051,0.03375337534,-0.0006882312457,0.03627480652,0.06539509537,0.01983606079,-0.01779470855,-0.04590818363,-0.02877697842,-0.04025998853,0.04754829123,0.04388212684,0.009181450358,-0.04075458267,0.01575963719,0.04365829508,-0.03697183099,0.02357563851,-0.02034174125,0,0.02018745494,0.03951775938,0.03224559154,0.007902223159,0.02173913043,-0.03783660948,0.001622060016,0.01790830946,0.007145664368,-0.009486166008,0.04922127535,-0.04233171409,-0.03389478871,0.004460539681,-0.02549578093,-0.03387023935,0.01672906337,0.02087737312,0.03397283294,-0.02011428571,0.004,-0.04343971631,0.03637614904,0.006109979633,-0.001754255001,-0.03820043103,0.05732091494,0.009307135471,-0.007145309416,0.03491070265,0.04335260116,0.02273890473,-0.001485912049,-0.02283411686,0.01885811864,0.02350032206,0.08142504893,-0.007705856451,0.1142839684
-0.01904383525,-0.03151010702,0.0008952551477,0.007369249481,0.00155402072,0.01477272727,-0.006034482759,0.008004723093,0.02771362587,-0.007873303167,0.004984441837,-0.03644797879,0.008438818565,-0.01148347413,0.01023659878,-0.01996794953,0.02151029748,0.01483639012,-0.01702783825,0.01907684789,-0.003421727973,0.02946509519,0.0006666844449,-0.01784197111,-0.00583090379,0.02350892468,-0.01308539945,-0.00972129506,0.02685421995,-0.01328146601,0.01866167251,0.05230125523,0.02469135802,-0.01768783364,-0.03333333333,0.02878183492,0.02842456952,0.03682745826,0.00596735556,0,-0.02925045704,0.03166986564,0.02491694352,-0.02257525084,0.0007067137809,0.01681453616,-0.02632927863,0.02101191721,0.003796771827,0.002214218233,-0.01376518219,-0.02603800141,0.0733619497,0.01276935355,0.04773241043,0.0652173913,-0.02092420846,0.04291241646,-0.003273089512,0.005193725979,-0.01479515674,-0.003884988562,0.00222113874,0.07487753674,-0.00796812749,0.0296570899,0.01081440023,-0.05101214575,0.009958247648,-0.02644109574,-0.01317011033,-0.006147540984,0.04075987119,-0.008590719,0.04570637119,0.01619245067,0.009653964247,0,0.02171536836,0.002720370295,0.007269715653,-0.009959815595,0.01414816479
-0.009409763473,-0.004297114794,-0.02325581395,-0.05276988636,-0.05676920425,0.003359462486,0.02862098873,-0.02448523204,0,-0.02713673265,-0.03897441103,0.01100412655,0.02789400279,-0.02188313985,0.02618629345,-0.026214701,-0.08467741935,-0.02722095161,-0.06929962167,-0.06296065239,0.03175965665,-0.07529722589,-0.04218633408,-0.02941176471,-0.0146627566,-0.07954062101,-0.01535240754,-0.05104276385,-0.06475716065,-0.005681708378,-0.03191947114,-0.1013916501,-0.07951807229,-0.0375537351,-0.01393983859,-0.08977570985,-0.02763894442,-0.002743729683,-0.04626357807,-0.02277039848,-0.06967984934,-0.04,-0.03646677472,-0.04362703165,-0.03248587571,-0.07404770381,-0.02932928373,-0.02825842121,-0.03027755952,-0.08510324918,-0.02463054187,-0.01011560694,-0.03457051261,-0.06737588652,0.01559964104,-0.07619047619,-0.02067225969,-0.01389123103,-0.02787418179,-0.09429575282,-0.03841880198,0.006830195403,-0.03589189189,-0.03472222222,-0.00702811245,-0.0801080108,-0.0124818169,-0.1040955631,0.006022163536,-0.06893377064,-0.008926422649,0,-0.1820088461,-0.01335349275,-0.01986754967,-0.04840128038,-0.03602645547,-0.05463917526,-0.05180324751,-0.01012309686,-0.02033213553,-0.03356657287,0.006973649095
-0.04809540034,0.01294697904,-0.02472527473,-0.02489315438,-0.01543161523,-0.01785714286,0.03794266442,-0.04002401597,-0.04119850187,-0.05813135812,0.004421440212,-0.03537414966,-0.01899592944,-0.01917544754,-0.00905144284,0.03110506957,-0.05882614693,-0.0186704776,-0.01042849675,0.004840409613,0.008319467554,0.01238095238,-0.009098244345,-0.02406417112,-0.001984126984,-0.03881700555,-0.01488306166,0.00361844296,-0.0119840213,-0.02756020291,-0.03135564684,-0.02212389381,-0.02617801047,0.009101634923,0.004464285714,0.004849596959,0.02955538422,-0.01916923353,0.02798418972,-0.02727272727,-0.01012145749,0.03875968992,-0.0487804878,0.01252236136,-0.02919708029,0.0007764736037,-0.005663447298,0.002634074386,0.003900508762,-0.0428875008,0.006734006734,-0.01240875912,0.00681250214,0.02281368821,0.06414739613,-0.03313696613,-0.01266797312,0.0324918236,-0.01969180017,-0.02709795197,0.01302612228,0.008750196634,0.09744337295,-0.001798561151,0.006066734075,0.04598825832,0.04599667379,-0.01142857143,-0.02952577218,-0.02923181509,-0.01123645114,0.03092783505,-0.08732737612,0.002034640397,-0.03918918919,-0.03833216279,0.03737286741,0.03307888041,0.09836024471,0.01022662194,-0.02275388298,0.007523640205,0.03636417177
0.02183374853,-0.007912355447,0.01126760563,0.03144944252,0.03715490492,0.01136363636,0.01787164907,0.02826625513,-0.0046875,0.03085958887,-0.01394961013,0.009873060649,-0.005532503458,-0.006519571284,-0.01578666056,-0.009848778596,0.02614533592,0.02271339315,0.01806191877,0.0138556167,0.01237623762,0.0009407337723,0.01766159376,0.008219178082,-0.009940357853,0.02788461538,0.009352517986,0.03711568237,0.08760107817,0.002828133432,0.02342978712,0.09502262443,0.05107526882,0.009520628027,0.002222222222,0.09013239418,-0.004393409885,-0.006982133057,0.01633459661,-0.04400689593,0.1124744376,-0.006529850746,0.02475685234,-0.0167844523,0.05488721805,0.006206969282,0.02563591546,0.05275325767,0,0.01436452937,0.05434782609,0.0229120473,0.03560013601,0.05741429162,0.01773788912,0.0365575019,0.03206918551,-0.03881907207,0.02352168351,0.08795590477,-0.09595575527,-0.01444416288,0.02260651885,0.05247747748,0.002010050251,-0.00561272217,0.01208376868,0.004816955684,0.02610124502,0.05907817673,0.0121232418,-0.0015,0.04010903427,0.006065824477,0.001406469761,0.005804120541,0.000736947173,-0.1118930331,0.03481178807,0.04312439261,0.01369877538,0.01207068511,-0.01253234207
0.00487593,0.008588957055,-0.006499535747,0.009542269271,-0.003988953667,0.07415730337,0.01197126895,0.001374461867,0.005494505495,0.02336922408,0.009682702929,0.006983240223,-0.005563282337,0.005626080722,0.009280629958,0.007022765246,0.04206597862,0.01240210376,0.03695022009,-0.001185686613,0.007334963325,-0.0009398496241,-0.01873465221,0.04981884058,-0.006024096386,0.04583723106,-0.03349964362,0.0328015697,0.04213135068,0.005181915116,0.01036656613,0.02685950413,-0.005115089514,0.0262450364,0.0036954915,0.01322165719,0.02657707351,0.01547483804,0.01190343626,-0.04185649203,-0.04044117647,0.06103286385,0.002588438309,0.01707097934,0.00142551675,0.05088412763,0.0287075957,0.03264124576,0.01244439439,0.02251848904,0.01586042823,0.06069364162,0.004892143021,0.016796875,0.02761865083,0.02645113887,0.01934145638,-0.01693016844,-0.008399765797,0,0.04549973235,0.01659414557,0.02375540179,-0.019045581,0.008024072217,0.1401693321,-0.003411284169,0.03547459252,4.927322001e-05,0.01827362347,0.02845609159,0.05007511267,0,0.04159162036,0.04775280899,0.01440745978,0.03306362908,-0.1533280507,-0.01442689491,-0.001940918443,0.01554279498,0.001137081491,0.02115119653
-0.003639203001,-0.01277372263,0.03551401869,0,-0.00718833436,0.008891213389,-0.01104100946,0.0144120408,0.01327088212,-0.02108987969,0.01696142935,0.01803051318,-0.005594405594,0.001862072436,0.001681479702,-0.005236823685,-0.02124508113,-0.006624169143,-0.009257821263,0.003567676087,0.008899676375,-0.004703668862,0.01060060736,0.0008628127696,0.01414141414,-0.008944543828,0.002949852507,-0.003861561971,0.0225921522,0.03543209509,-0.01889329658,0.008048289738,-0.02570694087,0.01174905786,0.00147275405,0.006554085971,0.001074638531,0.004837783086,0.002353246577,0,-0.02298850575,0.009734513274,-0.01893287435,-0.02738515901,0.001423487544,-0.01614247551,0.02429761597,0.01449975834,0.005376344086,-0.004086663207,-0.02654176425,-0.03269754768,0.01221982618,-0.007299270073,-0.02192678683,-0.01145311382,0.01016104036,-0.002760736196,0.01073058842,-0.04715964213,-0.005449093037,0.0163427304,0.01119949248,-0.01047120419,-0.005970149254,-0.0198019802,0.01878124578,-0.009259259259,0.03435405991,-0.01493506494,0.03275207516,0.01430615165,0.005936781302,-0.01158926184,-0.002680965147,-0.007836045811,0.005684637943,0.05334581189,0.01463807691,0.001283497336,0.0006591618345,0.009641595154,0.002486366424
-0.004268241485,0.03758471965,0.04422382671,0.0378083001,-0.01448076127,0.02021772939,0.01355661882,0.05480730349,0.01694915254,0.006603046077,0.04350664767,0.04359673025,0.01125175809,0.02325776096,0.04507434053,0.01696593782,-0.007611862761,0.0118066181,-0.03310139425,0.001777496512,-0.01122694467,0.01417769376,-0.009793828775,0.01293103448,0.03585657371,-0.001805054152,0.01544117647,-0.05505918448,0.008139534884,0.001627682085,-0.03024945175,-0.005988023952,0.005277044855,0.06164847423,0.02941176471,-0.00868187951,0.002195764614,-0.01928805705,-0.03051475349,-0.01307578009,0.01176470588,0.005258545136,0.008771929825,0.008174386921,0.002842928216,-0.04250266094,-0.04305542075,0.01676989042,-0.02673796791,-0.0507392692,0.04570970329,0.05563380282,0.01207230471,-0.02979876161,-0.03903348935,-0.04779145547,0.002014434558,0.03897701806,-0.007268764535,-0.01272696419,0.02095973525,0.02362219797,-0.03165793982,0.01962081129,0.001001001001,-0.0765993266,-0.04363395225,-0.04205607477,0.01350434068,-0.04650326602,-0.06342679128,-0.01175364363,0.01475435985,0.01237034096,-0.02419354839,0.08805437424,0.001417612489,0.1816970235,-0.05960469426,-0.0297350839,-0.01462581183,0.001674916254,0.009917492022
0.01652776411,0.01781472684,-0.004321521175,0.009107727337,0.03757346767,-0.008130081301,0.007867820614,-0.007055232815,-0.001515151515,0.01661479531,0.006953529378,0.01109660574,0.004172461752,0.02090458346,0.01117954272,-0.007482958331,0.02080298616,0.03349433485,-0.03571171236,0.02366850107,0.01784266018,-0.01025163094,0.0261316699,0.0008510638298,-0.01923076923,0.0226039783,0.007965242578,-0.01840598469,0.01384083045,0.03370518004,0.01248003618,0.006024096386,0.02362204724,0.02904369688,-0.01357142857,0.04361204805,-0.008617751595,0.001411389298,0.02481721729,-0.03984743551,0.005813953488,0.02702702703,0.006956521739,0.01711711712,0.02055279943,-0.03894463812,0.008266223097,-0.04938618686,0.01333838575,0.04569781803,0.04294478528,0.03135423616,0.003986732155,0.03151176705,0.01879976276,0.01901140684,0.009372919718,0.02089324987,0.02816757956,0.05299644781,0.004466054385,0.009238307183,0.0441304727,0.0172972973,-0.012,-0.08842297174,0.02810520963,-0.01365853659,0.008260190114,0.02224875872,0.009779137839,0.01236917222,0.002907966781,0.01480519162,0.01928374656,-0.007886930728,0.02401153987,0.07706766917,0.001008679334,-0.001981704266,0.004052811899,0.04879083581,0.009001486604
-0.02650389194,-0.002333722287,0.01302083333,-0.01078832323,-0.05039955493,-0.001024590164,-0.04449648712,0.005167536585,0.0003793626707,-0.01521288621,0.01172807253,-0.02324080052,-0.01108033241,-0.05253372016,-0.01342507284,-0.008701265169,-0.05039018952,-0.0009827473247,-0.04552459767,-0.02138586715,-0.004780876494,-0.02259887006,-0.02270051206,-0.05442176871,-0.02450980392,-0.02564102564,-0.04310344828,-0.06146075451,-0.04550625711,0.002210118459,-0.03193924842,-0.06986027944,-0.04102564103,-0.02867978194,-0.01158580739,-0.03237695623,-0.05102642177,-0.02104908389,-0.02362691071,-0.02299811834,-0.04816955684,-0.02801358234,-0.02158894646,-0.02125775022,-0.03125,-0.08022724233,-0.001820760696,-0.04209384858,0.006207463914,-0.02473753281,-0.03235294118,0.002587322122,-0.01823437847,-0.02281515855,-0.03101349563,-0.05597014925,-0.01193710924,-0.01050211285,-0.02191452126,-0.05985091681,-0.009788805622,-0.01463857543,-0.03520118371,-0.02231668438,-0.03036437247,-0.06,-0.03754327593,-0.07022749753,0.01230625801,-0.04980018445,-0.005226519094,-0.03336466165,-0.06956271877,-0.006980592022,-0.02702702703,-0.03714516867,-0.01034184071,-0.05584642234,0.001031096947,-0.01401981628,-0.03226041363,-0.02298686465,0.03162979526
-0.01732659206,-0.0350877193,0.00942587832,-0.01283056526,-0.02569838353,-0.0005128205128,-0.03513071895,0.01285242608,-0.004171406902,-0.02486967335,-0.02864879577,-0.004626569729,-0.02941176471,-0.02068142985,-0.009614676873,-0.01169484021,-0.04512796431,-0.03440813204,-0.01697834405,-0.03366965605,-0.01601281025,-0.03564547206,-0.0493135332,-0.03776978417,-0.006030150754,-0.05626134301,-0.04804804805,-0.03995808925,-0.06436233611,-0.04399416856,-0.03530022495,-0.0686695279,-0.04812834225,-0.02047903292,-0.01318681319,-0.05508350425,-0.01490451793,0.005007667992,-0.04537355705,0.02118553392,-0.07085020243,-0.006113537118,-0.01235657546,-0.02262443439,-0.05663082437,-0.0396430924,-0.03650179385,-0.03879798292,-0.05004088004,-0.255298392,-0.01595744681,-0.0535483871,-0.06128458178,-0.07756232687,-0.07012944454,-0.07509881423,0.02013109239,-0.01538654776,-0.03529067543,-0.01736211586,-0.03946987254,0.01577749779,-0.05597744082,-0.05586956522,-0.02296450939,-0.06914893617,-0.04877137251,-0.05212765957,-0.0558216103,-0.06114526043,-0.06666813837,-0.002430724356,-0.09657766922,0.03001593228,-0.03194444444,-0.03718993168,-0.04181732988,-0.07541589649,-0.02551677318,-0.02640411725,-0.09722326736,-0.02136002728,-0.005503484701
-0.003150653255,-0.006060606061,-0.007640067912,-0.01104772908,0.02807084677,0.01282709082,-0.0008467400508,0.01205487044,-0.0003808073115,0.01824513218,0.005618542628,0.001328021248,-0.02308802309,-0.00479369823,0.0121326979,0.004164031204,0.004721156683,0.00407507188,0.002468791686,0.009171117549,0,-0.004995004995,0.001503094607,-0.01121495327,0.001011122346,-0.02307692308,-0.04337539432,0.0150312531,-0.02547770701,0.03086574655,0.007802690583,-0.04608294931,-0.002808988764,0.00971580783,0.01039346696,-0.03311627907,0.02090885211,0.0442216063,-0.01013770253,-0.00230511316,-0.02396514161,0.01054481547,-0.01161751564,0.03425925926,0.07142857143,-0.01651537961,-0.00567955986,0.00278372591,0.005672593549,-0.05673758865,0.01235521236,-0.02522154056,-0.004274240805,-0.003432003432,-0.04180127264,0.01538461538,-0.02105552429,0.03718586554,-0.02265357068,-0.03392425938,0.002789715751,-0.003647067536,-0.02405408238,0.02417683629,0.01282051282,0.05942857143,-0.04940575582,-0.04264870932,0.05530560737,-0.01274982771,0.004020908725,0.01559454191,0.07240747071,0.02542182758,-0.09325681492,-0.004287611459,-0.04145560569,-0.1183526589,-0.05758281884,0.007647144857,-0.02076709654,-0.03802792365,0
0.001261344855,-0.007926829268,-0.01368691189,0.01306950935,0.03642357695,-0.02279635258,0.1406779661,-0.01316510059,-0.02628571429,0.01252348153,0.03142236575,-0.03978779841,0.06646971935,-0.0231466213,-0.01278579886,-0.004146763949,0.02586882036,0.01420486573,0.05086294215,0.01029643758,0.01871440195,-0.02911646586,0.02068803155,0.03875236295,0.00303030303,0.02165354331,0.01071723001,0.04442598113,0.05620915033,-0.01070144558,0.06190857584,0.07246376812,0.01408450704,0.01059024483,0.005143277002,0.02129433648,-0.02840528997,0.06829501059,0.04481397884,0.03707204369,0.0625,-0.006086956522,0.01717902351,0.0008952551477,-0.006382978723,0.0429056655,0.03619704827,-0.01078368567,0.0354579581,-0.0120204971,0.0114416476,0.05034965035,0.05261882508,0.02884201464,0.02909685329,0.03703703704,0.02554539621,-0.03064592174,0.01366609376,0.05035664208,0.01026315789,-0.01101841357,0.01672662836,-0.02720323741,-0.02426160338,0.06364617044,0.02552180203,0.05978898007,0.01220061696,0.03532286213,0.0335696954,0.02687140115,0,-0.009073741421,0.04430379747,0.03448670071,0.02428576929,0.020861678,0.01164924802,0.002757791279,0.02592570074,0.006985227537,0.0292496995
0.0208221717,-0.01659496005,-0.01127493495,-0.05347747748,-0.02075263576,-0.00933125972,-0.02080237741,0.001905818955,-0.005868544601,0.01712573141,0.0006788490046,0,0.01385041551,0.0236950824,-0.01779538101,0.02248049758,0.02982083641,-0.04899846602,0.02575975204,-0.01259063885,0.0231629393,0.02378490176,-0.01447353246,-0.01000909918,0.003021148036,0.02601156069,0.0008156606852,0.001076275152,0.01856435644,-0.01223678607,0.009525671825,0.05855855856,-0.01111111111,0.002385066106,0.01242690058,0.04509200528,-0.003548540861,-0.0370732252,0.006128243413,0,-0.002100840336,0.0008748906387,0.01688888889,0.2862254025,-0.01070663812,0.02325823765,0.07536749777,0.02439287642,0.04357953265,-0.03291323316,0.003016591252,0.03728362184,0.01637780774,0.02510460251,0,-0.01785714286,0.04848864036,-0.01609287769,0.03927986907,0.02611875326,0.005507386596,0.008360575659,-0.007790012939,0.02403512826,-0.01297297297,0.004056795132,-0.02871536524,-0.004424778761,-0.01547786186,0.04436652957,0.04408077677,0.01121495327,0.04181517865,-0.01402575067,0.006060606061,0,-0.007414646982,-0.01021768103,0.01264897825,0.01927212572,-0.02604098759,0.01962849729,-0.02841846786
0.02225563483,0.004375,0.00350877193,-0.01758927892,0.005710693142,0.02302459445,0.02731411229,0.01077909773,0.02085792995,0.01562134605,0.03450782223,0.009668508287,0.0218579235,0.008678898127,0.008235360936,-0.005773642292,0.02562142377,0.0273277696,0.005324735145,0.0121442959,0.0007806401249,0.02323232323,-0.006640922123,0.02941176471,0.03514056225,0.03286384977,-0.02526487368,0.00217360819,0.02794653706,0.006678036255,0.02054567088,0.05957446809,0.01685393258,-0.002847775176,0.001444043321,0.04987681029,0.04347826087,-0.0119444525,0.03166692472,0,-0.03157894737,0.02097902098,0.04195804196,0.005563282337,0.04256854257,0.01661008318,0.008543539008,0.02908018122,0.03131974944,-0.1763320134,0.02180451128,0.007702182285,0.01210160168,-0.004489795918,0.04239139068,-0.007438016529,0.0299978866,0.02016033701,0.01748144791,0.02828214266,0.0156174827,0.007359654189,0.03840421568,0.03452945159,0.00547645126,-0.01414141414,0.03739626556,0.01,0.04166811589,0.01852927884,0,-0.02033271719,-0.0185246996,0.009899939893,0.02409638554,0.002762736214,0.007470034652,0.01032315978,0.01408345567,0.01012334659,0.01179262505,0.01302693577,-0.02529575505
-0.01692845646,0.00435594275,-0.01223776224,0.00992094249,-0.0121639925,-0.02199488491,-0.001477104874,-0.006273028142,-0.02544333076,-0.00396039604,-0.02289136472,-0.008207934337,-0.005347593583,-0.003828879214,-0.0343153823,-0.01106991937,-0.02062204956,-0.008191871843,-0.03784546587,-0.01019761232,-0.01482059282,-0.02665350444,-0.001472537182,-0.01607142857,-0.00193986421,-0.006363636364,0.02926421405,-0.03260337228,-0.01654846336,0.007604526549,-0.03482775917,-0.04417670683,0.005524861878,0.0071397704,-0.0173035328,-0.02535630473,-0.03265077425,-0.01478829847,-0.03482909674,0.02683544304,-0.0347826087,-0.01626712329,-0.02013422819,-0.004840940526,-0.03114186851,-0.05416732762,-0.003388466111,0.007781304392,-0.02097877688,-0.01223148543,-0.03384841795,-0.006369426752,-0.01991751654,0.0274702747,-0.04944856092,-0.004995836803,-0.009100564863,-0.01280943853,-0.03990735792,-0.01375213158,-0.002696498196,-0.003662190656,-0.02352820565,0,0.002178649237,-0.04354508197,-0.03224838758,-0.02310231023,0.02709049829,0.01819219067,0.01779165211,-0.003773584906,-0.003145723516,0.003057568649,0.004411764706,-0.01660421718,0.01925552809,0.01999111506,-0.03741872163,-0.01403868169,-0.03418371643,-0.0212416675,-0.008921182698
-0.00923102981,0.02973977695,0.02743362832,-0.01373752878,-0.01231377719,0.02562761506,0.0199704142,0.03976955282,0.01819620253,0,0.04015778228,0.0275862069,0.05376344086,0.0316729575,0.03384310256,0.02236145336,0.02769833948,0.007754783646,0.01809558277,0.003634705576,0.02216943785,-0.003042596349,-0.0148060758,0.01724137931,0.04470359572,0.05123513266,0.01299756296,0.05450688267,-0.007211538462,-0.03199267012,0,-0.02100840336,0.01923076923,0.01373057478,0.01540719002,0.01949729857,0.03027749987,0.004765166632,0.0177378518,0.004339250493,0.004504504505,0.03046127067,0.01284246575,0.002084781098,0.03642857143,0.02544819003,0.01615463366,0.03311998374,0.002959318287,-0.01546328241,-0.003808073115,0.02243589744,0.03415318372,0.03511572227,-0.002504859427,0.03430962343,0.02817364613,0.001067076424,0.04156615328,0.01254950081,0.03803573386,0.003675651593,-0.02238903908,0.01767015707,0.03260869565,0.002678093198,-0.02448853069,0.03153153153,0.004724699559,0.04407644898,0.0007292538018,0.0303030303,0.05992892679,-0.0140428849,0.007320644217,0.06268210684,0.002175917389,0.05966898955,-0.002217690543,0.006110975312,0.009651668182,0.002287166455,-0.008184509191
0.02111291563,0.05054151625,-0.00947459087,-0.01595206599,0.02242511613,0.0005099439062,0.02538071066,0.01092812282,-0.02836052836,-0.004623422257,0.01480037923,0.01610738255,0.008928571429,-0.003717223134,0.01390848051,-0.01035923998,0.02051120935,-0.02101356889,0.03246085053,-0.01328547878,-0.02401239349,-0.007121057986,0.01577702602,0.0133809099,-0.004651162791,0.009573542211,0.003207698476,0.02183256367,0.01573849879,0.006274333779,0.01748742872,0.03862660944,0.01347708895,0.005612911537,-0.01083815029,0.04775345622,0.02146580803,-0.008833031983,0.01923038118,0.09956794973,0.05605381166,0.01182432432,0.005071851226,0.004854368932,-0.0006891798759,0.02571187549,-0.04434749656,0.01976595535,0.007358691788,-0.0188348664,0.02905198777,0.03448275862,0.01886256821,0.03276792598,0.03027441842,0.001618122977,-0.001196526519,-0.008101136291,0.03713477641,0.03993610224,0.01045406547,0.004549994451,0.02993610052,0.006859592712,-0.01789473684,0.04647435897,0.0130282809,0.05403930131,0.02804232234,0.01812652794,-0.01673918169,0.04136029412,0.01786336936,-0.00743415463,0.06395348837,0.02450084364,-0.006522779127,-0.03740238389,0.324042613,0.01010285066,-0.0111505822,0.02106997972,0.04208065845
-0.0145934483,-0.02176403207,-0.03913043478,-0.03645421477,-0.02193326022,-0.01630988787,-0.01131541726,-0.03423163475,-0.01839264294,-0.04607738399,-0.0253607204,-0.04491413474,-0.001264222503,-0.02521008403,-0.03227691366,-0.009301723021,-0.0222100055,-0.02927838887,-0.01123514062,-0.03610667123,-0.02222222222,-0.01229508197,-0.01184792219,-0.02816901408,-0.02803738318,-0.02413793103,-0.01838529177,0.004161353111,0.02622169249,0.03967068772,-0.02660169246,-0.04338842975,0.03989361702,-0.03899787717,-0.01022644266,-0.01517400627,0.04978484939,0.005502556895,-0.01120287355,-0.01973566708,-0.03609341826,-0.006677796327,-0.04373423045,-0.007591442374,-0.03034482759,-0.03975360653,0.004371669262,-0.01456123433,0.0219324558,0.01281887755,-0.03120356612,-0.02545454545,-0.01541747934,0.003732736096,0.01795846739,-0.02180936995,-0.008943185862,-0.01087540568,-0.01014568996,-0.03707823508,-0.06388685686,-0.07272794226,-0.003414926618,-0.01192250373,-0.1789924973,-0.003062787136,0.003973232957,-0.0165717245,0.01079555588,-0.05733528551,0.03254424972,0.0008826125331,-0.05847321405,-0.008119932473,-0.00956284153,0.01166580889,-0.02554937168,0.07771135781,0.03448009725,0.02401234692,-0.03143398862,-0.0172829083,0.003958617478
-0.01789607815,-0.004098360656,-0.03076923077,-0.006237176857,-0.02744407069,0.01658031088,-0.00643776824,-0.001243683304,-0.05254582485,-0.02351852754,-0.02732531436,-0.03457814661,-0.01518987342,-0.0115,0.0008338365105,0.01174286013,-0.02919149893,-0.02692731541,0.02952496151,-0.01587261871,-0.00487012987,-0.03319502075,0.04047363398,-0.0615942029,-0.01153846154,-0.01943462898,-0.004885993485,0.03428915179,-0.03019744483,0.01117380963,-0.0108066712,-0.05399568035,-0.02301790281,-0.03092567555,0.00221402214,-0.02059956456,0.02106667938,0.01632810874,-0.007153705997,-0.05620843582,-0.04405286344,0.005882352941,0.02022867194,0.01251738526,0.03129445235,0.008092849277,0.02180172372,-0.01467853997,0.03862423813,-0.09180782067,-0.02914110429,-0.02300995025,-0.02273370437,-0.02863518036,-0.01764165039,-0.05367464905,0.02647326344,-0.00827882923,-0.04320050326,-0.06325980527,-0.01201949913,0.001965767841,-0.03431859796,-0.06248653307,0.02349869452,0.0547875064,-0.03259737555,0.05476566614,0.02467149648,-0.02304920477,0.02651523148,0.0114638448,-0.01242653233,0.02203018063,0.01517241379,-0.02302865864,-0.002242749078,0.3419175911,-0.01626440855,0.02084597467,-0.03077992994,-0.01078963992,0.003154091325
-0.01130236715,0.009994121105,-0.02707749767,-0.004294326534,-0.02563821027,0.008154943935,0.03671706263,-0.007471391869,-0.01891659501,-0.03091652538,-0.005351692421,-0.005014326648,-0.02699228792,-0.01647393299,0.005831992645,0.01101202016,-0.03451710798,-0.01883401448,0.01470404984,-0.01935527116,-0.008156606852,-0.0643776824,-0.03385409202,-0.004826254826,0.0009727626459,-0.04594594595,-0.005728314239,-0.008551979665,0.04431137725,0.001245238117,0.003455197133,-0.0502283105,-0.02617801047,-0.03091041286,0.03976435935,0.003191974464,0.01236988284,0.02680557181,0.04504361755,-0.004247104247,-0.02304147465,-0.07602339181,-0.02844827586,-0.04532967033,-0.003448275862,0.001785900059,-0.0017057931,-0.005065051147,0.00896033514,0.03140816751,-0.004739336493,-0.007001909612,-0.01525096525,-0.0145482389,-0.0122452959,-0.04188481675,-0.0152387837,-0.0166520596,0.005645298419,0,-0.03013182674,0.01565565486,-0.0008667858497,0.01654792002,-0.07653061224,-0.1145631068,0.004090860157,-0.00149775337,-0.02481691197,0.005405405405,-0.004894601542,-0.01482127289,-0.0188743411,0.00553542319,-0.03804347826,-0.03402069013,0.01201043889,0.1612046058,-0.01653331311,0.01468727231,-0.01287570757,-0.0126443241,0.01650888123
0.01143157097,-0.01862630966,0.02783109405,-0.03184871859,0.01315641199,-0.009605662285,-0.025,-0.0351289576,0.04294478528,0.0133786148,-0.0168157424,-0.02807775378,0.01849405548,-0.01477251567,-0.02651547609,-0.008028431899,-0.001151714375,0,-0.04057823547,-0.01118383682,0.03289473684,0.02752293578,-0.03504035129,-0.0203685742,-0.02235179786,-0.009442870633,0.008230452675,-0.03493753395,-0.02178899083,-0.006743560453,0.001143004101,-0.02163461538,0,0.003082164004,-0.01274787535,0.005227272727,-0.03462744375,-0.04699612403,-0.02356213628,-0.02568825126,-0.01650943396,-0.001808318264,-0.02218278616,-0.01294964029,0.01176470588,-0.02494937432,-0.0256400574,0.00758634458,-0.04437085002,0.02702339339,-0.02222222222,-0.02564102564,-0.01953865255,-0.02486402486,-0.05620151213,0.01275045537,-0.02440179491,-0.009603386809,-0.009547642397,-0.02942040049,0.005825242718,-0.0260092486,-0.03646369896,-0.03255708795,-0.01243093923,-0.01809210526,-0.04476251742,-0.052,-0.0152483043,-0.0320683112,-0.0098166863,-0.03362831858,-0.03844598498,-0.03613207217,0.04519774011,-0.02846258895,-0.02744393099,-0.05212306128,-0.03528050896,-0.01698790627,-0.00520938497,-0.008123560914,0.002320993385
0.04711241819,-0.002372479241,0.04201680672,0.04831662812,-0.0242471429,0.04594180704,-0.01068376068,0.03705807184,0.03613445378,0.03904742561,0.02599093047,0.01481481481,-0.01426718547,-0.036000036,0.015315703,0.006366471634,0.04446419563,0.04684716333,0.06495940609,0.03725853817,-0.004777070064,0.07254464286,-0.02241490637,0.009900990099,0.01391650099,0.06005719733,-0.01387755102,0.04617601369,-0.003516998828,0.02852081324,0.05497281329,0.02702702703,0.04838709677,-0.004103662974,0.02654232425,-0.006274022157,-0.006352390505,-0.01031729418,0.01000575952,-0.02626604318,0.00479616307,0.001811594203,0.01270417423,0.009475218659,0.02872777018,0.06124024816,-0.005270704957,0.03972657024,0.006431034483,-0.03455949732,-0.002435064935,-0.0125,0.01909490802,0.05498007968,0.02976364777,0.01978417266,-0.01158980583,0.009134063758,0.01643411559,0.02577444337,0.03088803089,0.002964862374,0.03874398582,0.03949520916,0.001398601399,-0.006700167504,0.06498681183,0.06012658228,0.007140973577,0.005554466444,-0.001419268659,0.005494505495,0.01000330439,0.002541050059,0.01621621622,-0.01187393652,-0.01221246988,0.1099785408,0.01348920863,0.02110686069,-0.02359882006,0.0005738282167,0.002314075103
-0.008990280034,-0.01248513674,-0.04928315412,-0.02304486394,-0.05499985751,-0.0214738897,-0.02015838733,-0.01191128149,-0.02351987024,-0.009089576308,-0.02999795375,-0.02773722628,-0.06578947368,-0.02593571155,-0.004190186295,0.01265239217,-0.08348666053,0.08571428571,-0.02198641839,-0.03656134884,-0.0128,-0.04786680541,-0.01264389507,-0.07843137255,-0.002941176471,-0.07284172662,-0.1986754967,-0.003012826031,-0.04352941176,-0.01417608282,0.001095734751,-0.0956937799,-0.04615384615,-0.03911499036,0.02306079665,-0.03458278824,0.01701595847,-0.03130476824,-0.02797282943,-0.01348727904,-0.09785202864,-0.1130198915,-0.0188172043,0.005776173285,-0.001329787234,-0.00775271596,-0.01762964117,-0.05497856122,-0.004968050297,-0.0766779661,-0.05777054516,-0.04263824117,-0.03420424447,-0.06457703927,0.01275567201,-0.05555555556,-0.0191417521,-0.0254375209,-0.0122606651,-0.07083874012,-0.02715355805,0.02269004914,-0.0008667858497,-0.08678057554,-0.04329608939,0.01517706577,0.02297518048,-0.03482587065,0.01138434469,-0.06797504549,0.01206002843,-0.009107468124,-0.05612396645,0.03358961052,-0.04521276596,-0.06843110096,-0.02625520451,-0.04398260029,-0.002997140885,0.005026450046,-0.01611740902,-0.02987409087,0.008467919553
0.0005973798641,-0.01384708007,0.01131008483,0.04500209118,0.004704321341,-0.01546134663,-0.03306392359,0.01332380418,-0.00207641196,-0.01528825763,-0.02474474728,-0.01276276276,0.01971830986,-0.002127802325,-0.01514814421,0.01532702716,0.03558343789,0.03276227481,-0.004353932584,-0.007325002564,-0.01296596434,0.02513661202,0.006402905199,0.04042553191,0.02949852507,-0.01066925315,-0.02582644628,0.05281902953,0.0209102091,0.02865924496,0.008675206746,0.01058201058,0.01612903226,0.01178757024,-0.004098360656,0.0162611206,0.01044522167,-0.01222783705,-0.01019172756,-0.02288969446,0.06878306878,-0.03975535168,-0.007305936073,0.004307250538,-0.01065246338,0.07986075992,0.006276150628,0.00252066949,0.001428989549,0.03318892723,0.0414507772,-0.01043841336,0.04638564415,0.01170771094,0.01596438098,0.05975723623,0.005670580577,-0.003477146909,0.001689055149,0.03491398464,-0.009624639076,0.02507714542,-0.001789296752,0.04554406696,0.01897810219,0.01882613511,-0.01756554886,0.03762886598,0.00158435937,0.03995258681,-0.003510873381,0.001838235294,0.02798172365,0.03189079359,-0.07242339833,0.02121760096,-0.005543538407,0.0690091001,-0.004311453039,-0.01123890158,0.01183181914,-0.01147386806,0.00229087377
0.007872375875,0.006105006105,0.01304753029,0.03481949892,0.04859381097,-0.009625126646,0.03343465046,0.006261245052,0.02954640033,0.01677768318,0.01268989783,0.03422053232,0.0138121547,0.009605132983,0.01879917103,-0.0005729374253,0.002932053892,-0.02067122702,0.0342343772,0.02615707702,-0.006568144499,-0.02132196162,-0.0135156522,0.0081799591,0.01623686724,0.01960784314,0,0.02628395695,-0.02530120482,-0.001645146374,0.011829167,-0.1439790576,0.002645502646,0.0126941707,0.01440329218,-0.0138558757,0.002058094392,0.03710604434,0.02241210498,0.02808988764,0.0198019802,0.03503184713,0.01563937443,-0.01143674053,0.007402422611,0.03215760348,0.006246859327,0.01518656341,0.004985730495,0.00717788359,0.02072968491,0.02390998594,-0.003203365151,0.03990422985,0.05949819373,0.05198237885,0.01126476556,-0.006381708829,0.01127155855,0.0184628596,0.006802721088,0.0009335822886,0.01958174905,0.04332469979,0.01575931232,0.07282608696,0.06166107383,-0.009935419771,0.001292363681,0.0101910828,0.02955379163,0.04770642202,-0.0102075223,0.002376452748,0.02102102102,0.01184433164,0.02631419206,0.05911563017,0.02423279372,0.02712840526,0.06114011276,0.03849081222,0.01751712704
0.0390131008,0.01516990291,0.05059797608,0.02374690594,0.0285092741,0.0168797954,0.008088235294,0.01057788585,0.02991107518,0.02196827899,0.0160053541,0.006617647059,0.008174386921,0.007401699156,0.01510696347,0.03746167842,0.03136098963,0.02060550499,-0.01831092774,0.0274525598,0.02148760331,0.05882352941,0.01129435924,0.02129817444,0.009398496241,0.02884615385,0.03605514316,-0.02047665661,-0.006180469716,0.02396073646,0.01380926532,0.01529051988,0.07387862797,0.03453323437,-0.001352265044,0.01081716637,0.01857816366,0.004202064493,0.0165869572,0.00907310032,0.01941747573,0.009230769231,0.01721014493,0.01229211858,0.000668002672,-0.01713564077,0.02748592411,0.04973251436,0.03400848501,0.05143945809,0.01868399675,-0.01236263736,0.02587158346,0.01918649271,0.0405619422,0.02847571189,0.006806656492,0.0105350707,0.02117278424,0.01204529029,0.01640926641,0.02914247644,0.01398471005,0.01647483638,0.023977433,0.01013171226,0.01126037139,-0.006522829905,-0.005988827739,-0.003318510652,0.005455240856,0.01050788091,-0.006875193558,0.02726441401,0.01323529412,0.04398382204,0.04895263443,-0.02545210985,0.03085426161,0.01471835922,0.00592965747,0.0341063763,-0.0007487630435
0.02367977938,0.007770472206,0.008756567426,-0.009671326029,0.01385951241,0.01207243461,0.04595185996,0.03202428892,0.04591836735,0.02867746289,0.006159732588,0.02264426589,-0.001351351351,0.02517730831,0.02891902673,0.002162214107,0.03378077635,0.02453108625,-0.00430708846,0.0133595267,0.02427184466,0.0262345679,0.02392283774,0.01787487587,0.007448789572,0.02523364486,-0.00307062436,0.003324359602,0.03855721393,0.02017276025,0.0220184924,0.02108433735,0.02457002457,0.01717850097,0.002031144211,0.02465976503,0.002016406214,0.01816307347,0.0233102253,0.04056401349,0.004761904762,0.03556910569,0.00267141585,0.01214285714,-0.003337783712,0.009509667392,0.03365036405,0.04501698754,0.02193766131,0.01006643849,-0.0007974481659,0.004172461752,0.0339208303,0.02635542169,0.01498710786,0.05537459283,-0.03503795983,0.002880658436,0.007090255556,-0.004463223042,0.03798670465,0.001812599416,0.03444018284,0.04107460036,0.04545454545,0.05967903711,0.04541902715,0.04696969697,0.01162392097,0.01118732104,0.01629694883,0.03986135182,0,-0.005769737999,0.01741654572,-0.01404358354,0.02370055727,0.1092783505,0.002464444277,0.02057583249,0.03791129253,0.005695193257,-0.01572981171
-0.003380434923,-0.02846975089,0.01215277778,0.0410467689,0,0.008946322068,0.0006973500697,-0.01193904981,-0.1219512195,0.004076277937,0.004088313136,0.002857142857,0.008119079838,0.0040993045,-0.04578222062,-0.01344872225,0.01742618233,0.006116399466,-0.01296843794,-0.01695041044,0.03712480253,0.01854636591,-0.2562283094,-0.008780487805,-0.005545286506,0.009115770283,0.06981519507,-0.008049598536,0.04910179641,0.0136600839,-0.01795343607,0.03244837758,-0.00479616307,0.0188867773,0.002027027027,0.01674423885,-0.002012348502,-0.006879504437,0.01024915387,-0.008739198743,0.01184834123,-0.007850834151,0.04085257549,-0.01199717713,0.01607501674,-0.01256011402,0.01001263104,-0.01137903007,0.02750526145,-0.001661019201,0.01755786113,0.02770083102,0.001530221882,0.003668378577,0.0192114316,-0.0007716049383,0.01018611192,-0.00923266311,0.02058781924,0.02839380716,0.021957914,0.01185289122,0.02666531224,-0.01364896566,0.04084321476,0.0127780407,0.01060450341,0.01302460203,-0.003686361489,-0.01778070464,0.01337614751,0.01,0.04499812898,-0.01624901898,-0.001426533524,0.06555085386,0.04775412409,0.05163155721,0.05316493704,0.008887226615,-0.0194757872,-0.04130172153,0.01065362104
0.004522534699,-0.02136752137,0.02401372213,-0.0300476365,-0.003403788087,0.04137931034,-0.01114982578,0.02053677394,-0.004700854701,-0.006952869809,-0.04339411932,-0.03062678063,-0.0255033557,-0.06320183486,0.01094999952,0.01363205599,-0.002138179874,-0.008880220761,0.04963949954,-0.000638278889,-0.006854531607,-0.0004921259843,-0.05761779778,0.02755905512,0.02323420074,0.01445347787,-0.01151631478,0.05155843357,-0.003424657534,0.01837177611,-0.006258701677,0.01428571429,-0.009638554217,0.00586482069,0.01888064734,0.01747334338,-0.002016406214,-0.0131046271,0.002255084079,0.008816245666,0.05152224824,-0.04253214639,0.05460750853,-0.01285714286,0.06262359921,0.02464476193,-0.009091821924,0.004658810633,0.001953709685,-0.03680287502,-0.01803921569,0.0384097035,-0.006844919786,0.02010233918,-0.01884930938,0.001544401544,0.02459396752,-0.01283909712,0.004243477519,0.00290630086,-0.01611459266,0,-0.03487768076,0.01037837838,0.01265822785,0.009345794393,-0.004345213331,0.008571428571,0.01464540798,-0.02936640965,-0.004607219922,0.01320132013,0.006594849452,0.001764104408,-0.005714285714,0.01134631068,0.008288430368,0.01355066771,-0.009711332858,0.004113192226,-0.02814085807,-0.01296894279,-0.01280114016
-0.01578348168,0.004990642545,-0.01507537688,-0.0019644881,-0.03602710296,0.006622516556,0.02184637068,-0.03254852355,-0.003434950623,-0.01104271416,-0.0276337638,-0.008082292432,-0.01239669421,-0.02176063304,0.000832448259,-0.01021239872,-0.0214722557,0.002826100609,-0.01251746721,0.01789238017,-0.004601226994,0.01920236337,0.008885941645,-0.02777777778,0.05177111717,-0.03918076581,-0.0567961165,0.009081165351,-0.003436426117,-0.01301812295,-0.00894306814,-0.05070422535,-0.04866180049,-0.0426878226,0.003309066843,-0.009107867881,-0.01524544244,-0.03290793072,0.04386980157,0.04330322074,-0.06013363029,0.01342975207,-0.0145631068,-0.01374819103,-0.002481389578,-0.0116380674,-0.01333910624,-0.002273140571,-0.02280125171,-0.1683825054,-0.04952076677,-0.01232965607,-0.02839912618,-0.01361519169,-0.02215753727,-0.03084040093,-0.01538631022,-0.008857189474,-0.01268725647,-0.04497507824,-0.05459508644,-0.01530854286,-0.04705641131,0.02739139739,-0.0275,-0.02777777778,-0.03876688797,0.02738432483,0.001269705835,-0.05829937142,-0.02452933365,-0.01384364821,-0.05920194474,0.02119927317,0.005747126437,-0.03106265119,-0.01233044551,-0.07052896725,-0.02587494377,-0.01754571027,-0.03662974684,-0.01673005825,-0.01067800852
0.03437352122,0.001862197393,0.02721088435,0.05814217579,0.04537402137,0.00469924812,0.04827586207,0.007950455517,-0.01594140457,0.0459469733,0.005831469053,0.05555555556,0.05160390516,0.02502778084,0.03493374634,0.02337240845,0.04276916058,0.04412992652,0.05633934889,0.02761947599,0.04468412943,0.038647343,-0.009903159371,0.04729064039,0.004317789292,0.04633920297,0.007205352548,0.0540159518,0.09655172414,0.01110590362,0.04295208022,0.08011869436,0.07416879795,0.01519659724,0.03957783641,0.08471760797,0.03506644906,0.01737518459,0.04633702568,0.01242352941,0.04265402844,0.06320081549,0.04187192118,0.01247248716,0.04975124378,0.03217767074,-0.02113813547,0.07773626173,-0.007337914166,0.09396809571,0.03865546218,0.01511169514,0.07182215466,0.03341808936,0.007559219903,0.03341288783,0.0581310061,0.01669684641,0.05782093468,0.01371525671,-0.001924927815,0.01828895436,0.005271509642,0.01353884607,-0.006426735219,0.03714285714,0.004540185471,0.02941176471,0.05331074432,0.09161593193,-0.01019059822,0.01899256813,0.0559634473,0.01614603928,0,0.04229836813,-0.00207633158,0.05211590577,0.02656224024,-0.01488851509,0.01415236375,0.05591322225,0.01233581428
-0.004435068813,-0.008054522924,-0.04304635762,-0.001788652787,0.02383425354,0.02806361085,-0.01842105263,0.03095120199,-0.04553415061,0.01072093763,0.004344538189,0.00350877193,-0.03580901857,-0.007598472492,-0.01526992573,0.001065013135,0.02102154654,0.02878963573,0.01999741761,0.02015840466,-0.007374631268,-0.04372093023,-0.0355830936,0.01505174036,-0.01203783319,0.004428697963,0.03525804803,0.04696031368,-0.02306079665,-0.002325908636,0.0183050418,-0.04945054945,-0.02857142857,0,0.001269035533,-0.04798366514,-0.01693922602,0.008523780111,-0.0329574786,-0.02463512132,-0.006818181818,-0.03163950144,-0.024428684,-0.005797101449,0.0005924170616,0.009126418619,0.01209450501,-0.01911043464,-0.01275795548,-0.05536568694,0.01213592233,-0.04142394822,0.02945695208,0.002108963093,-0.02848803896,0.004618937644,-0.01654232509,0.009367844008,-0.01721035671,0.02544300766,-0.03567984571,0.008989336536,-0.03507504615,0.003288121661,0,0.1157024793,-0.04923550341,0.03392857143,0.006154409215,-0.02156968149,0.00823236716,0.0170178282,0.01653188505,0.01419244655,0.01714285714,0.003922793862,-0.002777141043,0.06756489003,-0.03215474584,-0.003633060854,0.03399643705,0.008633277828,0.04264999878
-0.004454826275,0.013116802,-0.01643598616,0.009174311927,-0.02410699984,-0.006369426752,0.01474530831,-0.00765093861,-0.01972477064,-0.03734999326,0.01226858003,0.02937062937,0.001375515818,-0.004379447107,0.02694209139,-0.005319400444,-0.05662438941,-0.03758404913,-0.04575375413,-0.0383230861,0.01263001486,-0.009241245136,0.02303703364,-0.01204819277,-0.004351610096,-0.03527336861,-0.02369200395,-0.07504243888,0.01502145923,-0.02147977301,-0.03095104808,-0.01445086705,-0.02205882353,-0.03591801408,0.01077313054,0.003860589812,-0.03244580908,-0.01549485546,-0.02555732647,-0.008387342737,-0.01830663616,-0.04158415842,0.004038772213,0.02040816327,-0.01124925992,-0.05124133844,-0.005117379299,-0.006465517241,-0.02041050903,-0.01214021547,-0.03756994404,0.02430790007,-0.001406308297,-0.0003507541214,-0.04552407984,-0.02528735632,0,-0.02438241899,-0.003609921595,-0.02919026213,-0.032,0.002669167508,-0.06091609826,-0.0131093814,-0.005174644243,-0.08230452675,-0.0527966016,-0.08031088083,0.006930418218,-0.03131653046,-0.0238133451,0.0438247012,-0.02603845589,0.01399383973,0.01685393258,-0.00781493136,-0.0411189009,0.02115812918,-0.01539376813,0.004247948952,-0.02023102526,-0.0171187646,-0.001461428517
-0.0245791289,0.008631319359,-0.01407211961,-0.01271306818,-0.01362330735,-0.01556776557,0.01321003963,-0.01661281307,0.01169864296,-0.02087029601,0.05131626923,-0.02649456522,-0.006868131868,-0.0263527272,-0.002384193074,-0.01651890761,-0.1171394182,-0.0318027623,-0.01164072929,-0.01681099675,0.01540719002,0.0176730486,-0.01462342439,-0.01782363977,-0.01923076923,-0.03564899452,-0.01365015167,-0.000870338486,-0.01268498943,-0.01830545263,0.008755151033,0.1085043988,-0.01253132832,-0.01862809108,0.01630094044,0.007958551437,-0.01435134751,-0.01147744946,-0.002186073089,-0.03392925798,-0.05594405594,-0.0402892562,-0.02172164119,0.02428571429,-0.002994011976,-0.05003701876,0.005143701571,-0.006507592191,0.005565147426,0.202490437,-0.01993355482,0.01582069875,0.001408288785,0.002807017544,-0.01859540039,-0.009433962264,0.006009055396,-0.001785127073,-0.01808385844,0.05562571411,0.01652892562,0.001780703648,-0.03292096017,0.05500207555,0.1326397919,0.05739910314,-0.04255205553,-0.03568075117,0.02174140373,-0.007160581354,0.009761811792,0.02748091603,-0.01338236181,-0.003867984024,-0.02762430939,0.001324364828,-0.0007283791259,0.1279534715,-0.02386706949,0.02719532342,-0.02066209285,-0.004057057212,0.01463128346
0.02004574373,0.0097799511,0.03746654773,0.02942234372,0.01811021438,-0.01023255814,0.03194263364,0.03739853179,0.0374653099,0.02956463688,0.02101729245,0.02721563154,0.03596127248,0.05809137056,0.03266184415,0.04661897627,0.05080385852,0.01689294876,0.0006962678366,0.03736426299,0.01011560694,0.01591895803,0.03432421359,0.05635148042,0.03475935829,0.04360189573,0.04715530497,0.001761130153,0.04175588865,0.02345747254,0.003576019038,0.03703703704,0.02284263959,0.04324414229,0.03516347933,0.03561019554,0.03738587218,0.06884616595,0.03943027068,0.01761018804,0.06913580247,0.02475780409,0.009046052632,0.01534170153,0.01261261261,0.0183883224,0.02132712588,0.02410480349,0.04487489373,0.08500846024,0.0186440678,0.02595717067,0.02290273513,0.02204338698,0.02636549662,0.03095238095,-0.02567391046,0.006565014824,0.01105860213,0.05981542668,0.08638211382,0.02924858605,0.02103559871,0.04426519772,0.04247990815,0.0008481764207,-0.004237996989,-0.01265822785,0.02070191109,0.04341616681,0.02002686531,0.02971768202,0.02373678744,0.02991389862,-0.001420454545,0.009815182207,0.007999557118,0,0.008433921387,0.01882257295,0.05447941889,0.01574946161,0.03460755648
0.02863365163,0.02300242131,0.01719690456,-0.0035639413,0.0314083356,0.009398496241,0.00947567909,0.01220832331,0.02719572002,-0.005743133713,0.008627893232,0.01766304348,0.0173564753,0.01492007446,-0.01311437616,-0.003625279978,0.009791921665,0.03412703296,0.0173107553,-0.006716825966,0.02145922747,-0.03561253561,0.04757713129,0.009945750452,0.005167958656,0.01725703906,0.02985805188,-0.01232514178,-0.01336073998,0.01810126582,0.04019781892,0.02295918367,0.03473945409,0.006058311246,-0.02324195471,-0.00286547613,0.002084491384,0.01695663693,-0.02054933002,0.004301916308,-0.004618937644,0.08088235294,-0.01222493888,-0.03090659341,-0.0005931198102,-0.00410551574,0.01671095855,0.02353743817,0.02908377339,0.1222631152,0.01414309484,0,0.03077915883,-0.0003423485108,-0.01284410705,0.02155504234,-0.01103012871,0.06220632583,0.0208191733,-0.00940657923,-0.000935453695,-0.01290907822,-0.003917112699,-0.04238884702,0.03083700441,0.08220338983,0.00532004256,0.02761341223,-0.006873102832,0.05194360799,0.03451853625,-0.03968253968,0.02978126585,-0.01236591638,0.03840682788,0.02471305966,0.002169376098,0.03673864003,0.02006445178,0.01904728862,0.01916949393,0.02122713804,0.01811778582
0.04094058104,0.02426035503,0.02197802198,0.02510695,0.05261072815,-0.002793296089,0.0450563204,0.0109124037,0.01085069444,0.00116457819,0.01185448618,0.001335113485,0.04593175853,0.0225852501,0.03362144872,-0.03274623407,0.03636363636,0.0205263471,0.04288245231,0.00553134613,0.01120448179,0.05711472181,0.01688933703,0.0393912265,0.03170522708,0.04375,0.04087452471,0.04637498086,0.034375,0.03640432674,0.01321467756,0.03740648379,0.03117505995,0.01808529604,-0.0317266626,0.02298968543,-0.01747330467,0.05598494717,0.01882848967,0.02998442368,0.04408352668,0.02721088435,0.006600660066,0.004252303331,-0.00296735905,0.0552407025,-0.007396785348,0.03141143143,-0.001922361404,-0.01256183647,0.04265791632,-0.0006325110689,-0.005443954489,0.03287671233,0.0414611411,0.04973624717,0.001860912217,0.02007130596,0.04078915021,0.02441803679,0.02247191011,-0.04886540365,0.0314901537,0.07436553217,0,0.05168363352,-0.002116755793,0.0556621881,0.0488301866,0.02303038189,0,0.03681442524,-0.04500275291,-0.04302904564,0.02739726027,0.01964345779,0.03887290496,0.08828100715,-0.01639775847,-0.01360138908,0.03925068034,0.02698916931,0.03696151708
-0.04876581098,-0.01213171577,-0.06451612903,0.01231442841,0.006247647723,-0.001867413632,0.02994011976,-0.002272549173,-0.08544439674,-0.0346175321,0.007155837499,-0.01466666667,-0.02132998745,-0.005131002348,0.006050069541,0.03332774277,-0.03099415205,-0.01748999184,-0.00783034,-0.001221939731,0.01315789474,-0.00605496041,0.003098661378,-0.007751937984,-0.01827242525,-0.009409751925,0.005479452055,-0.0008413967186,-0.0332326284,-0.02196949703,-0.02366628967,0,0,-0.03356292318,0.03024574669,-0.01685477803,0.03246294989,-0.02839990131,-0.02323172461,0.008412098299,-0.02666666667,-0.01229895932,-0.03442622951,-0.02964008469,-0.03154761905,-0.01171990563,0.01821373711,0.02835447128,0.01994408201,0.03675766958,-0.01652242329,0.04746835443,-0.04639005966,-0.04144562334,-0.00233082847,-0.02368987796,-0.01917730706,-0.0136785329,-0.007834183021,-0.01853911754,-0.02106227106,0.0009104591315,-0.007624923605,-0.03094671306,-0.04166666667,-0.02084884587,0,0.009090909091,-0.0002537871164,-0.01284578696,0.01047292085,0.01086956522,0.03365092851,0.007392793652,0.01866666667,-0.03730949396,-0.03187944541,0.01956583833,0.004167781899,-0.01090689447,-0.009439017855,-0.01315212626,-0.0006602952576
-0.008818431407,0.03274853801,-0.005305039788,-0.008650402109,0.006208856972,0.01216089804,0.02790697674,0.01252748979,-0.01643192488,0.01792943898,0.005816182205,0.01150202977,-0.001282051282,0.005677858212,0.03007707196,0.009367464292,0.01327700664,-0.03291269433,0.01710626911,-0.005505456124,0.02460697198,-0.003748828491,-0.004118785782,0.01041666667,0.02453468697,-0.007772020725,0.02089009991,0.05374828375,0.02916666667,-0.0009976285878,0.004448716527,-0.002403846154,-0.004651162791,0,0.004281345566,0.006684014491,0.003007518797,0.06303078182,-0.01945938938,0.0619551973,0.004566210046,0.03352490421,-0.01612903226,-0.03127272727,-0.0049170252,0.02608955957,0.04877873563,0.0276512176,0.03533138402,0.01775437072,-0.0072,-0.01510574018,0.01360388026,0.02006226219,-0.05321097488,0.02058823529,0.009456324073,0.002778020824,0.005435968654,0.02158778132,-0.0187090739,0.03757332739,-0.0221120854,0.003023431595,0.006688963211,0.063878327,-0.02333370548,0.03153153153,-0.04275210084,0,0.0252715161,0.009318996416,-0.03581388522,0.003959799428,0.0445026178,-0.01034849056,0.009308450257,0.01274688332,-0.01245145077,0.028457767,-0.01907021923,0.01332741004,0.01122847171
-0.01613438513,0.003397508494,0.01333333333,0.01220260413,0.0069635467,-0.05175600739,-0.03563348416,-0.02362021487,-0.01527446301,0.01174242424,-0.01284646016,-0.01939799331,0.03337612323,-0.01642919185,-0.002189285085,-0.02113387853,0.0405002978,0.01472573322,-0.03492906135,0.02584538187,-0.02001334223,-0.01128880527,-0.05198726167,-0.01374570447,0.02312138728,0.06875543951,0.006672597865,-0.04372752384,-0.006072874494,-0.009585161417,-0.02362958237,-0.009638554217,0.02803738318,-0.0541362163,0.006699147381,-0.02458185504,0.03539139521,0.01406693739,-0.03307507206,0.01941747573,-0.03181818182,-0.006487488415,0.02588438309,0.002252252252,0.01605929586,-0.08012357777,0.01162750873,0.02109769148,-0.009134502236,-0.0133902374,-0.01933924255,-0.04049079755,0.004218931393,0.01559850797,0.02726178021,0.02377521614,0.03061287878,-0.02652531466,-0.02996310109,0.04490464367,-0.01715919924,0.06008015458,0.02162243215,0.05614167295,-0.0365448505,-0.1122230164,0.04018061271,-0.04890829694,-0.00799224551,-0.03807253752,0.01262217258,0.02556818182,0.03714416197,0.05571156031,0.05263157895,-0.04698590769,0.05531761742,0.04398340249,0.03512627723,0.005649429967,-0.005665580346,-0.02518388621,-0.01959531333
-0.0163859986,-0.002257336343,0.03684210526,-0.01380657328,-0.001550425752,-0.003898635478,-0.02170087977,0.004607928815,0.008240426563,0.02845376264,0.01496402111,0.01227830832,0.01366459627,0.02401262636,0.01023908,0.009997183892,0.01602747567,0.0226548958,-0.02747961543,0.03179205038,0.0115724983,0.003805899144,0.04384434168,-0.01132404181,-0.00403551251,-0.002442996743,0.007512152011,-0.02116488627,-0.02342158859,0.009520897212,-0.03983312809,0.02433090024,-0.009090909091,0.02916010387,0.01149425287,-0.02327877371,-0.09763053971,0.301986547,0.04161766878,0,-0.009389671362,0.0223880597,0.01009251472,0.01198501873,-0.02188449848,-0.005863218671,0.01992382565,-0.01317562509,0.04489111233,-0.02854979994,0.008216926869,0.0358056266,0.00352450234,0.003005008347,0.04506322303,0.005629838142,0.0169734669,0.005669213705,-0.005573580415,-0.006319834168,0.03200775946,0.02666666667,0.05486408736,-0.02443810203,-0.01379310345,0.01288244767,0.03335348096,0,0.003917700632,0.01922046611,0.0006250804331,-0.06925207756,-0.01952150301,0.02398984772,0.004761904762,-0.005486121203,0.04301377805,-0.03020667727,0.07094166729,0.02189719453,-0.0008193828157,0.01629022586,-0.005328968502
0.006318010948,0.006787330317,0,-0.04022399781,0.01306351828,-0.01663405088,0.005995203837,-0.01089363385,-0.08173076923,0.03613032399,-0.01154287588,-0.0141509434,0.002450980392,0.005605504587,0.0354818846,0.01147822854,0.01746478873,0.01419054752,0.01308939834,0,0.01278600269,0.01042654028,0.008400551678,-0.01145374449,0.03079416532,0.02612244898,-0.03157894737,0.02681935448,-0.03023983316,0.0104626317,0.002093911951,0.03325415677,0.02064220183,-0.01679351423,0.01375598086,-0.001010799596,-0.01084366642,0.07359533621,0.03065269901,-0.00380952381,0.01184834123,-0.04562043796,0.02248126561,0.01850481125,0.01926662523,0.0008425426793,0.02930193189,0.001896525565,0.03884239987,0.007013247245,-0.004074979625,-0.02777777778,-0.01050827456,0.02796271638,0.04464630491,0.04548635409,0.007147852681,-0.01524064171,-0.009164084154,0.001272005699,0,0.02677954956,0.06386531237,0,-0.0303030303,-0.0413354531,0.06960544507,-0.009182736455,0.006271405878,0.02109205598,0.03365976446,0.002976190476,0,-0.007287112222,0.001184834123,0.01928908048,0.09986675713,-0.05887978142,-0.005843376637,0.01647544366,0.05379559189,0.00496607336,-0.002863686128
0.01027603743,0.008988764045,0.02284263959,0.02006546179,0.01892897983,0.01990049751,0.02502979738,0.03188150872,-0.02094240838,0.02832674572,0.009733603158,0.008202323992,0.001222493888,0.03294377389,0.002796573394,0.01596526693,-0.006090808416,0.0192195577,0.01701293675,0.01162887577,0.02325581395,0.005628517824,0.01458885942,0.01069518717,0.004716981132,-0.0007955449483,0.005434782609,0.02105776878,-0.01075268817,0.01481037374,0.02096066447,0.006896551724,-0.01348314607,0.01867900715,0.02477876106,-0.01491106614,0.01750073739,-0.00301464255,0.02708410286,0.01147227533,-0.02341920375,0.01051625239,0.00325732899,-0.006540697674,0.006097560976,0.02861416242,0.01168218648,0.00764745968,0.01699922047,0.03332964846,0.03109656301,0.01904761905,0.04458074226,0.04598445596,0.01547235571,0.0187416332,-0.002365707829,0.002285274685,0.00205415114,0.01016311804,0.03383458647,-0.01027874286,0.0188595344,0.01773633205,-0.01081730769,-0.02155887231,0.002833706189,0.03336422614,0.04845332603,0.01737451737,0.02653797615,0.01335311573,0.01991017964,0.01205457015,-0.002366863905,-0.008781047274,0.001761426979,0.01640296124,0.04766902825,0.02161661767,0.02629089995,0.004403346543,0.02434471525
-0.006214484029,-0.0005567928731,0.01075268817,0.008928571429,-0.009670718021,-0.008780487805,0.004651162791,-0.002247016891,0.01016042781,0.002092675635,0.01091456283,0.007457627119,-0.008547008547,0.003921499355,-0.004880355168,0.006602301761,0.009470752089,0.005148054226,0.02541638665,0.006895472543,0.01363636364,0.02052238806,0.01131535948,0.01058201058,0.007042253521,0,0.01261261261,0.007417373294,0.002173913043,0.006378986867,-0.00564104532,0.009132420091,0.002277904328,0.006814239696,0.004605641911,-0.003027354309,0.01613682481,0.00693022819,0.006721446872,0.03411239045,0.009592326139,0.008514664144,0.005681818182,0.003657644477,0,0.008184151351,0.01009690478,0,-0.001667473509,0.009414281894,-0.002380952381,-0.0006230529595,-0.008807459157,-0.01609907121,0.002912116485,-0.01314060447,0.00415275533,-0.005711447728,0.01334006346,0.01760651944,-0.01636363636,0.006389828041,0.0008472182999,-0.007366151635,0.006075334143,0.00593220339,0.02354749157,0.005381165919,0.01355961706,0.009550917141,0.02057071617,0.03221083455,0.009775429326,0.002072334337,0.005931198102,0.02932455887,0.01345085209,0.003284775778,0.008732676574,0.02699351393,0.01282036326,0.006015879975,0.00739944819
0.003420410188,0.00278551532,0.01145662848,0.01590154867,0.005256305155,0.003937007874,-0.02604166667,0.00168905801,0.02276336686,0.008481077395,-0.009529195349,-0.004710632571,0.01477832512,-0.009774250875,-0.00280245134,-0.002515779779,0.0353200883,0.02987651042,-0.02870295794,0.01027544322,-0.03267136451,0.10511883,0.005049077029,-0.02006980803,-0.004662004662,0.02308917197,0.01334519573,-0.03192872707,0.01409978308,-0.0003093912133,-0.04130647319,-0.02036199095,0.06818181818,0.02498051602,-0.02005730659,0.04148140115,0.001046025105,0.004718916701,0.01027107862,0.04029912754,0.01187648456,-0.02251407129,-0.003228410008,0.005102040816,-0.02848484848,-0.00892948622,-0.009995976363,-0.01886083559,-0.02008351293,0.09188702242,0.009546539379,0.01122194514,-0.009571346296,0.007866582756,-0.04632030143,-0.003328894807,0.02716324972,0.03682680955,-0.01619379695,-0.01112264571,-0.0009242144177,0.00794059024,-0.04709624461,-0.0349321267,0.04106280193,-0.07834877843,-0.03676078849,-0.01427297056,0.01963798107,0.04761606416,-0.05583644384,-0.004964539007,0.0870980871,-0.02222659904,0.06132075472,0.02118242175,0.008653001464,0.09053380783,-0.02348832205,-0.02318813659,0.03348229711,0.0217649195,-0.02016776518
-0.001704375431,0.025,-0.02265372168,-0.02783449027,-0.008946560491,0.01176470588,0.01960784314,0.0123655393,-0.01811594203,-0.01834086971,-0.0185986074,0.008789722786,0.03155339806,-0.003944738128,0.01124130858,0.02019951809,-0.04051172708,-0.01989243351,0.06783353793,-0.0113003613,0.009271523179,0.02564102564,-0.01008761354,0.01513802315,0.009367681499,-0.03657587549,-0.02370500439,0.08629358697,0.04064171123,0.04070943935,0.03177457229,-0.004618937644,-0.0170212766,-0.01624779894,0.03040935673,0.001978445358,-0.02322599031,-0.008131137802,0.06507489038,-0.02108626198,0.08450704225,-0.01151631478,0.002429149798,0.007976794779,0.01559575795,0.03112524851,0.01803417169,-0.01347935973,0.02903132689,0.01950982771,-0.0007880220646,0.01602959309,0.009663842277,-0.000936621917,0.01669143499,0.02404809619,0.0356526016,0.003328515745,0.03446031123,-0.03874225155,0.009250693802,0.01495869614,0.04059437924,0.04688672168,-0.03596287703,-0.02925045704,0.04957763475,0.03257918552,0.04588824793,0.004006937384,0.04938094126,0.03207412687,0.01781034391,-0.001591330272,0.005555555556,0.01943584451,0.06006590121,-0.04150894139,0.005695494457,0.0316461714,0.001437662294,0.002132499289,0.04009447442
-0.01419262348,0.00108401084,-0.01986754967,-0.007210360518,-0.01055204627,0.005813953488,-0.08624708625,0.02054895054,-0.01897733263,0.006371346162,0.006533237932,-0.03351206434,-0.03294117647,-0.03369874499,-0.04238905615,0.005452057213,-0.004444444444,-0.02027738104,0.06289255506,0.005142567025,-0.02165354331,0.008064516129,-0.03162681174,-0.03596491228,-0.03712296984,0.001615508885,-0.01079136691,0.01634221739,-0.02261048304,-0.01515116855,-0.02818201917,-0.03944315545,-0.01515151515,-0.02064518754,0.01645856981,-0.007794232268,0.02163870654,-0.007748600947,0.02816249991,-0.01085182768,0.01298701299,0.02330097087,-0.01292407108,0.03021582734,-0.003685503686,-0.005560525666,-0.008509006082,-0.007841006133,-0.02102563418,-0.02994240015,-0.04022082019,-0.02669902913,-0.01228642734,-0.021875,0.05000089128,-0.03065883888,-0.001104435413,-0.007748046619,-0.0009988712755,0.01560143533,0.005499541705,0.004666582867,0.01697019868,0.0157649588,-0.02767749699,0.1563088512,0.03636102328,0.03680981595,-0.032513648,-0.01709554444,0.01337397469,-0.004143646409,-0.01458223857,-0.00529607586,-0.00773480663,-0.01525223553,0.007017760068,0.02165327523,0.0295803135,-0.002042979371,-0.01581383961,-0.03241594552,0.02195801104
0.01209661427,-0.003789929616,-0.007601351351,-0.01078832323,0.06472127779,0.007707129094,0.03762755102,0.008704406606,0.0693175712,0.05308636694,0.0240233856,0.00346740638,0.01216545012,0.03384933492,0.01015736409,0.01725538407,0.02678571429,0.004296702664,-0.02367275019,0.001136493246,0.01073105298,-0.0088,0.01580580245,0.05095541401,-0.009638554217,0.02419354839,0.02727272727,0.006905282541,0.03259726604,-0.01910837888,0.04726601183,-0.05072463768,0.01098901099,0.01686431702,-0.006700167504,0.02052893428,-0.01166111376,-0.005206073753,0.01996209785,0.05097748082,-0.002136752137,-0.01518026565,-0.001636661211,0.008379888268,-0.03144266338,-0.01597605143,-0.01571924838,-0.007824726135,-0.02656678538,0.08509176563,0.0123253903,-0.002493765586,-0.007607941136,0.01725239617,0.02203585495,0.008075370121,-0.02056521162,-0.01115192574,-0.005969224001,0.01152132726,0.03190519599,-0.01082247697,0.01416870167,-0.007054673721,-0.002475247525,-0.0008143322476,0.005269726806,0.03127641589,-0.006033822697,-0.00509060057,-0.0281016594,0.01248266297,0.01479802693,-0.0181025303,-0.01002227171,0.0594181544,0.03430036102,-0.005998400427,0.01589588279,-0.006141485039,0.008028313941,-0.001099626127,0.006487254321
0.02219290454,0.05706521739,0.02723404255,0.01639461116,0.02432860851,0.04015296367,-0.00676090965,0.04530379205,0.04773869347,0.02465675522,0.01902216225,0.03662750518,0.01322115385,0.04116964286,0.03304686662,0.01402766688,0.04456521739,0.01976813034,0.01333020314,0.003975245249,0.00398142004,0.03631961259,0.06017582236,-0.006926406926,0.01297648013,0.01338582677,0.03362831858,0.03652662345,0.02036659878,0.04476280685,0.01538500856,0.08651399491,0.0347826087,0.04301382733,0.02079820124,0.02488838713,0.04180110763,-0.01135781869,0.03049681779,-0.003453418099,0.01927194861,0.05298651252,0.02131147541,-0.005540166205,0.02100572884,0.06087497931,0.02759306644,0.03367507886,0.0162601626,0.03522973951,0.04220779221,-0.01625,0.009065219216,0.01036432161,0.06398458523,0.02603471295,0.007935970378,0.04849185871,0.01001850809,0.03796699403,0.02385159011,0.004695726415,0.08224435025,0.00568383659,0.02605459057,-0.03504482478,0.06635397986,0.04098360656,0.02509398732,0.01230431869,0.04070242545,-0.01506849315,-0.005832895428,0.02657508779,0.02362204724,0.01161173464,0.02538651662,0,0.03189055047,0.01751614552,0.02318642243,0.005504183179,0.002841311451
0.005009264584,0.01850899743,0.04308202154,0.005400098184,0.01675338656,0.01194852941,0.02103960396,-0.02992545324,-0.0009592326139,-0.002457879088,0.01742557364,-0.009333333333,0.004744958482,-0.02715867285,0.00695254687,0.0195798838,-0.01352757544,0.02107057237,0.008977440561,0.03676422909,0.01454064772,-0.1074766355,0.02935336941,0.02702702703,0.004803843074,0.01398601399,0.0102739726,-0.00220541903,0.02195608782,0.02864136717,0.02626412625,-0.018735363,-0.01470588235,-0.0159006795,0.02973568282,0,0.01030832524,0.003528960491,-0.01678450283,0,0.04411764706,0.01372369625,-0.03691813804,0.02924791086,-0.0174563591,0.006121524141,0.03321390379,0.03257801175,0.01485517241,0.05159232886,0.001557632399,-0.04129606099,-0.01452932206,-0.01896176562,-0.009804227683,0.04359141184,0.01858053244,0.03708418194,0.0401545632,0.01828911432,0.01121656601,0.01008718094,0.006072123853,-0.02843518191,0.03506650544,0.02027027027,-0.007373868047,0.04330708661,0.01870487143,-0.003008604609,0.0277833467,0.01112656467,0.02640202971,0.01003088749,0.03296703297,0.0222854585,-0.02577088275,0.01528764919,-0.01691262591,0.01570776256,0.008507465959,-0.006568863587,0.07862145176
-0.006649967577,-0.02372539122,0.02859412232,0.001743861607,-0.02677842726,0.01453224342,0.02484848485,0.05372524805,0.03792606817,-0.001470412908,0.01835361847,0.01547779273,-0.0106257379,-0.01370720355,-0.02554680804,-0.03652910848,-0.01054852321,0.01071225489,0.04267960162,-0.00490971173,0.01368078176,0.01396160558,-0.0361559699,0.0008488964346,-0.02868525896,0.006896551724,-0.02372881356,0.06844016419,-0.0126953125,-0.004098360656,-0.01329262161,0.007159904535,0.01279317697,0.07774350811,-0.0486631016,-0.01772481474,-0.01427525622,-0.01056876386,0.006290121342,0.02425769867,-0.03420523139,-0.01805054152,-0.01916666667,-0.005412719892,-0.003807106599,0.01977390701,-0.04240579009,0.01854588444,-0.03040352284,-0.03863409771,0.01944012442,0.02783300199,0.02594186995,-0.01362484157,-0.02970390692,-0.02743142145,0.00609152684,-0.02851648801,-0.00857875991,-0.005986876766,0.005119453925,-0.037686759,-0.033978346,-0.0218142156,0.01752336449,0.03890728477,-0.05938572484,0.0007547169811,-0.007184207572,0.04478242501,-0.04687982574,-0.01925722146,-0.002858099235,-0.04550254009,0.01276595745,-0.004722734807,-0.04460748832,-0.006075815612,-0.01720358368,-0.002487562189,-0.039330362,0.02255528617,0.0138412239
-0.03178280682,-0.01240951396,-0.04015444015,-0.02847991087,-0.01976383128,0.006266786034,0.0159668835,-0.0146436839,-0.05180388529,-0.03307331052,-0.0150180044,-0.01855533466,-0.00477326969,-0.01142203434,-0.01630492324,-0.01895703794,0.008528784648,-0.07754850184,0.04320358952,-0.02247769221,-0.01028277635,-0.001721170396,-0.01181086914,0.01611535199,0.001640689089,-0.01369863014,-0.01649305556,0.06955301071,0.01285855589,-0.02270749443,-0.04788417324,0.02369668246,-0.006315789474,-0.007976071785,-0.01349072513,-0.01044958711,-0.0227441515,-0.04091093469,-0.009822690479,0.00338331411,-0.03333333333,-0.01654411765,-0.009345794393,-0.0462585034,-0.01847133758,-0.03280742023,-0.01785390253,0.03278926369,0.001163442669,0.009809005272,-0.02669717773,0.01869761444,0.03691413213,-0.03951172502,0.05849663644,-0.05641025641,-0.00825136612,0.06778269109,-0.02740757909,-0.00481834827,-0.03056027165,-0.007997668696,0.05315369023,-0.007619401598,0.02870264064,0.1330677291,0.05172732311,0.04374057315,-0.0008237631439,0.003928138178,0.02430289076,-0.02103786816,-0.03726178795,0,0.01680672269,-0.003551002451,0.005971444511,0.1178737542,0.05008970567,-0.01949944416,-0.01170053863,-0.01290894286,0.01941405511
-0.01497864915,0.01047120419,0.02413515688,0.04221616972,0.01079793752,0.01423487544,0.01688009313,0.02766770492,0.05804878049,0.02910063799,0.007317803536,-0.006076975017,-0.01558752998,0.01205124264,-0.002881200169,0.00397508944,0.06289640592,0.002656016369,0.008720891879,0.004486791793,-0.01818181818,0.01724137931,-0.001985387548,0.04173622705,0,0.04552469136,0.01765225066,-0.0347738388,-0.0400390625,-0.00383352828,0.01414921944,0.04861111111,-0.004237288136,0.0382467895,0.005128205128,0.003811878638,-0.008454450461,-0.07792077014,0.002705490784,0.0135642578,0.04094827586,-0.002803738318,0.01114922813,-0.007845934379,0.009085009734,0.01849855515,0.01744746482,-0.01060616703,0.03248253364,-0.03226496641,-0.003134796238,0.02974683544,-0.01581634002,0.01237458194,-0.003208375549,0.06182065217,-0.01384098297,0.06945512631,0.005441366299,-0.009683354314,0.01050788091,-0.006446453634,-0.02225794765,-0.01198501873,-0.03571428571,-0.01336146273,0.0100122958,-0.01950867052,0.002715809893,0.009666839289,0.0005661005661,0.04154727794,0.02084059759,-0.003830018159,0.004132231405,0.0273423949,-0.007551794493,0.03506894912,-0.01608484177,0.02140405712,0.02885342005,0.01962877593,0.05658511215
-0.001167659849,-0.03886010363,-0.007855459544,-0.02468881095,-0.006404977583,-0.0149122807,-0.02461362335,-0.01993858001,0.005071461503,-0.005959523238,-0.01876544433,0.02921195652,-0.01583434836,0.002483384549,0.01373354922,-0.03356649509,-0.002486325211,-0.001765987089,-0.03349639008,-0.04131694125,0.008597883598,-0.00593220339,0.04599347497,-0.02243589744,0.02866502867,0.0110701107,-0.02168256722,-0.01399842553,0.02238046796,-0.02451385154,-0.008262973641,-0.03090507726,0.008510638298,-0.03137044008,-0.01360544218,-0.0150356648,-0.01489748994,-0.04025423729,-0.02967578573,-0.003402389233,0.06625258799,0.003748828491,-0.004240882103,-0.008626887132,-0.0038585209,-0.05904490294,-0.02001421127,-0.01071986369,-0.04831645037,0,-0.0141509434,0.00307314075,-0.01139448013,-0.00528576148,-0.03740778957,-0.01087651951,0.07808780967,-0.02896867106,-0.0127792372,0.01466705779,0.03119584055,-0.02675799537,-0.01062967509,0.02141774071,0.01388888889,-0.0028510335,0.004956521739,-0.02210759027,-0.009439285484,0.00290647974,-0.01243052551,0.07152682256,-0.01458223857,-0.0242103609,0.01440329218,-0.03008349705,-0.0511124142,-0.02607097737,-0.0350421601,-0.03195079877,-0.003594560306,0.0213925376,0.03759600154
-0.01464640357,-0.004851752022,-0.02454473476,0.009025525314,-0.01864812598,0.009795191451,0.003521126761,-0.01221237489,-0.01926605505,-0.04490403573,0.005547946502,-0.01452145215,-0.0198019802,0,-0.00998451949,-0.002549162418,-0.04287138584,-0.03536256954,0.005589011435,-0.01980340566,-0.007868852459,-0.002557544757,-0.0191327501,0.008196721311,0.004777070064,-0.05401459854,0.02393617021,0.02029410484,0.05273631841,0.003347026893,-0.03593583721,-0.0569476082,0.002109704641,-0.004700656982,0.01034482759,-0.007971241013,-0.03574033552,-0.01677249038,0.01946275159,0.01009028147,0.005825242718,0.01120448179,0.02470187394,-0.01812907904,0.009683666882,0.02976971629,-0.03282175227,-0.01621815572,-0.04132231405,-0.1189033827,0.01196172249,0.004289215686,0.005436703183,-0.02989040186,0.04622104185,-0.01293661061,-0.01199249562,0.02117356627,-0.01593573687,-0.007227522405,-0.01848739496,0.01832911392,0.01458265062,-0.003154574132,-0.08561643836,-0.05646890636,0.01639698884,-0.01431801055,-0.02800179029,-0.02875326742,-0.0102953814,-0.01540436457,-0.07100386615,0.02030189814,-0.002028397566,0.01968603621,0,0.08573113208,-0.007262941167,-0.004633144805,0.01443011113,0.008387111805,0.006043521056
0.003572840954,0.01245937161,-0.003246753247,0.0250873515,0.003659738188,-0.02821869489,-0.02923976608,-0.01441701634,-0.002806361085,-0.006277120108,0.0355833689,0.01540522438,0.0404040404,0.02177826095,0.01224456027,0.01483205549,0.04375,0.01008680768,-0.0489180169,0.0005960363582,-0.001321877065,-0.01111111111,-0.02047543336,-0.007317073171,0.003961965135,-0.02237654321,-0.01298701299,-0.05968556591,-0.01039697543,-0.01486819089,0.02375984384,0.0193236715,-0.008421052632,0.03397110504,0.01478953356,-0.009978467517,0.01124558749,0.0106703083,0.002725443212,-0.0132942767,-0.003861003861,-0.02031394275,-0.02327514547,0.01920236337,0.04347826087,-0.01953317606,-0.01206154051,-0.00547085856,-0.01600772889,0.07442537388,0.01654846336,-0.001830384381,0.005380268743,0.002054091065,-0.001911519582,-0.04456094364,-0.02109735627,-0.01508135751,0.005052302,0.008493496408,0.003424657534,0.01964001591,0.006044526474,-0.01340282949,-0.02871410737,-0.01515151515,0.004043757715,-0.03669724771,0.03325407722,0.007898432015,-0.02887496595,0.01043024772,-0.01274324092,0.02320197822,0.0162601626,0.00760444472,-0.03037529263,-0.02465515369,-0.01219890585,-0.007783797248,0.01208891629,-0.006769401382,-0.03346186748
-0.01125107007,-0.00963081862,-0.02198697068,-0.01922421433,-0.03057360572,0.01542649728,-0.009638554217,0.001044850508,-0.02392120075,-0.00945395964,0.00296390581,-0.0006596306069,0.004854368932,0.003880836516,-0.004266448713,-0.01261411162,0,-0.006354778188,-0.005843815884,-0.01247101372,-0.01125082727,0.03975799481,-0.03281998496,-0.01146601147,-0.005524861878,-0.009471191792,-0.01403508772,0.01481313361,0.008595988539,-0.01634965156,0.009506903353,-0.02132701422,-0.05095541401,-0.02555387714,-0.01457399103,-0.007108376213,0.03216476338,-0.04007786557,0.01088083916,-0.006698637436,-0.01744186047,-0.05655042413,-0.02553191489,-0.01739130435,-0.02696078431,0.00557825024,-0.01374332858,-0.03315241308,0.01126837152,-0.01527395021,-0.003875968992,0.004278728606,0.01207443662,-0.0321147933,-0.03015260158,-0.0219478738,0.01724378141,0.002869873877,-0.01308815795,-0.0360941335,-0.009385665529,0.02166739812,-0.005274382553,-0.01660377358,-0.002570694087,-0.003076923077,-0.002416482957,-0.01349206349,0.00690348091,-0.001973646021,-0.001788218794,0.01935483871,0.01290772719,-0.01026326615,-0.068,-0.009272094384,-0.01004738768,0.05311804009,0.02221928316,0.003137944019,0.01054120207,0.001581763201,-0.04052590374
0.005387205387,0.0340356564,0.02914238135,0.007089733787,0.03380431113,0.0008936550492,0.003649635036,0.0208751987,0.04805382028,0.01806120265,0.01417745386,0.04488448845,-0.01449275362,0.01737453415,0.01785303871,0.02402477626,0.03493013972,0.01368416778,0.01176345004,0.004209501323,0.03681392236,0.01662510391,0.001023331969,0.02651201326,0.0119047619,0.01992031873,0.008896797153,-0.004174805052,0.02556818182,0.0375399361,0.01882172118,-0.01210653753,0.02684563758,0.002805100854,0.0574516496,0.03056045306,0.01077398782,0.01097459144,0.02331924413,-0.03379569316,0.01183431953,0.06493506494,-0.004366812227,0.005899705015,0.01133501259,0.006339778262,0.03173381892,0.01145501441,0.01484712244,0.112038706,-0.01789883268,-0.007912355447,0.01921084097,0.01129544652,-0.01257503949,0.04488078541,-0.002117617312,0.02957677536,0.00306434091,0.02496380249,0.0241171404,0.007859483883,-0.004518523642,0.018419033,0.01932989691,0.01234567901,-0.008074454974,0.01609010459,-0.01457334149,0.01570406561,0.03754961537,0.01265822785,0.04141553298,0.01963799589,-0.02467811159,-0.01526646353,0.01851122489,0.01205456276,-0.004835683788,-0.00780467968,0.01599672745,0.01042779507,0.04034494148
-0.01369657039,-0.02089864159,0.008090614887,-0.03174822279,-0.04720589607,-0.06607142857,-0.03818181818,-0.04294150483,0.04172397983,-0.0365325598,-0.02213085449,-0.02653190145,-0.02696078431,-0.02372108512,-0.003507979646,-0.009984878136,-0.0443587271,-0.01079554559,-0.05752850401,-0.03592896585,-0.01032924467,-0.01062959935,-0.03700674709,-0.04681194512,0.007058823529,-0.0375,-0.02998236332,-0.08862237794,-0.03324099723,-0.03367205543,-0.0400291493,-0.05392156863,-0.04357298475,-0.01586337621,-0.01990317375,-0.01679713827,-0.00640504756,-0.02119174041,-0.04732877058,-0.05242703046,-0.01949317739,-0.01969981238,-0.0350877193,0.0366568915,-0.02677459527,-0.06377822121,-0.02850395658,-0.04897622441,-0.03292465743,-0.03966899846,-0.0007923930269,-0.06993865031,-0.02275926795,-0.0369982548,-0.04353321387,-0.04563758389,-0.024948003,-0.01760930386,-0.03255238932,-0.02070242097,-0.03027754415,-0.02026899034,-0.04481137537,-0.04389600603,0.008849557522,-0.09222560976,-0.07720320466,-0.09342834521,-0.01827580293,-0.07827979156,-0.02930123908,-0.0375,-0.04588673005,-0.008019810052,-0.006600660066,-0.04404660415,-0.02051728241,-0.05934594086,-0.01092096924,-0.02519034633,-0.07050222505,-0.01962902521,-0.0224747029
0.003617212944,0.04855923159,-0.0176565008,0.003635326823,0.01143150886,0.03059273423,0.02457466919,0.02136581592,-0.007482394366,-0.001047211799,0.02441714502,0.01492537313,0.01007556675,-0.009717229496,0.04154797359,0.006042363934,-0.02522704339,0.01364676345,0.02774751108,0.003106405515,0.0006523157208,-0.1049586777,0.01707006369,-0.004233700254,-0.02414330218,-0.01866883117,0.03181818182,0.03675045178,-0.01050620821,-0.0417523063,0.01122697671,0.04404145078,-0.01138952164,0.006638367896,0.0268935236,-0.00200369101,0.006446336653,0.03387419534,0.008280746657,0.04796183142,0,0.003827751196,-0.003636363636,0.004243281471,-0.02367242482,0.001682250623,0.03011642288,0.001971608833,0.02963199708,0.02904859199,0.007930214116,-0.008575197889,0.02726423903,0.0003624501631,0.01120719937,-0.01265822785,-0.0005413950668,0.00848782667,0.008406645052,0.006217668126,0.003469210755,0.01034416087,-0.0008000775833,-0.006305418719,0.01503759398,0.05793450882,0.04313106458,0.03580786026,-0.03588451077,0.001056163022,0.01184061383,0.04285714286,0.003206239168,0.01995993631,-0.01107419712,0.02615933413,-0.01376477645,-0.01766077974,-0.01595438787,0.01777195621,0.007363837403,-0.005790917403,0.03627453389
0.005413168361,-0.004580152672,0.07189542484,-0.009090909091,-0.0384326823,-0.009276437848,-0.04735547355,-0.01778103717,0.01152993348,-0.03035729886,-0.01569777471,-0.01023017903,-0.003740648379,-0.02453586759,0.01081568274,0.03157095651,-0.02691511387,-0.03503585482,-0.05159317997,-0.02538654362,-0.04302477184,0.009233610342,-0.02095858383,-0.03656462585,-0.01675977654,-0.02564102564,-0.04845814978,-0.05612689559,-0.01447876448,-0.01923764393,-0.006334782036,-0.04962779156,-0.03917050691,-0.03581512855,0.002137894174,-0.04628308765,-0.05535108264,-0.008605009095,-0.04379689829,-0.01054313099,-0.03777335984,0.02478551001,-0.1040145985,-0.05211267606,-0.03145478375,-0.02519138112,-0.004504206134,-0.005903187721,0.001832882503,-0.05965124309,-0.0007867820614,-0.04391217565,-0.02589139637,-0.02898550725,-0.06370238036,-0.03703703704,-0.07462298492,-0.05143964563,-0.04588251312,-0.03336793712,-0.02592912705,-0.0007814244251,-0.05328415791,-0.05909181043,-0.04197530864,-0.004761904762,-0.03293573082,-0.05564924115,-0.005659807601,-0.03556134798,-0.006428374466,-0.05479452055,-0.03512711986,0.02484691,-0.04255319149,-0.06553366808,-0.01578137028,-0.1079828132,-0.03988979796,-0.001588865232,-0.02632055402,-0.02490213649,-0.05743674442
0.02873310625,0.03169734151,0.02515243902,0.01469323394,0.02506858624,0.02153558052,0.04841833441,0.01597316997,0.02060499781,0.0446866976,0.0005922380555,0.0180878553,0.006257822278,0.08349932998,-0.004681230495,0,0.02234042553,0.03167111718,0.06198748919,0.04066043619,0.03474114441,0.04483074108,0.03108742004,0.002647837599,0.01136363636,0.03480475382,-0.02777777778,0.04302862419,0.01077375122,0.0256079884,0.03297591751,0.06005221932,0.03597122302,0.03714549938,0.0005333333333,0.03373774306,-0.002226382634,0.0005410109849,0.001908645891,-0.01065547304,-0.03099173554,0.0009302325581,0.08553971487,-0.01783060921,-0.02368064953,0.04650793253,0.00603000865,0.03380839272,0,0.1037822455,0.01968503937,0.02992345164,0.003998933618,0.04029850746,0.0266245009,0.02292899408,-0.01118057507,0.01381511101,0.01203047134,0.02045617265,0.01508429459,0.02599869129,0.02773150165,0.003371970495,-0.002577319588,0.09728867624,0.02098674521,0.04107142857,0.01198275039,0.02606177606,0.005290454632,0.006587615283,0.0033123452,0.006191341949,0.06666666667,0.01818682833,0.002471646461,0.07199898593,0.02273003948,0.009532448518,-0.003753806104,0.01521160822,0.006350609193
0.006982643525,0.0307234886,-0.002973977695,0.007204916296,-0.003044663246,-0.03208065995,0.004310344828,-0.03144407833,-0.003436426117,-0.02673450908,0.01239339985,0.02157360406,-0.01243781095,0.01856834857,0.0241958528,0.002921951431,-0.01144640999,-0.02799012821,-0.05062615805,-0.002443078673,0.007899934167,-0.03152364273,-0.02498035485,-0.00176056338,-0.008025682183,0.005742411813,0.009523809524,-0.05475791913,0.01744186047,0.0298201534,0.014409074,0.04679802956,0.00462962963,0.005647198692,0.004797441365,0.06532690247,0.02708048075,-0.007570058304,0.00952504951,-0.03239229765,-0.01066098081,-0.01579925651,-0.02532833021,-0.01361573374,0.03811503812,-0.01233897005,0.04490852121,-0.05001148809,0,0.009398261737,0.002316602317,0.02432432432,0.02910249602,0.04555236729,-0.014421174,-0.004338394794,0.007612981139,0.020421089,0.00431679646,0.03758644883,0.01048951049,-0.003842205146,0.006533828774,0.0304557866,-0.01162790698,-0.09084302326,-0.001712946268,-0.07632933105,-0.04568292892,-0.001066164942,0.01171578439,-0.02094240838,0.0263815359,0.006153245104,-0.04605263158,0.01085926928,0.001224973862,-0.04564266288,0.009522513944,-0.003152734209,0.003767950258,-0.008551894995,0.04264772854
0.002306988584,0.009134615385,0.00298284862,0.05203730977,0.03374134916,0.0303030303,0.03126916002,0.03138274384,0.002155172414,0.02636126002,0.01166300768,-0.003105590062,0.08816120907,0.00912312943,-0.02952841997,0.02274640136,0.04421052632,0.01300470647,0.006272734867,0.0128526419,-0.009797517962,0.01808318264,-0.04050901379,0.02469135802,0.008090614887,0.004078303426,0.0141509434,0.01270306168,0.01619047619,0.04937399679,0.004060207437,0.02117647059,0.02995391705,0,0.02387267905,0.03737612556,0.02419394658,0.04200028427,0.067924238,0.01113078674,0.008620689655,0.02927289896,0.02117420597,0.03374233129,0.002002670227,0.07333236237,0.01145669322,-0.03845533699,0.0464611889,0.02694351749,0.01848998459,0.01583113456,0.009005057281,0.04185248714,0.07895793683,0.09222948439,0.01086905433,0.01715349747,0.03010929198,0.05317812983,0.01038062284,0.02776433111,0.06010752955,0.05564614757,0.002614379085,0.01518784972,0.0522441976,0.01021355617,0.01970314999,0.05826217981,0.03644580882,0.0320855615,0.006433104408,0.02089986895,-0.006896551724,0.03972423948,0.04852598521,0.03097509602,-0.01320576742,0.01053180891,0.02703205262,0.02753483902,-0.02157644167
0.0005820336786,-0.005240590758,0.01412639405,-0.05626291581,0.02446811045,0.02389705882,-0.00594530321,0.01888624235,0.008602150538,-0.01925235259,-0.02651271679,-0.008099688474,-0.01388888889,-0.007227642276,-0.01892744479,0.02084784031,-0.007056451613,-0.04307780087,0.008731614179,-0.02416902079,0.04353562005,0.02664298401,-0.02334217507,0.01807228916,0.01685393258,0.00162469537,0.01953488372,0.03996838849,0.004686035614,-0.0154873348,0.01315176176,-0.009216589862,-0.02460850112,0,0.02849740933,0.01658423043,0.01070240563,-0.001045763521,0.0008835063975,0.1140021683,-0.01282051282,0.005504587156,-0.02356267672,0.005192878338,-0.03397734843,0.02794551115,0.009207037086,0.01048042257,0.0198516764,-0.07261202712,-0.001512859304,0.06038961039,-0.0006393044368,-0.006914718472,0.01828686097,0.005984042553,0.09139941183,-0.001867638085,0.01565252034,-0.005732630131,-0.0154109589,0.02475044441,0.009956295136,0.01409538521,-0.001303780965,0.08661417323,0.03501695061,0.04411764706,-0.01190360809,0.01601803512,0.01005397222,-0.0103626943,-0.01278396821,0.02147040925,0.009259259259,0.009720612849,0.02812337421,-0.01646436726,0.01846920661,0.01874716367,-0.02047028471,0.005237805734,-0.01370354862
0.002300339763,0.03639846743,0.00293255132,-0.01808292717,-0.004348837209,0.001795332136,-0.01495215311,-0.001029786881,-0.0157782516,-0.01417253521,-0.0005936407746,-0.01067839196,0.005868544601,-0.02639401856,0.0447943231,0.01577130573,-0.02233502538,-0.004791311755,0.02842949485,0.001856740389,-0.01137800253,0.002595155709,0.004571790693,-0.02282333052,-0.01026045777,-0.009732360097,-0.0246350365,0.03616873353,0.02985074627,-0.006820635919,0.006490519117,0,0.004587155963,-0.001865671642,0,0.03362907842,-0.02756975912,0.02726383105,-0.00882726503,0.03301392424,-0.006493506494,-0.01094890511,0,-0.01697416974,0.01172413793,-0.0007553645551,0.01403723627,-0.0416528377,0.01718417342,-0.01518363109,-0.001515151515,-0.003061849357,-0.01018423746,-0.007625994695,0.01663938464,0.01520158625,0.009851744558,-0.007002853014,0.05857943578,0.003459409594,-0.01130434783,0.002935681879,0.006086131488,0.01675552171,-0.01958224543,0.03550724638,-0.01019942784,0.05721830986,-0.02470038522,-0.006948499358,0.006076601013,-0.005235602094,-0.009712135795,-0.01368383818,0.01949541284,0.04928275422,-0.02621192187,0.03897849462,0.0738444005,0.008187278229,0.0291117452,0.01411956269,0.03016980168
0.01781969267,0.01432532348,-0.008771929825,-0.005539169844,0.01819540794,0.03584229391,0.03460837887,0.02990052905,-0.001733102253,0.02544870078,-0.002363851259,0.03238095238,0.02800466744,0.01122064464,0.01318961204,-0.01827357454,0.01453790239,0.02501337327,-0.0066126404,0.0222506626,0.01918158568,0.05004314064,-0.009056909836,0.01211072664,0.01116427432,0.01064701065,-0.0374181478,-0.008004868458,0.01539855072,0.01823244609,0.02874720496,0.08604651163,-0.002283105023,0.01219579902,0.01662468514,0.0289814943,-0.01638298916,0.004076297658,0.02226256327,0.022320458,0.00871459695,0.02121771218,-0.03474903475,0.02552552553,0.002726653033,0.004535613372,0.009692337092,0.0238961039,0.01463772646,0.1368268471,0.01213960546,0.01105651106,0.005144511659,-0.005011693953,-0.01505393153,0.015625,-0.007593574992,-0.01305970149,0.001940478977,0.009193288899,-0.001759014952,-0.02263319733,0.02412825467,0.04981273408,-0.01864181092,0.03079076277,0.02224270096,-0.004995836803,-0.003419459835,0.0357499853,0.009893775504,-0.001315789474,0.09477528421,0.03617539356,0.02362204724,0.03262850893,0.004684205838,0.007997177467,0.01749594207,-0.003047201146,0.03479900767,0.01032181113,-0.0185528115
-0.008475235207,-0.03416856492,-0.01401179941,0.009259259259,-0.005712057258,0.02162629758,0.0029342723,0.04053727566,-0.006076388889,0.02268373389,-0.01306844072,-0.005535055351,-0.01929625426,-0.01848247409,-0.0214795529,-0.01952574413,0.002047082907,0.001878757515,0.06170407528,0.004836725323,-0.0112923463,0.0312243221,0.0296926155,-0.004273504274,-0.01025236593,0.01053484603,-0.0009718172983,0.06745001809,0.01516503122,0.01554770318,-0.002401710018,-0.004282655246,0.01830663616,-0.009269755366,-0.02130822597,-0.003408530296,-0.01665586197,-0.001014937228,0.008709840511,0.01410647196,-0.002159827214,-0.005420054201,-0.016,0.02635431918,-0.003399048266,0.01128783617,0.00411074016,-0.002113986132,-0.01719934632,-0.05726208415,-0.01049475262,-0.007290400972,0.003214937887,0.05674949631,-0.005983462155,0.004487179487,0.03495329288,-0.0179584121,0.01066656286,0.007970849465,0.003524229075,-0.03510655998,0.0147332959,0.005708169818,-0.03392130258,0.05023761032,0.02798721521,0.04435146444,0.03350458716,0.01436275901,0.009796847692,-0.02964426877,-0.01194447434,-0.01100292379,0.02417582418,-0.02494851427,-0.02970318977,0.04771905262,0.01144294633,-0.01017819482,-0.005597561372,-0.01430290372,0.004189268166
0.007972605604,-0.002830188679,-0.007479431563,-0.02021215596,-0.02946265833,-0.01100762066,-0.0005851375073,0.01587731567,-0.02838427948,-0.01639065094,-0.01503902883,-0.004329004329,0.02083333333,-0.004711864407,-0.005329112859,0,-0.008682328907,0.03094136767,-0.04501279478,0.02045659817,0.03489847716,-0.03585657371,0,-0.01115879828,0.00796812749,-0.02726543705,0.01167315175,-0.03227184981,-0.02724077329,-0.01695107561,-0.02319618653,-0.006451612903,-0.004494382022,-0.01498514404,-0.003544303797,-0.02740650736,0.05644302449,-0.01932548535,0,0.01537816301,-0.004329004329,-0.0336058129,-0.008130081301,0.005706134094,-0.00136425648,-0.04389602508,-0.03618173045,0.02126938395,-0.01185770751,-0.02573875979,-0.01666666667,-0.03304773562,-0.04858226939,-0.01080394026,-0.006019479483,-0.0370134014,-0.02321688949,-0.01154956689,0.006711797163,0.01694532309,-0.006145741879,0.0116158766,0.01522763994,0.03281305427,0.02808988764,-0.0058177117,-0.005301550604,-0.04647435897,-0.000940950893,-0.03117304679,-0.01724411699,-0.0156143924,-0.02415051187,-0.04158186055,-0.004291845494,-0.04550117675,0.000593973454,0.04053452116,0.01586314624,-0.009757905138,-0.004941800212,-0.02017642859,-0.003422762809
0.01920334016,0.03595080416,0.01356443105,0.02062911485,0.009627727856,0.05650684932,0.04215456674,0.06676135591,0.0408988764,0.02791724377,-0.006112461797,0.02422360248,0.0566893424,0.02932461428,0.02140759758,0.01613039618,0.0360638846,0.01635037086,0.04176808349,-0.002357419428,0.02268546904,0.009917355372,0.0632810775,0.02604166667,0.004743083004,0.0296784831,0.02692307692,0.04612385985,0.0433604336,0.04003447135,0.0316585949,-0.008658008658,0.04063205418,0.02851522248,0.0218495935,0.03965389598,-0.0170890937,0.01452637269,0.02763538605,0.05617513424,0.1173913043,0.0234962406,0.009221311475,0.009219858156,0.0368852459,0.03968505841,-0.008495193097,0.01875207434,0.004,0.09511589752,0.01848998459,0.02088607595,-0.01544016599,0.01991647928,0.05985253723,0.01524188204,0.03403942181,0.01947419669,0.02190465259,-0.003332592757,0.01060070671,0.008414299661,0.0207329569,0.02215352911,0.008196721311,0.01950585176,0.04792818787,0.03781512605,-0.01133758641,0.006816475074,-0.01972791314,-0.03724137931,0.02784520521,0.02724232698,0.002155172414,0.034551432,-0.01739004696,0.03403253425,-0.0005672911846,0.0005145316203,0.02904159449,0.02059189958,0.007154089981
0.009427121102,-0.007305936073,0.02304832714,0.0348337156,0.024181206,0.02755267423,-0.01123595506,-0.02574645329,0.0310880829,0.01465324856,-0.01044502996,-0.04184354154,-0.01394849785,0.01287141817,-0.03208934444,-0.01402267762,0.0517155644,0.002684537066,0.03149655431,0.01240993218,0.001798561151,0.02782324059,0.01042445386,-0.001692047377,-0.007867820614,0.004803843074,0.02528089888,0.03120815138,0.02337662338,-1.479662045e-05,0.02300635482,0.07205240175,0.006507592191,0.003697834126,-0.01442068623,0.02794961948,-0.01523735105,0.008169245455,-0.001680889057,-0.0258766784,0.01167315175,-0.009182736455,-0.001015228426,0.002108222066,-0.004611330698,-0.008982949838,0.01428785572,0.01840690666,0.01479598846,0.001920712969,0.01134644478,-0.004339739616,0.008867480431,0.02078740157,0.01015474621,0.04438642298,0.0261175442,0.003820439351,0.01770035756,0.01894783772,-0.01311188811,0.0007529657631,0.02870568133,-0.002856182796,-0.009485094851,0.007653061224,0.002179732314,0.008097165992,0.08620472724,0.004876929256,-0.001120799064,0.02578796562,0.03314422216,-0.03437760171,0.01075268817,0.0006416720139,-0.01587768759,0.002380459532,0.003913543549,0.02490299054,0.01239039877,-0.009305110901,0.0432386937
0.006037003428,-0.02207911684,-0.01598837209,0.001800803435,0.01218446825,-0.01735015773,0.006818181818,-0.02141061891,-0.007956448911,0.007718803171,0.009938867071,-0.003797468354,-0.003264417845,0.008166998791,-0.01352874859,-0.02082673925,-0.01371158392,0.01427919799,-0.02054025716,0.01634653995,0.008976660682,-0.006369426752,0.002096263718,-0.004237288136,0.01189532117,0.02549800797,-0.03561643836,-0.02433515894,-0.01015228426,0.02870586843,0.0149926438,-0.0183299389,-0.006465517241,-0.02117967332,-0.02623612513,0.002467852968,-0.002182106725,0.01420235605,-0.01178401557,-0.03834058213,-0.06538461538,-0.02224281742,0.01727642276,0.01612903226,0.01985440106,0.0007553645551,-0.01267870755,0.02407229687,-0.01065428405,0.01541292846,-0.007479431563,0.0603985056,-0.03651456785,-0.02128972539,-0.03768998785,-0.004375,-0.006618317283,0.0009514747859,-0.02106231318,-0.01093852549,0.001771479185,-0.03562380038,-0.0415247903,-0.0148272957,0.02051983584,-0.04810126582,-0.04781165338,-0.003212851406,0.01735864043,0.01730044536,-0.0280019141,0.009776536313,-0.002916447714,-0.02238777052,-0.0170212766,0.005160620496,-0.03846153846,0.009602478059,0.01333154786,-0.01113020208,-0.09993054532,-0.006788645293,-0.002933472064
0.02183581173,0.01222953904,-0.01403249631,0.02827710177,-0.009902789134,0.03130016051,0.1179458239,-0.03794190196,-0.007176023639,-0.006135979904,0.04981563747,0.001905972046,0.001091703057,-0.00989922556,0.0048,0.02029997414,0.008149568552,-0.01231840135,0.07028992966,-0.01148859988,0.004151838671,0.02884615385,0.02268252666,0.005106382979,-0.003134796238,-0.02408702409,0.000946969697,0.06944444444,-0.0008547008547,0.03714651477,0.0489381773,-0.01659751037,-0.01084598698,0.01411009957,0.006735751295,0.02630215082,0.02211729622,0.005992184108,0.00170379677,0.06129974951,-0.01234567901,0.03412322275,0.03696303696,-0.01449275362,0.02206359507,0.05585478635,0.01284152144,0.01569699336,-0.02947454844,-0.01419725117,0.02486812359,0,0.004927356684,-0.002837326608,0.03068431639,0.004394224733,0.001545918774,-0.005703422053,0.01216705031,0,-0.01149425287,-0.004713000557,0.02203015337,0.01231400718,0.004021447721,0.04388297872,0.01294381662,0.05962933118,0.02397527651,0,-0.002308763114,-0.008990318119,0.00292497826,0.0176881534,-0.04761904762,-0.00641006167,0.02580724371,-0.01421558601,-0.01315615594,0.000507419082,-0.01888226353,0.0142084689,0.01203439213
-0.005872544933,0.05018587361,0.0007490636704,0.003496268406,0.02571572766,-0.02723735409,0,0.02057842047,0.08801020408,0.004102096627,0.01347374478,-0.006975269499,-0.01308615049,0.001816366939,-0.001364877161,-0.01241921176,0.0242510699,-0.0008908597787,-0.00635386746,-0.009877658589,0.0141760189,0.01479750779,-0.0131151486,0.01862828112,0.03144654088,0.04378980892,0.02365184484,-0.003774350649,0.06415739949,0.008071618276,-0.01143891204,-0.006329113924,0.002192982456,-0.01391377482,0.00566134843,0.0713293776,0.01838074398,0.07257855663,0.003399758122,0.02458532748,0.002083333333,-0.01191567369,-0.001926782274,0.009103641457,0.001904761905,0.01572010577,-0.00352359173,0.003921267107,0.008755604433,-0.06063275624,0,-0.003523194363,0.0188562943,-0.04868795447,0.006958626428,0.074375,0.00204144634,0.003824091778,0.01755314211,0.01769520018,0.003577817531,0.005519205234,0.00415421462,-0.005406318635,0.01335113485,-0.03439490446,0.01950389682,0.006844106464,0.00503542269,0.01234775776,0.001157052918,-0.004884856943,0.02916447714,-0.006134371957,0.09545454545,0.004525163579,0.01634909996,0.01919286233,-0.01111458287,-0.007668900227,-0.003086456533,0.0222950517,0.03499919443
-0.008595705847,-0.003539823009,0.002245508982,0.003417085427,-0.02229776575,0.0392,0.01161029783,0.01798365123,0.01524032825,-0.01382412413,-0.006363437439,-0.003831417625,-0.02099447514,0.02812714384,-0.01162516692,0.009624021558,-0.007892293408,0.0374296584,0.07675977726,-0.04812123659,0.001747233547,0.01304681504,0.01223278875,-0.004156275977,0.01829268293,-0.01601830664,0.02495378928,0.06327996632,0.02813504823,-0.01425299058,0.07835849873,0.04670912951,-0.01750547046,-0.005636623218,0.01842374616,0.03888757954,0.005300100272,0.0009255719431,-0.009321213994,0.007038648579,-0.01663201663,-0.01762523191,-0.04633204633,-0.007633587786,-0.02217997465,0.05559351682,-0.008477156172,0,-0.0196793716,0.1290927625,0.005147058824,-0.007071302298,0.01713232868,0.01129943503,0.00252384887,-0.003490401396,0.00663857529,-0.006666666667,0.01725946671,0.02282112584,0.001782531194,-0.007859483883,-0.02421005973,0.03006624766,-0.01054018445,0.05408970976,-0.03535118355,0.06873111782,-0.0009720092934,0.08698785829,-0.009228729732,-0.004908835905,0.0339800868,0.008229646321,0.03319502075,-0.01671029403,-0.001232561608,0.07512214984,-0.01348138786,0.008750329105,-0.0223893086,0.01013681311,0.05993751928
-0.007588008459,-0.02309058615,-0.02016430172,0.02904647436,-0.00354561259,-0.005388760585,0,0.0278372591,-0.0103926097,-0.0410076157,-0.00116061066,-0.002564102564,-0.01354401806,-0.01235224962,0.03042994516,-0.01427724115,-0.01169864296,-0.007716255706,0.0272302889,-0.007399325005,-0.01744186047,-0.02954545455,-0.007066286586,-0.0225375626,-0.01871257485,-0.01162790698,-0.004508566276,0.02381834204,0.01407349492,-0.01796219147,0.01156378601,-0.0121703854,-0.01559020045,-0.01040481829,0.005527638191,-0.01149425287,0.009546879453,0.07035883003,-0.01283108676,-0.001397890456,-0.02325581395,0,0.01315789474,-0.005594405594,-0.01685029164,-0.01999559825,-0.002857750171,0.03071149575,0.004134646915,0.07803979632,-0.005852231163,0.01721068249,-0.01819558223,-0.06046664476,-0.01317189397,0.04495037945,0.003050586423,-0.008628954938,0.000896756432,0.007437314067,0.005338078292,-0.0007857601026,-0.03971447112,-0.005277044855,0.002663115846,0.001877346683,-0.02365340521,0.04098939929,0.01944327989,-0.007752728757,0.01048117334,0.01338971106,0.01644403842,-0.02958896123,0.004016064257,0.0006500541712,-0.01921081591,-0.01316038629,-0.01993411219,0.002563945098,-0.005526820977,0.00051404689,-0.0144321456
-0.01255953873,0.002727272727,0.0175304878,0.02991369801,0.006427767958,-0.02554179567,-0.008982035928,-0.03177083333,-0.003500583431,-0.01727899468,0.01339530449,0.02699228792,0.0171624714,0.007150153218,0.01611149245,-0.01063738342,-0.03077651515,-0.03118202991,-0.01253084583,0.02174038817,0.007692307692,0.05464480874,0,0.02220324509,-0.003813882532,-0.02823529412,0.02989130435,-0.01802509792,0.002313030069,-0.01422612576,-0.03347097352,-0.02669404517,0.009049773756,-0.003825064536,0.004497751124,-0.00439871481,0.02093625029,-0.01384167527,-0.03379569204,0.02106133876,0.02813852814,0.003777148253,0.02197802198,0.008438818565,0.01252471984,-0.03537765448,0.004294962893,0.007504829841,0.00528191512,0.01092054134,0.01177336277,0.005834305718,0.01098749793,0.02728226653,0.01652139581,-0.01731843575,0.001515733113,0.01257253385,0.008027738704,-0.003163889475,0.002654867257,-0.0007863780071,-0.002950849214,-0.006631299735,-0.006640106242,-0.006870705809,-0.005479790697,-0.002715546504,-0.02504713797,-0.006065590624,0.0005771907785,0.04311543811,0.0188743411,0.005257097081,0,0.01305450721,-0.02210360967,0.03319581694,0.004061687857,-0.01019892498,-0.002385314333,0.01002993343,-0.0102056402
-0.01825382721,0.001813236627,-0.0202247191,-0.037109375,-0.001414201318,-0.03097696585,-0.02416918429,-0.01882732652,-0.03239656518,0.007681378208,-0.01609356257,-0.006257822278,-0.02249718785,-0.02218460015,0.01452773477,0.02539151589,-0.01612115291,-0.01696699978,-0.05075944207,-0.01945274455,-0.01174398121,0.0177646188,0.005094820266,-0.03091060986,0.0007656967841,-0.02421307506,-0.01055408971,-0.04145018483,-0.005384615385,-0.01885745179,0.01942483137,-0.02953586498,-0.01793721973,0.0009646667171,-0.02985074627,-0.01755733989,0.03073732719,0.003523272644,0.02152529066,0.00548389107,0.002105263158,-0.0103480715,-0.0009775171065,-0.003486750349,-0.017578125,-0.03173124987,-0.003561208767,0.00737517516,0.01228796203,-0.005832063092,-0.02836363636,0.008120649652,-0.002723830796,-0.008512087164,0.0587971677,-0.02274019329,-0.001513439143,0.01050620821,-0.006195059951,-0.03914515446,0.003530450132,0.005541100511,0.04073379572,0.01468624833,-0.01737967914,-0.05597484277,0.009445687298,-0.02450646698,-0.01763643165,-0.001758378155,0.01209704785,0.005333333333,-0.0185246996,0.0125510509,0,0.01355807988,0.01744004983,0.0193146996,-0.002309361438,-0.007720275393,0.01114164931,-0.005462788897,2.72873889e-05
-0.002818722524,0.03438914027,0.03363914373,0.01171236014,0.03910550721,0.03196721311,0.04024767802,0.03015350877,0.04598628479,0.04591319674,0.01635680179,0.03652392947,0.01380897583,0.008166998791,0.009112537595,0.04571259109,0.01588877855,0.01998827786,0.0005165642874,0.008060288918,0.01247771836,0.02472727273,-0.009092006276,-0.01379310345,0.007651109411,0.005789909016,0.004444444444,0.01545230459,0.02320185615,0.03035067483,-0.01076600708,-0.01086956522,0.01826484018,0.004780891551,0.04051282051,0.03574221805,0.009970045156,0.006983849847,0.01843538246,0.009544468547,-0.04201680672,0.01615969582,-0.03718199609,-0.01189643107,-0.01391650099,0.04078356494,0.04857555364,0.04048612636,0.05145735374,-0.02259849343,-0.00374251497,-0.02301495972,0.02111271953,-0.03880494505,-0.03367758684,0.01105293775,-0.03945827305,0.04536862004,0.02582012664,-0.007707553402,0.0008795074758,0.03707253183,-0.002127382451,-0.01973684211,0.006802721088,0.02398401066,-0.0233522121,0.04187020237,0.0165028801,0.01051704487,0.05459909812,-0.04708222812,-0.002696334443,0.05062469257,-0.006,0.01397927211,-0.06348976205,0.08189851508,0.005794534806,0.01764999376,0.006301727185,0.01999199431,-0.08039398151
0.01016571147,0.01224846894,0.01479289941,0.001681541845,0.01437647007,0.01509134234,0.009920634921,-0.02554550293,0.02545314308,0.00366516409,0.03907848625,0.006682867558,-0.009080590238,0.02250413143,-0.01870551601,-0.00364623425,0.009775171065,0.01783308235,0.01849962677,0.001229451308,-0.0234741784,0.00354861604,0.009175429337,0.01660839161,0.008352315869,0.02549342105,0.02477876106,0.0103361871,0.009826152683,-0.01794067313,0.008368462791,0.06373626374,0.004484304933,0.02862408787,0.002464268112,0.01366759798,0.03643204958,0.01822430787,0.008621812566,-0.006753023513,0,0.01683816651,-0.00406504065,0.001416430595,-0.01612903226,0.007698475253,-0.005454901135,-0.01062482409,-0.005506973288,-0.001705087983,0.01803155522,0.02355712603,-0.005349596105,0.04108610218,0.01406024149,0.0253164557,0.004744241331,0.03978300181,0.0147603728,0.05770084332,0.005272407733,0.005328979793,0.0292377306,0.04848993289,-0.001351351351,0.0253741054,0.03908055637,-0.02210314802,-0.1027098111,0.008613176109,-0.002686377364,-0.01809324983,0.02162899454,-0.003932731563,0,0.001247920133,-0.0006794880617,0.04083866622,-0.001142963054,0.01783416069,0.01643692919,0.01225281793,0.02878500924
0.002798244038,0.03025064823,0.00583090379,0.001614152893,0.01213565933,0.0406885759,0.01571709234,0.04642271983,-0.008273787138,-0.0239674278,-0.005528707403,-0.01448400724,0.02520045819,0.03169019664,0.01511820304,0.002744683447,-0.01645692159,-0.005256190625,0.08829565026,-0.01228601797,-0.01021634615,-0.02828854314,-0.0455002615,-0.01461736887,-0.01656626506,-0.01764234162,-0.01727115717,0.05117805105,0.00748502994,-0.02241439401,-0.01411453052,-0.02892561983,-0.008928571429,-0.02596262844,-0.005899705015,0.04398837902,-0.03609106052,-0.013641075,0.02307580351,-0.02317819396,-0.01973684211,-0.09843606256,-0.0612244898,-0.01697312588,-0.02595628415,0.08611307778,-0.01232382379,-0.03036768366,-0.003869555935,0.005978000956,-0.03173431734,-0.006904487917,-0.005351476362,0.02367879204,-0.000604716791,0.01122334456,0.006282188568,-0.01652173913,-0.0008591655784,-0.01993285774,-0.008741258741,0.001501363483,0.005537707136,0.005120819331,-0.01353179973,0.08756345178,0.01609576576,0.03767123288,0.01032127408,-0.04371473593,0.003777434214,-0.01063075833,0.002646385657,0.005922388509,-0.01408450704,-0.02127722714,-0.01085338038,0.02232829059,0.009231482913,-0.005509393064,0.006149079426,-0.01257834543,-0.03308065187
0.01561619989,0.01090604027,0.04275362319,-0.01811384001,0.01267530243,-0.003007518797,0.04352030948,-0.001565762004,0.008342813804,0.002666322625,-0.03225843163,0.0042865891,0.004469273743,0.01791555958,0.03044106045,-0.001824780519,0.004921259843,0.00704528553,0.05053004922,0.001864823677,0,0.008733624454,-0.03283317879,0.003490401396,-0.02679938744,0.0187755102,-0.02284710018,0.02060753521,-0.003714710253,0.01555293122,0.01853601192,0,0.009009009009,-0.000957315013,0.02077151335,-0.01088158693,-0.03256823821,-0.007768666379,-0.03425074737,-0.009744368514,0.006711409396,0.01224489796,-0.01847826087,0.06043165468,0.0126227209,0.06969380913,-0.004856228074,-0.003667302332,0.008331770568,-0.02387177833,0.00381097561,0.001158748552,0.008083921378,-0.005698960778,-0.007232178874,0.01442841287,-0.004682226794,-0.000884173298,-0.003422419427,0,-0.004409171076,0.0007648534541,-0.01101441964,0.04234994428,-0.02743484225,0.05192532089,-0.02869651741,0.0198019802,-0.006505780474,0.002657736671,-0.01992759376,-0.04083094556,0.01581262632,-0.0157000542,-0.01836734694,0.007671083351,-0.008918937733,0.01463955053,-0.006864112032,-0.01763388127,-0.03136288804,-0.009815683281,0.03081504186
0.01372504537,-0.007468879668,0.01389854065,-0.01011029412,0.03488593357,0.01583710407,0.01297497683,0.02404600105,-0.001128243701,-0.002101651297,0,0.01280487805,-0.005561735261,-0.0008373882539,0.01823067144,-0.02283114298,0.01077375122,0.02534105484,0.01853681989,0.004965830726,-0.001214329083,-0.004329004329,-0.124852922,0.004347826087,-0.01652242329,0.002403846154,-0.001798561151,0.007296369875,0.02684563758,0.02409109858,0.02894682605,0.004255319149,0.02008928571,0.01334009733,-0.0009689922481,0.04119174722,0.005129849311,-0.006978459444,0.07266333326,0.009840255591,-0.004444444444,-0.03427419355,-0.0365448505,0.03120759837,-0.03808864266,-0.004184513238,0.03763084975,0.0203180212,0.04017216643,0.04282334934,0.007593014427,-0.007523148148,0.02405728692,0.003034389751,0.05649397765,0.0295404814,0.004704253174,0.01327433628,0.01889657791,-0.01712695354,-0.004428697963,-0.008299960258,0.05156216791,-0.03574156102,-0.001410437236,-0.01941209096,0.01245697427,-0.004530744337,-0.005875846201,0.06711551715,0.02143447337,0.0216579537,0.01558988764,0,0.06444906445,0.006348919781,-0.02352961835,0.01435033536,0.01325228714,0.01744195005,0.007898952105,0.02773433197,0.001414916896
-0.01895987965,-0.02257525084,-0.005483207676,0.02036079056,-0.02353566102,-0.06310319228,-0.032936871,-0.04798366514,0.03539156627,-0.03094644546,-0.001152480184,-0.006020469597,-0.03243847875,-0.02684908339,-0.0061714383,-0.00841873324,-0.04554263566,-0.0332436223,-0.01040044056,-0.01543905148,-0.01580547112,-0.03115942029,-0.01628323872,-0.01385281385,-0.032,-0.006394884093,-0.03243243243,-0.06406808429,-0.01960784314,0.002085341903,-0.01205820789,-0.01906779661,-0.05032822757,-0.02163795821,-0.002909796314,-0.01780641585,0.004055593529,-0.02367258323,-0.04032200351,-0.02923310554,-0.02232142857,-0.009394572025,-0.02298850575,0.01052631579,-0.02015838733,-0.02461228225,-0.02887789391,-0.02352092352,-0.0206385696,-0.009207058745,-0.03089675961,-0.04139941691,-0.007830710002,-0.05546218487,-0.01896899853,-0.04144527099,0.04270758379,0.0008733624454,-0.02444869754,-0.0217817469,0.001779359431,-0.02054593936,-0.007296466974,-0.03690796769,-0.007062146893,-0.02432126697,-0.04456046625,-0.02145643693,-0.02274325491,-0.05112027423,-0.03067601434,0.01023391813,-0.03067809893,-0.002990714543,-0.021484375,-0.03157422634,-0.03827583417,-0.03544517915,-0.02672127653,-0.02772855996,-0.03449028861,-0.00868092768,0.007264868269
-0.01434582045,-0.003421727973,-0.004135079256,-0.02827429314,-0.01824458625,-0.002377179081,-0.02554399243,-0.02466487936,-0.03018181818,-0.01374966735,0.03452599604,0.004239854634,-0.005780346821,0.01207249705,-0.03478180183,-0.02356295334,-0.01725888325,-0.03791562108,-0.03940492469,-0.01631271506,-0.001852995676,-0.02991772625,-0.002531004809,-0.03950834065,0.01074380165,0.0008045052293,-0.001862197393,-0.02678126716,-0.01185185185,-0.0376575896,-0.06672411171,0.01295896328,-0.02534562212,-0.01057499147,-0.04085603113,-0.0389743228,-0.03739675048,-0.03415585682,-0.03445419477,-0.03884760787,-0.01369863014,-0.007376185458,-0.01176470588,0.03385416667,-0.04335047759,-0.01169349538,-0.04564759082,0.007388798581,-0.02430754786,-0.04908925625,-0.006220839813,-0.08637469586,0,-0.01601423488,0,-0.03824833703,-0.02797297954,-0.02530541012,-0.01815151436,0.008906702293,0.01154529307,-0.0372958172,0.02870813397,-0.006578947368,-0.0213371266,-0.008695652174,0.01846909815,-0.02325581395,-0.04056983586,0.001727748691,-0.03164681241,0.005788712012,-0.002639400785,-0.03000638028,-0.02694610778,-0.04106332397,0.01326639367,-0.03674770825,-0.01226475603,-0.02954736613,-0.01379639635,-0.04761184026,-0.009282927486
-0.01176455462,0.02231759657,-0.01176470588,-0.01879598662,-0.009952475332,-0.02065131056,-0.01650485437,-0.03353490929,-0.0206224222,0.004497211729,-0.003892179791,-0.00482509047,-0.04418604651,-0.03236637944,0.02058730006,-0.007707501396,-0.005165289256,0.003667930065,-0.0328170949,-0.0063769361,-0.01051980198,0.02852737086,-0.08292311596,0.00365630713,-0.02371218316,0.04019292605,-0.03358208955,-0.01223032912,-0.05172413793,-0.05856346226,-0.01132919848,-0.078891258,0.002364066194,-0.001934569415,-0.008113590264,-0.01482732044,-0.01885902876,0.04558306742,-0.02697929952,0.04190967042,-0.03472222222,-0.01380042463,-0.02857142857,0.01070528967,0.0153609831,-0.01929855321,0.002177044982,-0.04048701775,-0.002766639936,0.006231632617,-0.008607198748,0.02529960053,0.003299545982,0.03110307414,-0.01876172608,-0.03227665706,-0.009759316848,-0.02238137869,-0.004402949446,-0.05517545796,-0.02458296752,0.003220217079,-0.03439881247,0.02135761589,-0.02906976744,-0.03040935673,-0.02129517947,-0.01360544218,-0.03890555577,-0.02116761616,-0.00229815134,-0.02877697842,0.005292771314,-0.01340074612,-0.007179487179,-0.02105669854,-0.01527020419,0.04956967891,0.002359872662,-0.01174865581,-0.009045968811,-0.009194723818,-0.0483353037
0.007363942702,0.04366078925,0.02871148459,0.03490353807,0.0161012571,0.01216545012,0.05231984205,0.04835039818,-0.03024502297,0.02605659026,-0.04690008169,0.01212121212,0.03649635036,0.008801952116,0.02144000927,0.004868127826,-0.01557632399,0.02282048159,0.01508280139,0.003849337748,-0.01000625391,0,0.05705273643,0.01092896175,0.007537688442,0.03091190108,-0.01544401544,0.02848336699,0.04505928854,0.004003933137,0.04585805318,0.006944444444,0.01179245283,0.004855393709,0.002044989775,0.04511418247,0.02138395002,0.008016070773,0.02772736439,0.07745378808,-0.002398081535,0.02906350915,0.03921568627,0.04049844237,0.009077155825,0.06031724504,0.00433664505,0.01146613668,-0.01166016646,0.05306309159,-0.008681925809,-0.003896103896,0.0229419348,0.006313574184,0.02986501527,0.02322811197,-0.02438630328,0.0347985348,0.0344824524,0.002335902826,0.004500450045,0.003226174376,0.01680775616,0.02204571243,-0.02095808383,-0.06031363088,0.009689345969,-0.001379310345,0.04597269692,0.002723195216,0.02528708377,0.05555555556,0.01313854765,0,0.02066115702,0.03956586088,0.0265914585,0.02546716077,0.02654531665,0.005944163838,-0.003329990486,-0.008226020806,-0.002940941941
0.02306688881,0.0329847144,0.03948264125,0.01515051709,0.03957291755,0.01842948718,0.01688555347,-0.0005425935974,0.03908409001,0.01409372546,0.03045977356,0.01497005988,0.00117370892,-0.01832203749,0.03333286043,0.01838773577,0.06434599156,0.0517884791,0.04642497879,0.04795512125,0.03158559697,0.07196401799,0.04863365093,0.03513513514,0.04322527016,0.02773613193,-0.03137254902,0.01143174538,0.03555219365,0.05242333547,0.03625228481,0.07356321839,0.03496503497,0.05911000764,0.02142857143,0.02669851002,0.03246294989,0.01852987391,0.04786764384,-0.02664008699,0.05048076923,0.03661087866,0.04009433962,0.04251497006,0.009745127436,0.01915775642,0.0727128146,0.04746070133,0.08258410968,0.008387075216,0.0398089172,0.02151238592,-0.001285975155,0.06169397002,0.09165223415,0.04889406286,0.006375755568,0.03539823009,0.02820818776,0.04427872291,0.01792114695,0.01763817382,0.09055173665,0.08929421094,0.03211009174,0.01668806162,0.06789006271,0.0138121547,0.03575475975,0.03866020555,0.09305360535,0.02947368421,0.09611423221,0.03030996567,0.02226720648,0.05277145027,0.03308568508,0.06381669998,0.09886405615,0.05319750077,0.03333376334,0.03010419795,-0.03145661391
0.01705528133,0.03426791277,-0.0006548788474,-0.03653234702,0.03044506032,-0.01180173092,-0.02029520295,-0.0108577633,-0.01709726444,0.00585172755,0.01364548495,0.01769911504,-0.02930832356,0.014216,0.007166834854,0.01995856062,0.01090188305,0.01613603337,0.02439797212,0.01647252721,-0.006736068585,0.0006993006993,0.04393190555,0.006962576153,-0.01752988048,0.002188183807,0.01417004049,0.008939860283,-0.02483564646,-0.009767355295,0.009762278879,0.03211991435,-0.002252252252,0.007321251465,0.00999000999,-0.02669860778,-0.01521986785,0.04332775196,-0.006643386593,0.001365357165,0.0114416476,-0.01009081736,-0.01927437642,0.01952900632,0,0.04406462507,0.008725046146,0.01810966811,0.007265166034,0.03664921466,0.001531393568,0.009572431398,0.002575262033,0.03118844386,0.1073359563,-0.009433962264,-0.008454006911,0.02478632479,0.0116382945,0.01673733542,0.03873239437,0.01339036341,0.0466552062,0.009464181712,0.04444444444,0.08585858586,-0.02096799622,0.07493188011,0.02991593267,-0.006100999744,-0.005652279047,0.04021813224,0.004740955879,0.01419727451,0.0297029703,-0.003816564491,-0.1030577176,0.03339115351,0.06589065849,0.004598828832,-0.00886358813,0.01309828197,-0.008610386788
0.02271486024,-0.01506024096,-0.05701179554,-0.1310614224,0.03757465491,0.04060509554,-0.03107344633,0.05598243688,0.004252029378,0.01805193139,0.02916147839,-0.02028985507,0.02415458937,-0.01752683846,0.003557918413,0.01863521413,0.03529411765,0.01502544482,0.04547384756,0.018007634,0.01356350185,-0.01048218029,-0.01922433169,-0.009507346586,-0.001622060016,0.02256186317,-0.0129740519,0.02712623891,0.0456928839,0.05272416982,0.02659424946,0.004149377593,0.009029345372,-0.06720252054,0.006923837784,0.03909538418,-0.009300819027,0,0.00250667779,0.1516578866,0.02036199095,0.02956167176,0.02312138728,0.004507042254,0.03340757238,0.03601949599,0.03592845175,0.05697682659,0.05152152015,-0.01527937604,-0.0122324159,0.02907711757,0.0006421617734,0.008595988539,0.008630669249,-0.001680672269,0.008526086506,-0.02085070892,0.04272474437,0.02963125549,-0.01525423729,0.007008315484,0.01621249316,0.02091446704,0.002836879433,0.09302325581,0.01759259259,0.07794676806,-0.01802487716,0.01743526256,0.01702282883,-0.02359108781,0.03772742731,0.01299863824,-0.01634615385,0.02165977858,-0.04813640125,0.03545950483,-0.02649319929,0.0167546617,0,0.02986495462,-0.1844028604
-0.005813530111,-0.03363914373,-0.002084781098,0,0.02195707696,-0.01377199694,0.03401360544,-0.01091476091,0.02848344881,-0.00571452582,-0.02561429137,-0.002366863905,0.007075471698,0.008919754325,0.01359712572,0.006410125964,0.00946969697,-0.009039175861,-0.02236474594,-0.01297214401,0.01885644769,0.00918079096,-0.01716319665,-0.004363001745,-0.005686433794,-0.007829181495,0,0.006901311249,-0.01146131805,0.002113893134,-0.007852763136,0.004132231405,0.04026845638,0.001938319228,-0.01964636542,0.02372124957,-0.03325548809,-0.0265796307,0.01084377838,0.01065547304,-0.044345898,0.0198019802,-0.01581920904,0.0269209198,-0.001436781609,-0.002172949938,0.01606072429,0.03198122695,-0.01225223521,0.07180419399,0.001547987616,0.01167076167,0.01855940035,0.03251262626,0.03139772727,0.00785634119,0.001059322034,0.0136286201,-0.002358565233,-0.01705393306,-0.01376936317,0.003080965265,0.01027093724,0.03178864086,-0.01131541726,0.01170212766,0.02100723978,-0.02351557907,-0.02146611491,-0.01455080105,-0.006590549063,-0.0255033557,0.03637629806,0.00690945326,0.03616813294,-0.009950689462,0.03588687563,0.01870989531,0.003523265703,0.0004952575339,-0.004068368748,-0.004836733378,-0.03295969428
-0.01117011536,0.01582278481,0.0208913649,-0.00992094249,0.001734492148,0.02249806051,-0.03101503759,0.002627430373,0.0127245509,-0.01208637958,0.01566156822,0.01957295374,-0.003512880562,0.007957601897,0.01632281106,-0.01362827564,-0.01125703565,-0.009140092693,0.04576299875,-0.003582603187,-0.01731343284,0.01049685094,0.08855484447,0.01314636284,-0.008169934641,0.00143472023,-0.007077856421,0.01539704298,-0.004347826087,0.008480494862,0.001586926095,0.03703703704,0.03440860215,0.01068801716,-0.01102204409,0.006471949297,-0.004299932361,0.03241821348,0.02970283315,0.06576144835,0.009280742459,0.04757281553,0.01033295063,0.003823047515,0.04676258993,-0.005988625312,-0.02718024981,0.02280405405,-0.004956896552,0.06620631171,0.04173106646,0.03278688525,-0.01194586557,0.002445735249,0.05535295219,0.01169265033,-0.001058201058,0.01932773109,0.02606108687,0.05204944697,0.002617801047,0.006158595528,0.03947911649,0.0319046967,0.01144492132,-0.03995793901,0.02572845629,0.02769416014,0.004376347454,0.000874620569,-0.01582597446,-0.0261707989,0.01972370995,-0.0009802914733,-0.01320754717,0.01258574411,0.01811098347,0.03514122795,-0.003510895884,-0.01546538663,0.01878082712,-0.02039141141,0.03643548618
-0.02097530864,-0.01090342679,-0.02182810368,0.02810396117,-0.001731488894,-0.04324734446,0.0203685742,-0.02096436059,0.0022172949,0.02177353809,-0.01321156533,-0.02385107621,0.01880141011,-0.007018457992,-0.01147189715,0.0175064573,-0.02466793169,0,0.008911974024,0.01678537063,0.01032806804,0.004155124654,-0.03208458664,0.07439446367,0.08401976936,-0.01719197708,0.002036659878,0.005617029483,-0.01819505095,0.02584233139,-0.05766865128,-0.007936507937,-0.002079002079,0.003847174317,0.006079027356,0.0153594989,0.03134552865,0.01819421517,-0.02804656106,0.002198351237,0.01149425287,-0.008341056534,0.02840909091,0.05658324266,0.03780068729,0.04052451624,0.008447206752,0.0048275424,-0.03489519409,0.007129871605,0.005192878338,0.00176366843,-0.01081494707,-0.01768831961,0.0249198743,0.03467253715,-0.001049037354,-0.001648804617,0,0.009276437848,0.03394255875,0.02753629926,-0.002714018568,0.003184713376,0.03394625177,-0.007667031763,-0.01001057721,0.03573520797,0.02083237779,-0.02256605325,-0.006740954739,-0.03748231966,0.01290772719,0.03925013551,0.01338432122,0.04538760603,-0.01314782472,-0.02363566487,0.03779748647,-0.02789712649,-0.03928992614,0.004961411246,0.0439921974
0.01538442138,0.02362204724,0.03417015342,-0.04484885403,0,-0.01506740682,-0.00855513308,-0.01766595289,0.04351032448,0.01038265093,0.03849821012,-0.008939213349,0.02883506344,0.01148858694,0.02437723013,0.01085905391,0.02140077821,0.006708657896,0.01445794847,0.02535493315,0.009019843656,0.01034482759,0.04378943403,0.006441223833,-0.01139817629,0.002915451895,0.02540650407,-0.001678093686,0.03854707191,0.03745978825,0.05699963448,-0.044,-0.004166666667,0.003832430289,0.01057401813,0.03025430681,0.01256175018,0.008106298241,0.009894118694,0.01096764545,0.01136363636,0.005607476636,0.03867403315,0.007209062822,0.0119205298,-0.003684587081,0.0586280273,-0.007965105253,0.06973293769,0.02764067127,0.01992619926,-0.03697183099,0.01222248008,-0.01179757839,0.04562307739,0.006914893617,-0.004766807372,0.02559867878,0.03849692659,0.01940359477,0.0404040404,0.0119137385,0.01740703251,0.1010582011,0.02325581395,0.007726269316,0.02533674209,0.007352941176,0.02127889005,0.008887720221,0.05221606648,0.05216752388,0.02548648183,-0.02266064781,0.01886792453,0.008931338574,0.06896140309,0.08928688578,0.04031009769,0.02973214426,-0.05425765603,0,0.06146247876
0.01244395872,-0.01615384615,-0.01483479434,0.01020408163,-0.01452870305,0.0008051529791,0.001917545542,0.01253405995,-0.01236749117,0.0061738626,0.01773560425,0.009019843656,0.007847533632,0.005234943642,-0.03059443974,0.009865470852,0.03904761905,0.02080633816,0.04314864334,0.02185199072,-0.00178784267,0.01365187713,-0.01362324071,-0.0016,0.004611837048,0.02325581395,-0.01387512389,0.03526318317,0.0806566738,0.004362347036,0.007933763449,0.01255230126,0.01046025105,0.03054239073,0.01145989038,0.04038602414,0.0413530341,-0.001608222914,0.01469381842,0.03042556339,0.002247191011,-0.01208178439,0.01063829787,0.01942740286,0.01047120419,0.0264158105,-0.006695753306,0.04479704327,0.009650462127,0.03447234802,-0.01447178003,0.0006093845216,0.05777607948,0.0342444235,0.03996960634,0.003697834126,0.001593097955,0.02979066023,0.03039147073,0.03305950711,0.02588996764,-0.01102831595,0.06416362213,0.04829408938,0.02139037433,0.03176341731,0.07134085073,0.04042672656,0.07616232006,0.01933903253,0.004475450836,-0.02234636872,0.02897658364,0.02994865944,0.01759259259,0.0165037699,0.02419219823,-0.008371476753,0.02708244767,0.005068493151,-0.01676435627,0.002962150302,0.009319110892
-0.002674091974,0.0164190774,0.005475701574,0.01412563131,-0.001173375726,-0.004022526146,0.01531100478,0,0.01216457961,-0.002059053659,0.01372623163,0.004171632896,-0.008898776418,0.001743713249,0.0151923219,0.008861259128,0.008249312557,-0.00326406267,0.007593785316,-0.01238082374,0.001791044776,0.00202020202,0.01381139669,0.008012820513,0.01453710788,0.001420454545,-0.002010050251,0.02648883734,0.00858652576,0.02085757351,0.01887939147,0,0.01035196687,0.01111394992,-0.0009852216749,0.005877850911,0.01191326075,0,-0.01448103669,-0.02110451761,0.008968609865,0.007525870179,-0.001052631579,0.01303911735,-0.005829015544,0.01852490393,0.01899766505,0.009209563308,0.01961282279,0.008012522883,0.009544787078,0.04689403167,0.0006020759579,0.002430133657,-0.01333882873,0,0.00743640326,-0.002345582486,0.01582415677,0.0009697439876,-0.005520504732,-0.001491862568,-0.009042699936,0.02120100848,0.01308900524,-0.01539278132,0.003299986105,0.008634646519,0.01681819668,-0.006034262337,0.009872013279,-0.004285714286,0.01207659389,0.01689282747,-0.0245677889,0.006373451279,0.002152295328,0.01961737018,0.0100068173,-0.01158511653,-0.0170640876,-0.0009844672938,0.001126714644
0.03858311297,-0.01923076923,0.01497617427,0.04186444635,0.07846220892,0.03877221325,0.05466540999,0.04036598493,0.01732060799,0.02302645153,-0.01822968011,0.0005934718101,0.002244668911,0.0008664361374,-0.02072734249,-0.02460924509,0.04272727273,0.02783538915,0.0169469888,0.02108323058,0.0274135876,0.03494623656,0.03626849513,0.004769475358,-0.03695324284,0.02624113475,0.03927492447,0.03948750974,0.06090373281,0.02564451266,0.02703430759,0.02272727273,0.04098360656,0.01647865716,-0.004437869822,0.01521745747,-0.01865161603,0.006460762685,0.01061165834,0.006502077732,0.05111111111,0.01960784314,-0.01791359326,-0.005940594059,0.08990228013,0.01718216431,-0.05171291561,0.03487036925,-0.01501256708,0.08001473956,0.02109090909,0.030831879,0.01918263214,-0.01090909091,0.01272168002,0.05263157895,0.02739360884,-0.02978056426,0.0170002703,0.001937608991,0.01903251388,-0.02980637177,0.001020786934,-0.006284367636,0.01679586563,0.05660377358,0.01706886404,0.01819154628,0.01287339686,0.005196275145,-0.03962109088,-0.01219512195,-0.001988748343,-0.02214667229,0.01492537313,0.02825321431,0.005002174859,0.0219799857,-0.01081165779,-0.001532144389,0.02923546709,0.02264316216,0.05371732613
-0.009284479288,-0.01882352941,-0.01676727029,-0.03637314213,-0.01092800169,0.03576982893,-0.0008936550492,0.009829280911,-0.01945795691,0.02351659877,0.006366695614,-0.009489916963,-0.03359462486,0.02599397919,-0.01293068504,0.005394998095,0.002615518745,-0.01194774851,0.03703687099,-0.01339474926,-0.04292343387,0.07272727273,0.01532300192,0.01740506329,-0.003915426782,0.01313061507,-0.007751937984,-0.02937915743,0.03271604938,0.01372656728,0.05337604916,0.06060606061,0.009842519685,-0.02432614795,0.04011887073,-0.01498935756,0.004987419123,0.08652993059,0.04200480841,0.006411501846,-0.05073995772,-0.009157509158,0.004291845494,-0.03336653386,0.006575014943,-0.00894278355,0.01521964476,0.03521373511,0.02762068966,-0.01591402042,-0.04487179487,-0.01072234763,0.007084661707,0.04074754902,-0.03846370181,0.023,-0.003073453544,-0.0113085622,-0.03064150627,-0.006768516728,-0.0373540856,0.01382882743,-0.03192113964,-0.04539808018,-0.008894536213,0.02040816327,-0.002587145969,-0.02049395691,0.02484797485,0.008649810625,0.003558077737,0.03558460421,-0.04382169722,0.04434422474,0.02941176471,0.001115004779,0.05898795355,-0.0161450137,-0.02274915011,0.01582064817,-0.01330970826,-0.005781708388,-0.01906509562
-0.03020631619,0.007993605116,-0.0272851296,-0.03968376996,-0.03652124485,-0.008258258258,0.003577817531,-0.0112704918,-0.06236711552,0.0068574131,-0.02424856941,-0.01437125749,-0.03939745075,-0.03124928737,-0.0184660452,0.008078994614,-0.03391304348,-0.03948334856,0.02214353959,-0.01979549986,-0.006060606061,0.0696125908,0.006474018179,-0.02721617418,-0.01650943396,-0.03478854025,-0.0458984375,0.05531852947,0.007770472206,-0.009492192609,-0.01927078702,-0.01523809524,-0.02729044834,-0.03046516707,0.007619047619,-0.02921751834,0.05476818527,0.04867348736,0.03643320486,-0.02765444015,-0.03786191537,-0.01756007394,0.00641025641,-0.002575991757,-0.007719714964,0.006015652377,0.019358533,0.01274891409,0.008344239008,-0.02986627043,0.05891126025,-0.0142612664,-0.004103646383,-0.04974977922,0.005713227193,0.04154447703,0.0488664231,-0.01633986928,-0.00862224467,-0.03115264798,-0.02263540825,0.0113693901,-0.008363125638,-0.01999290193,-0.02435897436,-0.01,-0.001296928328,0.01663090129,-0.01413676644,-0.01456335312,0.02842354068,0.02244039271,-0.0041680748,0.001806498232,0.05535714286,-0.01734287987,-0.01006419972,-0.04508293839,-0.005585895614,0.007552984184,-0.02878819517,-0.03291046544,-0.01779544104
0.003217019388,-0.007137192704,0.01542776999,-0.002017756255,0.05224926254,0.03255109765,0.02139037433,0.03730569948,0.02191987906,-0.00728041334,0.01728969638,0.01640340219,0.002412545235,0.02353975079,0.005466919558,0.02758484219,0.02610261026,0.008392860473,0.03179786069,0.006923326587,0.00487804878,0.01414827391,-0.05141640043,0.003996802558,0.007993605116,0.02473498233,-0.02047082907,0.04847147208,-0.01126927639,-7.545793535e-05,0.01310265408,0.03288201161,0.01603206413,0.009516837482,0.0179584121,0.03915728752,0.02263479145,0.02884101562,0.01421096156,0.08859879883,0.00462962963,0.06020696143,0.03290870488,0.004648760331,0.03111909037,0.07872278665,0.01838854861,0.06294212666,0.0303275688,-0.008985551641,0.01901408451,0.007523148148,0.00821756534,-0.02013630731,0.0357229412,0.02862505866,0.03089123651,0.04983388704,0.05435225619,0.07942122186,-0.0008271298594,0.01347169124,0.05328977017,-0.01943505553,-0.01182654402,0.02828282828,0.03437905816,0.09762532982,0.006733662814,0.03995880536,0.01579728275,0.04183813443,0.06276395173,0.03065509158,-0.004230118443,-0.003993955095,0.008807541457,0.1001923196,0.04027384206,0.04490322194,-0.005547035131,0.02002182579,0.02312052154
0.009632396304,0.03354632588,-0.003453038674,-0.03938536191,-0.01909801311,-0.02419354839,-0.004363001745,-0.03146853147,-0.01701183432,0.02787635045,0.02496128664,0.01613867304,-0.002406738869,0.01618318972,0.01508405459,0.007779853261,-0.005263157895,0.02994432833,-0.02031982095,0.001147664841,0.0109223301,0.02120535714,0.001122687264,-0.003184713376,0.03251387787,0.003448275862,0.06165099269,-0.03113076744,0.02279544091,0.04149241905,0.0007160246312,0.05243445693,-0.007889546351,0.02169911307,0.04271123491,0.02781632776,0.05073364835,0.06355919627,0.03023635473,0.02918110523,0.04377880184,-0.04347826087,-0.0668036999,0.03136246787,-0.008705745792,-0.007848519097,0.04091126588,0.007860399308,0.03969510029,-0.01099891814,0.0006910850035,-0.001723147616,-0.009318293281,0.00853619981,0.05799326095,-0.005474452555,0.02045841665,-0.01265822785,0.01374354585,-0.008378016086,0.02897350993,0.01330758637,0.04408416485,0.05244367844,0.003989361702,0.0442043222,0.02068190829,0.002403846154,0.001389235764,0.02257872846,0.03936590675,-0.03357472021,-0.005907502351,0.02537762337,0.00424808836,0.01601278856,-0.02352329309,0.07409495884,0.03239881397,0.01767727494,0.01768521188,-0.004912663755,0.01242921182
0.00371154595,0.01081916538,0.03742203742,0.03451759555,0.006680480137,-0.02854996243,-0.009640666082,-0.0304280557,-0.01354401806,0.05040469523,0.0165766358,-0.0005882352941,0.03498190591,0.01090113538,0.03388741998,0.009458658972,0.05467372134,0.05250870955,-0.05495999866,0.01373773417,0.02581032413,-0.02950819672,-0.02476113578,0.0007987220447,-0.01305683564,0.03298969072,0.01673228346,-0.08130947531,0.02287390029,-0.01182863871,0.05097130796,-0.03202846975,0.001988071571,0.01108320594,0.01335707925,-0.03554655395,-0.004418145957,-0.007060235248,0.0007159117832,-0.04589757221,0.02649006623,-0.04081632653,-0.002202643172,0.03539381854,0.003512880562,-0.04562385296,0.02196286743,-0.07050382156,0.01759345552,-0.005235056648,0.007596685083,0.01035673188,0.008816595945,0.002507836991,0.02517781946,0.03256880734,0.0009343759639,-0.03685897436,-0.01423814679,-0.006571289099,0.006436041834,-0.001462485043,0.01391815947,0.01508948415,0.01059602649,-0.08278457197,0.008610086101,-0.05323741007,0.0211447633,0.006536897153,0.01775946873,-0.006130790191,-0.001980869441,0,-0.01861252115,0.02816075095,-0.009630748544,0.002414951701,0.01046069069,0.01876603784,0.04299856955,-0.01775095996,-0.003308528855
0.01109346395,0.007645259939,-0.01469605878,0.02286783854,0.003868128748,0.03325599381,0.01769911504,0.004255319149,-0.01830663616,-0.009494942117,0.01631154636,0.03354914656,-0.005827505828,-0.01244029851,-0.004599311425,-0.01446202771,0.01170568562,-0.01151680601,0.07717715191,0.009598773299,0.01170275015,-0.002252252252,0.004599604434,0.01117318436,0.009338521401,0.0006653359947,0.03291384318,0.06624293625,0.01834862385,0.01445715403,0.0109270086,0.01470588235,0.01984126984,-0.04566481271,0.002196836555,0.07252640229,0.04410016642,0.07377429282,-0.002146198861,-0.04606240713,-0.03010752688,-0.001934235977,0.02317880795,-0.02359171883,-0.01808634772,0.03902353537,0.0265886998,0.08010292555,-0.001272018643,0.04079174739,-0.01713502399,-0.004555808656,0.01689489181,0.02251407129,0.005065497661,0.04131497112,0.009316910918,0.02911813644,0.004123839523,-0.001889930451,0.01758593125,-0.002914459863,-0.004258144604,-0.01394330491,0.0380078637,0.04615384615,0.01155327343,0.08409321175,0.01644799609,0.01380670611,-0.005969947205,0.01576422207,0.001984801073,-0.01109910378,0.03620689655,-0.003293995591,0.009036728792,0.004818267519,-0.005176198729,-0.003224601077,0.04999796315,0.004020908725,0.01094319363
0.03395846324,0.007587253414,-0.004745762712,-0.07327551913,0.06493919683,-0.03517964072,-0.0008695652174,-0.03230932203,0.0372960373,0.0333665155,0.01805596889,-0.001138952164,-0.02227432591,0.003355172179,-0.01039626637,0.05353027044,0.02892561983,0.04580995944,-0.06180329486,0.03970914424,0.008097165992,0.01693002257,0.006913602857,0.06077348066,0.05628373169,0.05984042553,-0.0206185567,-0.02832311384,-0.02083333333,0.02593029839,0.005404449832,0.01086956522,0.02918287938,-0.006695586571,0.02937308198,-0.02616345062,-0.01013244279,0.03074084253,0.026523279,0.04502531153,-0.0110864745,0,0.008629989213,0.01775147929,-0.01901366607,0.01596404216,0.03415812663,0.009063131182,0.03968658298,-0.04930569531,0.002789400279,0.04118993135,0.09276834341,-0.03211009174,0.01797044707,0.008959044369,0,0.03476151981,-0.006844838854,0.07479360751,0.02906520031,0.02124723652,0.003334106459,0.03389038214,0.07702020202,-0.02745098039,-0.01202411168,-0.01962616822,-0.01988376109,0.01361867704,0.06839259693,0.02226720648,0.05544649868,0.01985095352,0.006655574043,-0.01704486312,0.03030117692,0.04690920463,-0.008675756661,0.03373875375,0.009194956353,0.04098251235,0.01625970328
0,0.08659638554,0.01566757493,0.0989010989,-0.03256431535,-0.01163692785,-0.005221932115,-0.00109469075,-0.004119850187,-0.03186099615,-0.001481757748,0.0228050171,0.1115107914,-0.00753142487,0.02977224701,-0.02213268673,-0.04417670683,-0.02894914919,-0.02677742145,0.03281383396,0.002868617326,0.002219755827,0.00227355402,0.005208333333,-0.007299270073,0.04140526976,-0.02870813397,-0.01381709632,-0.02300172513,0.005507054078,0.01613456917,-0.0376344086,-0.02646502836,-0.003854552359,-0.02810902896,0.003904656449,0.0213540868,0.009941342272,-0.008379294116,0.03083515767,-0.004484304933,-0.001937984496,-0.01069518717,0.02277131783,0.003634161114,-0.01571319603,0.003195301788,-0.01929788544,0.02110957575,0.04321020322,0.02294853964,0.03626373626,0.01730664087,-0.0252764613,-0.01271064928,-0.0088794926,0.02907556234,0.02421875,-0.001378402715,-0.03523484021,-0.01145038168,-0.02080518386,-0.01563267547,0.02181530462,-0.01758499414,0.02721774194,0.01949198805,0.002383222116,0.02200327904,0.07817986049,0.0250857223,-0.005280528053,-0.01689126355,-0.0186186283,0.05123966942,0.009504143171,0.006012601871,0.01145076172,0.0192490188,0.01296102291,-0.002486032088,0.02306146875,-0.03492884145
0.003038456186,-0.001386001386,0.05298457411,0.03796875,-0.0128156739,0.01962323391,-0.02887139108,0.01643835616,0.1075592328,-0.009581721025,0.02762985882,0.01783723523,-0.01833872708,0.007588577673,0.02323733087,0.01090665026,0.01008403361,0.02139882723,-0.009300441163,-0.02968891111,-0.01086956522,0.03543743079,0.01596951275,0.0281273131,-0.01544117647,-0.01746987952,0.02561576355,-0.02748720231,-0.01942319011,0.01122237468,-0.05093111404,-0.007448789572,0.02330097087,0.02611413976,0.003505696757,0.001799605248,-0.01756690815,0.3306430322,0.004928521241,-0.0119741539,0.04279279279,-0.002912621359,0.03351351351,0.04973945997,0.05069402535,-0.06760785529,-0.03664359456,0.001308352523,-0.0568560268,-0.05161699429,0.05982324949,-0.02173913043,-0.007214172024,-0.005834683955,-0.02718380249,-0.001279863481,0.05156933065,0.01525553013,-0.03384175736,-0.004565209452,-0.005405405405,0.0109797172,-0.02117947514,-0.001769911504,-0.00477326969,-0.04317958783,0.004189240267,-0.05753685212,-0.001484280124,-0.03590812383,-0.03586217187,0.07100199071,0.03816386901,-0.009481824451,-0.0251572327,0.004982691703,0.107639006,-0.03061626304,-0.01631071979,-0.02515281295,0.1319596105,0.04600246516,0.04071383722
-0.01108798705,0.004857737682,-0.0152866242,-0.01731145567,0.03138631584,0.01231716705,0.02162162162,-0.01778975741,-0.02071307301,0.02999069767,-0.01776583674,0.003833515882,-0.001098901099,-0.01422686158,-0.01329343605,-0.009959057209,0.2371048253,0.01347888308,0.02853131219,-0.0123458452,-0.004626951995,-0.02887700535,0.02469411449,-0.02879769618,-0.01194921583,0.0404659718,0.02785782901,0.04159514819,0.008403361345,0.03797051742,0.06829369937,0.009380863039,0.09867172676,0.0273257542,-0.006113537118,0.03158138726,0.007679669889,0.03480528315,0.01822071928,0.0564803805,-0.002159827214,0.04284323272,0.01673640167,0.02888086643,0.001148765078,0.03877538049,0.01819366388,0.02754403387,-0.01096988877,0.02754747259,0.00833867864,0.0162601626,-0.01505371866,-0.02249755461,0.03749791434,0.07304570696,0.03965547285,0.02329075883,0.03430922092,0.01284120928,0.01863354037,0.01232810367,0.08013315539,0.07214095745,0.003597122302,-0.03692307692,0.02380728333,0.03784056509,0.01786036036,0.01369122681,0.02845166699,0.003717472119,0.02942199692,0.01653447376,0.05080645161,-0.003835916706,0.006605934686,0.03513760536,0.01484008927,0.03575800441,0.02858796559,-0.0107651441,0.02301610496
-0.02699605991,-0.02762430939,-0.01164294955,-0.02351409314,-0.002106256424,0.002281368821,-0.02557319224,0.007135016465,0.00520110957,0.007152920776,-0.02150258031,-0.01254773595,0.01210121012,-0.01697634619,-0.03312642759,-0.0242911963,-0.09616677875,-0.007388677263,0.03028897342,0.001631642176,-0.01045903544,-0.01651982379,0.03834923955,0.03632320237,0.02872260015,-0.02651738362,0.0214953271,0.0389233727,-0.01845238095,-0.02107775237,-0.005867771953,-0.02044609665,-0.0103626943,0.02936549554,0.007908611599,-0.008201325694,-0.02195343899,-0.05214096595,-0.002064959567,0.2490368382,0.1125541126,-0.01307189542,0.002057613169,-0.01315789474,-0.04761904762,0.04071671969,0.05468212724,0.03448626653,0.05712463088,-0.04513274336,0.02099236641,-0.01653333333,-0.05162245006,-0.04669779853,-0.04748482771,-0.03821656051,-0.02461450053,0.007342143906,-0.006219155833,-0.009056002318,-0.002286585366,-0.00930745031,-0.01410464648,0.02418604651,-0.06451612903,0.06602768903,-0.01917892157,0.005833738454,-0.01619719868,0.006753154434,0.06212613336,0.003703703704,0.005358953314,-0.007704725565,0.01151189563,0.05972495088,0.003568593354,-0.0226626116,0.001715621366,0.02622421242,-0.004987145962,0.003634161114,-0.01278195896
0.02146067146,-0.01633522727,-0.003272251309,-0.02415875755,-0.002093816487,0.02352048558,0.04162895928,0.03215258856,0.002759572266,-0.01779116898,0.02447413071,0.006077348066,-0.03913043478,0.01726951953,-0.01161844002,-0.01200885868,0.000744047619,-0.0007443676184,0.08147627236,0.01898991313,-0.005284791544,-0.01231802912,-0.02639862341,-0.01287553648,-0.03012490816,-0.01937046005,-0.02104300091,0.102508248,0.02789569436,0.03882391717,-0.03543078571,0,-0.001745200698,-0.02496179317,-0.01743679163,-0.004417761667,-0.01984880791,-0.06832082759,-0.02413773711,-0.03975185416,-0.06614785992,-0.01608325449,-0.02258726899,-0.01155555556,-0.01325301205,0.06613633383,-0.009242196581,0.003687678238,0.004029471594,-0.02259717603,-0.008099688474,-0.002169197397,0.02331542697,-0.00244926522,-0.01562208419,0.0008278145695,-0.01008935585,-0.005102040816,-0.028510564,-0.005483257786,0.02062643239,-0.002897490305,-0.02909162595,0.0008073468564,-0.01021711367,0.1288711289,-0.04032610733,0.05703238279,0.003951028242,-0.003000882613,-0.02323631855,0.0184501845,-0.003553592009,-0.02847001405,0.001517450683,-0.005734767025,-0.002373113751,0.04632603895,0.00171268305,0.01022419,0.002860913053,0.01536914102,0.02559456672
-0.00358789761,-0.005054151625,-0.01904136573,0.03914476328,-0.02423093844,0.02816901408,-0.02606429192,0.04012671595,0.00515995872,-0.02808311726,0.00438979373,-0.007688083471,-0.01244343891,-0.01018427969,-0.0140979157,-0.01304373031,-0.007434944238,0.03722955189,0.02030450815,-0.01171308661,-0.02007083825,-0.01700680272,0.03470126735,0.0007246376812,-0.00303030303,0.001851851852,-0.03271028037,0.02101436765,0.01002949853,-0.01379604608,0.01564552628,0.01138519924,-0.008741258741,0.01644867222,0.008873114463,0.03376379565,0.008820155836,-0.02095610281,-0.01696162067,0.0008301151334,-0.02083333333,-0.001923076923,-0.02836134454,0.01438848921,0.007326007326,0.05067806891,-0.009843477266,-0.003674129231,-0.004817898931,-0.06096438631,-0.01884422111,-0.03043478261,0.01195843952,0.00245527885,0.01360415256,-0.02398676592,-0.03908245505,-0.01172161172,0.07372764985,-0.02205395869,0.0127245509,-0.008688377827,0.007135502023,0.01694060704,0.006451612903,0.01415929204,-0.01295446408,0.06492912666,-0.03302964678,-0.01119865439,-0.003287922927,0.001811594203,-0.02139759036,0.03108032679,0.02424242424,0.0152151754,-0.03630816632,0.01328728354,-0.0119912332,0.01180538843,-0.0835701412,-0.005349288743,-0.02157744377
-0.00565505354,0.003628447025,0.002677376171,0.01585705446,-0.02160718621,-0.007930785869,0.03925066905,0,0.006160164271,-0.02141729917,0.002910427376,-0.0160486995,-0.02520045819,-0.009432287445,0.01489532184,-0.02024513451,-0.0127340824,-0.01937501995,-0.01765430516,-0.009699648689,0.007831325301,0.001730103806,0,-0.02317161477,0.002279635258,-0.01355514479,-0.007729468599,-0.01576282491,-0.02219626168,-0.03035765792,-0.02277297951,0,-0.003527336861,-0.02068452117,-0.01583113456,0.02784580249,-0.004391123657,0.1984498252,-0.02228555861,-0.02466642625,-0.006382978723,-0.0009633911368,-0.03351351351,0.04432624113,-0.01696969697,-0.01621785296,-0.01151345259,-0.01853672928,-0.01533216443,-0.03358973597,-0.004481434059,0.03139013453,-0.009664643334,-0.004198740378,-0.02385956787,-0.02457627119,-0.01502834482,0.0007412898443,-0.03133620805,-0.002818913027,0.007390983001,-0.01316159597,-0.03493512665,-0.007932573128,-0.001282051282,0.03839441536,-0.04194558945,-0.003005581795,-0.006124166905,-0.02793321098,-0.03868776909,0.003013863773,-0.01639909386,-0.01722483329,-0.005917159763,-0.007248683727,-0.02965191907,-0.02513728461,-0.006945250981,-0.01084139761,-0.015588615,-0.01701059677,-0.01968509958
-0.01241926292,0.03543022415,-0.01401869159,-0.01560953324,0.01104218362,0.03415697674,0.02145922747,0.03654822335,0.01768707483,-0.005721087391,-0.02662295537,0.03430821147,0.02350176263,0.01471951875,0.03347638906,0.03595123901,-0.03262518968,-0.01025323872,0.0225485387,-0.02557135478,-0.04841601913,0.01381692573,0.01045702621,0.02891030393,-0.009097801365,0.001249219238,0.002921129503,0.04403722262,0.01553166069,0.02158903044,-0.02947756733,0.05065666041,-0.01415929204,0.005520162166,0.02502234138,0.0208271985,0.06662991258,0.004863778945,0.03235181563,0.06603564298,-0.01927194861,0.003857280617,0.008948545861,0.009337860781,0.009864364982,0.04015217115,0.007940452454,-0.03897600321,0.06147240963,-0.04400737554,-0.02829581994,0.02173913043,0.003803603643,-0.02283907238,0.02749924728,-0.0008688097307,0.03859388646,0.005185185185,0.008260292532,-0.01790358449,-0.02274394718,0.01629260682,-0.01272811376,0.05147426287,-0.00513478819,0.08739495798,-0.01958489657,0.05813953488,0.03239467263,-0.01630209533,-0.003418911247,-0.009014423077,0.01296750613,0.03067177446,0.06770833333,0.02345889144,0.0133731729,0.03136988297,-0.007859281437,-0.02189513118,0.02613097354,0.01456940223,0.01084525702
-0.007333669961,-0.02094972067,0.05348679756,0.02575804455,-0.026208299,-0.04919184821,-0.02773109244,-0.03966699314,0.01270053476,0.02201197142,-0.005962707639,-0.01576943991,0.006888633754,-0.005974412926,-0.03182396918,-0.001736144602,0.009411764706,0.01330285789,-0.03611386215,0,-0.04334170854,-0.02896081772,-0.01970808939,-0.02449567723,-0.02218821729,-0.0006238303182,0.02038834951,-0.0379197177,-0.01764705882,0.02167035305,0.02825241523,-0.02857142857,-0.005385996409,-0.004571881131,-0.01918047079,-0.02753520573,-0.01809052647,-0.0008067061836,-0.02207922213,-0.0214345172,0.004366812227,-0.1287223823,-0.00110864745,-0.01513877208,-0.01587301587,-0.05119606087,-0.02625579385,0.006568315696,-0.03011183597,0.0242381381,0.005956320318,0.003191489362,0.005391477568,-0.02265372168,-0.02602626602,-0.01826086957,-0.03197975092,0.02358142962,0.005464031317,-0.04033619896,0.003753753754,-0.02186236013,-0.01683695061,0.02671102662,-0.03870967742,0.02318392581,0.02064316809,-0.04192104192,0.006668523216,-0.009503300407,0,0,0.009143930407,-0.01615489262,0.0118466899,-0.004579416727,-0.01193758666,0.02062243985,0.01321435307,-0.01723535577,-0.04012135545,-0.0215302882,0.07215578895
0.03324532507,-0.007845934379,-0.01092544987,-0.02707186487,0.0426117952,-0.0022172949,-0.007778738116,-0.016318205,-0.03399339934,-0.005592291706,-0.02401437177,0.002209944751,-0.007981755986,-0.03433144835,0.009394325638,-0.00956540223,0.01320901321,-0.009476980997,0.06365967899,0.02065947079,-0.01116217991,-0.02865497076,-0.004205921938,0.02215657312,-0.01017214397,0.01123595506,0.002854424358,0.04251194877,0.002395209581,-0.01689731715,0.01167158687,0.009191176471,0.02527075812,-0.004592879229,0.03644444444,-0.009977617776,0.001691983757,0.001211036226,0.003642131337,0.00627348125,-0.01304347826,-0.0407938258,0.04772475028,0.05892399658,0.05831265509,0.0612397653,0.03775282238,0.03117717127,0.06050793224,0.06939300734,0.009868421053,0.01537645811,-0.001076820365,0.03237674761,0.02748755539,0.01417183348,0.01339518399,0.02159827214,-0.01358243557,0.06102779444,0.03216155572,-0.004467182807,0.02368946964,0.05666142024,0.01744966443,0.03700906344,0.01960649422,0.07221750212,-0.01504310313,-0.004773608092,0.05842215864,0.03577926016,0.02897911871,0.03025589109,0,-0.01738498789,0.05531180437,0.01596161831,0.02693332403,0.002633276718,0.03857544611,-0.02478006164,-0.001227594347
-0.03267966195,-0.03666427031,-0.01624431449,-0.005968066966,-0.06936026936,-0.04296296296,-0.05574912892,-0.03680663556,-0.02630679877,-0.03864422237,-0.02357741058,-0.0237045204,-0.006896551724,-0.023112,-0.0244197389,-0.01666211418,-0.03911042945,-0.06191123708,-0.05611024323,-0.04868651077,-0.005312084993,-0.01083684527,-0.004265923298,-0.0426300578,0.000790513834,-0.0549382716,0.00284629981,-0.06371963724,-0.03882915173,-0.07153847869,-0.06245506602,-0.06921675774,-0.04577464789,-0.03040927174,-0.04202401372,-0.08637267453,-0.03761120078,0.01973003769,-0.09869428703,-0.0652319397,-0.04625550661,0.02528735632,-0.008474576271,-0.03870967742,0.02286049238,-0.07909626657,-0.04573688803,-0.09457084024,-0.05255241651,0.03539459396,-0.03583061889,-0.0454308094,-0.03063622448,-0.05488239487,-0.06834899424,-0.03318777293,-0.05726996863,-0.07399577167,-0.04679680372,-0.09332478987,0.001449275362,-0.02843932388,-0.07188659128,-0.04512398142,-0.002638522427,-0.1624180626,-0.08899534444,-0.09944532488,-0.006383931621,-0.04886736002,-0.0592519944,-0.06264637002,-0.05280360486,-0.02768967749,-0.06955922865,-0.05152530679,-0.0240970301,-0.1214639241,-0.04400235646,-0.06380743523,-0.04875272579,-0.07901291416,0.009530181998
-0.03485004544,-0.01492537313,-0.02642007926,-0.05785575049,-0.05315596126,-0.05650154799,-0.08302583026,-0.04790096878,-0.03263157895,-0.03628458498,0.002099948978,-0.01863354037,0.03935185185,-0.04185536111,-0.02383936337,0.0160515873,-0.08300079808,-0.07148096402,-0.1215299987,-0.03162739338,-0.01602136182,-0.02799756543,-0.0191728526,-0.03018867925,0,-0.05747877204,-0.02743614002,-0.1256765702,-0.09757613424,-0.05967335175,-0.06734629438,-0.09784735812,-0.06457564576,-0.04277283372,-0.03043867502,-0.08702522211,-0.0946214751,-0.05780421348,-0.04669912156,-0.0008289686876,-0.05311778291,-0.04484304933,-0.04487179487,-0.04865771812,-0.04297994269,-0.1652058105,-0.08170251166,-0.08076325716,-0.07844806151,-0.07477536211,-0.06081081081,-0.05470459519,-0.0354744006,-0.1715686275,-0.09729709137,-0.1065943993,-0.05326568282,-0.07610350076,-0.07003727393,-0.07690708792,-0.0513748191,-0.006163304155,-0.1055756909,-0.08414387961,0.002645502646,-0.1556521739,-0.111724189,-0.1689397272,-0.05146070163,-0.1036548832,-0.09490814316,-0.1105559026,-0.07807631746,-0.04572456802,-0.08512213175,-0.05593515367,-0.09876813921,-0.09892495348,-0.05928849071,-0.09151096897,-0.04963913695,-0.0623153493,-0.06920784992
0.03281899333,0.02878787879,0.0210312076,0.01481420177,0.08968706523,0.05332239541,0.02112676056,0.05652911249,0.03336960464,0.03863505865,0.04924270846,0.03394706559,0.02004454343,0.04358974359,0.01953864934,0.06059481732,0.04873803307,0.03468316813,0.1383427989,0.03147112009,0.02035278155,0.005635566688,0.04021969468,0.04591439689,0.0205371248,0.04851004851,0.04474708171,0.1177990068,0.05922865014,0.05068262219,0.03261752757,0.03904555315,0.02564102564,0.05660377358,0.03047091413,0.06926166607,0.06138801534,-0.04201029047,0.06841292863,0.03077271185,0.01463414634,0.02582159624,0.0548098434,-0.02028218695,0.00119760479,0.1364815617,0.0996501664,0.042420951,0.1177941741,0.08697650195,0.05755395683,0.0462962963,0.05172135495,-0.001820664543,0.1113080543,0.05864509606,0.05132588673,0.02141680395,0.06288989395,0.05854537266,-0.01754385965,0.03953276604,0.1281137502,0.03626891093,0.04089709763,0.1163748713,0.1336974194,0.1286394918,0.009068943299,0.06957442068,0.1115325186,0.009129213483,0.04636880644,0.04791548277,0.08899676375,0.01684187352,0.06095706502,0.05821957095,0.09125609403,0.1038012599,0.04451836929,0.07188560349,0.09567650352
-0.01746836366,0.0029455081,-0.0073089701,0.04387538738,-0.01902535515,-0.009345794393,-0.039408867,-0.01284109149,0.02281502282,0.007858158269,-0.01647818403,0,0.01419213974,-0.02538902539,-0.01796687379,0.01158123435,-0.04315352697,0.011452255,-0.05184613663,0.02303013553,-0.03324468085,-0.02490660025,0.01463434915,-0.01339285714,-0.006965944272,-0.02643754131,0.01210428305,-0.03529095364,-0.003901170351,-0.03503120841,-0.020308753,-0.03131524008,-0.03269230769,-0.009391671606,0.01971326165,-0.01902638651,-0.009051059339,0.002628296083,-0.0490124887,0.006439102916,0.03846153846,-0.01258581236,-0.03711558855,-0.01080108011,-0.007775119617,-0.0318694724,-0.02859015221,-0.01018813314,-0.0207679596,0.01203494927,-0.009523809524,-0.02654867257,-0.001622451217,-0.01732786138,-0.04610184939,-0.001910219675,-0.002813736148,-0.006451612903,-0.01314698654,-0.01276324186,-0.008540372671,-0.008200930345,-0.04363303988,0.03113216668,-0.01394169835,0.02352398524,-0.07608295948,-0.03893058161,0.0193078237,-0.03426904849,-0.01972703147,-0.03827418232,-0.001927451423,-0.001725455397,-0.02674591382,-0.0148579161,-0.04905975626,-0.00379424359,-0.02672438672,-0.01489698004,-0.01966730533,-0.01422240311,-0.01099921813
0.008623462747,-0.005873715125,-0.0093708166,-0.06,-0.03310602728,-0.04481132075,-0.02461538462,-0.03414634146,0.00377487989,0.008737217412,-0.0121839749,0.006677796327,-0.001076426265,-0.03697478992,-0.002438477493,-0.03354507563,-0.03469210755,-0.02747973617,-0.0822051228,-0.00281446506,-0.02132049519,-0.06513409962,-0.04224544151,-0.03996983409,0.04053000779,-0.02715546504,0.03311867525,-0.08036055384,-0.07245430809,-0.07753739569,-0.03759657309,-0.05603448276,-0.03976143141,0.001888662416,-0.01318101933,-0.05267581956,0.03100552939,-0.0402423851,-0.07065587955,-0.003998691337,-0.03240740741,0.01158748552,-0.02092511013,-0.006369426752,-0.01627486438,-0.07299435761,-0.03498184673,-0.0631615884,-0.0416299288,0.02308742028,-0.02472527473,-0.04829545455,-0.03722329585,-0.0505800464,-0.0708328357,-0.06889952153,0.005652512482,-0.0349025974,-0.03923040896,-0.04955828485,-0.01644479248,-0.01353759003,-0.02583836351,0.009751523676,0.03084832905,-0.1212257774,-0.03852736318,-0.06734992679,-0.04259034494,-0.04276546406,-0.0288775155,-0.04486251809,-0.03474372804,0.01728437739,-0.1,-0.03365292162,-0.04887774964,-0.1404864247,-0.007970584747,-0.04536676796,-0.04264764888,0.001032181113,-0.1046877101
0.006415367442,-0.006646971935,-0.01013513514,-0.02127659574,0.0230159633,-0.01975308642,0.02103049422,-0.005611672278,0.05094017094,0.008661539657,-0.01489994848,-0.001658374793,-0.02801724138,-0.006108202443,0.004888876401,0.0160834683,0.01707097934,0.00582125961,0.02011686987,-0.01862264033,-0.0007027406887,0.01639344262,0.04085736288,0.006284367636,-0.006741573034,0.03838101884,0.004452359751,-0.0005276867113,0.01477832512,0.06344221106,0.03349163454,0.02054794521,0.04140786749,-0.01894434283,-0.01335707925,0.02172269874,-0.04068012077,0.002731321128,0.017889245,0.0136866309,0.007177033493,-0.009163802978,0.02137232846,0.05311355311,-0.00306372549,0.02676041557,0.02186816818,0.01729196579,0.01474981699,-0.002722125436,-0.004929577465,0.005373134328,0.01249971488,0.07233626588,0.02510738118,0.03083247688,0.02714717779,-0.01513877208,-0.01078646817,0.0192700068,0.03423566879,-0.01295152825,-0.006781528081,-0.005942984493,-0.004987531172,0.02153846154,0.01966303763,0.007326007326,-0.008236140873,0.03042253521,0.02252784452,0.03484848485,0.01200410951,0.0008576259942,0.05852417303,0.02223106664,0.04139236265,0.007279863265,0.04820775246,0.007927890408,0.02009031176,-0.02213464094,0.01711140821
0,0.009665427509,0.00614334471,0.002122961957,-0.0005744996294,0.02350965575,-0.04943357364,0.01636568849,0.01333767079,-0.002849551388,0.002609837325,0.00553709856,0.01884700665,0.02194907814,-0.002432545785,-0.005838523132,-0.003533568905,-0.01157513734,0.04538474356,-0.01035224412,0.04781997187,0.03561827957,0.0671626454,0.00156128025,-0.004524886878,-0.006720430108,-0.01684397163,0.04397838712,0.001386962552,-0.003422019055,0.003854916701,0.02908277405,0.01192842942,0.01255636094,0.007220216606,0.01814088131,-0.0082822594,0.02363657896,0.01054406356,0.01904659034,-0.02375296912,-0.04161849711,0.01431718062,0.005217391304,-0.0024585126,0.07168165713,-0.02140018533,-0.02006627393,-0.01130857795,0.08846489791,0.004953998585,0.01187648456,0.006172700444,-0.001367365542,0.04987304473,-0.02293120638,0.0388551866,0.01537147737,0.003895433426,-0.002224199288,0.003849114704,0.02084734364,0.05340958323,-0.02484820177,-0.02506265664,0.06626506024,0.01692919779,0.05454545455,0.0191573409,-0.02214324768,-0.01498195415,-0.008052708638,0.007907813418,0.004244036119,0.01282051282,-0.01056788475,-0.008225943897,0.02319004525,0.01704117714,0.004914113689,-0.01626199438,0.0268535008,0.003716853064
0.01221266119,0.01399116348,0.03188602442,0.02169307686,0.05889224721,0.04675963905,0.06879739978,0.06718489728,0.04783306581,0.02490828345,0.05722970132,0.01431718062,0.04026115343,0.05068728522,0.02439178205,-0.01256595261,0.07712765957,0.03762291578,0.03238632692,0.03428348984,0.0322147651,0.02855288774,0.0503408697,0.03351519875,0.0303030303,0.04059539919,0.02073940487,0.063194026,-0.009002770083,0.0581035027,0.01998582701,-0.00652173913,0.01964636542,0.03908084851,0.02508960573,0.01721741328,0.05015032571,0.01954281197,0.03826164576,0.05529449175,0.04136253041,0.0205066345,0.04125950054,0.01557093426,0.01601971657,0.05378942014,0.05178834715,0.04558832738,0.05882642949,-0.03779120796,0.02676056338,0.01291079812,0.04018986633,0.01871291648,0.04083562244,0.04081632653,0.01296816439,0.05214465938,0.04731961976,0.05349977708,0.02760736196,-0.0136195116,0.02913451889,-0.01302806782,0.03727506427,0.09322033898,0.01668729291,0.04248768473,0.056059944,0.05943528096,0.07603595529,0.04723247232,0.05097983778,-0.00507937019,0.04905063291,0.03086176851,0.03801641299,-0.04815429028,0.01339105469,0.06744790519,0.06787470529,0.08564191502,0.06921171096
0.01625565938,0.02178649237,0.009204470743,0.01700257112,-0.001628578934,0.01097178683,-0.01672579828,0.005202913632,0.004901960784,0.01495855313,0.0113187787,-0.00325732899,-0.008368200837,-0.003270645953,0.02083547092,0.01612446425,-0.03621399177,-0.004030741119,-0.02344222689,-0.009550242932,0.05526657997,0.02397476341,-0.03135313531,-0.03167420814,0.02352941176,-0.05981794538,-0.01766784452,0.0009412098088,-0.0607966457,0.04441007781,-0.003013773225,-0.06345733042,0,-0.01468274777,0.02447552448,-0.003012515917,-0.01590520498,-0.004359420509,-0.01758819205,-0.05387036293,-0.02803738318,-0.04787234043,-0.01772679875,-0.006814310051,0.01212856277,-0.01154131255,0.02133521852,-0.01952446547,0.02777907118,0.143419338,-0.0109739369,0.05214368482,-0.005359679711,-0.006272401434,0.02482333929,-0.03235294118,0.01623234332,-0.02238209432,-0.03851561977,-0.03914515446,-0.001492537313,-0.005373922497,0.01258032546,-0.0453266039,-0.004956629492,-0.01981050818,-0.008952762398,0.02303603071,0.01955405716,-0.02760185772,0.006651069928,-0.03946441156,-0.02986078418,0.02464461112,0.0407239819,-0.007498091395,-0.0412781269,-0.02084274376,0.02892936984,0.005489063145,-0.008957521164,-0.02503415659,-0.01683692206
-0.02064029953,-0.04051172708,-0.03713355049,-0.06891208612,-0.05740896653,-0.007751937984,-0.03453608247,-0.01397515528,-0.05457317073,-0.04514236923,-0.00584000478,-0.02015250545,-0.02848101266,-0.02543068089,-0.02390795972,-0.01754092573,-0.05807002562,-0.04773724728,-0.05541906125,-0.04707976615,0.006777572397,-0.03327171904,-0.06276736703,-0.05140186916,-0.001436781609,-0.04149377593,-0.02697841727,-0.04806778427,-0.01413690476,-0.09738480552,-0.05518410396,-0.06074766355,-0.05587668593,-0.04002495825,-0.0204778157,-0.05333001059,-0.009899389874,-0.01487363112,-0.06564392592,0.01089918256,-0.08653846154,0.01427684668,-0.02123142251,-0.02744425386,-0.02935889754,-0.05388519258,-0.02517866439,-0.05369250504,-0.03453962271,-0.0549996581,-0.04438280166,-0.006607929515,-0.03075158519,-0.0572587917,-0.05234429671,-0.08814589666,-0.03109190731,0.005723630417,-0.04622550992,-0.06941202378,-0.01046337818,-0.03391683193,-0.05021706528,-0.09892232615,-0.03362391034,0.06678383128,-0.06240342327,-0.06466512702,-0.008665133547,-0.05036635007,-0.03798792952,-0.06749816581,-0.03268630849,-0.009949227356,-0.0847826087,-0.06843218593,-0.02777851196,-0.09424014762,-0.03613991309,-0.02914255223,-0.0690743829,-0.0436141773,-0.07793907676
0.01950251645,0.05037037037,0.02300405954,0.03363405448,0.04923798359,-0.01015625,0.09930592632,0.0005249343832,0.06868752015,0.03763461763,0.006365088666,0.01834352418,0.04017372421,0.06481481481,0.04539681886,0.02381177539,0.04805077063,0.0424804503,-0.0003709316264,0.01309568744,0.05263157895,0.05544933078,0.02128690875,0.04433497537,0.03669064748,0.04256854257,0.003696857671,0.009899307473,0.05433962264,0.01596579496,0.05840725606,0.05472636816,0.05510204082,0.01938443892,0.0331010453,0.06594274432,0.03905484819,0.001773989838,0.01459823666,0.04785241712,0.04210526316,0.05018359853,0.02711496746,0.03262786596,0.04444444444,0.006170535348,0.05604578337,0.008133230054,0.04510389098,0.06425470333,0.03846153846,0.02549889135,0.1658256676,0.006217120995,0.02884852065,0.04888888889,0.07891876161,0.02032520325,0.038771073,0.002366415827,0.02719033233,0.03670777636,0.03271059105,0.01274963331,0.01932989691,-0.1013179572,0.06173935091,-0.03518518519,-0.01974088197,-0.02028919243,0.0454959399,0.0448465775,0.0397570502,0.04689630971,0.007125890736,0.07283987024,0.01071117877,-0.03521536671,0.02333392849,0.06754604772,0.003528108633,0.02533757129,-0.003685805086
0.004129681492,0.01763046544,-0.0205026455,0.009575459707,0.02484703379,0.0181531176,0.04419621175,0.03410283316,-0.01357875679,0.001835962382,0.04474655891,0.02729257642,-0.007306889353,0.000790513834,0,0.01245104559,-0.026816609,0.02364515954,0.03364512202,0.02350160186,-0.0226744186,0.04287439614,0.01491061541,-0.00393081761,-0.002081887578,-0.006228373702,0.03222836096,-0.005879259571,0.02290622763,-0.008143519195,0.02342970148,0.09669811321,-0.03868471954,0.01618408221,0.02023608769,0.05883805643,0.02446879541,-0.01152013859,0.02517880098,0.002939800895,-0.01767676768,0.07459207459,0.03273495248,0.01878736123,0.009456264775,0.05424616878,0.0265328054,0.04174670252,0.01711566092,0.01479920225,0.01607267645,0.02702702703,-0.001896006895,0.0147338403,0.02564716015,0.02542372881,-0.004014311895,-0.005577689243,0.006224568693,0.09802162519,0.03529411765,0.01616826218,0.02269362003,-0.01348039216,0.03413400759,0.06691109074,0.040039801,0.07037747921,-0.002010749778,0.02170108505,0.02463131661,-0.01430722892,0.02295245808,0.03840381524,0.02987421384,0.01217702034,0.07774310972,-0.03303167421,0.00162481053,0.004382722568,0.02552292703,-0.001978674288,0.02516192211
-0.02213529356,-0.0194040194,-0.04253882512,-0.01284203458,-0.008618004361,-0.03488372093,-0.04372093023,-0.01826484018,-0.02233098807,-0.0361657566,0.003724767321,-0.02284803401,0.03049421661,-0.0560821485,-0.01142601981,0.001642155968,-0.002666666667,0.00318606627,0.0007223598841,-0.009758575515,-0.004164187983,-0.03474232774,-0.01566579634,-0.03788476717,0.006954102921,0.01114206128,-0.03033006244,-0.01084415104,-0.04408677397,-0.00235864173,-0.03249967795,-0.01720430108,0.004024144869,-0.01123885803,-0.004958677686,-0.03571428571,-0.0102361601,-0.008967169062,-0.02543770697,-0.0293784558,0.04370179949,-0.04772234273,-0.05214723926,-0.03185247276,-0.02868852459,0.02594903164,-0.02331101507,-0.02771972956,-0.01170695531,-0.04993635125,0.0006877579092,-0.002105263158,-0.01291350065,-0.04309133489,-0.02968975974,-0.004132231405,-0.01533339175,-0.02243589744,-0.02859404834,-0.0408514298,0.001420454545,-0.009850402762,-0.02168644361,-0.04359119142,0.07212713936,0.04381443299,-0.01308790326,0.006575014943,-0.02737804642,0.08764417038,-0.01042564496,-0.006875477464,0.003739577192,-0.01694741167,-0.01679389313,-0.04643836732,0.04459049124,-0.02706286071,-0.006499586291,-0.03673571316,-0.002564511414,-0.01535411389,0.0204955121
0.01262946715,0.01342756184,0.03032440056,-0.03919734716,0.0152213378,-0.01044176707,0.0233463035,-0.004651162791,0.01658322904,-0.009623219898,0.01437872518,0.02718868951,-0.01836734694,0.02008368201,0.03525879477,0.04422908773,0.001782531194,0.03015385701,-0.02023772547,0.02028893403,0.027479092,0.0575884823,0.008947305911,0.01886792453,0.02417127072,0.003443526171,-0.0009199632015,-0.006984256011,0.00878477306,-0.007606614671,0.008397846803,-0.01094091904,0.002004008016,0.06534398447,0.03405315615,-0.02530612245,0.01638455281,0.007240610294,-0.02250084732,-0.009814687714,0.0197044335,-0.003416856492,-0.006472491909,-0.008658008658,-0.01084990958,0.02268001948,0.01089623074,-0.01270623933,0.01850098267,-0.02362426835,0.04810996564,0.02109704641,0.01549287561,-0.009789525208,-0.008856365332,-0.03630705394,-0.0270510767,0.005737704918,-0.001590041069,-0.01120824927,0.02978723404,0.03596609487,-0.01898204749,-0.02751210296,0.02508551881,-0.05267489712,-0.02795765637,0.01128266033,0.01471572439,0.03543493097,0.02348112442,0.01384615385,-0.01490257942,0.01880681225,-0.0100931677,-0.001196138182,0.007525982559,-0.1022044088,0.0392745603,0.02360517949,0.008592553121,0.02465434695,-0.01746733974
-0.01715042727,0.01046025105,-0.01642710472,-0.002300884956,-0.003748280605,0.00487012987,-0.03041825095,0.02128764278,0.02893197907,0.01457508914,-0.0137164457,0.006881948121,0.003118503119,0.006562756358,0.01898596104,-0.003925057568,0.02046263345,0.0007707459108,0.01659693602,0.002273731179,-0.00523255814,-0.002268859898,0.002982146361,0.03623188406,0.004720161834,-0.002059025395,0.01565377532,0.0542205659,0.06095791001,0.01839192076,-0.003781984174,0.05309734513,0.01,0.005325951751,-0.02409638554,0.03198089211,0.004230182927,0.04312161055,-0.007367426083,0.01219934844,0.01690821256,-0.003428571429,0.01845819761,0.03056768559,-0.004875076173,0.04690469585,-0.01694213705,0.04661288257,-0.02252414241,0.0405190678,0.003278688525,0.01859504132,0.009073506891,0.07365299061,0.03655696989,0.009687836383,0.04212049154,0.03341483293,0.03107518707,0.04307413285,-0.01584022039,0.001465880875,0.03817394726,0.03703254007,-0.02113459399,0.04517810599,0.03558321366,0.02348796242,0.01067062398,0.04532549179,0.01345301935,0.03490136571,0.001891003254,-0.0169213414,0.0368627451,0.05297824413,0.01246541775,0.1160714286,0.01339111547,-0.01063730522,0.07508915599,0.03631004367,0.04231256073
0.004225813894,-0.004830917874,0.002783576896,0.02048962214,-0.002140071106,-0.02180936995,-0.01323529412,-0.0172852059,-0.003589590188,0.007646263757,-0.002319448265,-0.007360672976,0.00829015544,0.01222493888,-0.009867074699,0.001576209741,0.005231037489,0,-0.03773377724,-0.001135302003,-0.0292226768,0.01534963047,-0.02261257384,-0.02486402486,-0.01208053691,0.01237964237,0.004533091568,-0.0476209937,-0.00683994528,0.002085041733,-0.004563184004,-0.004201680672,0.02376237624,-0.01679940052,-0.01893004115,-0.01169256665,-0.008424727714,-0.006031137501,-0.01205870051,0.009073478052,-0.009501187648,0.01834862385,-0.01385927505,0,-0.006123698714,-0.03950735448,-0.005219838848,-0.03383090664,0.003714903583,0.01163839978,-0.02810457516,-0.01825557809,0.01464506583,-0.0244014733,-0.02743354549,-0.03518123667,-0.00565661401,0.01498422713,0.004633726075,0.01304064334,-0.004198740378,-0.008110287967,-0.01708996715,0.01604027631,-0.01818181818,-0.002493765586,-0.04241140216,-0.006310958118,-0.002385058811,-0.008972742264,0,-0.00293255132,0.01132460466,0.003911954934,0.009077155825,-0.0268623575,0.01292090532,0.02,-0.01010311209,0.008959728379,0.03096013269,0.01940458884,-0.004023783511
0.01528434443,0.002080443828,0.03886190146,0.01555845285,0.03929572106,-0.01816680429,0.05613512171,-0.0201758924,0.02942059442,0.0142566972,0.02462714596,0.004766949153,0.01849948613,0.02979066023,0.00387932131,0.01335921244,0.04076322637,0.03540989218,0.04637968259,0.02724365165,0.008428657435,0.008398656215,0.03118120322,0.04541832669,0.03260869565,0.01222826087,0.02436823105,0.03500472022,0.04063360882,0.08508046867,0.02977764252,-0.01687763713,0.05996131528,0.02158847197,0.02852348993,0.05857664234,0.0306555934,0.03986829727,0.09389525457,0.03963218079,0.02158273381,0.06644144144,0.04432432432,0.02627118644,0.02033271719,0.0190817377,0.007873741825,0.07952890521,0.03111115084,0.07355564704,0.01546738399,0.002066115702,0.04380585574,0.07597923549,0.0273989741,0.04198895028,0.0154455954,0.0303030303,0.04461698922,0.05470928985,0.01405481377,0.0252827177,0.0574321067,0.05657985711,0.01736111111,-0.01,0.08475803532,0.1229792148,0.03623521349,0.01649292811,0.02576667357,0.1066176471,0.04850696079,0.03740842729,0.023988006,0.0616912931,0.03888486381,0.03529411765,0.004708949106,0.04266485057,0.02232020497,0.03019593254,0.03926802723
-0.0108976573,0.01730103806,-0.0120240481,0.006590208833,-0.01760692295,-0.01934398654,-0.03198494826,-0.03748680042,-0.03937007874,-0.02153788022,-0.02766371098,-0.01054296257,0.02219979818,-0.004691164973,-0.003313188136,-0.01085362276,-0.015,-0.0126448371,-0.08324318194,-0.01326154942,-0.02089552239,-0.05941143809,0.01172269234,-0.02515243902,-0.02697368421,0.006040268456,-0.01938325991,-0.09758600317,-0.012574454,-0.04085915896,-0.03039426656,-0.04506437768,-0.03649635036,-0.002637194857,0.01060358891,-0.02068608861,0.02810991459,-0.003338218531,-0.05665147342,-0.01223930285,-0.05164319249,-0.01689545935,-0.02070393375,-0.02229562345,0.03200483092,-0.1115264017,-0.01770695507,-0.05894773887,-0.03161171177,-0.04067067195,-0.02185430464,-0.02319587629,-0.01963137438,0.0298245614,-0.02588144929,-0.03393425239,0.03362938146,0.01206636501,-0.03682419939,-0.01525630594,0.0194040194,-0.01014863118,-0.03587927786,-0.05616752099,0.02502844141,-0.06228956229,-0.06897574724,-0.07866323907,0.006320266939,-0.04872412133,-0.04033686949,0.02325581395,-0.02491942079,-0.02253718636,-0.04538799414,-0.02877810977,0.007018481011,-0.01136363636,-0.02500366162,-0.0204531192,-0.04894623957,-0.008125188083,-0.004484337352
0.004190347751,0.02108843537,-0.00676132522,0.01300909787,-0.01741428378,-0.006861063465,0.008746355685,-0.01645639057,0.009107468124,0.01340027032,0.005597575815,-0.003196590304,0.01480750247,0.01571091909,0.01936045662,0.01646779708,0.03384094755,0.01054675729,-0.02751699887,0.006160234294,0.02012195122,0.006493506494,0.008670963781,-0.009382329945,0.01893171062,0.02735156771,0.01168014376,-0.007500229716,0.02077747989,0.02734332143,0.02369839788,0.05393258427,0.0303030303,0.02736366009,0.01614205004,0.01314322596,0.01527792827,0.02675888862,0.06551380984,0.02405498282,-0.03712871287,0.001611170784,0.044397463,0.05743243243,0.08191925102,0.01873268966,0.01696612631,0.02349788083,0.005936019912,0.02453974106,0.006093432634,0.05013192612,0.01638865036,-0.002129471891,0.06118681065,-0.01152579583,-0.002323945815,0.02011922504,0.01147192297,0.05060937823,0.02855200544,0.02050536374,0.06460917674,0.06228333719,0.02996670366,-0.004488330341,0.104317693,0,-0.02675030805,0.02474946857,0.0293419961,-0.001298701299,0.02007992501,0.03612235487,0.03757668712,0.02677029361,0.03425843384,0.1149425287,0.01682475643,0.0408974426,0.005539962495,0.04182847896,0.01786668354
-0.00470046525,-0.03064623584,-0.03199455412,-0.006379049857,-0.01341286808,-0.02677029361,-0.0289017341,-0.02955939766,-0.004813477738,-0.002819907019,-0.001395163433,0.009086050241,0.003891050584,-0.002320185615,-0.02604488175,0.003089174161,0.006546644845,-0.01789145849,-0.04931059116,-0.01502419302,-0.00478182905,-0.009384164223,0.04108025865,-0.003946329913,-0.02587923026,0.005194805195,-0.02309058615,-0.0798277997,0.02495075509,-0.0433407694,0.03360812848,-0.04690831557,-0.005514705882,-0.007738155711,0.002382843527,-0.006196791568,0.008680184988,0.009768646623,-0.0657560564,-0.03271812081,-0.005141388175,0.02627345845,-0.01518218623,0.002396166134,0.02325581395,-0.05287006366,-0.01042908396,-0.02752572925,-0.00810830055,0.03049811419,0.004710632571,-0.0005025125628,-0.03316555815,0.03883909518,-0.01441697778,-0.01721265963,0.008535875195,-0.02410518627,0.00756120706,-0.01278018089,0.002643754131,-0.004303639192,-0.008750111042,0.04808006092,0.05172413793,-0.09828674482,-0.0308025248,-0.06194196429,-0.000483414286,-0.04583395071,-0.02080873672,-0.01105331599,0.008947572064,-0.0215112254,-0.0206947524,0.02607232969,-0.03593027646,-0.0824742268,0.01733780761,0.004182786515,-0.03779817408,-0.01920090083,-0.01110953698
0.01679437136,-0.01649484536,0.01265822785,0.04544686602,0.02013070982,0.03371783496,-0.01884920635,0.03620689655,0.008162031439,0.02369306023,0.01765399128,-0.003177966102,0.02906976744,0.007751937984,-0.01503841229,0.04308102929,0.04308943089,0.03567573038,0.09225939269,0.03220289239,-0.004804804805,0.0260509177,-0.02659846547,0.03803486529,-0.00408719346,0.007751937984,-0.008181818182,0.09965665992,0.02049967969,0.007293339866,-0.01589759286,0.03579418345,0.03512014787,0.02684254535,0.05467511886,0.03513986014,0.0243351908,-0.008868694297,0.04113439105,0.026452732,0.02067183463,0.0276907001,0.01849948613,0.01354581673,-0.006871035941,0.1131038514,0.04004352937,0.02987037385,0.02676704683,0.006352411603,0.02344273275,0.04776269482,0.007418425211,0.05546425637,0.02925573484,0.05423728814,-0.003844342131,0.0127245509,0.04425825604,-0.01095399323,-0.00593276203,0.02812376794,0.07738495317,0.07514270887,-0.00512295082,0.114,0.01693275278,0.1052944676,0.01738830032,0.02443190641,0.04720885746,0.02761341223,0.05140373584,0.03336245298,0.06641509434,0.06004098361,0.01455604076,0.06367041199,0.05345047559,0.03747576459,0.01555611857,0.01423226905,0.01571365406
0.02684897746,0.005590496157,0.009722222222,0.04347123465,0.007999588886,-0.00686695279,0.01921132457,-0.01220188575,-0.006896551724,0.02964013737,-0.002741082144,0.009032943677,-0.007532956685,0.02230769231,0.009613197184,0.002952465309,-0.01480904131,0.03076597339,0.001168565586,0.03010402675,0.006638503319,0.1633006347,0.01884242925,0.006106870229,0.05061559508,-0.003846153846,0.003666361137,-0.001075059757,0.005649717514,0.01725167622,0.03010428101,0.008639308855,0.01071428571,-0.007594642204,-0.006010518407,0.01424308957,0.01149979342,0.0008126562376,0.02370383784,0.004322251471,0.01518987342,0.004575495679,0.04137235116,0.04166666667,0.01064395955,-0.005233850649,0.004560231425,0.02596376018,0.01086291577,0.02940869093,-0.002617801047,-0.01439539347,0.01747748413,0.01128843908,-0.01121959499,0.0332261522,0.006177735745,0.008869179601,0.02155200404,-0.03725332259,0.03912466844,0.009814086267,-0.00137248378,0.004633651897,0.02265705458,-0.02872531418,-0.01317426627,0.02260495156,0.01550650821,-0.02723460159,-0.02028186478,0.02175303903,0.006747720365,0.03542234332,0.03467799009,0.01836458535,0.03100306608,0.0264084507,-0.008822371012,0.02085820041,0.01691447959,0.0157890628,-0.007667290725
0.02111603434,0.01250868659,0.005502063274,0.03174849001,0.03810009347,0.03716508211,0.03174603175,0.03088152723,0.01690821256,0.04133130302,0,0.003159557662,0.01992409867,-0.004514672686,0.03025172214,0.008814967455,0.01344936709,0.02700353938,0.07581633518,0.01487673157,-0.01618705036,-0.04861111111,0.02409372237,0.001517450683,-0.0078125,0.02831402831,0.01095890411,0.07684645593,0.0393258427,-0.002009429794,0.0249442772,0.0278372591,0.02473498233,0.006798734029,0.003023431595,0.04509880107,0.003029477841,0.003247985455,0.05145847346,0.008542583484,0.0174563591,0.008097165992,0.02713178295,-0.01660377358,0.01369141654,0.06357084782,0.0347956376,0.05209506312,0.0164694084,0.02653807107,0.01181102362,0.05452775073,-0.01899113022,-0.0142417244,0.01286464121,0.04460580913,0.01766899626,0.01098901099,0.0323487449,0.06483999163,-0.01084875558,0.004852320675,-0.009093054572,-0.08109926011,0.04128902316,0.0831792976,0.05981606467,0.06263157895,0.003276861346,0.03417826719,0.01456579468,0.02692548528,0.02178310488,-0.001349527665,0.0560875513,-0.006003227031,-0.009465549638,0.06861063465,0.06009099579,0.03616350344,0.03407585496,0.01986665898,-0.001467386692
-0.007379031347,-0.005490734386,0.01983584131,-0.003902731912,-0.001031315992,0.0025,-0.01057692308,-0.01416122004,0.03859857482,-0.02590348861,0.006864517096,0.01312335958,-0.005581395349,-0.003779289494,-0.003261908779,-0.02259868688,0,-0.007615736111,0.02819107283,-0.01937043734,-0.003046922608,-0.007820646507,0.01172746241,0.01515151515,0.02034120735,-0.01251564456,-0.0009033423668,0.0108978789,0.01321321321,0.005045818702,0.01808178825,-0.02916666667,-0.01379310345,0,-0.003014318011,-0.03072469926,0.007567787695,0.0332280569,-0.002447297995,0.02829825462,0.01715686275,0.03212851406,-0.0358490566,-0.006139677667,-0.0425974026,-0.004534666384,0.003412620236,-0.03537629563,0.02114413051,0.01590284234,0.01361867704,0.008310249307,0.02120775091,0.0007809449434,-0.01270124426,-0.02383316783,0.01961908876,0.007971014493,-0.008853190296,-0.04419563936,0.01161290323,-0.02418643712,-0.01471041497,-0.05552650842,-0.00580270793,-0.04351535836,-0.004653766752,0.01634472511,-0.0009331881707,0.01778001005,0.00680522142,-0.01158536585,-0.01803891441,-0.02702702703,-0.01748704663,0.1189515648,0.006182876214,-0.1043338684,0.0006934487832,-0.003031926413,-0.03601338047,0.009306531527,-0.004791632104
-0.01388873077,-0.006901311249,-0.06103286385,0.03481012658,-0.01581345045,-0.01662510391,-0.01846452867,0.04198895028,-0.0991995426,-0.007970548288,0.03772997005,0.005699481865,0.04396632367,-0.007587253414,0.003272583648,0.00223914017,0.0007806401249,-0.01672816347,0.004569687738,-0.008542381959,-0.001833740831,-0.01208617972,0.008960318589,0.002985074627,0.01221864952,-0.02281368821,-0.02983725136,-0.01960454354,-0.01541197392,-0.006631627856,0,-0.0643776824,-0.005244755245,0.007601084444,0.0007558578987,-0.002164383562,0.0007409902324,-0.01098377127,0.01880668726,0.006864274571,0.01204819277,-0.006322957198,0.02641878669,0.01158301158,0.02712967987,-0.0202918945,0.002912855725,-0.01757766877,0.0200149925,0.02005412667,-0.01599488164,0.003663003663,-0.02706813203,-0.006632852126,0.006811755247,-0.01119023398,0.02738675296,-0.00718907261,-0.02268271806,-0.01952322236,0.005102040816,0.01275155271,-0.003256171084,0.004428697963,0.003891050584,0.03657448707,-0.02267454124,-0.01023391813,0.0465695541,0.009129490722,0.001504507993,0.009253547193,-0.02336532964,-0.01458333333,0.007251153593,-0.01576566967,0.008377453169,0.001792114695,0.005599932576,0.008368870545,-0.03894617675,-0.01426038264,0.003205342581
0.03419494118,0.008339124392,0.01142857143,0.00371341197,0.009340814865,0.009298393914,0.04257425743,-0.001060445387,0.02062837195,0.002702215817,0.001313071108,0.002060793405,0.02150537634,0.07110091743,0.020121353,-0.002978850164,0.01248049922,0.0007095217823,0.04443437342,0.01453874781,0.04225352113,0.04627659574,0.01240484917,-0.005208333333,0.02541296061,0.003242542153,0.04193849021,0.05900274631,-0.01204093919,0.0172091215,0.0211732067,0.06422018349,0.04920913884,-0.01507098052,0.01057401813,0.005408967354,0.001480883145,0.005552877165,-0.03210301916,0.09699411218,0.009523809524,-0.01076847773,0.02001906578,0.002290076336,-0.009508716323,0.05832816931,0.01065479947,0.04030196754,0.01826674179,0.04651562291,0.0006501950585,0.0246350365,-0.02134509454,-0.0137470542,0.01276863027,0.02674897119,0.04755403868,-0.0007241129616,0.03023689452,-0.007335988262,0.0133248731,0.01747726822,-0.01122697899,0.05412257496,0.02713178295,0.03012048193,-0.01230171577,0.04086656819,0.04462483266,0.01980536946,0.02548298373,-0.0097799511,0.0376041779,-0.002114164905,0.07984293194,-0.004573534193,-0.003324547531,0.01967799642,0.009731340504,0.02943344029,0.03308536382,-0.04425214444,0.03652262214
-0.02820847705,-0.02687801516,-0.03531073446,0.01117156329,0.03234905972,-0.01172529313,0.02754036087,0.01592356688,-0.04664179104,0,0.007438438197,0.02570694087,-0.01666666667,0.0007137758744,-0.01972446998,0.03060784118,0.003852080123,0.001418037436,-0.07370068778,-0.005307344901,0.04935370153,0.01321809863,0.0008702311334,0.01121914734,-0.02044609665,0.02068519716,-0.01610017889,-0.07649215933,0.02132845826,0.0003224746947,0.0006666944456,-0.03017241379,-0.001675041876,0.0203965341,0.04110612855,-0.01179747665,0.037404221,0.03233705191,0.00331717833,-0.05415254237,0.07783018868,-0.01929737754,0.01869158879,0.06854531607,-0.0032,-0.03114942261,0.03689335803,0,0.02724137931,0.03759028234,0.008447043535,-0.009349955476,0.06634467284,0.01712465153,0.04006450012,0.02655310621,0.02131977628,0.01376811594,0.003414162605,0.02111486486,0.05009392611,0.0405623608,0.01845279317,-0.01014326048,0.01509433962,-0.01336675021,0.0435558469,-0.1140018921,0.05910752185,0.01136472619,0.04824533058,-0.002469135802,-0.01153606319,0.01553672316,0.01333333333,0.03492727114,-0.007785503731,-0.02456140351,0.1721755972,0.01467041137,0.006395240751,-0.01870269842,0.03829152223
-0.01200376769,0.03470254958,0.002928257687,0.01284166726,-0.01492465764,-0.01016949153,0.01663585952,-0.01724137931,-0.01141552511,0.008012935681,0.001737036642,0.004010025063,-0.0008920606601,-0.01569186876,0.009785726337,0.04851022709,0.03607060629,0.0007080147267,-0.01193426087,0.01013795107,0,0.06221776217,0.003477897958,0.008875739645,0.006325110689,0.01519949335,-0.03090909091,-0.006131739154,0,0.04975852044,0.01070164481,0.04666666667,0.03020134228,-0.05333092438,0.03804737976,-0.02440170232,-0.0007126891056,-0.0137504354,-0.01900873133,0.08425170982,0.002188183807,-0.008072653885,-0.02110091743,-0.009978617249,0.03584804708,0.007832605572,0.03142082778,0.06599622879,0.03751844305,0.01325388036,0.004510309278,0.1038202247,0.03379221798,0.03876272514,0.007845642729,-0.03904343582,0.005383168626,-0.01715511079,-0.0061218494,0.0341191067,-0.02862254025,0.01585199454,0.006034763638,-0.009296429326,-0.04460966543,-0.02794242168,0.01720467632,0.01761879338,0.03585284966,-0.02479730691,0.03487571545,-0.00495049505,0.02334139418,0.006258692629,0.003588516746,0.02177663693,0.005046269314,0.04856115108,-0.01409924547,0.02167659861,0.002389133139,-0.01179083384,-0.005594568218
-0.03191452256,-0.01916495551,-0.02846715328,-0.03265335033,-0.01515077782,-0.02226027397,-0.01090909091,-0.02073365231,-0.03695150115,-0.0256657042,-0.01777486063,-0.02196704943,-0.0125,-0.01304347826,-0.008614127912,-0.01726521459,-0.04148148148,-0.02688552427,-0.01610602059,-0.02271441197,-0.02967525196,-0.03920642419,-0.05226492912,-0.01832844575,-0.007542426147,-0.02620087336,-0.01500938086,-0.01542944176,-0.06682577566,-0.00819476354,-0.03703856295,-0.02547770701,-0.03094462541,-0.02376945365,0.02627939142,-0.04721978302,-0.03462249165,0.01548940464,-0.04633522928,-0.04189620978,-0.01746724891,-0.01220752798,-0.06935332709,-0.01367890569,-0.07334710744,-0.02331519797,-0.04077158707,-0.05113636364,-0.04426536647,0.00608920424,-0.02373316228,-0.03827361564,-0.01462749901,-0.03015454203,-0.0184006559,-0.02590147283,0.03148487232,-0.02690909091,-0.04996390884,-0.03899220156,-0.03192142419,-0.01301044259,-0.02678231973,-0.03945404137,-0.001945525292,0,-0.02995059695,-0.01993704092,-0.01588439621,-0.04842473746,-0.0249327283,-0.06218905473,-0.04560332301,0.003455425017,-0.07449344458,-0.01696765027,-0.0384631704,-0.02401372213,-0.02562506484,-0.07285070758,0.002383438786,-0.04408940465,0.008803272498
-0.0193716523,-0.004884856943,0.01427498122,0.01310683166,-0.01742625138,-0.006129597198,-0.01102941176,-0.02877307275,-0.00479616307,-0.01448798156,-0.00706161758,-0.004594180704,0.047920434,-0.004405286344,0.02009949876,-0.004220200694,0.02241112828,-0.01743331233,0.02641213742,-0.008648585842,-0.03173687248,0.009341199607,0.07079904919,-0.003734129948,0.006966434452,0.02114029468,-0.009523809524,0.0094049861,-0.01662404092,-0.02052143598,0.003431309631,0.04357298475,0.005042016807,0.02255318393,-0.01549865229,0.008770365085,0.0134322845,-0.008388400325,0.05477104048,0.01647356467,-0.01111111111,0.001029866117,-0.02114803625,-0.01240875912,-0.005574136009,-0.004188030365,-0.0004643052446,-0.06101005536,-0.01173830893,0.03986619305,-0.02102496715,0.03302286198,0.005234135667,-0.05324523902,0.05911274907,0.01199165798,0.01818100255,0.006726457399,-0.01296699639,0.06450270495,0.02346227013,0.005270109805,0.0929899443,-0.03219360568,0.02046783626,0.01219512195,0.04969053935,0.08511777302,-0.02564939959,-0.01032086654,0.01312627291,0.04111405836,-0.005121186024,0.01584022039,0.03348358017,0.004880705503,0.03362531165,0.01757469244,0.02813359979,0.006107692484,0.04670972803,0.03746687185,0.02961387948
-0.01494127589,0.0126227209,-0.008888888889,0.02406764961,0.03339200402,0.02995594714,0.01301115242,0.01956400224,-0.004475043029,0.0285480937,0.02933406089,0.0158974359,0.005176876618,0.0110619469,0.07188706608,0.01834934388,0.04988662132,0.06952346499,-0.003988206492,0.0806983136,-0.008343265793,0.03750608865,-0.004303131724,0.02848575712,-0.02955974843,0.0156838143,0.01153846154,-0.02071140627,0.007802340702,0.0377698684,0.02258966793,0.008350730689,0.05351170569,0,0.02669404517,0.02484453744,0.009609330992,0.01538217438,0.03684963261,-0.004355696346,-0.01348314607,0.02057613169,-0.02366255144,0.0118255728,-0.0134529148,0.02439273363,0.01495241241,0.007580315245,0.04289845374,0,0.03624161074,0.02581967213,0.04949150181,-0.002052545156,0.01702452865,0.06130860381,0.02040546579,0.0007423904974,0.0182471317,0.00977326036,-0.01610904585,0.03080455499,0.034285563,0.1005964671,-0.0152817574,0.02151462995,0.03834231806,0.02417365565,0.05066391646,-0.01306143521,0.02114806662,0.02547770701,0.0377332241,0.01016949153,0.05109034268,0.0131951972,0.03252431675,0.06735751295,0.0231974572,0.00910022779,0.03403981265,0.006489359511,-0.01800377774
0.01137592779,-0.001385041551,0.004484304933,0.05067400663,0.0116145149,-0.01539777588,0.04311926606,-0.002192982456,-0.009681881051,0.009817368079,0.0267708048,0.00454316002,0.07467811159,0.0284463895,-0.009442202191,0.0367310449,0.02879769618,-0.0006918606439,0.01601229886,0.006557851165,-0.006009615385,-0.008450704225,0.01725261533,-0.009475218659,0.04990278678,0.02408894379,-0.004752851711,-0.005284525187,0.07677419355,0.03711726348,0.01070758454,0.01242236025,0.007936507937,-0.01499930478,0.04666666667,-0.005636395008,0.008763005021,-0.002269904845,0.00888645218,-0.009402874837,-0.002277904328,0.05191532258,0.0105374078,0.04309715121,0.03068181818,0.01847076127,0.02255841745,0.0179722952,0.03228073392,0.05332802706,0.007772020725,0.02037554934,0.004131682873,0.03002879473,-0.003349507966,0.02427184466,0.04624940631,-0.04376854599,0.03512030757,0.02229965157,0.04156171285,0.01525744525,0.02895100599,0.04022928609,0.01551891368,-0.009267059815,0.01294697904,0.01348747592,0.04934969325,-0.01061882094,0.01669406357,0.01925465839,0.004960376572,-0.02281879195,0.01956135151,0.007818125707,0.02553200287,-0.008090614887,0.001743964249,0.02253975779,-0.02340697793,-0.0009210741772,-0.05693164669
-0.01016619954,-0.01248266297,-0.003720238095,-0.02236850944,-0.01597100845,-0.006950477845,0.0255057168,-0.01263736264,-0.04434357542,0.008006290657,-0.02270830286,-0.01105527638,-0.01277955272,0.005673758865,-0.001504175383,-0.009351769254,-0.01119664101,0.00969275505,-0.05121657244,-0.01253102227,0.007255139057,-0.01325757576,-0.0330770787,0.01177336277,-0.005555555556,-0.009650180941,-0.004775549188,-0.02338227917,0.00419412822,0.02358911322,-0.01655129168,0.006134969325,-0.003149606299,0.001799798846,-0.005095541401,0.01020880329,0.03113612702,-0.005316737419,-0.03202590031,0.01390840527,-0.02511415525,0.02156205079,-0.01251303441,0.009803921569,-0.007717750827,-0.01974819679,0.00855874001,0.01178954777,0.01778155986,-0.017395548,-0.01285347044,0.003132341425,-0.005767165166,0.03793929712,-0.0006737571587,0.03317535545,-0.01134896444,-0.03258339798,-0.01869626909,0.01798833598,-0.01571946796,-0.02630244001,-0.003258949673,-0.003206091574,-0.03629417383,-0.01785714286,0.02127046161,-0.05418250951,-0.008763826852,-0.01961509993,0.0230034176,0.02010968921,0.008226487808,0,0.01046511628,0.005185260794,0.03390069683,-0.00163132137,-0.01392742506,0.003664620955,0.04195269017,-0.03683595911,0.02555152902
0.007575663492,0.003511235955,0.003734129948,-0.003572900921,0.02434533218,-0.006999125109,0.007718696398,-0.003895381191,0.002557544757,0.005247854762,0.004305562893,0.01880081301,-0.02427184466,0.007052186178,0.009540795124,-0.005402890546,-0.009907997169,0.0006856933884,0.02604702173,0.01167527461,-0.009003601441,0.01631477927,0.01666841022,0.004363636364,0.00434512725,0.001218026797,0.001919385797,0.01686803245,0.0161097852,0.02290733449,0.004706652236,0.02235772358,-0.004739336493,0.001778952004,-0.005121638924,0.005611061808,-0.004228062979,0,0.01985169256,-0.0006222423351,-0.002341920375,0,0.007391763464,-0.005547850208,0,0.02425829737,0.03705091666,0.01455072464,0.03252800942,-0.01288110611,0.004557291667,0.007806401249,0.005800618289,-0.004232397076,0.02553977045,0.02385321101,0.0120874927,0.008019246191,-0.005642028862,0.008370224322,0.005528255528,0.003217067389,0.01063245645,0.01537842999,0.008919722498,0.03463203463,0.01486778959,0.02311557789,0.01969388658,0.01181038667,0.01284247386,-0.004181600956,-0.004895618936,0.009615384615,-0.01093210587,0.0240053616,0.01639131169,0.03431372549,0.007062068966,0.02196243181,0.008624719001,0.00478591028,-0.006015955106
0.001072339796,0.003498950315,0.0119047619,0.04240794373,0.001002211228,-0.02643171806,-0.01276595745,-0.04301675978,0.02186588921,0.007019400353,0.02913302298,-0.01246882793,0.05555555556,-0.01820728291,0.01094855039,-0.02239290187,0.01501072194,0.03013460836,-0.06769545951,0.04565881718,0.0127195639,0.02927289896,0.01464585834,0.006517016655,0.04944375773,-0.001216545012,0.001915708812,-0.04814602227,-0.01409277745,-0.03423824959,-0.01809542896,-0.009940357853,-0.004761904762,0.02051832056,-0.03474903475,0.002789876733,-0.007034443423,-0.02137233778,0.03000612727,-0.01497141563,0.004694835681,0.001407129456,0.001048218029,0.01115760112,0.08944444444,-0.04937886625,-0.04864109245,0.001428489801,-0.06417541562,0.06279518933,-0.01231367466,-0.01704105345,-0.003304965711,0.03052550232,-0.0301396237,-0.02105734767,0.002822278917,0.005568814638,0.0007056911496,-0.01014535527,0.01160659743,-0.01922752353,0.01215054826,-0.01039398139,0.06483300589,-0.08033472803,-0.01230103539,-0.07858546169,-0.04906179866,0.04498454323,-0.05072788772,0.02939412118,-0.008199506552,-0.02176870748,0.001745200698,-0.03768271157,0.006554378965,0.0205371248,0.003114947836,-0.03652407856,0.02138293999,0.01045768237,0.01573595576
-0.01556305253,0.05509065551,0.01470588235,0.01528080968,0.01880045769,-0.006334841629,0.01637931034,0.008756567426,0.03281027104,0.03821499877,0.01415415808,0.01161616162,-0.01178318932,0.009985734665,0.03838279872,0.02151666229,0.01549295775,0.02127093465,0.02485967468,-0.01247550284,-0.01076555024,-0.0009174311927,0.04249205598,0.05251798561,-0.01118963486,0.01705237515,0.06118546845,0.02641227266,0.01369863014,-0.02274719896,0.01296912074,-0.02409638554,0.01913875598,0.03759281912,0.01733333333,0.08295244855,0.01774260459,0.03119628083,0.04252144863,0.05384283867,0.02803738318,0.01826697892,-0.005235602094,-0.04551724138,-0.005099439062,0.02871915991,-0.01629299401,0.01860093575,-0.01371677088,-0.009972206102,0.05839895013,-0.005516154452,0.02727348089,0.01762279715,-0.02499979826,0.004118993135,-0.01821386604,0.007120253165,0.0553185124,0.03261153144,0.01751207729,0.01241660489,-0.04000341597,0.01770531159,0.03597785978,0.04003639672,0.003567293551,-0.006396588486,-0.04659310714,0.04559828624,0.003336844074,-0.002331002331,0.06941547995,-0.01251738526,-0.01045296167,0.03046103749,-0.02804159864,0.05417956656,0.006600660066,-0.03346326971,0.04116840047,0.01600603369,-0.00153969033
0.01417064812,-0.008592200925,0.01884057971,-0.003322908522,0.0364234795,-0.014571949,0.02290076336,-0.01215277778,-0.0158839779,-0.02759784076,0.007799407799,-0.0214677983,-0.01669316375,-0.01200564972,-0.03459487721,0.003399767305,-0.004160887656,-0.03320306846,-0.008469322594,-0.0126331072,-0.009673518742,0.01193755739,0.001621323649,0.0006835269993,-0.01429422275,0.003592814371,-0.01801801802,0.004382769722,-0.01057579318,-0.007760727417,-0.01145140708,-0.01851851852,0.004694835681,0.01094229971,0.003931847969,-0.02209872336,0.02232464804,-0.004532950113,0.0188809808,0.0005997982497,-0.03181818182,0.01793928243,-0.04421052632,-0.03179190751,-0.01896463352,-0.03366110896,-0.0004572566632,-0.01686085593,-0.01706591395,0.0007712597757,0.01363918165,0.0324881141,0.04183344093,0.02063375092,-0.01733113728,0.01321786691,-0.007779772591,0.01963864886,-0.00134320601,-0.008120984624,0.03145400593,-0.01872335974,-0.02082883249,-0.004717908394,0.0106856634,-0.02012248469,-0.02781328926,-0.02682403433,-0.004446797923,0.07487804878,-0.01464701958,0.01168224299,0,-0.0161971831,0.02112676056,-0.0101402028,0,0.01027900147,-0.01049490369,-0.03076211937,0.008040920504,0.01206285054,0.03912989003
0.004834313762,0.04,-0.01280227596,-0.001699679676,0.006562114325,-0.004621072089,-0.02985074627,0.004686584651,-0.01368421053,0.01117202137,-0.00325898513,0.01785714286,-0.01050929669,-0.006433166548,0.04271151253,0.02707586664,-0.0278551532,0.0114527816,0.03883472325,0.01476411618,-0.01709401709,-0.01270417423,-0.004888471624,0.0143442623,0,-0.004176610979,-0.001834862385,0.02508218393,-0.001187648456,0.02055759566,-0.002726160954,0.0251572327,-0.01557632399,-0.01499572958,-0.01436031332,-0.0084173279,0.03278638246,-0.01140047681,-0.02075525371,-0.005422195581,0.00234741784,0.02530501582,0.03303964758,0.01194029851,0.02298850575,0.004669235021,0.001840029278,-0.01002791864,0.02700961635,-0.0131629649,-0.001834862385,0.01151189563,-0.01775312926,0.01335740072,-0.007049667731,-0.01034637877,-0.01869722557,-0.003852080123,0.01009773308,-0.002729158328,-0.004602991945,0.003944037308,-0.001700194679,-0.01036934624,-0.001762114537,0.04821428571,-0.009750152346,0.001102535832,0.04995994745,-0.0267755843,-0.001354055695,-0.01616628176,0.02319199911,0.006442376521,0.006896551724,-0.03412672755,0.02472629825,0.02325581395,0.002655470347,0.0245967117,-0.00996325535,-0.005501110409,0.03519018337
0,-0.005128205128,0.007204610951,-0.001702573505,0.02793145728,0.005571030641,-0.004273504274,0.005247813411,0.04731412309,0.005112544606,0.009808922524,0.002005012531,0.0318627451,0.01582733813,0.02871828166,0.02307782535,0.02148997135,0.002664258966,0.01009127399,-0.005335673084,0.004347826087,-0.01286764706,-0.0008133255254,-0.005387205387,0.04833836858,-0.002995805872,0.02022058824,0.04574141493,0.01664684899,0.02347537776,0.03827910106,-0.006134969325,0.003164556962,0.00506911674,0.0119205298,0.02014057853,-0.02313357486,0.01076426265,0.02195226458,-0.007835187113,0.037470726,0.05068312032,0.0671641791,0.04203539823,0.03472931563,0.01184053865,0.03444986758,0.01156834532,0.03756716519,0.09262007029,-0.01225490196,0.02655538695,0.01179699082,-0.03135019594,0.01065381875,0.03090909091,0.0430239705,-0.008507347254,0.05462769659,-0.007297672043,0.1780346821,0.006556419717,0.09036778949,0.03851910987,0.06972639011,0.01277683135,0.03996761134,0.01762114537,-0.02838117443,0.03380741432,0.06902086677,0.03403755869,-0.004533264359,0.03911806543,0.0154109589,0.01943392674,0.04575259284,0.01704545455,0.0343671875,0.02944051387,0.03356932705,0.001843846674,0.04838855634
-0.02085199867,0.0212628866,0.0443490701,0.01685798622,0.02083030285,-0.01754385965,-0.0008583690987,-0.02378190255,-0.0078125,0.02031201994,0.05827771245,0.006503251626,0.009501187648,-0.03328611898,0.008236123237,0.02705723867,-0.001402524544,0.01725690498,-0.005918114088,0.004875202842,0.01422387137,0,-0.008986422687,0.01083276913,0.002305475504,0.005408653846,0.01981981982,0.06714976373,0.02339181287,0.02331929538,0.007234133298,0.05555555556,0.01892744479,0.005906262961,0.006544502618,0.07383066119,-0.001367989056,-0.0372654399,-0.01777653022,0.04564280981,-0.006772009029,0.02726510067,0.006993006993,-0.009907997169,0.001480750247,0.02340396179,-0.0008877422899,0.01860491579,0.01327807479,-0.01723965406,0.002481389578,-0.014781966,0.01320260623,-0.02721588819,-0.02178802833,0.007054673721,-0.005303476724,0.01170046802,-0.001262594219,-0.03124310814,0.009322865554,0.007805907173,-0.03674734708,-0.02469491688,-0.009075907591,-0.001682085786,0.002927528107,0,0.1175380518,-0.02205683356,0.02974092105,-0.006810442679,0,0.003422313484,0.04777965149,-0.005212180908,0.00433056218,-0.01675977654,-0.002552889372,-0.002260755545,-0.001941298356,-0.009202265802,0.02346430018
-0.002180997744,-0.0006309148265,0.02260273973,-0.003354405883,0.02440935906,0.00469924812,0.02147766323,0.002376708259,0.00855871277,0.006658190578,0.0244726927,0.04125248509,-0.004705882353,0.03003663004,-0.01543003798,-0.01380012837,0.01825842697,0.02024379626,0.05249400609,0.03347934919,0.008536585366,0.0009310986965,0.02395111213,0.02009377093,0.02760207016,0.02092050209,-0.009717314488,0.05576576945,0.04971428571,0.05184493227,-0.003916810527,0.02923976608,0.03250773994,0.04517491052,-0.02015604681,0.01596702944,0.01829528158,0.02685714776,0.0324270942,0.04716258681,0.01590909091,0.01959983667,0.03075396825,-0.007862759114,0.0349926072,0.07064015034,0.01955750171,0.01820923868,-0.01905590259,0.03070590118,0.03094059406,0.005251312828,0.02453808403,-0.01701323251,-0.007902052303,0.03765323993,0.02191943128,0.05242868157,0.0158119088,0.0009485506147,-0.002916869227,-0.01033598493,0.009729167698,-0.01113300493,0.01748542881,0.004212299916,0.03123932553,0.05627705628,0.0365763173,0.03034915364,0.0325770955,0.01942857143,0.009107816859,-0.006821282401,0.02360515021,0.03832666364,0.002392794894,0.02982954545,0.0192183915,-0.002265878141,0.009110607206,0.009287733999,0.03409893668
-0.01095394819,0.003787878788,-0.02545210985,-0.02317152104,0.01818030073,0.0196445276,-0.005046257359,0.01185536455,-0.008486082824,-0.02472828796,0.008585198934,-0.007159904535,-0.03388494878,-0.0106685633,0.01106248609,0.007003692856,-0.02827586207,0.01022686864,0.03997173932,-0.01267534565,0.02176541717,0.05860465116,0.01209651543,0.014445174,0.00279798545,-0.001170960187,0.006244424621,0.01128471381,0.003266194883,-0.005180580225,-0.00984279326,0.02462121212,-0.01049475262,-0.008805428436,0.007299270073,-0.02050136028,0.0339302263,-0.000768273639,0.005113884222,-0.0372462489,0.02460850112,-0.02082498999,0.01443695861,-0.007204610951,0.003333333333,0.003051411092,-0.0527466284,0.03307915958,-0.03218384066,-0.02411797911,-0.0156062425,0.001492537313,-0.01048110998,-0.03461538462,0.06661708365,-0.01603375527,-0.01855072464,0.002197802198,-0.003114407575,-0.003790606876,0.02681618723,-0.0130483065,0.0184985412,-0.00478230547,0.00736497545,0.0461409396,-0.01370110512,0.02766393443,-0.01851319621,-0.03097721474,-0.03631196716,0.0005605381166,-0.01504268871,-0.004807692308,0.01048218029,-0.01340988557,-0.009554390961,-0.02206896552,-0.01069101554,-0.02569663661,-0.01096585405,-0.03768839083,-0.0388118636
-0.008293748571,-0.01257861635,-0.03573883162,-0.07129605089,-0.0642230662,-0.0623853211,-0.07016060862,-0.05155243117,-0.04245121534,-0.04904065706,-0.05810431134,-0.05817307692,-0.05383360522,-0.04097771387,-0.06064956978,-0.04864272467,-0.08800567779,-0.1006842757,-0.09592177046,-0.01046159822,-0.03195266272,-0.06414762742,-0.05180230162,-0.05113268608,-0.05078125,-0.1113716295,-0.03014184397,-0.1218750599,-0.05860010852,-0.05687645688,-0.08482566732,-0.05175600739,-0.09545454545,-0.06622938292,-0.03425559947,-0.06517210594,-0.07141617996,-0.03540954562,-0.08575641692,-0.1050866991,-0.06331877729,-0.05644171779,-0.08064516129,-0.04281567489,-0.04793545325,-0.09429859375,-0.08513947625,-0.1053525913,-0.08970728531,-0.06104033203,-0.04512195122,-0.07898658718,-0.02192782786,-0.04023904382,-0.08214279923,-0.08061749571,-0.04489072652,-0.03728070175,-0.05433991619,-0.03903961036,-0.002849002849,-0.05423615297,-0.1168108999,-0.07648413255,-0.04061738424,-0.09703287891,-0.08228002687,-0.111665005,-0.08151606398,0.1068046381,-0.08276904034,-0.04761904762,-0.05953494772,-0.05314009662,-0.114626556,-0.04081673748,-0.06123148069,-0.1086036671,-0.08004656053,-0.08301574537,-0.04174450425,-0.04774958562,-0.01862233218
0.01673902742,-0.01210191083,0.02993585175,0.01640981735,0.03090646306,0.02935420744,0.03181818182,0.02964793082,0.05005362889,-0.02490682339,0.0192523387,0.01174068402,0.03620689655,0.06071964018,0.02718955707,0.01792940481,0.04824902724,0.02464265026,0.02144568217,0.005286960953,0.03484107579,0.02910798122,0.036142967,0.03683492497,0.01410934744,0.0191292876,0.02010968921,0.056425751,0.0288184438,0.02899107077,0.03548197934,0.01559454191,0.03852596315,0.01469685603,0.006139154161,0.02825233447,0.01245485116,0.004782533356,0.02941176471,0.05160100685,0.02097902098,0.09536194192,0.04747162023,0.03032600455,0.02093718843,0.05331789777,0.03974197993,0.01638176638,0.03790361486,0.05881718774,0.04278416347,0.02912621359,0.04871767024,0.02905770029,0.03771984841,0.119869403,0.04576376005,0.06378132118,0.02839951706,0.03468620075,0.01428571429,0.02587598788,0.03841750934,0.0427100271,0.06350550381,0.07548845471,0.03536378456,0.06509539843,0.01150137451,0.0464960975,0.06936037627,0.06235294118,0.07629511506,0.03498542274,0.04159343878,0.03190998027,0.01591862799,0.0664556962,0.05179549555,0.02877478393,0.05513346049,0.05416080873,0.1201572021
-0.02744747317,0.02450032237,-0.02352941176,0.02232205531,0.0105786388,-0.01996197719,-0.05550660793,-0.02459508098,-0.02587674498,-0.0008820610827,0.01734651216,-0.007063572149,0.01081530782,0.06501766784,0.07986574994,0.007167314723,0.05122494432,-0.06941494645,0.01399991975,-0.05975161576,0.002362669817,-0.01642335766,0.01135850274,0.01052631579,0.01043478261,-0.03042071197,0.002688172043,0.0298396506,0.01736694678,-0.0418551169,-0.001393995365,0.02111324376,-0.003225806452,0.005124844574,0.01152542373,-0.01282216661,0.01506950424,-0.0047597696,-0.04015408977,-0.01472348242,-0.02283105023,0.01543332014,0.07192118227,0.003679175865,0.01953125,0.01155955279,0,-0.02931558047,-0.006643533174,-0.01242199887,-0.001837109614,0.000786163522,-0.01253088338,-0.02501008471,-0.01568019885,-0.002082465639,0.02956830278,0.01927194861,0.004496107029,-0.005740308446,0.04600938967,0.002043267571,-0.03183852383,-0.00748518557,0.002388535032,-0.01238645747,0.0006105006105,0.04425711275,-0.01721646358,0.009412515455,0.0126011432,-0.02823920266,-0.004526424532,-0.002112676056,-0.002812148481,0.01116897913,-0.0207233614,-0.05341246291,0.005254334632,0.004113955327,-0.006451677336,0.009505059486,-0.0001459638697
0.001696693391,-0.01069855255,-0.01488306166,-0.0147624279,0.003489300879,0.05237633366,0.02611940299,0.03136531365,-0.03460328556,0.02644840905,-0.008715340239,0.02134146341,-0.0008230452675,-0.01791639018,-0.02363206598,0.00259298741,0.02118644068,0.09526467884,0.03341731633,0.02541877412,0.005892751915,-0.006493506494,0.02645013081,0.01888020833,0.006310958118,0.01935914553,0.009830205541,0.03644439097,0.002202643172,0.03341067285,0.02240485788,0,0.02912621359,0.02629599291,0.01340482574,0.01403407903,0.02157183542,0.01675619477,0.004827655403,-0.01556497175,0.004672897196,0.01013250195,0.03033088235,-0.009530791789,0.06704980843,0.03112614198,0.03192813898,0.01209240765,0.03075334398,0.04587966713,0.06564417178,0.03063629222,0.0194168939,0.02358295408,0.04055140922,0.05425709516,0.0844342332,0.01540616246,0.009594143334,-0.001962972942,-0.01526032316,0.00884529009,0.02133629746,-0.009322300199,-0.02621127879,0.02341137124,0.1578305128,0.02623612513,0.08190828886,0.009324746138,0.08644136136,0.02051282051,-0.01394142145,0.01270289344,0.0146644106,0.01104561093,0.05007204611,-0.003134796238,0.04506535519,0.01801247585,0.02272750118,0.03770419611,0.02042340288
-0.001124903026,0.002544529262,-0.001438848921,-0.02432225242,-0.006088535121,0.009216589862,0.02090909091,0.001788908766,-0.01593048516,0.00799168578,0.01337958762,0.0263681592,0.02141680395,0.02837837838,0.02196341834,0.03229977873,-0.001383125864,-0.02494528228,0.01511315721,-0.01437835591,0.01757469244,-0.02987861811,0.08827826303,-0.01150159744,0.02394526796,-0.01702685003,-0.006194690265,0.01804093794,0.008791208791,0.01076650718,-0.006852354377,-0.003759398496,-0.003773584906,0.01156502476,0.03042328042,0.01481920569,0.01915890622,-0.009415955144,-0.03522887439,0.01328589056,0.02325581395,0.003086419753,0.007136485281,0.02738712065,0.02333931777,0.02407206779,0.01922180681,-0.01610889853,0.01037052111,0.001422334882,0.01439263097,0.003048780488,0.006584168602,-0.01131770412,-0.009740691489,0.007917656374,0.01430084746,0.004827586207,0.00696502856,-0.008677207867,0.008204193254,0.01820466247,-0.04264383834,-0.06713893001,0.02610114192,0,0.03577767917,0.0009832841691,-0.007220600244,0.02442748092,-0.01030710448,0.01563372418,0.001232448002,0.006968641115,-0.003335186215,0.02352145188,0.003443006393,-0.03459119497,0.01374852246,0.0136812463,0.01714105992,0.01000303122,0.03541079776
0.01974033371,0.01269035533,0.02305475504,0.0007142857143,0.02100486133,0.01278538813,0.0008904719501,0.006547619048,0.01766004415,0.003519749707,0.004148833117,0.00678623364,0.003225806452,0.008541392904,-0.007459489428,0.01501823344,0.0283933518,0.01383721288,0.05436354415,0.008048238975,0.0207253886,0.01347449471,0.005741052812,-0.0006464124111,0.0206013363,0.01932045303,0.0008904719501,0.02656759248,-0.002178649237,0.03885413741,0.01448665183,-0.005660377358,0.0220959596,0.005716402048,0.007702182285,0.005561763511,0.02266907228,-0.007931251022,0.03817523188,0.0399580879,0.01,-0.02,-0.0124003543,-0.005043227666,0.01403508772,0.0235098474,-0.00459796978,0.03455775737,-0.001278168114,0.02473597615,-0.03518728717,0.0273556231,0.005825667981,-0.001226492232,0.0295179105,0.01571091909,-0.003133159269,0.008922443377,0.008173887776,0.01462750438,0.01446654611,0.01456623209,0.0509066711,0.06834410065,0.01351351351,0.04330065359,0.05285706635,0.00884086444,0.01306456792,0.02774274905,-0.01272403419,0.008796041781,0.01105071712,0.009688581315,0.003904071389,0.01150989618,0.01714974794,0.008143322476,0.0178835601,-0.00555601922,-0.0193452381,0.003581432573,0.03232758153
0.02599710579,-0.005012531328,0.04295774648,0.02127052106,0.006852990959,0.03967538323,0.02669039146,0.031933767,0.03398409255,0.02990150925,-0.001875595732,-0.001444390948,0.009646302251,0.01433224756,-0.02032245779,-0.01417895098,0.00404040404,0.03137605775,0.04433331081,0.03343404187,0.02763677383,0.01519468186,0.01641485857,0.01099611902,-0.00545553737,0.01176470588,0.02224199288,0.01812342068,0.01746724891,-0.00686183913,0.02515478237,0.01707779886,0.01420630019,0.0008165617945,0.003821656051,0.006515974239,0.003158523746,0.03035715834,-0.003197852761,0.04740898075,0.02070207021,0.004709576138,-0.03677130045,0.05720492397,-0.01643598616,0.004739806231,-0.01340336156,0.02639570194,-0.00385492453,0.005516673528,0.004117647059,0.04881656805,0.01230965757,-0.001227998363,-0.01365507684,0.01005413766,0.005762179151,-0.02244897959,0.0162214996,-0.003834208811,-0.04991087344,0.0013087967,-0.008653896892,-0.03076596648,-0.006274509804,0.01801096319,-0.00483214649,0.02775073028,-0.001568217459,-0.01821899981,-0.03105037809,0.01307901907,0.006073705234,0.01850582591,0.02611111111,-0.01785645639,0.003850008556,0.02584814216,-0.01090388402,0.002385890872,-0.005094298721,-0.003568651688,-0.0008065663329
-0.003773538218,-0.02141057935,-0.01012829169,0.02292423819,-0.02382221493,0.001734605377,0.003466204506,0.02521489971,-0.00979020979,-0.003405572755,-0.003765941716,0.005785920926,0,0.004495825305,-0.004514754591,-0.01375693759,0.01207243461,-0.03042154946,-0.02044149052,-0.0197985718,0.02579582876,0.02057998129,0.003520536463,-0.01791426743,0.02358749314,0.001937984496,-0.001740644038,-0.02288285831,-0.02896995708,-0.02029220779,0.007956113319,-0.001865671642,-0.04628501827,0.01460613042,-0.03680203046,-0.0164354001,-0.02967039201,-0.02170363887,-0.01844471969,0.0172108985,0.01058201058,-0.028125,-0.02327746741,-0.02876712329,-0.009674582234,-0.007983370913,-0.04308957811,0.006884387802,-0.04774622554,0.003425592314,0.005272407733,0.01269393512,-0.007155455497,0.006147540984,-0.0269857013,-0.02067381317,-0.009375,0.001391788448,-0.02885469074,-0.001962972942,0.002814258912,-0.02412167782,-0.04275562889,0.0563704028,-0.02525651144,-0.02692307692,-0.01357015078,-0.004263382283,-0.02844491478,-0.01083128195,-0.05078086719,0.002689618074,-0.001210126995,-0.01278600269,-0.0129940444,-0.01653717439,-0.04318605189,-0.01102362205,0.001223290289,-0.01034614741,-0.01216214878,-0.02879151661,-0.04478268249
0.004321853926,-0.001930501931,-0.01159618008,0.0048510522,0.009590613799,-0.02077922078,0.02763385147,-0.007825600894,-0.03248587571,-0.005143074109,0.03928988319,0.01534036433,0.007165605096,0.007672634271,-0.01359006936,-0.00253871541,-0.007289595759,-0.007506596706,-0.01348069218,-0.04925991878,-0.008560727662,0.07241063245,0.02029736051,-0.02801302932,-0.00857449089,0.01934235977,0.002615518745,-0.02081356185,0.009944751381,0.005956109685,0.02434386322,0.005607476636,-0.01213282248,0.02079752763,-0.009881422925,-0.02785856421,0.009763797942,-0.003174220854,-0.008988090339,-0.005086131984,0.04712041885,0.009646302251,0.03908484271,0.04654442877,0.04307282416,-0.02377705328,-0.03964512397,0.01644346499,-0.002027850233,-0.02733838391,0.004079254079,-0.03203342618,0.0194401918,0.03299389002,-0.04197069441,0.01250977326,-0.004731861199,-0.006949270327,-0.003790187414,0.02028538373,0.07202993452,0.000676461834,-0.01002293737,0.01087970159,-0.005668016194,-0.03636363636,-0.04326536957,0.02283539486,-0.03207535271,-0.003905203109,-0.02866340676,0.002682403433,0.002409572947,0.01567825494,0.001645639057,-0.001671575261,0.007024151885,-0.01433121019,0.06360567087,-0.02735040669,0.009073500366,-0.02313508168,0.02179392393
0.01670603074,0.0251450677,0.004140786749,0.009111307541,0.02245212109,0.02033598585,0.02605042017,0.0461971831,-0.01569343066,0.01030462841,-0.002543857365,0.008970727101,0.001581027668,0.03172588832,0.005970165011,-0.004454059557,0.08277703605,0.006875792626,0.07712064035,0.008807996807,0.006475984889,-0.009401709402,0.009605676081,0.01407506702,0.02432432432,0.02087286528,0.09304347826,0.07882859342,-0.02407002188,0.125934705,-0.0006481451845,0.04646840149,0.02391725921,0.0188137164,0.008649367931,0.06615756049,-0.01354872329,0.02940973421,0.06925092189,0.06568705526,0.0125,-0.004777070064,0.006422018349,-0.003369272237,0.0319284802,0.07905660309,0.03720592457,0.01951300867,0.03665740809,-0.04427167089,0.03424260012,0.01510791367,0.03106936416,-0.01104100946,0.04306461909,0.0555984556,0.001584786054,0.004198740378,0.01966669853,0.005669791352,-0.01919720768,0.005340435888,0.03683264527,0.012300123,0.07247557003,0.04675963905,0.03956240353,0.06046511628,0.03382532368,0.05058231157,0.06556965205,0.00963081862,0.005432273135,0.02281879195,0.01807228916,0.04628448413,0.02390128636,0.02907915994,0.06441044325,0.05293372102,0.04749319397,0.03507107006,-0.004432660423
0.006883969837,-0.008176100629,-0.02130584192,-0.0159018934,0.004218207465,-0.02512998267,-0.02538902539,-0.02692514809,-0.004449388209,-0.005941138089,-0.006196891114,-0.004211511465,0.0134175217,0.007380073801,0.001369553924,-0.01276861676,-0.04623921085,-0.02185228463,0.06495757753,-0.007704338866,0.01072386059,-0.01294219154,-0.0271913939,-0.006609385327,-0.003166226913,0.01610904585,0.005568814638,-0.01559843928,-0.01233183857,-0.05932097554,0.0186402543,-0.02309058615,-0.01704545455,0.02460656782,0.01649076517,-0.01757451941,0.02744027704,-0.006949567433,-0.01696256696,0.1216854691,-0.02304526749,0.0088,-0.02734731085,-0.01757944557,-0.01278877888,-0.002083544048,-0.01523539692,-0.03887889198,-0.02096061586,-0.1154403266,0.01907968575,-0.01842664777,-0.01505970293,0.003189792663,-0.007123366853,-0.006583760059,-0.001054852321,-0.02020905923,-0.027999825,-0.04044200556,-0.004448398577,0.0132734437,-0.02930779961,-0.02764277035,-0.0007593014427,-0.05799373041,-0.02818442303,-0.05877192982,-0.01307369277,-0.01913437969,0.006157110601,-0.02543720191,0.0005943215279,-0.003937007874,-0.04787520172,-0.0128595923,-0.02771830013,-0.0251177394,0.008640122609,-0.01570723878,-0.05146737996,-0.04213443084,0.03573753596
-0.01473679124,0.03107165504,-0.02387640449,0.02033550154,0.03531922365,0.04888888889,-0.008403361345,0.07526286663,0.01303538175,-0.000863677192,0.01393802737,0.001879699248,-0.04283489097,-0.03540903541,-0.009573765681,-0.004531852449,-0.003232062056,0.01117023752,0.01134607592,0.01397622355,0.002652519894,0.02534965035,0.0593759551,0.01663339987,-0.01852832186,0.01341463415,0.03164556962,0.01918293578,0.008513053348,0.02132723893,0.01072166893,-0.007272727273,0.01991008349,0.01726816709,-0.02011680727,0.0069651492,0.004455997029,0.04665749331,0.02431500021,0.06109773919,-0.005897219882,-0.007137192704,-0.03748828491,0.0165175499,-0.02758044296,0.03444687694,-0.05239341913,0.01883581073,-0.03611821976,-0.04239376747,-0.008810572687,0.005776173285,-0.0006975349116,0.009936406995,0.02366377576,0.0206185567,0.0116156283,0.05476529161,0.02880639914,-0.01958480219,-0.02502234138,0.009834629576,0.01646366135,-0.005831510986,-0.02127659574,0.02329450915,0.02034416211,0.02702702703,0.01867449947,0.001268183514,-0.03180482705,0.0277324633,0.02277329302,0.01119894598,0.01638418079,-0.06276174853,0.05852748355,0.04669887279,0.03642337985,-0.02234824415,0.02067,-0.0105077319,0.0448559017
-0.00533310448,0.0147601476,-0.04028776978,0.04126962824,-0.02436924361,-0.03813559322,0.004237288136,-0.02264539372,-0.009926470588,-0.011998202,-0.01049020914,0.003752345216,0.05695687551,-0.02278481013,-0.02302031142,0.003902128828,-0.01945525292,-0.006213848443,0.03085505898,-0.01608053986,-0.02063492063,-0.000852514919,-0.01253671842,-0.01832460733,-0.02157497303,-0.03549939832,-0.01840490798,-0.02291282592,-0.01125492403,0.03082608332,0.0206014792,0.01282051282,-0.02267002519,-0.02656077268,0.005960264901,-0.01137070488,-0.03165078914,-0.01634055458,0.00765611571,-0.008020253165,0.009322033898,-0.01837060703,-0.01557935735,-0.03791469194,-0.05156854319,-0.01109775693,-0.02159030763,-0.01904443702,-0.01457323048,-0.03385497634,-0.01611111111,-0.02010050251,-0.0006980218062,0.01101928375,-0.05742387114,-0.005772005772,-0.01931106472,-0.006743088334,-0.01804363723,-0.02397123452,0.004582951421,0.000643999632,-0.04050622486,-0.04221221326,-0.03105590062,-0.06016260163,-0.08274883758,-0.01542649728,-0.01562535616,-0.02577857249,-0.005687477311,-0.01322751323,-0.05097340461,0.01302931596,-0.04280155642,0.01216975887,-0.03166275953,-0.01384615385,-0.04340840923,-0.01959702243,-0.001263875689,0.03768352716,0.01469622184
-0.0005423327705,0.04121212121,-0.03223388306,0.06805439196,0.0158184687,0.005286343612,0.02194092827,0.0252764613,-0.006683995544,-0.0008749212571,0.003290740678,0.01261682243,0.01308698999,0.009715025907,0.05089463651,0.01164648806,0.0119047619,0.01736861607,0.009796009789,-0.007003496172,0.006482982172,0.01706484642,0.003346613546,0.01066666667,0.009922822492,0.004366812227,0.0359375,0.05610961366,0.03528742174,0.03752443231,0.0507650573,0.02169981917,-0.005154639175,0.02804757778,0,0.01348970655,-0.01177610713,0.05513283044,-0.002279930235,-0.002266277384,-0.01091519731,0.0032546786,-0.008902077151,-0.01337086559,0.01767104667,0.04761716041,0.03282664653,-0.0005676657584,0.01127004768,0.01167447349,0.01298701299,-0.008058608059,0.03760774507,0.02218762164,0.00594493394,0.00435413643,0.005854177754,-0.007467752885,0.04562928829,0.02148997135,0.02281021898,0.001943889881,-0.001874052245,0.0678040245,-0.0008012820513,0.03546712803,-0.02609044305,0.05714285714,0.00947656042,0.007112266748,0.008893632159,-0.007506702413,-0.01789911408,0.0006430868167,0.01393728223,0.02492167474,0.008296802635,0.01716068643,0.01242057537,0.004165363688,0.02154250623,0.00464037123,-0.01222962808
0.004834313762,-0.0378346915,0.02246320682,-0.02353225125,-0.04343877108,-0.002629272568,-0.004128819158,0.01540832049,-0.0153271028,-0.006094784406,-0.01129345464,-0.01984310106,-0.01899696049,-0.01988454137,-0.0228699228,-0.06972905282,-0.04379084967,0.0006828838946,-0.03206476888,0.03369964193,-0.00590445518,-0.01258389262,-0.02729246082,-0.02572559367,-0.02510917031,-0.03229813665,-0.03016591252,0.0333063933,-0.05002748763,-0.04119388473,-0.03900097176,-0.03362831858,-0.02720207254,-0.02728237329,-0.03094140882,0.003948348647,-0.02843897655,-0.03650803519,-0.03579504978,-0.03337562413,-0.02376910017,-0.01378751014,-0.04091816367,-0.04636233951,-0.05921638468,-0.03246765529,-0.06461416262,-0.02680904237,-0.04387181362,-0.07459310442,-0.03790412486,-0.0635155096,-0.04228993039,-0.03541507997,-0.0923251978,-0.03179190751,-0.05343915344,-0.03693570451,0.009087976236,-0.0370667201,-0.02140945584,-0.0148786115,-0.03664846426,0.1078451454,-0.04410585405,-0.03174603175,-0.09318943716,-0.01264167393,-0.08116229592,-0.04419469967,-0.05982295301,0.0037817396,-0.05970318341,-0.0353470437,0.006300114548,-0.05448698863,-0.0319500393,-0.0490797546,-0.03948530339,-0.04809536859,-0.05334472891,-0.08340894094,-0.01228921884
-0.004811055609,0.008469449486,0,0.02595316072,0.0299852757,0.02548330404,0.05970149254,0.02832574608,-0.006074411541,0.01050220264,0.02100148153,0.03013182674,0.01084430674,0.03272251309,0.01376466121,0.01031022456,0.03417634997,0.01977495375,0.08184688798,-0.02198629976,0.0156587473,0.02039082413,0.009579534631,0.004062288422,0.02295632699,0.007702182285,0.01088646967,0.05065865305,0.02719907407,0.01269444595,0.02423103625,0.04761904762,0.0585885486,-0.003795463375,0.001358695652,0.08446906923,0.04970330948,0.03418127853,0.03238584912,0.04712407647,-0.01652173913,0.02220394737,-0.007284079084,0.02842183994,0.02035021297,0.05268662698,0.01949997846,0.04278043656,0.01310619446,0.05182752167,-0.001158748552,0.1025236593,0.028735309,-0.008685353336,0.003255461401,0.01567164179,0.01732811627,0.01420454545,0.04864998552,0.03745318352,0.06381039198,0.0118165245,0.02048680334,0.02163261533,0.02348993289,-0.01639344262,0.02338100334,0.09315673289,0.02138853869,0.07440216096,-0.006020469597,0.04144241119,0.04611445783,-0.009327115256,0.02390438247,0.0283620943,-0.003996320847,0.008064516129,0.0244418177,0.02526924637,0.004585155053,0.02022451688,0.05884088648
-0.005376940817,-0.00899820036,-0.01666666667,-0.02716376558,-0.03410912783,0.00942587832,-0.006259780908,0.005410723069,-0.01260504202,-0.01904230461,-0.01588034175,-0.03016453382,-0.0337164751,-0.002534854246,0.002715553567,-0.01565575508,-0.02974223397,-0.03679029236,-0.02470531798,-0.007752110214,-0.02179691653,0.002497918401,-0.03116154945,-0.01281186784,-0.04652435687,-0.03057324841,-0.03076923077,0.01533542821,-0.00338028169,0.007201995637,-0.02129274205,0.02447552448,-0.0320754717,-0.02206455871,-0.02306648575,-0.01085667366,-0.002593315656,-0.03663900674,-0.0466722574,-0.01692173948,-0.01768346596,-0.01206757844,-0.03878406709,-0.056,-0.05658627087,-0.04526756614,-0.06448497725,-0.02865618179,-0.04385097263,-0.04380900508,-0.02958236659,-0.005722460658,-0.01089154914,-0.02787733971,-0.03487054311,-0.02571638501,-0.0532967033,-0.01960784314,-0.02806587629,-0.03910950662,-0.001713796058,-0.01622894117,-0.02772958551,-0.05239344856,-0.03524590164,-0.04385964912,-0.07997971988,-0.0169628433,0.03458537271,0.003734240396,-0.01078333052,-0.006201550388,-0.05942817656,-0.02824478816,-0.0377987771,-0.02931509646,-0.06024265198,0.024,-0.02657017218,-0.02634400368,-0.04696509174,-0.01386990077,-0.06754633094
-0.01998735292,0.007869249395,-0.005392912173,0.0469910847,-0.001715194688,0.02546689304,-0.003149606299,0.03180039139,0.02823984526,-0.02997120205,-0.007698743514,-0.01790763431,0.04996034893,0.0209656925,0.01580301741,0.01659693595,-0.03882833787,-0.03889026122,0.0401062943,-0.02499981341,-0.04347826087,0.02159468439,-0.02938148632,0.006830601093,-0.04936854191,-0.02628120894,0.00873015873,0.0251832986,-0.09101187111,0.008606340907,-0.02416495404,0.001706484642,-0.03768680962,-0.005445035815,0.004861111111,-0.01923076923,0.001957347356,0.01117983259,-0.04093048324,-0.02085304158,0.03510351035,0.01384364821,-0.01199563795,-0.03852080123,-0.03146509341,0.008578264506,-0.001167757003,-0.03123019303,-0.01203266788,-0.01716444833,-0.001793185894,-0.01510791367,-0.006894264911,-0.03523146252,-0.01429159265,-0.0346907994,0.008705745792,0.004285714286,-0.002355559238,-0.0292214569,-0.01287553648,-0.06468991885,-0.016719399,0.02454163484,0.00424808836,-0.003669724771,-0.02156092857,0.03204601479,-0.002663705681,-0.0130396346,-0.03815307403,0.02028081123,-0.02377016561,-0.04429065744,-0.02137492779,-0.002649898,0.01388625335,-0.0609375,-0.01114206128,-0.01483928478,-0.03901250265,0.0004919389101,0.06869472717
0.008274396184,0.01501501502,-0.0100697134,0.01212228727,0.002591068435,0.01324503311,0.005529225908,0.02560455192,0.001881113619,0.02818501686,0.01995576309,0.003838771593,0.0083081571,0.005600497822,0.001333033699,-0.01292157782,0.03472714387,0.04046391339,0.01978811608,0.02964637166,0.007954545455,0.00406504065,0.01441880464,0.01696065129,0.002415458937,0.03846153846,0.05586152636,0.08280321908,0.0223880597,0.02464816624,0.01610004089,0.06132879046,0.02498311951,0.0007711051479,0.0207325501,0.05508534349,-0.01297489576,0.01770116967,-0.01255391359,0.01480719146,-0.01565217391,-0.01204819277,-0.02428256071,0.01362179487,0.02030456853,0.06846673095,0.02397669507,0.02087670255,0.03272590334,0.007766165021,-0.01077844311,-0.00438276114,0.04368391764,0,-0.007666853332,0.04296875,0.05638665132,0.007823613087,0.05138701028,0.01720060202,-0.006086956522,0.0120061746,-0.00849422027,0.01947991425,0.03130287648,0.04327808471,-0.08349760631,0.0851910828,-0.02269900866,0.001231619019,-0.004957004508,0.0244648318,0.04592276697,-0.01520637219,0.01652892562,0.04539991144,-0.002633601818,0.03494176373,0.01126760563,0.01949382585,0.05270237491,0.04570547348,-0.01145667864
0.001091689358,-0.01893491124,0.02503912363,-0.02874503389,0.01636308356,-0.006535947712,0.02670856245,-0.0337494221,0.04018024784,0.006166898371,0.01340435864,0.008604206501,0.001498127341,0.02537128713,-0.02352401112,-0.01998865674,0.0006849315068,0.01181065893,-0.0753732377,-0.009337994896,0.005636978579,0,0.008533966316,0,0.0313253012,-0.006497725796,0.06259314456,-0.0220326492,-0.004866180049,-0.0334995426,0.03594910184,-0.01123595506,-0.001976284585,0.05552302287,-0.004739336493,-0.0008913251777,0.009836937256,0.02246731383,-0.008473646127,-0.02827162282,-0.007067137809,0.0243902439,0.007918552036,0.03162055336,-0.02089552239,-0.01413959085,-0.001141746936,0.01701235143,0.007373017779,-0.04575865044,0.009685230024,-0.01393983859,0.02259397494,-0.02420382166,-0.008587962488,-0.005243445693,0.03867102397,-0.02611150318,0.02359698916,0.009511731135,0.0271216098,-0.01673634258,-0.02925388744,0.03163283964,0.04101722724,0.008826125331,-0.03499001383,0.04915627293,-0.0437074696,0.007567003392,-0.03060336238,0.02487562189,-0.001319142557,-0.003676470588,0.007549361208,0.02555672099,0.001058903164,-0.02893890675,-0.00668391974,-0.006956680632,-0.005006388906,0.005770710439,-0.00946067439
-0.01529205315,-0.02110977081,-0.02900763359,-0.009865255053,-0.01354328139,-0.01069078947,0.01912777353,-0.01196172249,-0.02166064982,-0.001735988096,-0.02860131905,-0.01042654028,-0.01795063575,-0.007242003621,0.04318256609,0.005630894843,0.004106776181,0.008926255398,0.03362827824,-0.03299292861,-0.01177130045,0,-0.02675819557,-0.01267511674,-0.02511682243,-0.0372792675,0,0.005303455777,0.05929095355,-0.06637960531,-0.02529150085,-0.008116883117,0.02508250825,-0.05185779984,0.005442176871,-0.04340165488,-0.01105748135,0.007793866466,-0.02393266465,-0.02159698409,-0.02491103203,-0.03095238095,-0.001122334456,0.0007662835249,-0.02540650407,-0.006103143119,-0.0005683684038,0.0103116407,-0.03877597867,-0.006569167102,-0.008393285372,-0.002232142857,0.000651763019,-0.0317667537,0.008662354463,-0.03162650602,-0.02045097011,-0.02101449275,-0.01097526019,0.00418760469,0.01192504259,0.001407661702,-0.0150677335,-0.01072314782,0.02206461781,0.02449693788,-0.01886567164,0.06713286713,-0.0237048208,0.003107658158,-0.0447901678,0.01262135922,-0.03797544355,0.02066420664,0.01902017291,-0.03487205712,-0.03588428657,0.006622516556,-0.007292398669,-0.03761631881,-0.007368421053,-0.01241021718,0.0497849583
-0.009979633401,-0.04066543438,-0.04481132075,-0.07782503038,-0.09870978414,-0.0532003325,-0.06981981982,-0.06295399516,-0.06199261993,-0.05898427796,-0.02024401265,-0.04789272031,-0.0495049505,-0.06139817629,-0.06928045666,-0.0405642916,-0.1138377641,-0.07347025196,-0.1017678622,-0.07392395927,-0.07033465683,-0.03643724696,-0.08176191162,-0.05472972973,-0.03475134811,-0.1046195652,-0.06802244039,-0.0751508037,-0.03577611079,-0.08076115773,-0.05310606175,-0.05237315876,-0.1268512556,-0.04921238625,-0.03856562923,-0.06388286587,-0.05726624664,-0.06188400376,-0.06655017725,-0.008642270936,-0.08302919708,-0.05405405405,-0.05617977528,-0.05895865237,-0.03962460897,-0.152594412,-0.06579130281,-0.1076207757,-0.08903870529,-0.07927038887,-0.0592503023,-0.08501118568,-0.07662346121,-0.04764044944,-0.05412365845,-0.06531881804,-0.124732334,-0.03182827535,-0.05827207009,-0.05108423686,-0.04882154882,-0.06232339315,-0.04851682646,0.03314521186,-0.08789514264,-0.05294619983,-0.07622408827,-0.07994757536,-0.07212072043,-0.05041675887,-0.09070007135,-0.06327900288,-0.1114959745,-0.0679681851,-0.06730769231,-0.0972488282,-0.01915852481,-0.07730263158,-0.08135326094,-0.06181202371,-0.05620360551,-0.0522227482,-0.06281766127
0.006158712199,0.03532434168,0.05267489712,0.04453521312,0.01904106446,-0.03863037752,0.00403551251,-0.03669250646,-0.007867820614,0.03741278522,-0.002628908772,0.007042253521,0.004006410256,-0.004533678756,0.001872236031,0.04154980952,0.05384615385,0,-0.06722812876,-0.0008757466369,-0.001830384381,0.04789915966,0.007085750118,0.01215153681,0.01613904407,0.01365705615,-0.01805869074,-0.049892187,0.01615798923,0.01427513682,0.0006352483424,-0.01899827288,-0.0007374631268,-0.01726399663,0.01055594652,-0.008916340813,-0.06284710238,0.0232338604,-0.04127443392,-0.04018445323,0.03781094527,0.006926406926,-0.009523809524,0.02359641985,0.0217155266,-0.02717391304,0.01776172504,-0.00444783327,0.01169590643,0.1214117854,0.03213367609,-0.0032599837,-0.0021020555,-0.0108541765,0.05722064933,-0.005823627288,-0.06850152905,0.003058103976,-0.02887039689,-0.003295978906,-0.005309734513,0.0007648534541,0.02994184081,0.002080985,-0.07269653423,-0.00180342651,0.1324872651,-0.04273504274,0.103075621,-0.007185303142,-0.007598121645,-0.009723643808,0.02416324237,0.01861908456,0.03759854457,-0.01907535329,-0.005019469027,0.005347593583,0.001228554812,-0.0174537091,-0.005617977528,0.04488387404,0.09562308798
0.002223500096,0.01426799007,0.003909304144,0.02327341533,-0.002806543599,-0.005479452055,0.006430868167,-0.00482832618,-0.06026962728,-0.0162140546,0.03239306358,0.02397602398,-0.01675977654,-0.01821730644,-0.003270290299,0.01819511891,-0.01240875912,-0.03303734657,0.0003121204258,0.02019128141,0.05256723716,0,-0.00703589552,0.004943502825,0.04520464264,0.05838323353,0.02911877395,0.0112508752,0.02767962309,-0.004323855225,0.04458992977,0.04577464789,0.0258302583,0.003345363458,0.009749303621,0.007991355263,0.03873710995,0.01245466692,0.02348170347,0.04790665752,0.007670182167,0.04385210662,0.01682692308,-0.01748807631,0.01487778959,0.04878957169,0.04813520123,0.02367883584,0.009079130955,0.0767739282,-0.04234122042,0.03188879804,0.0338168349,0.07967557252,0.05841250949,0.03682008368,0.01116217991,0.006859756098,0.02548085127,0.04298941799,-0.02669039146,-0.02037540888,0.007534595118,-0.01107553863,-0.03008204193,0.05510388437,0.002210244678,0.0193452381,-0.05918236641,-0.06404037243,0.06132566867,0.02583979328,0.04108226741,-0.01370906321,-0.01753360608,0.01459047707,-0.02019339552,-0.06560283688,-0.03317384138,0.09172259508,0.04632768362,0.02148878846,-0.03694753366
-0.006668451721,-0.01773700306,-0.01012461059,-0.01892258383,-0.03935704288,-0.01101928375,-0.01916932907,-0.009164420485,-0.006751054852,-0.003695354939,-0.05326495114,-0.0243902439,-0.001623376623,0.006626905235,0.002343585848,-0.01718207805,-0.0280857354,-0.0364618501,-0.04410050901,-0.006883609651,-0.02845528455,-0.01042502005,-0.03705910017,-0.02389318342,-0.06312098188,0,-0.02978406552,-0.0541562214,-0.01203438395,-0.05781801962,-0.07256483887,-0.0303030303,-0.01726618705,-0.0366598778,-0.004137931034,-0.04405275361,0.04805801773,-0.05860866286,-0.02007451992,-0.0471574535,0.002854424358,-0.06754530478,-0.04728132388,-0.03074433657,-0.03926701571,-0.07102272727,-0.00803981866,-0.06446785959,-0.01963437398,-0.06580694447,-0.03250975293,-0.03724247227,-0.01363400159,-0.03756076005,0.01461877757,-0.01694915254,-0.04220779221,-0.01059803179,-0.06094553234,-0.0422743606,-0.06672760512,0.01848991247,0.003730978527,-0.06404759822,-0.01315789474,-0.03253424658,0.01764296216,-0.04160583942,-0.05378590782,-0.02679205852,-0.0264903795,-0.03476070529,0.008778286505,-0.01235521236,-0.08149910767,-0.04311928686,-0.02289710464,-0.08918406072,-0.01715229799,-0.01264792096,-0.004859611231,-0.0277157382,-0.06865442897
0.004479757657,0.0199252802,0.01809598741,0.01155996733,0.008789246099,0.02599814299,0.05618892508,0.03046789989,0.03355989805,0.0129075331,0.02466132568,0.03,0.00487804878,0.007899934167,0.0177749828,0.02098206648,0.0433460076,-0.03703573931,0.08479402222,0.006931322167,0.01016138673,0.0226904376,0.04336925732,0.01007919366,0.0480349345,0.01838755304,0.01611665388,0.0784350021,0.0469837587,0.01240164122,-0.01775036451,-0.006944444444,0.01171303075,0.02335811226,-0.03324099723,0.02847903192,0.02466478042,0.009220550563,0.024388703,0.06365136101,0.01328273245,0.01590106007,0.02729528536,0.02587646077,0.03705722071,0.05619266055,0.04108739701,0.02545818061,0.06594602218,0.01468039952,0.006720430108,-0.02386831276,0.03662881781,0.006887052342,-0.03440566389,0.0960591133,0.06779661017,0.04743687835,0.01323333966,0.0297947473,0.0666013712,0.0249563379,-0.003197688574,0.01879031504,0.04761904762,0.03274336283,0,0.06321401371,-0.008027866027,0.03186737674,0.07337309734,0.006263048017,0.01884050873,0.02423768569,-0.01619170984,0.05006400228,0.04159791899,0.05208333333,0.04718970629,0.04849084612,-0.02278893109,0.0314591993,0.02715724333
-0.001111750048,0,0.002318392581,0.02291783119,0.02803273851,-0.003619909502,0.0501156515,0.01847940866,-0.0004110152076,-0.005456076751,0.006768222062,0.01650485437,0.02265372168,0.01959503592,0.03078873016,0.01232442643,0.03790087464,0.04419095441,0.03713800954,-0.001720388557,0.01775147929,0.03803486529,0.03607427056,0.01211689237,0.01607142857,-0.009027777778,0.01510574018,0.04000093624,0.0271468144,0.04432261012,0.04149605971,0.02097902098,0.05354558611,0.01774349405,0.01575931232,0.03324373669,0.02404105889,0.04722768839,-0.002855230668,0.03513420361,0.03651685393,0.0147826087,0.006038647343,0.0146460537,0.02995270625,0.02823018458,0.007226400614,0.04237343212,0.0227012825,0.1186030893,0.007343124166,0.02951096121,0.006673710396,0.0113999088,-0.04142011834,0.008239700375,0.05015873016,0.009495982469,-0.004353501852,0.01500214316,0.02295684114,0.02140412239,-0.00534114965,0.05533125344,0.05454545455,0.0411311054,0.004334271158,0.02793696275,-0.06237298846,0.03795887788,0.02458153669,-0.01089211618,0.02490185081,0.03740458015,0.04674127716,0.09246467109,0.009561389113,0.01782178218,0.009259259259,0.04450474542,-0.02387562465,0.002863324001,0.01815907658
-0.03010183195,-0.02747252747,0.006168080185,-0.01803278689,-0.07431187117,0.0136239782,-0.03744493392,0.01658890617,-0.03577302632,-0.04933726068,-0.02353143512,-0.009551098376,-0.05775316456,-0.01217168482,-0.04502907498,-0.02774977051,-0.05969101124,-0.09089641955,0.02367869128,-0.08534614284,-0.05988372093,-0.0534351145,-0.0703894461,-0.04929577465,-0.02694786175,-0.05676243868,-0.005208333333,-0.01328592112,-0.02265372168,-0.08176909893,-0.06940452074,-0.01712328767,-0.08928571429,-0.03239641822,-0.02256699577,-0.05848283309,-0.03522963745,-0.02472800771,-0.1136589065,-0.05321207833,0.005420054201,-0.03684661525,-0.04633853541,-0.03448275862,-0.05051020408,-0.04294262584,-0.06015165923,-0.09826049006,-0.09111827818,-0.05516673528,-0.03313452618,-0.04668304668,-0.05033878039,-0.05455365194,-0.06915025393,-0.04531946508,-0.03808948005,-0.003617945007,-0.04434644049,0.01478040541,-0.02333931777,-0.04262822858,-0.07137945712,-0.08042778889,-0.05948275862,0.1407407407,-0.05534524531,-0.05853658537,0.007114794023,-0.06022936883,-0.1139388718,-0.04562139486,-0.07009177754,-0.02869757174,-0.04779874214,-0.07591850229,-0.07520832303,-0.08171206226,-0.06544197916,-0.09691386689,-0.01706484642,-0.02567518981,0.05374035031
0.01379674207,0.04645323289,0.0122605364,0.05515365115,-0.0198123215,0.0188172043,0.0114416476,0.02702702703,0.007249466951,-0.0144074361,0.06388433343,0.01253616201,0.06381192275,0.03242542153,0.02380952381,0.0340984723,-0.04630321135,0.001724864886,0.02877201609,-0.04146950904,-0.04205318491,-0.0685483871,-0.003240020736,-0.02740740741,0.009632751355,-0.02303120357,-0.008975317876,0.04180858829,0.03863134658,-0.0629245981,0.01449799093,-0.02961672474,-0.06033182504,0.04292143196,0.008658008658,0.03414659577,0.0006683476623,0.03727960106,-0.04956761758,0.03584930543,-0.0781671159,0.01779359431,-0.0664652568,-0.04568106312,0.01020956475,0.04634056638,-0.07516344108,0.002074258453,-0.07666419253,-0.03651053014,-0.0006854009596,-0.03092783505,-0.01162546691,0.0176442537,-0.121627466,0.008560311284,-0.03205531113,-0.002178649237,0.04901696918,0.04057428215,-0.007352941176,0.01659992052,-0.1109798667,0.0654311649,-0.02108157654,0.01659451659,-0.095816302,0.04515173945,-0.000851698073,-0.03166069295,-0.07022289817,0.01098901099,0.02014257852,0.005303030303,-0.0680317041,-0.01415474061,-0.06205004356,-0.1101694915,-0.1295824985,-0.0314493378,-0.008680555556,-0.02339968308,0.0137690082
0.02777741638,0.03359328134,0.004542013626,0.03902724875,0.0357636403,0.03693931398,0.06787330317,0.03028798411,0.03175275191,0.04094624332,0.01582326215,0.01904761905,-0.03078137332,0.001256281407,0.01277026106,0.02423289927,0.1198120595,0.06022805541,0.152728359,0.01278275655,-0.001936733376,0.04242424242,0.04983097127,-0.01370906321,0.06678592725,0.06539923954,0.03396226415,0.1904807082,0.01806588735,0.05045520344,0.08577874275,0.0592459605,0.04895666132,0.03210317138,0.03934191702,0.0390432021,0.03649169677,0.2782230686,-0.08446839811,-0.03740955291,0.01364522417,0.0270979021,-0.03398058252,0.03046127067,0.04734042553,0.1518453427,0.03873207335,0.07203477541,0.03559040204,-0.02460947069,0.02880658436,0.07092198582,0.03467799009,0.1162136832,-0.04176293098,0.06790123457,0.06038961039,0.02037845706,0.03053153277,0.02699460108,0.06296296296,0.02375654057,-0.02536339659,0.05067447639,0.02996254682,0.08232789212,-0.08828613216,0.1940509915,0.06565948702,0.052745219,0.02638671011,0.02826086957,0.0746118601,0.04521477016,0.06307583274,-0.01916664776,-0.01412892029,0.07619047619,0.01353561208,0.06399403105,0.03385872738,0.08990687026,0.05650301745
-0.001113980455,0,-0.01055011304,0.0329366646,0.002009355559,-0.04071246819,-0.02542372881,-0.02361445783,0.01559294214,0.01687429219,0.004954439438,0.01775700935,0.01058631922,-0.01819322459,-0.002255899747,0.03416680063,0.07202797203,-0.02515518984,0.02973273365,0.01650546897,0.007115135834,0.003322259136,-0.05526829117,0.01930501931,-0.02627166015,0.06281227695,-0.001459854015,0.03714261194,0.01983298539,0.01421876513,-0.004389870491,0.04576271186,0.04208110176,-0.006381239784,0.03372333104,0.009630546054,0.01367856829,-0.06355476859,0.04272552304,0.004849660524,-0.02692307692,0.01957446809,0.01954215522,0.05658783784,0.007110208228,0.02532804394,0.03239309199,0.03230996975,0.007932541497,0.009698046867,-0.007333333333,0.07864238411,-0.004787961696,-0.0247691016,0.09487358533,0.007947976879,0.006736068585,-0.008559201141,0.01451290677,-0.02336448598,0.008710801394,0.02320526378,0,-0.04823042487,0.03363636364,0.0793442623,0.01750036459,-0.04744958482,0.06294949899,0.01979825039,0.04609998563,-0.007399577167,0.05513719115,0.0173035328,0.0006666666667,-0.01172471209,0.01367847727,-0.05752212389,0.07270192299,0.001793564744,0.01355166573,0.03483155233,-0.004561946827
0.04251786891,-0.02437608822,0.003046458492,-0.0598962599,0.0619244714,0.007073386384,0.06231884058,-0.04343534057,0.03757575758,0.04510524557,0.007398624786,0.004591368228,-0.0265914585,-0.01086261981,-0.00360930329,-0.03240210833,0.01108936725,0.1024027248,-0.03719031374,0.07067789921,0.03982016699,0.02566225166,0.02802176193,0.04772727273,0.06199770379,0.03357958361,0.008771929825,-0.05730345712,-0.005117707267,0.07713210937,0.03274752864,0.009724473258,0.0389133627,-0.02647980006,-0.01597869507,0.02767900048,-0.007050392973,0.02762582235,0.03740860059,0.06287293787,0.04051383399,0.02337228715,0.05202628697,0.01678657074,0.07766011094,-0.03095238095,-0.02309110884,0.07830912152,-0.04545886126,0.1153927102,0.0194761585,0.01227935533,0.01993127148,0.0297029703,0.04785685062,0.01290322581,0.02737226277,0.004316546763,-0.02384016376,-0.005980861244,0.008635578584,0.01204283172,0.007996256206,-0.01712815051,0.01759014952,-0.04495747266,0.04261621518,0.009339975093,-0.03765344585,-0.01038417337,-0.02965784216,0.01224707135,-0.02064073493,0.01559177888,0.1139240506,0.0672048672,-0.01028145587,0.04225352113,0.03457803355,0.02599378088,0.01225626741,-0.03099873877,-0.02170828392
0.0106001483,0.03331350387,-0.03037205771,0.04942502033,0.0131733994,0.09306409131,-0.03615279673,0.06037151703,-0.003894080997,-0.03523728332,0.01328625549,0.004570383912,0.02483443709,0.02067183463,0.03215900988,0.01772935713,-0.03935483871,-0.05361520637,0.07317901952,-0.06066022942,0.02964793082,-0.07102502018,0.02964899417,0.01229211858,0.01459459459,-0.0285899935,-0.008695652174,0.0689689765,0.04938271605,-0.1049216046,0.03292462434,-0.00481540931,-0.04240282686,0.01153646172,0.0297699594,0.01940521837,-0.02397858224,-0.006427338714,-0.08528783477,0.01273477812,-0.03038936372,-0.01305057096,-0.0510150963,-0.0251572327,-0.02433317735,0.04606879607,-0.01575794089,0.01162185603,-0.01373784262,0.0146493756,0.02503293808,0.009855951478,0.00269541779,-0.01505016722,-0.07067145925,0.04246284501,0.02131438721,-0.002148997135,0.1233199254,-0.02306458083,-0.003424657534,0.01751599132,-0.1105145233,-0.02690744921,0.01555747623,0.09160305344,-0.06433579251,0.05243676743,-0.003106956091,0.04056239891,-0.006987967312,0.05207785376,0.009231773925,0.001395673412,-0.06339712919,-0.009252965554,-0.01818151861,-0.01576576577,0.07152225787,-0.02008711853,-0.02476609796,-0.04297248378,0.03479027205
-0.03250135322,0.02763385147,-0.02975724354,0.01931484864,-0.04270420183,-0.0281124498,0.01627742392,-0.01654501217,-0.04730258014,-0.03195876289,-0.0227748534,0.0009099181074,-0.01050080775,0.02025316456,0.03993081818,0.005165882218,-0.0194761585,-0.07421798762,-0.09456939735,-0.04653409877,0.01619676065,0.01824500434,-0.008576647986,-0.06071428571,-0.01118806606,-0.06822742475,-0.0350877193,-0.03553832438,-0.05196078431,-0.06598570921,-0.05549099788,-0.04677419355,-0.05535055351,-0.01956500787,0.004599211564,-0.03580111004,-0.01857483602,-0.05058909927,-0.02377979228,0.02425255263,-0.04701273262,0.006611570248,-0.09051014811,-0.01290322581,-0.0412470024,-0.1056958309,-0.05233590195,-0.0470964792,-0.04549682307,-0.022079459,-0.002570694087,-0.06006006006,-0.006048387097,-0.03735144312,-0.01810318196,-0.02715546504,-0.009855072464,0.01651112706,-0.07989082969,-0.02566208171,-0.007731958763,-0.03235203925,-0.02752689148,-0.03284773128,0.01191489362,-0.02389277389,-0.1077917626,-0.08499413834,-0.05209340113,-0.0255490454,-0.08795780306,0.016,-0.04308950263,-0.03344947735,-0.05555555556,-0.01496071705,-0.06878670918,0.03890160183,-0.01060362499,-0.02941609651,-0.06941309255,0.01814781759,0.07045788182
0.01626198202,0.01736694678,0.007263922518,0.07954175263,0.0213388991,0.0479338843,-0.005571030641,0.0559129144,-0.03200656545,0.01129621178,-0.01130057803,-0.001818181818,0.06857142857,0.03349875931,0.03079951706,0.02052878026,0.06301369863,0.02240407835,0.1054332102,0.01892403031,0.06198347107,0.01279863481,0.07301686446,-0.009885931559,0.01400862069,0.04953338119,0.002272727273,0.05895410289,0.02585315408,0.07953213457,0.1318766888,-0.0152284264,0.06796875,0.0299331542,0.01896664487,0.04000856307,-0.02773642799,0.01300841444,0.04102478953,0.03070219074,0.006166495375,0.039408867,0.1127864897,0.04901960784,0.07303651826,0.1004596192,0.02013837056,0.09039107486,0.003897765829,0.09209252472,0.0199742268,-0.02555910543,-0.01014198783,-0.01410934744,0.03318650894,0.03000697837,0.03044496487,0.01765536723,0.0448909613,0.01685630004,-0.04329004329,0.02561184656,-0.03444332952,0.06562410055,0.007569386039,0.08,-0.03963113404,0.1024983985,-0.04203363282,0.01382526178,-0.007715808171,0.009842519685,0.04092641544,0.04758471521,0.03718728871,0.02087218315,0.0205979348,-0.04845814978,0.05611286668,0.04590978066,0.06791995149,0.005635331441,0.04479570227
-0.04904515482,-0.01762114537,-0.02564102564,-0.02987476739,-0.006649179528,-0.003154574132,-0.01540616246,-0.05482661668,-0.03264094955,-0.05223964797,-0.02142710982,-0.001821493625,-0.01909854851,0.04381752701,-0.005320124748,-0.0006294938869,-0.04703608247,-0.1205691042,-0.06254207821,-0.09237485992,0.01389660923,-0.01769165965,-0.04464753478,-0.0291858679,0.01965993624,0,-0.03854875283,-0.08993435826,0.01209677419,-0.09506537911,-0.04583135547,-0.02405498282,-0.03803950256,-0.01372826623,-0.01604621309,-0.04487340759,0.01321709786,0.01529145392,-0.03940808129,-0.01021235521,-0.02655771195,-0.03633491311,-0.0162601626,-0.01557632399,-0.02843822844,-0.08949880668,0.001913579378,-0.04642719622,-0.01744845572,0.01829953618,-0.01073910297,-0.03196721311,-0.01161202186,-0.03488372093,-0.004080538875,-0.00406504065,-0.05,-0.01734906315,-0.0180888089,-0.005180273518,-0.2036199095,-0.008328768662,-0.0427773884,0.02313856127,-0.05342237062,-0.03814262023,0.006515775034,-0.09238814643,0.0336894065,-0.04494472686,0.00680203918,-0.02631578947,0.003277671967,-0.01514108741,-0.05606258149,-0.01580175184,-0.02992018929,-0.02777777778,-0.0328358209,-0.01053839458,-0.04599659284,-0.02332821386,-0.03384013088
-0.04820408583,-0.02410313901,-0.01726973684,-0.0329721603,-0.01530643577,-0.07199367089,-0.04480796586,-0.02825979177,-0.05565293602,-0.04035714286,-0.009125940973,-0.01824817518,-0.09579439252,-0.02415181139,-0.02181047773,-0.01069413922,-0.07234617985,-0.01630608547,0.348106231,-0.05277373352,-0.02028508772,-0.04974271012,-0.0306178406,-0.07278481013,-0.02032308494,-0.05540355677,-0.04716981132,-0.05470539608,-0.01394422311,0.01910214189,0.001153593805,-0.05985915493,-0.03269961977,-0.04337096774,0.002609262883,0.04506597064,-0.009590773121,0.06204957164,-0.0724344901,-0.01375046322,-0.09548793284,-0.03770491803,-0.0391184573,0.01898734177,-0.09165067179,0.09076015727,-0.01652927381,-0.04516873378,-0.07002154326,-0.04453806333,-0.05747126437,-0.05249788315,-0.0400829302,-0.01760889713,-0.1039358137,-0.04285714286,-0.03827751196,-0.06920903955,0.00690971118,-0.09789627161,-0.02840909091,-0.03635668357,-0.1299770243,-0.002815909891,-0.06261022928,-0.01494252874,-0.09909142533,-0.1037131882,0.0524238377,-0.06915343021,-0.02026825209,0.01301301301,-0.00849116301,-0.0286512928,-0.1567679558,-0.1071779964,-0.04375722386,-0.07380952381,-0.1166637481,-0.03637745105,0.01071428571,-0.03916443538,-0.006082269902
-0.0270865716,0.0178058587,-0.02175732218,0.04176271913,0.003897784499,-0.02387041773,-0.02755026061,-0.02295918367,-0.0009280742459,-0.04255055204,0.005528255528,-0.01579925651,-0.03186907838,0.05833824396,0.01219748025,0.003183496753,-0.08163265306,-0.04240520043,-0.1069296763,-0.08129524927,-0.01063234471,-0.03700361011,-0.1216254439,-0.01023890785,-0.001595744681,-0.08979000724,0.02887788779,-0.05476041069,-0.04292929293,-0.07497635852,-0.02947636777,-0.04119850187,-0.03694968553,-0.02822410683,0.0357839948,-0.07524688954,-0.02842819778,0.02665673223,-0.09606147298,0.01220187478,-0.02204176334,-0.0195911414,-0.08084862385,-0.07142857143,-0.05916534601,-0.1402823671,-0.1098886192,-0.07098840019,-0.1299050349,-0.05151150304,-0.03387533875,-0.02055406613,-0.05975521958,-0.03349056604,-0.09828838174,-0.0184790334,-0.09141791045,-0.02124430956,-0.06346617664,-0.05776956823,-0.04561403509,0.007980716942,-0.08656664442,-0.07880338863,0.04797742239,0.05134189032,-0.08855972266,-0.06071428571,-0.05673914739,-0.08881325165,-0.1054121541,-0.08201581028,-0.07312692947,0.007194244604,-0.09009009009,-0.05923310041,-0.02550656223,-0.1593830334,-0.02027043771,-0.06998201688,-0.03415783274,-0.08001769324,-0.1546006783
-0.01756018949,0.03837471783,0.0496150556,-0.03267805681,0.02706984112,0.001746724891,0.009954058193,0.01984334204,0.03669298653,-0.02409950764,0.01062095484,0.01605288008,0.01601423488,-0.02171492205,0.02285916253,0.03360977123,0.003174603175,0.01172131333,0.03542629902,0.02227595462,-0.003393665158,0.03842549203,0.07012773266,0.01637931034,-0.00905700586,0.03898170247,0.009623095429,0.01448497475,-0.02796833773,0.02116380624,0.005958564602,-0.015625,0.02530612245,0.01231847598,-0.03329145729,0.02579350331,-0.01355638881,-0.02375140199,0.009938279981,-0.01551296329,0.007117437722,-0.002606429192,0.01559575795,0.02675585284,-0.002245929253,0.01327742837,0.06027159919,0.03069519412,0.04814368087,-0.008628379306,0.02033660589,-0.002737226277,0.05206738132,-0.01171303075,-0.02408307222,-0.05575669804,-0.03353867214,0.08372093023,0.02319606593,-0.007351499706,0.03553921569,0.04247470182,-0.0484496124,0.06475716065,0.07360861759,0.04716981132,0.03990318119,0.04182509506,-0.09380965982,0.0244048212,0.04680222651,-0.02906350915,-0.007093788531,0.04428571429,0.004500450045,-0.01011660721,0.002304890078,-0.119266055,-0.06990194673,0.0356531957,-0.01158536585,0.03295910763,-0.005402549584
0.01231669895,0.02173913043,0.05460472698,-0.00872479651,0,0.02615518745,0.04094010614,-0.01587301587,0.02688172043,0.07740308019,0.04929449502,0.002788104089,0.009632224168,-0.002276607854,0.01991081226,0.0006140410725,0.04667721519,0.1287602603,0.04032687209,0.1228812334,0.00113507378,0.05144404332,0.08234979438,0.04325699746,0.04892473118,0.02373660031,-0.03097696585,0.02335602801,0.01574375679,0.0399055897,0.1041993996,0.03174603175,0.006369426752,0.0547928771,0.03963612736,0.01161835749,0.06003898635,0.0186708608,0.04996132799,0.01049832305,0.001177856302,-0.01045296167,-0.02764127764,-0.04071661238,-0.01406865504,0.1003448276,0.04109454317,0.05129661177,0.08082012995,-0.03130136868,0.03024054983,0.04025617566,0.06113537118,0.04049382716,0.02402593374,0.02147239264,-0.008498583569,0.005722460658,0.02804561607,0.05065666041,0.03668639053,0.04281418281,0.02681045708,0.0571300045,0.05351170569,-0.08744038156,0.01842122764,0.1197080292,0.03682660805,0.01473162194,0.08994651577,0.004988913525,0.03006160694,0.06361149111,0.07168458781,-0.01134957775,0.01766591638,0.08680555556,0.02454721804,0.07360544608,0.06477483035,-0.002094582015,-0.04358262748
0.04200424652,0.02393617021,0.00772797527,0.01153866795,-0.01788846549,0.04672897196,-0.01456664239,0.02445369407,0.01047120419,0.02801396591,0.03039673732,-0.01390176089,0.005203816132,0.02281802624,0.0330694674,0.03004227465,0.08314436886,0.01426646588,0.06265122941,0.05660576564,-0.01360544218,0.02145922747,0.01319041147,0.008130081301,-0.02255253716,0.0411368736,-0.003278688525,0.0634145346,-0.003206841261,0.1157220274,0.05093758559,0.01346153846,0.04588607595,0.05358767711,0.01875,0.01721544376,0.006803972049,0.02833431842,0.103101483,-0.02769158254,-0.01647058824,0.06426056338,0.04358812382,0.01528013582,0.01369863014,0.06298965841,0.01513643135,0.04579282199,0.04679547107,0.05117533581,0.007338225484,0.03430079156,-0.0109739369,0.03417180826,0.05327092895,0.04279279279,0.01714285714,-0.03556187767,0.006965858549,0.02114661654,0.02568493151,0.01258114706,0.01814398127,-0.01778723404,-0.007142857143,0.01509872242,0.1078098472,0.03585397653,0.1113155474,0.04772171913,0.05791741932,0.009376723662,0.03961171129,-0.02250803859,0.04765886288,0.01953210011,0.003772500957,0.0607028754,-0.005989772265,0.03205222533,-0.03244495944,0.01991697374,0.09007897092
-0.03504256317,0.001038961039,-0.007668711656,-0.01687181664,-0.05944664275,-0.01298701299,-0.0362158167,-0.003555104114,-0.04058721934,-0.08027330483,-0.00838252292,-0.006578947368,-0.03623813632,-0.01784718349,0.01002472944,-0.001191532178,-0.08443824145,-0.08963038212,-0.1334731352,-0.131632372,-0.0005747126437,-0.06302521008,-0.04365986768,-0.02338709677,-0.02621919245,-0.07471264368,-0.01069078947,-0.1186645599,-0.009115281501,-0.09926228993,-0.06632426042,-0.06831119545,-0.0537065053,0.01408038,-0.005521472393,-0.04605417586,-0.008797564688,-0.02377070333,-0.06013217793,-0.0347418599,0.005980861244,-0.0306038048,-0.1059322034,-0.08277591973,-0.09797297297,-0.1291273585,-0.08295752266,-0.05360114778,-0.09558422228,-0.009396931129,-0.07218543046,-0.03741496599,-0.08460471567,0.004589261129,-0.05599815928,-0.0626349892,-0.06179775281,-0.002949852507,-0.04150023734,0.01380579844,-0.05453533667,-0.005232203884,-0.05812468063,-0.07521012044,-0.008792965627,-0.06064073227,-0.1091659299,-0.1485210824,-0.07044342067,-0.125760278,-0.1482676562,0.03442622951,-0.05281626506,-0.01447368421,-0.0790103751,-0.0710016543,-0.0887212164,-0.06325301205,-0.09488290951,-0.1199237838,-0.05329341317,-0.1839614013,0.002949840071
0.03631513872,0.03321224702,-0.002318392581,0.04425256341,0.04282346778,0.01480263158,0.08358895706,0.06014271152,-0.005400540054,0.02424189765,-0.01893018349,0.02459791864,-0.007162041182,0.08972174901,0.03131142937,-0.02026695651,0.09298780488,-0.002896995708,0.07242725997,0.04230071904,0.03737780334,0.04125560538,0.01922402525,0.05367464905,0.0296176629,0.04037267081,0.03823773899,0.06766202376,0.06926406926,0.0151684324,0.01639388906,-0.01221995927,0.03277378098,0.04011862216,0,0.04827755906,-0.01710635423,0.07913439991,0.03963853975,0.04243743199,0.04875148633,-0.01023890785,0.006093432634,0.002734731085,0.01310861423,0.0423155044,0.04947349523,0.03353344248,0.06249828565,0.06724303554,0.06423982869,-0.0008833922261,0.05,0.03700319781,0.01530985315,0.04224270353,0.008982035928,0.05621301775,0.1322889049,0.03517930095,0.02413184226,-0.0144609116,-0.008341245083,0.02482900778,0.02258064516,0.05359317905,0.03467213657,0.09386548411,0.07788034135,0,0.07660494704,0.03063919704,0.03035313946,0.03337783712,-0.03466204506,0.08975500474,0.01072927679,0.04823151125,0.099833807,0.07646876887,0.04364326376,0.04155574859,-0.003052253401
-0.01635498358,-0.01305876444,-0.009295120062,-0.005271317829,-0.01955921135,-0.003241491086,0.002123142251,0.004807692308,-0.02081447964,-0.006828978622,0.004135494743,-0.002770083102,-0.01623083859,-0.01511203752,0.004071647379,0.01459804638,-0.006973500697,-0.0242117723,-0.0107897872,0.001128230536,-0.002771618625,-0.01033591731,-0.02987175477,0.01410658307,-0.001569037657,0.00447761194,-0.008807045637,-0.02027941126,0.008097165992,-0.01501677905,-0.00860729309,0.02268041237,0.01083591331,0.008158729695,0.01048735349,0.02631331862,-0.00206224222,0.01487560056,-0.007357211383,-0.003533001445,-0.03174603175,0,-0.0201884253,0.01818181818,0.0006161429452,0.000324780773,0.01413940066,-0.01237972307,0.01070077836,-0.008888388839,-0.01810865191,0.007073386384,0.007215007215,-0.02246696035,0.005026331978,-0.04053058217,0.03857566766,-0.006302521008,-0.001061440893,0.008770006578,-0.0224137931,0.008674151838,0.0213020584,0.01325653684,0.01577287066,0.0676300578,-0.01336573512,-0.03108108108,0.02207039248,-0.004446304336,0.01989619377,0.01486417222,0.01506126354,-0.0142118863,-0.008976660682,0.02783195404,-0.0171503138,0.03067484663,0.02118185639,-0.01912736527,0.0103030303,0.01207963411,0.006494828471
-0.01068483816,0.00203562341,0.03283815481,0.001558603491,-0.03139709885,0.03577235772,0.001412429379,0.03349282297,0.002772643253,-0.04240871236,-0.01407229254,-0.005555555556,-0.03208065995,0.01957671958,-0.02286046009,0.02697585108,-0.0316011236,-0.06398323776,-0.05360167562,-0.0579967025,-0.07281823235,-0.03394255875,-0.02108657101,-0.07496136012,-0.06652697748,-0.05720653789,-0.07835218094,-0.03557649606,-0.03614457831,0.04942963367,-0.01951934706,-0.07862903226,-0.01761102603,-0.04207335644,0.01831501832,-0.06410813531,-0.04392886217,-0.08438519981,-0.09905809797,0.00265914585,-0.09484777518,0.02844827586,-0.1517857143,-0.1098214286,-0.1403940887,-0.05811688312,-0.04183413031,-0.05370403374,-0.06931034483,-0.128764413,-0.06147540984,-0.1132572432,-0.0494269341,-0.06759801712,-0.1437507464,-0.1351766513,-0.16,-0.03875968992,-0.03189842056,-0.03151488807,-0.08054085832,-0.02116402116,-0.1520305333,-0.01957953623,-0.0450310559,0.008121277748,-0.1153746435,-0.06764295676,0.05259273318,-0.1134405212,-0.08487514556,-0.05555555556,-0.04723463772,-0.003931847969,-0.04981884058,-0.05523360172,-0.09966070262,-0.07738095238,-0.1104106471,-0.0696321714,-0.03479304139,-0.1134798905,-0.04624760701
-0.02642200824,-0.01218892839,0.02498107494,-0.02707749767,-0.04838256442,-0.06279434851,-0.05289139633,-0.04166666667,0.06359447005,-0.05971813398,-0.09432457168,-0.04283054004,0.04261363636,-0.1011935651,-0.01886800635,-0.01108860497,0.007976794779,0.01854426353,0.0254368577,-0.004182917706,-0.04376498801,0.02882882883,-0.003293699154,0.003341687552,-0.05723905724,0.0133963751,-0.03856266433,0.0422563586,0.01666666667,-0.01712119655,-0.03263551041,-0.05470459519,0.02416212003,-0.03255109765,-0.04316546763,0.00293255132,-0.01820861307,-0.03090850268,0.01944906863,-0.007976372257,-0.1047865459,0.07460184409,0.06153846154,-0.1925777332,-0.009312320917,0.02688728025,0.05058785708,-0.01387406617,0.07390940403,-0.1253466858,-0.03420669578,-0.03663366337,0.03315749812,-0.04204929918,0.07884229797,-0.02309058615,-0.02210884354,-0.02492668622,0.009889249233,-0.03141831239,-0.0300511509,-0.01554567225,-0.06794851548,-0.07482054114,-0.01382113821,0.2508055854,-0.04059202814,-0.005235602094,0.007686400214,0.005985894625,0.08742165041,0,-0.01203108296,-0.006578947368,-0.07340324118,-0.07678319401,0.001837460793,-0.04516129032,-0.01820866142,-0.01197919009,-0.05717837166,0.08827586207,-0.1250123922
-0.1220692485,-0.05809768638,-0.09084194978,-0.06888462359,-0.03948236929,-0.1306532663,-0.1787043931,-0.1425120773,-0.03899480069,-0.1211876868,-0.02575102233,-0.0826848249,-0.06448683015,-0.07967667436,-0.07769247429,-0.06257713821,-0.1748201439,-0.1243464582,-0.1806202642,-0.1770713567,0.01128526646,-0.1138353765,0.008294504478,-0.07493755204,-0.02261904762,-0.1423017107,-0.0774840474,-0.2052768919,-0.06557377049,-0.05742509703,-0.1526548988,-0.05324074074,-0.07153729072,-0.08372456964,-0.08270676692,-0.1248781676,-0.04453117182,-0.1007956576,0.01173680006,-0.1299037975,0.01445086705,-0.06786271451,-0.01067887109,0.0149068323,-0.06001446132,-0.2101376301,-0.009894137104,-0.1822001528,-0.02277054396,-0.1449275362,-0.06480783723,-0.1855087359,-0.0882567469,-0.06861755802,0.02705367099,-0.1518181818,-0.02608695652,-0.08195488722,-0.06471291801,0.02664504171,-0.0138431114,-0.03774030776,0.1111111111,-0.0975828111,-0.009068425392,-0.1142121082,0.06491522835,-0.1308270677,-0.1785136783,-0.07158006363,0.03529224813,-0.08235294118,-0.1039456046,-0.04437086093,-0.0987654321,-0.1080111715,-0.0202567727,-0.08108108108,0.009523809524,-0.02930197269,-0.07712590639,-0.01920427619,-0.01266468174
0.06179286336,-0.04912663755,-0.03411860276,0.009390746679,0.03265999964,0.02312138728,0.01178603808,0.0005633802817,-0.03020739405,0.129857513,0.002760613631,0.04188759279,-0.008737864078,0.03513174404,-0.01167376709,-0.02392290885,0.1072362685,0.1467596629,0.07592254858,0.1137861832,0.05827650341,-0.06472332016,0.06259832197,0.06930693069,0.01096224117,0.106980961,0.04940711462,0.1287416827,0.03782894737,0.12520148,0.1072869729,0.141809291,0.06229508197,0.02391118702,0.03073770492,0.03566754838,-0.0008029604804,0.1196914382,0.0152286736,0.07336886944,0.02564102564,0.01924686192,0.05936777178,0.06487148103,0.04230769231,0.04759881003,0.05596232385,0.02654522809,0.09967702708,0.1157072102,0.07574536664,0.009463722397,0.0208,0.1381365114,0.04150996837,0.18113612,0.1223214286,0.02948402948,0.04302431504,-0.06210787633,0.002673796791,-0.001430139836,0.07060617613,0.06205908289,-0.01996672213,0.1449345613,-0.002151462995,0.08564013841,0.1242507603,0.1380798274,0.05587106677,-0.02331002331,0.08319965394,-0.02148302148,0.200913242,0.06891664744,0.02914137861,0.08823529412,-0.02929493545,0.06556300708,0.1478571429,0.05050987443,-0.02493087467
0.02911353977,0.03444316877,-0.009251471825,0.03432039936,0.0719752027,0.02071563089,0.01971326165,-0.006193693694,-0.02417480242,0.06042801185,0.02281700912,0.04834605598,0.0264446621,0.01575757576,0.02953398275,0.01677476754,0.03779527559,-0.002580288439,0.2149922165,0.06221415835,0.0316344464,-0.00264131009,0.01162790698,0.06986531987,-0.01506024096,0.02948402948,0.03860640301,0.18292636,0.0147913365,0.06194505501,0.04204564435,0.01070663812,0.03549382716,0.01918265221,0.0337972167,0.05543606839,0.05212955522,-0.02092620565,0.0235727844,0.09177455381,0.09166666667,0.04926108374,0.1179039301,-0.006896551724,0.1232472325,0.1947261663,0.01829965157,0.02745127777,-0.01625445898,0.01568216293,0.01647940075,0.1525,0.02194357367,0.04854831033,-0.0006345465259,0.0009074410163,0.05727923628,0.02625298329,0.08640129885,0.1035179749,0.02933333333,0.0178517179,0.01224983976,0.05096004152,0.03565365025,-0.02624894157,0.09788702027,0.1314741036,0.01640344142,0.1053805408,0.02690665927,0.05369928401,0.0162570511,0.01699716714,-0.004752851711,0.05143068574,0.08584073872,0.125,0.08439897698,0.05274122324,0.05289359054,0.04567455542,0.1613568801
-0.08419127408,0.02885682575,-0.07979626486,-0.03877584599,-0.06408769379,0.01014760148,-0.05975395431,-0.0447592068,-0.08099094807,-0.09662597414,0.00538713384,-0.001941747573,-0.125,-0.04832935561,-0.02213085415,-0.02411900024,-0.1153262519,-0.1080519241,-0.05192646324,-0.1140570978,-0.07950028393,-0.05190677966,0.01304917833,-0.09205350118,-0.05198776758,-0.123309467,-0.004533091568,-0.1006681283,-0.06246746486,-0.116199183,-0.111109492,-0.1927966102,-0.1050670641,-0.04582651391,-0.02371794872,-0.1677619848,-0.0480523362,-0.01732831609,-0.07397018163,-0.08056410766,-0.1234096692,0.0406885759,-0.1373697917,-0.03935185185,-0.09198423127,-0.007470288625,-0.04398943378,-0.1363938298,-0.0355601755,-0.09270606839,-0.06337509211,-0.09598698482,-0.04371165644,-0.05447117567,-0.09557500718,-0.1160471442,-0.07449209932,-0.001550387597,-0.03335171319,-0.06323593546,-0.0829015544,-0.03438081837,-0.1262928305,-0.0270590559,-0.04426229508,0.06086956522,-0.1453260016,0.02394366197,-0.1408148425,-0.1489029004,-0.09083070587,-0.03284258211,-0.09449192783,-0.004874651811,-0.1442215855,-0.1251026393,-0.1017605634,-0.0960960961,-0.0608490566,-0.09183645029,0.001182033097,-0.08390660563,-0.0168797534
0.05683684973,-0.005393743258,0.04335793358,0.01637567043,0.02445452959,0.03835616438,0.05981308411,0.0521945433,0.03680663556,0.05006482497,0.08990070178,0.04961089494,0.02181025082,-0.0006269592476,0.02472679635,0.02796899404,0.06689536878,0.07162834058,0.09274647188,0.00487320039,0.06230721777,0.03910614525,-0.009088993891,0.05632582322,0.05290322581,0.04900181488,0.07012750455,0.09103075109,0.02998334259,0.08701052332,0.06578580679,0.02624671916,0.06661115737,0.01629502573,0.03020354563,0.05515426053,0.04503593107,-0.01764026371,0.01130333569,0.05048715678,0.02612481858,0.03834586466,-0.00679245283,-0.0265060241,-0.001447178003,0.06192268218,-0.008425317471,0.08409537646,-0.00778283265,0.003631082062,0.05192761605,0.02699460108,0.05693664796,0.0350456073,0.004897618053,-0.001025641026,0.007317073171,0.03726708075,0.07590320981,0.01047486034,0.08050847458,0.03342655284,0.04223707521,-0.004872107186,0.04545454545,0.02540983607,0.005208333333,0.07977991747,0.03320432864,0.07597937533,0.01152207454,0.04800936768,0.05218523407,0.02169349195,0.1305803571,0.04957431119,0.01965955122,0.08637873754,0.06780512305,-0.006137981832,-0.005312868949,0.05393333706,0.0002081120648
0.02391075755,0.01626898048,0.002652519894,-0.05007578735,-0.04510061168,-0.01055408971,-0.05379188713,0.02311161218,-0.0005,0.09896476399,-0.02983530967,-0.02131603336,0.01707577375,-0.001254705144,-0.03885544009,-0.02909316001,0.009646302251,0.1021700256,0.005938350242,0.09972047172,-0.01219512195,0.0752688172,0.02365983295,0.03281378179,-0.01102941176,0.01730103806,0.01276595745,0.004946195209,0.04905660377,0.003928100414,-0.02468699049,0.02301790281,-0.01092896175,0.08185654008,-0.04971319312,0.0336775541,-0.02376739994,-0.0903633635,-0.008943028405,0.03263686094,0.005657708628,-0.04127443881,0.02279635258,0.01361386139,-0.01956521739,0.02512886598,0.06274138939,0.02688214426,0.04290766705,0.09213699952,0.02692595363,-0.006425233645,0.01669195751,-0.02179962894,0.06337536179,-0.06622176591,-0.002421307506,0.009730538922,-0.0143098519,-0.02538585579,-0.0431372549,-0.009143866346,0.04624299788,0.01478988168,-0.0237899918,0.006394884093,0.001142944224,0.01910828025,-0.02124190803,0.01393555494,0.06553224836,0.01620111732,0.03354585918,-0.02534246575,0.08588351431,0.05189537892,-0.00643071833,-0.02140672783,0.03857008467,0.0154242836,0.01246290801,0.08632197913,0.02800905588
0.02463237483,0.01120597652,-0.02469135802,-0.03090833875,-0.1149989294,-0.03911111111,-0.03355079217,-0.04022038567,-0.06053026513,-0.04718693285,-0.02279440615,-0.02178030303,-0.06505771249,-0.007537688442,0.008088177764,-0.07036253514,-0.04299363057,-0.08875246656,-0.01736102355,-0.06989832752,-0.02998236332,-0.019,-0.008930690719,-0.06195393169,-0.02602230483,-0.005952380952,-0.06722689076,-0.000613581933,0.002569373073,-0.07519691058,0.03227459824,-0.105,-0.03078137332,-0.02418096724,-0.03621730382,-0.01069173565,-0.04263976748,-0.1335509306,-0.07669086699,0.0008762671021,-0.08016877637,-0.01586102719,-0.06389301634,-0.0293040293,-0.07538802661,0.02922690132,-0.0362810097,-0.06241363427,-0.06773892717,-0.08213339223,-0.05535324108,-0.02057613169,-0.02089552239,-0.07064959697,-0.05435802778,0.01869158879,0.03236245955,0.0452186805,-0.03403190051,-0.05318143141,-0.04781420765,-0.0503816355,-0.04357137582,-0.02181123731,-0.02605042017,0.06632247816,-0.03813075577,0.023125,0.0287313827,0.04492611908,-0.0445734398,-0.0192413414,-0.04649074675,-0.01897399859,-0.06,-0.1025563179,-0.01109209014,-0.075,-0.05797101449,-0.04301549409,-0.07561547479,-0.03945090581,0.05058851372
-0.0259430879,-0.01055408971,-0.0705244123,-0.05372606415,-0.04268231214,-0.01202590194,0.003857280617,-0.03846153846,-0.0303514377,-0.05283446712,-0.03368990439,-0.03388189739,-0.04489337823,-0.003164556962,0.005064273587,0.00420836061,0.03577371048,-0.1001154901,-0.07102389991,-0.1062958639,0.01757575758,-0.02752293578,-0.03688291471,-0.006773920406,0.04452926209,-0.02994011976,0,-0.07877155457,-0.01230138391,0.01371515341,-0.03249535944,-0.0782122905,-0.01465798046,-0.005595523581,-0.02644398051,-0.051256595,-0.009536395457,-0.002275069035,-0.05619030878,0.02105179378,0.001529051988,-0.02532617038,0.001587301587,-0.05660377358,-0.03836930456,-0.03694656489,-0.03892973194,-0.115942029,-0.004300153299,-0.006039315705,0.05628373169,0.05462184874,0.04268292683,-0.03367346939,-0.06232941293,-0.07015650297,-0.03213166144,-0.002127659574,-0.01554425716,-0.01373009137,-0.0243902439,-0.0403699443,-0.01710292641,-0.05127414714,0.01294219154,-0.06703910615,-0.0299889223,-0.1105681124,-0.0940153388,-0.01845593969,-0.006529209622,0.04428251121,-0.05881942628,-0.01504297994,-0.06286266925,-0.06072395129,-0.04579084657,-0.1047297297,-0.05192307692,0.03014077346,0.02916930881,-0.04792486356,-0.001527942936
-0.03054118138,-0.009066666667,-0.01167315175,-0.01714248888,-0.03803546607,-0.04494382022,-0.0441882805,-0.01731343284,-0.04008786381,-0.05525496768,-0.0007683201229,-0.01753507014,-0.03407755582,0.01714285714,-0.05208162399,-0.005587632706,-0.05542168675,-0.05590759605,-0.03746840222,-0.07651554629,0,0.04664570231,-0.03515588574,-0.04092071611,-0.1126674787,-0.03439153439,-0.05495495495,-0.02137677005,-0.03321224702,-0.02298822805,-0.04689042058,-0.04242424242,-0.01404958678,0.0008038585209,0.01572551823,-0.03850868538,-0.03771951967,-0.1438379365,-0.1665218111,0,-0.03511450382,-0.07007874016,-0.009508716323,-0.05,-0.072319202,-0.07133798351,-0.04781148238,-0.0530702973,-0.06649009042,-0.09610263859,-0.04233576642,-0.06488332385,-0.03289473684,-0.05491024287,-0.02436270618,-0.0406268137,-0.04291497976,-0.04051172708,-0.02157801812,-0.0349296345,-0.06617647059,0.0296070792,-0.06245335638,-0.05404527239,-0.066439523,0.05588822355,-0.0650134595,-0.05631868132,0.008430394755,-0.06700211864,-0.01689380837,0.01771336554,-0.02549470096,-0.01090909091,-0.07120743034,-0.1231766613,-0.07933845274,-0.07169811321,-0.05527383367,-0.03183465721,-0.06654343808,-0.03655317674,0.1410483696
0.08109646357,0.01184068891,0.05216535433,0.003344043014,0.06679656712,-0.02745098039,0.03316582915,-0.02916160389,0.07494279176,0.09112563986,0.06748762289,0.02192758797,0.02433090024,0.04369538077,0.04342092534,0.009115314978,0.07993197279,0.09297649391,-0.05157011273,0.05414354682,0.03513996426,0.04156234352,0.001610824742,0.04,0.06932052162,0.07945205479,0.02478551001,-0.07098659207,0.01127214171,0.02446880197,0.1176792193,0.05379746835,0.0435875943,0.01285140562,-0.00633356791,0.003171740415,-0.009181187933,0.0008877823775,0.03519626586,-0.03609081165,0.0332278481,0.08552074513,0,0.08631578947,0.02956989247,-0.08740184363,0.02231396683,0.03442879499,-0.002893203069,-0.0323245849,0.03963414634,0.04382227632,0.01360544218,0.1094972067,0.05751844351,0.02782819117,-0.01692047377,0.02148148148,-0.01075681283,-0.01835921108,0.04803149606,0.02192297086,0.0398424735,0.02953972979,0.0200729927,-0.1784499055,0.08480195428,-0.09461426492,0.02201934798,0.05841612262,0.01432713148,0.02109704641,0.03629553578,0.01764705882,-0.01,0.03729718628,0.02926052394,-0.1463414634,0.05367686527,-0.004237625655,0.02640264026,0.03235001107,-0.04179413035
0.02914016591,0.00585106383,-0.002806361085,0.01071755326,0.06070556365,0.03225806452,0.07392996109,0.06132665832,0.002660989888,0.03920293558,0.002513698555,0.01397205589,0.03206650831,0.01614832536,-0.01571260571,-0.03823547609,0.04803149606,0.05594278755,0.0902075505,0.04980502511,0.006904487917,-0.06394230769,0.04203924091,0.02735042735,-0.026957638,0.0448392555,0.03534883721,0.09845743968,0.03025477707,0.04291705639,0.02439150929,0.05705705706,0.01526104418,0.01665344964,-0.00566572238,0.02157403676,0.004236006051,0.07282035461,0.05999817722,0.01872106423,-0.03062787136,0.03978159126,0.056,0.000645994832,-0.008703220191,0.1328095773,0.02933863749,0.0493570348,0.06561536305,0.03268480337,-0.0007331378299,0.05072886297,0.01193139448,0.007552870091,0.09522099684,0.1041789288,0.00430292599,0.02900652647,0.09026165887,0.005343593032,0.03080390684,0.0222172251,0.09246575342,0.0196841637,-0.01878354204,0.08789691671,0.1446839312,0.1270096463,0.009558612056,0.1013730959,0.04896492396,0.06611570248,0.04803229062,0.02528901734,0.1627384961,0.04763790441,0.1080106476,0.180952381,0.1349974529,0.03887688985,0.08874598071,0.02771746415,0.01449015595
0.03192357146,0,0.06941838649,0.06756756757,0.07832059592,0.0458984375,0.01358695652,0.05837264151,0.1066878981,0.02328699772,0.007881433908,0.05118110236,0.05753739931,-0.001177163037,0.02933900481,0.05133483435,0.04733283246,0.07285531998,0.1159958362,0.1148980018,0.01714285714,0.03441191577,0.0287063617,0.05241264559,0.08047493404,0.05668016194,0.04312668464,0.127089941,0.04173106646,0.02779658271,0.0482002677,0.07102272727,0.07041139241,0.02964118565,0.01994301994,0.1017082866,0.05867731244,0.1448676241,0.02924685833,0.0008732064538,0.007898894155,0.01350337584,0.01287878788,0.01162040026,0.08165057068,0.08553500661,0.008607817303,0.1402955487,-0.02233593349,0.03165031892,0.03448275862,-0.00332963374,-0.003684598379,0.023988006,-0.07713803978,0.1471215352,0.0008568980291,-0.01479915433,0.004989280061,0.1057722972,0.03134110787,0.02751257571,-0.04595242486,0.03413676519,0.02096627165,0.1387478849,-0.05339703506,0.1141226819,0.04948553809,0.01397681893,0.006282985675,0.002906976744,0.06449241111,0.01761804087,0.07046332046,0.09736921681,0.002792965514,-0.004032258065,-0.01256732496,0.03227843228,0.05847607797,0.01992748898,-0.00596237173
-0.01925292746,-0.002115282919,-0.06403508772,-0.07013506147,-0.04413901997,0.02521008403,-0.03485254692,0.007799442897,-0.04988009592,-0.0877522495,-0.0309264102,-0.01123595506,-0.04134929271,-0.01473187979,-0.02430777974,-0.004130208652,-0.07317073171,-0.08693762723,-0.003082216626,-0.06515697702,-0.01460674157,-0.06653426018,-0.009811864254,-0.04584980237,-0.04517704518,-0.05440613027,-0.06718346253,0.01245949233,-0.05885262117,-0.0432976226,-0.07645105848,-0.06896551724,-0.0273466371,-0.025,-0.03701117318,-0.05629458261,-0.03959445037,-0.1330439424,-0.02566346002,-0.01572383162,-0.04858934169,-0.03626943005,-0.08676140613,-0.1008296107,-0.1071428571,-0.02007909948,-0.03613312433,-0.07380482023,-0.07580425978,-0.1481750877,-0.06666666667,-0.1180400891,-0.003698224852,-0.03513909224,-0.04389897315,-0.08224907063,-0.01969178082,-0.03433476395,-0.01588045299,-0.0749855797,0.0148409894,-0.03523971283,-0.08809772314,-0.09586585109,-0.009821428571,-0.01894502229,-0.08869591034,-0.0390524968,-0.09463170837,-0.0988905432,-0.1008070876,-0.04492753623,-0.0613087309,-0.002077562327,-0.01623083859,-0.02545467071,-0.06045979182,-0.04858299595,-0.06909090909,-0.02233295043,-0.06026785714,-0.07472572437,-0.08119918811
0.009521727845,0.05617382088,0.02905342081,0.02872402788,0.02046064611,0.04462659381,0.1111111111,0.05306799337,0.06007067138,0.05104141729,0.03117775109,-0.01325757576,-0.01475595914,0.01495215311,0.08161139687,-0.03107431415,0.07275541796,0.07830661323,0.07128065236,0.05974383366,0.01482326112,0.0170212766,0.04266666667,0.02154101077,0.06649616368,0.03160453809,0.01385041551,0.08147724272,-0.0394114556,0.01188654819,0.03059020486,0.03133903134,-0.02279635258,0.005439005439,-0.02393038434,0.03817306289,-0.009075082417,-0.01333695505,0.04139309679,0.01597502015,0.118616145,-0.01382488479,0.04914004914,0.04897090135,0.02272727273,0.06426575598,0.02931100687,0.06509683474,0.0132626767,-0.01378427007,0.01139817629,0.1130050505,-0.01039346696,0.05867475974,0.03554619767,0.07544303797,0.03231441048,0.03851851852,0.04740222247,0.06157763459,0.05988857939,0.0124271385,0.01530309453,-0.04595824099,0.05590622182,0.01666035593,-0.01237986643,0.06862091939,0.06372959674,0.05756315958,0.01091993509,0.02781992919,0.02487780094,-0.01457321305,0.0229147571,0.0656699537,0.06831970456,0.07234042553,-0.0234375,0.02792443617,0.0190023753,0.03974461734,0.1046533427
0.02004113778,-0.01655795283,0.029143898,0.02203368368,0,0.008718395815,-0.008333333333,0.009448818898,0.01,0.01075121862,0.03415141931,-0.01919385797,0.01152073733,0,0.009930858225,0.007118058308,0.02164502165,-0.01670306184,-0.001762282117,-0.04832251342,-0.01179775281,-0.05543933054,-0.00145315043,-0.02919708029,0.007194244604,-0.003142183818,-0.007285974499,0.01734473756,0.02516411379,0.007501744592,0.0442368776,-0.02209944751,-0.0007776049767,-0.01545595054,0.02897473997,0.02530008714,-0.005831339713,-0.06509011489,-0.01987607245,0.04195665536,-0.0441826215,0.006230529595,0.02263856362,0.01556156969,0,-0.02537922987,0.02251481238,0.03540531881,0.005359195402,-0.09013884165,-0.01126972201,0.07543959161,0,-0.07883420927,-0.13805594,-0.0065913371,0.03807106599,0.04279600571,-0.04237005372,-0.01468500661,0.009198423127,0.0367945758,-0.2210763642,0.03252231324,-0.01024765158,-0.1024208566,-0.1721095167,0,-0.06196737076,-0.02464469308,-0.00589987564,-0.04527559055,0.007589873331,0.05352112676,-0.0188172043,-0.04550429505,-0.0820223398,-0.01587301587,-0.0465,0.003963541357,0.02447552448,0.0460139823,-0.03146748072
0.02832353839,-0.02040816327,0.01946902655,0.03809936811,-0.01031951879,0.05704407952,0.004201680672,0.05044201768,0.002828854314,0.01171857394,0.01961074156,0.01859099804,0.02391799544,0.0141426046,-0.03146083664,0.009208537968,0.02542372881,0.01169466298,-0.01927350569,0.03032150701,0.008527572484,0.01771871539,0.0234006636,0.04594820384,0.0380952381,0.0401891253,0.002752293578,-0.0005315318405,0.01387406617,0.02491774892,0.04793949748,0.2175141243,-0.007003891051,0.02276295133,0.02166064982,0.01738272147,0.007519927809,-0.005428007735,-0.001843558377,0.005880226075,0.05238828968,-0.1222910217,0.06030534351,0.06329113924,0.08888888889,0.02125112242,0.01554496809,0.04347826087,0.01834993497,0.1075992387,0.01975683891,0.07594936709,-0.003750937734,0.07624481328,-0.03401589787,0.01706161137,0.04074979625,0.002735978112,0.01307344661,0.02359779423,0.01953125,0.00208591724,-0.05360205832,0.09899348727,-0.009490940466,-0.05601659751,-0.03785237573,0.0006234413965,0.03751557626,0.08453469746,0.004945742298,0.03298969072,0.06626741089,-0.0327540107,0.02922374429,0.05722922965,-0.01110484925,0.04838709677,-0.002621919245,-0.01821649835,0.01592718999,0.0965184244,-0.03525444992
-0.008424284645,0.04166666667,-0.02604166667,-0.009190189175,0.02258280361,0.01308258381,-0.02259414226,0.005445544554,-0.02444757875,-0.061299951,0.01113212888,0.005763688761,-0.003337041157,0.02440441604,0.01502363189,0,-0.03305785124,-0.06566718042,0.04962134729,-0.05612500123,0.01296505073,-0.06202393906,0.01356578124,0.01996805112,-0.01032110092,-0.03636363636,-0.04025617566,0.06236525936,0.002631578947,-0.02734742379,-0.02393685759,0.002320185615,-0.02037617555,0.01227935533,-0.005653710247,-0.007707440645,-0.01907001045,-0.0318180921,0.06186662887,-0.001664837867,-0.02196193265,-0.02469135802,0.09215262779,0.01629072682,0.06857142857,-0.0131887456,-0.05803706652,-0.1057236062,-0.05231766704,-0.1002147898,0.02757078987,0.03235294118,0.03463855422,-0.02457831325,0.03092487328,-0.01957129543,0.068128426,0.004774897681,-0.04317529309,0.05828965249,0.01724137931,-0.0229254571,0.02322156774,-0.06841935136,0.002613240418,0.01098901099,0.06677709908,-0.04548286604,0.02814357996,0.02253561389,-0.06041745071,0.006986027944,-0.009180734777,-0.01313061507,-0.0248447205,0.08187076842,0.04849301229,0.07307692308,0.01156677182,-0.07718489736,-0.01007838746,-0.03907481227,0.07000989143
0.01700472281,-0.0165,0.02762923351,0.03704149852,0.02999073014,0.03793381759,0.09845890411,0.06056129985,0.1031325301,-0.03886858716,0.0006691086858,-0.02005730659,0.05133928571,-0.0289279637,0.04719856216,0.03576497746,0.001424501425,-0.07138215446,0.1043856833,-0.134855397,-0.01558152476,0.02784222738,0.06490081091,0.01487862177,-0.001622247972,0.0251572327,0.03336510963,0.1018575835,-0.03779527559,0.02335114729,0.02288759887,0.04861111111,-0.0024,0.0007581501137,0.01918976546,-0.02389940523,0.008445881682,0.09859126216,-0.02956486919,0.02338449877,-0.05688622754,0.00452079566,-0.03691496374,0.02836004932,-0.01909854851,0.09296109296,0.006094733851,0.02503730725,-0.03314131706,-0.01115127541,0.01450326323,-0.0009496676163,0.001455604076,-0.009881422925,-0.07500298579,0.03707224335,0.0007331378299,0.01697216565,0.009335180921,0.04471451502,-0.08035153798,0.02842953793,-0.09708845345,-0.04094378904,0.005212858384,0.05434782609,-0.09937888199,0.04046997389,0.03477987109,0.008619886311,-0.009412743406,0.01684836472,-0.002135791367,0.00700280112,-0.01091901729,-0.02886046724,-0.1168484639,0.01792114695,-0.05665280665,-0.007066618794,-0.06052036199,0.00651198688,0.01138663024
-0.05462593389,-0.02745297407,-0.02775368604,-0.02793588105,-0.05604672914,-0.02021772939,-0.04598597038,-0.01207056639,-0.04849279161,-0.03244124037,-0.02534430939,-0.04093567251,-0.03609341826,-0.04380841121,-0.0654779933,-0.01016474415,-0.07752489331,-0.06537654088,-0.1100600803,-0.03613126411,-0.04522328999,-0.02821670429,-0.04173693086,-0.06712962963,-0.03899721448,-0.06134969325,-0.01937269373,-0.08469873279,-0.02073104201,-0.0343095098,-0.052211661,-0.09492273731,-0.04811547715,-0.06818181818,0.006973500697,-0.0972705267,-0.03274606708,-0.129057101,-0.04390602434,-0.01305458855,-0.0619047619,-0.01710171017,-0.0417522245,-0.05635491607,-0.06308411215,-0.08369565217,-0.03700840661,-0.0893723714,0.01840988804,-0.07883574163,-0.04789135096,-0.04942965779,-0.02034883721,-0.09381237525,-0.07387561868,-0.08340971586,-0.07032967033,-0.04606141522,-0.03751148363,-0.04389815628,-0.05529010239,-0.01934355098,-0.1156204022,-0.08152436083,-0.03284356093,-0.06391752577,-0.2106681034,-0.1298619824,0.005868694956,-0.1129948723,-0.02901976641,-0.03411306043,-0.06001062135,-0.02990264256,-0.0616375345,-0.0660368505,-0.06339170816,-0.04225352113,-0.07272727273,-0.06235926431,-0.03792895846,-0.06084060194,-0.05151897733
0.005602316707,-0.02352326189,-0.006244424621,-0.01625141901,0.02445271167,-0.04087301587,0.06209150327,-0.02161654135,0.0009182736455,-0.04496044909,0.008554607377,-0.006605691057,-0.03524229075,0.01527183873,-0.07468294974,0.00205382544,0.0100231303,-0.05310295176,-0.0204799342,-0.08409351478,-0.00414446418,-0.02671312427,0.06151011879,-0.01157981803,-0.01207729469,0.01633986928,0.004703668862,-0.0308437053,0.007799442897,-0.01537965784,0.02585615239,0,-0.01432181971,0.009756097561,0.006232686981,0.04475265834,0.01821443894,-0.05937250306,0,0.02480346723,-0.003384094755,0.007326007326,-0.04214285714,-0.04320203304,-0.05818786367,0.01245551601,-0.01747479893,0.02851052491,-0.02367166469,0.07431395305,-0.002252252252,-0.0005,-0.02077151335,0.0622246696,-0.09094500081,0.046,-0.003152088258,-0.02169349195,0.07741599906,0.04247015611,-0.01589595376,0.06765339766,-0.2385969777,-0.03269432773,0.03932082216,-0.05991189427,-0.1451194539,-0.001441961067,-0.007418433055,-0.03166501745,-0.03097621526,0.03733602422,0.02128060264,0.03154121864,-0.005882352941,0.04384378349,-0.04885005974,0.0625,-0.04693998812,0.02100022788,-0.04443053817,0.006863470518,0.01433265764
-0.02492195069,-0.01124197002,-0.04398563734,-0.032675372,-0.04717239366,-0.01572196938,-0.02846153846,0.002401536984,-0.0247706422,-0.05434434113,-0.008482046797,0.00358056266,-0.02283105023,-0.03549939832,-0.002030456853,-0.03276348951,-0.0320610687,-0.1285848971,-0.04862214688,0.03429211567,-0.02318668252,-0.04534606205,-0.0357984717,-0.05439330544,-0.0173594132,-0.038585209,-0.02247191011,-0.03645124873,0.01216141515,-0.07244652048,-0.08876175912,-0.00487804878,-0.01452991453,-0.02334943639,0.05092911218,-0.07478537924,0.0170841952,-0.0699044081,-0.0506111733,0.005657164827,-0.0441426146,0.05636363636,-0.02311707681,-0.01859229748,0.004413062665,-0.03397773872,-0.01707071818,-0.0268566494,-0.04403949537,0.05338723167,-0.02633559067,-0.007503751876,0.02272727273,-0.06376360809,-0.0824067684,-0.04636711281,-0.01106719368,0.007153075823,-0.01288553326,-0.03083021361,-0.02129221733,-0.009906019812,-0.2791332848,0.03827881091,-0.05588993981,-0.01874414246,-0.06659214309,-0.03104693141,0.02106639081,-0.07981498413,-0.005041238988,-0.02772373541,0.0178532513,0.005559416261,-0.016765286,0.1856248997,-0.09530688188,-0.01384083045,-0.02493765586,-0.01600137351,-0.03339882122,-0.03872079469,-0.003337385383
-0.008114821971,0.006497022198,0.020657277,-0.03509763295,-0.02503160072,-0.01261034048,-0.08234362629,-0.02970771442,-0.01834430856,-0.02452393061,-0.04036836615,-0.02854230377,-0.004672897196,-0.04741110418,0.007121057986,-0.02539712438,-0.01892744479,0.03294593934,0.002557107005,0.005345342448,-0.01460742544,0.0225,-0.02904118421,-0.009734513274,-0.03782035332,-0.01839464883,0.01915708812,-0.006389812878,-0.03659202622,-0.09961508853,-0.01382978723,-0.07598039216,-0.01127493495,0.00494641385,-0.06090373281,-0.01434857471,0.02512051823,0.009534827082,-0.009872953789,-0.04655015474,-0.005328596803,-0.01118760757,-0.07022900763,-0.0250338295,-0.06239015817,0.0118253487,0.005794391029,-0.02316088384,0.04405414115,0.04075691412,0.009273570325,0.01512096774,0.03037037037,-0.008859357697,-0.0174935235,-0.02656641604,-0.02318145484,-0.03551136364,-0.05973761433,-0.003408316292,0.007501875469,-0.02533012881,-0.1925991412,-0.08733167734,-0.004553734062,-0.06924546323,-0.006501283148,-0.02831594635,0.0433133325,0.02758781928,0.02084856137,0.008504252126,-0.01022760961,-0.03386316517,-0.074222668,0.02113667118,-0.06223641507,-0.01754385965,-0.01470588235,0.03020257184,0.02303523035,0.03376917805,-0.003471198308
-0.02638023152,-0.0505648198,0.03173873045,-0.03233992712,0.02017404286,-0.02128565347,0,-0.03901234568,0.0335409679,-0.08405259804,-0.03386696138,-0.01941238195,-0.03873239437,-0.03601833661,-0.03383838384,-0.0007247543888,-0.05225080386,-0.08889414468,0.01512250007,-0.08723415392,-0.03705991353,0.02995110024,0.02780698356,-0.07059874888,-0.02249806051,-0.07240204429,-0.06390977444,0.02305462243,-0.04761904762,-0.07279554264,-0.07317258459,-0.05835543767,-0.07192982456,-0.03199343724,0.01882845188,-0.07802795031,0.03435100481,-0.03443783699,-0.141574764,-0.0008401275466,-0.09464285714,0.01914708442,-0.06075533662,-0.05759888966,-0.06747891284,0.03386275097,-0.08273604246,-0.08666424419,-0.04730376269,-0.1070247934,-0.0482388974,-0.05312810328,0.02444284687,-0.0530726257,-0.1572680105,-0.03810504634,-0.0147299509,-0.01988217968,-0.01227974218,-0.03994528044,-0.0312732688,0.001371457069,-0.1409353981,-0.05070906747,-0.01463860933,0.03540277065,-0.1536077148,-0.01073619632,-0.01899234435,-0.07485353507,-0.003319718149,0.006944444444,-0.04431169609,-0.05007153076,-0.0346695558,-0.05594868941,-0.1590139359,0.025,-0.09474367294,-0.006774608766,0.009933774834,-0.06818819329,-0.03306188251
-0.03392591746,-0.01473087819,-0.007579135087,0.02790666398,-0.01078291678,0.01478903871,-0.006039689387,0.03802672148,-0.006954102921,-0.02510751328,-0.0608850934,-0.01123595506,-0.02368742369,-0.02921195652,-0.02195504443,-0.04275928761,-0.09584393554,-0.001446265668,0.005857977974,0.002331937993,-0.02694034638,-0.02255192878,0.02708159475,-0.06875,-0.02301587302,-0.07988980716,-0.05220883534,0.006291606693,0.05357142857,0.0127098782,-0.05921214406,-0.03943661972,-0.05293005671,-0.02372881356,-0.03969883641,-0.02010526316,-0.01896710947,-0.1024260444,-0.1254352489,0.03453152172,-0.1183431953,-0.05380017079,-0.01835664336,-0.0324005891,-0.0256281407,0.02202898551,-0.03372489908,-0.07300576885,-0.04900451976,-0.03488413484,-0.01126307321,-0.04981646565,-0.0350877193,-0.05309734513,-0.1098438972,-0.02141327623,0.02325581395,-0.01652892562,-0.002160741818,-0.007124536905,-0.02152190623,-0.06215674068,-0.3075382374,-0.03923343896,-0.01114206128,0.1318136769,-0.04252288911,0.02015503876,-0.04020104359,-0.07470027667,-0.01106992996,-0.02660098522,-0.02937284535,-0.03313253012,-0.01571268238,-0.02074677148,-0.06676789683,-0.1080139373,-0.02222222222,-0.02157083419,0.04262295082,-0.04674201582,-0.08115591233
-0.005813437472,0.008625646924,0.06064690027,0.03591521654,-0.02182037607,-0.01928846978,-0.04427083333,-0.00198019802,0.09710550887,-0.0490431398,0.009033202144,-0.04545454545,0.06053026513,0.001399580126,0.008017103153,0.01513671875,-0.01876172608,-0.03256953987,-0.07139317414,-0.06511851866,-0.02241265656,-0.0321797207,-0.08169737635,-0.02942694889,-0.02139182237,-0.004491017964,-0.06038135593,-0.0807319458,-0.001129943503,-0.1111321886,0.004199411037,0.02639296188,-0.0369261477,0.01302083333,0.01568068425,0.002936226591,-0.01774076756,-0.0743503737,-0.1739712065,0.01141569381,-0.06935123043,-0.02166064982,-0.124666073,-0.3394216134,-0.117070655,-0.1043675553,-0.03003379923,-0.02038626609,-0.03316639411,-0.05746320953,-0.0227827502,-0.05629139073,-0.05454545455,-0.02056074766,-0.2785063683,-0.08205689278,-0.1323051948,0,-0.04713326587,-0.04927286644,-0.09505106049,0.01309889072,-0.3016039968,-0.04005025915,-0.03849765258,0.00350262697,-0.560560986,-0.07370820669,-0.04752920108,-0.08179401993,-0.02129802374,-0.01771255061,-0.001578560281,0.03971962617,-0.0228050171,0.02359450704,-0.1435847855,-0.0234375,-0.08651026393,-0.00869656146,-0.1044025157,-0.0703356013,-0.02592347745
-0.04180987665,-0.02736602052,0.000847098687,-0.04243763814,0.01178039122,-0.05769230769,-0.0408719346,-0.06150793651,-0.03659574468,-0.0448188826,-0.05373790817,-0.01360544218,-0.04716981132,-0.02585604472,-0.1102863203,-0.01864291519,-0.04015296367,-0.04345489443,-0.02204284047,-0.1044738063,-0.006068779501,-0.02572145546,-0.02152072154,-0.06170212766,-0.01881571666,-0.004010025063,-0.02480270575,-0.0101989959,-0.0350678733,-0.0475828688,-0.0396928683,0.02571428571,-0.01761658031,-0.08397600686,-0.01684210526,-0.07297654325,-0.05657943236,-0.02216308058,-0.03456466415,-0.03060963583,0.03125,-0.01291512915,-0.03458799593,0.0702764977,0.03037383178,-0.05858138062,0.005018901757,-0.01872946331,-0.02262276019,0.05897084719,-0.02997502082,-0.07134502924,-0.005384615385,-0.06106870229,0.08554216867,0.008939213349,-0.07717492984,-0.01680672269,-0.05741856282,-0.01761094898,-0.07118055556,-0.01148806057,0.6603915663,0.04581151832,0.00390625,0.1335078534,0.2664410058,-0.04101722724,-0.07546837228,-0.05130617266,0.001147117866,-0.06697578568,-0.03110009163,-0.03595505618,-0.02217036173,0.0106430652,0.03959469134,-0.024,0.06019261637,-0.005256680731,0.02668539326,0.0145755489,-0.1155466041
0.1021599714,0.0386869871,0.03808717732,0.008837301326,0.1083882388,-0.03246753247,0.07386363636,-0.044397463,0.01104240283,0.1541208399,0.01399531805,0.04022988506,0.01608910891,0.03730272597,0.01251489869,0.01216894553,0.09163346614,0.2010996067,-0.04342897705,0.1277774614,-0.002713704206,-0.02382485512,0.06379441106,0.06519274376,0.06119571348,0.05586311022,0.06647398844,-0.05781464924,0.01875732708,0.1509110954,0.1334236798,0.05571030641,0.06434599156,0.02993451824,0.009992862241,0.09447332948,0.02258253565,0.1324404533,0.1257309007,0.00250574626,0.09557109557,0.06542056075,0.158061117,0.1388589882,0.1507936508,-0.03935418769,0.04496293708,0.1187632548,0.04704991618,0.2219348163,0.02660944206,0.1479848866,0.00154679041,0.168699187,0.4444819765,0.1783815712,0.1353269133,-0.01476301476,0.006033474882,0.04891415694,0.1074766355,0.02689605397,0.3902494331,0.01533166458,0.02723735409,-0.03695150115,0.4054982818,-0.07784431138,0.1038267738,0.1762776506,0.05889092962,0.0822749862,0.09299436285,0.04662004662,0.169451074,-0.04037800687,0.2588727619,0.1147540984,0.2210446631,0.1111680599,0.1279069767,0.09782377112,0.07108404855
0.006762658852,0.0158013544,-0.06196494089,-0.1293063999,-0.03426431968,-0.003835091083,-0.04850088183,0.005530973451,-0.002184359983,-0.02308168317,0.05681553946,-0.02817679558,-0.03873325213,0.02697095436,0.07062978222,-0.002254245496,-0.05839416058,0.04554111397,-0.02299021165,0.01601118915,-0.00612244898,0.05079155673,-0.05651375141,-0.01011176158,-0.002125963327,-0.1029551954,-0.03956639566,-0.01457965366,0.01380897583,-0.08237154027,-0.03774321858,-0.05013192612,-0.05054509415,-0.02179836512,-0.0148409894,0.0237525512,0.03744316662,0.01437959971,-0.05547513624,-0.01326793332,-0.05106382979,-0.02894736842,0.0618744313,-0.05482041588,-0.02068965517,-0.03711484594,-0.02231062373,-0.05108251023,-0.01427267875,-0.06153985726,0.01337792642,0.01097092704,0.04942084942,0.01971014493,-0.1244738425,-0.04310776942,-0.008928571429,-0.0141955836,0.02757790155,-0.05151618731,0.09198312236,0.003342082993,0.1283640515,-0.07996918336,0.01325757576,-0.01478816946,-0.1081227927,0.00185528757,0.007468272181,-0.06017767979,-0.01133000223,-0.02959183673,-0.05496835926,-0.002227171492,-0.1448979592,0.0341640916,-0.063012834,-0.01102941176,-0.08555486671,-0.04975266816,-0.0285021225,-0.1227369764,-0.01685634748
0.00975398136,0.03,0.04693611473,0.05495908101,0.0314745062,-0.002887391723,-0.01204819277,-0.04510451045,0.08887915937,-0.07854563882,0.03955366088,0.02103467879,-0.1282311201,-0.08080808081,0.04452996152,-0.007531128665,0.06007751938,0.001470024287,-0.05784298135,0.04242123049,-0.008898015058,0.07532956685,0.054057196,0.03333333333,-0.02183754993,0.0472901169,0.0158013544,-0.05609936771,0.03575482406,-0.01342623633,-0.05386106463,0.07222222222,0.008350730689,0.07892293408,-0.006456241033,-0.01055236655,-0.02541155673,0.01356000268,0.1064983848,0.006723169222,-0.02466367713,0.0108401084,0.05569837189,0.05,-0.009054325956,-0.04654545455,0.07987361371,0.03700977815,0.03257414329,0.03641285084,0.0899339934,-0.06673901248,0.04709345107,0.0193291643,-0.004807692308,0.01623886852,0.02882882883,0.008,-0.1137675427,0.01801894563,0.01236476043,-0.007147962831,-0.004770164788,0.02428403952,0.001869158879,-0.005679513185,0.05787389583,-0.06759259259,-0.0372686527,-0.03022148623,0.05842588122,0,0.04620936036,0.02306547619,-0.01551312649,0.0165037699,0.07344785001,0.03717472119,0.05559322034,0.03565271245,0.1186017478,0.08450793249,-0.0144095939
0.04227011295,0.007551240561,0.05437941054,0.03067397338,0.06101036731,0.01351351351,0.07692307692,0.002880184332,0.03779654202,0.1279301574,0.03768207966,0.1119153675,0.05930232558,0.07472527473,-0.01947368421,0.05230852248,0.07586837294,0.1186419044,-0.04474445953,0.1581408875,0.08356353591,0.07413893754,0.07066835778,0.04682622268,0.07296487885,0.1050228311,0.09222222222,-0.02809114733,0.04273972603,0.1628601168,0.1236866989,0.1398963731,0.1480331263,0.05077452668,0.03176895307,0.1647675954,0.06053735404,0.1776195885,0.3510313268,0.00834310795,0.09425287356,0.1233243968,0.148538961,0.1580952381,0.1492385787,0.02097635393,0.02641691883,0.02342086586,0.06376968487,0.128128595,0.01286903861,0.1540697674,0.04146170063,0.1076408254,0.317805383,0.1020618557,0.1094570928,0.06746031746,0.06649034647,0.03565287752,0.1419847328,0.02951763859,0.5071895425,0.1414323087,0.04664179104,-0.1109751122,0.2787215664,0.0585898709,0.02620331739,0.2316613305,0.0087743309,0.01787592008,0.1348044683,0.03563636364,0.1393939394,0.009285459191,0.2761787223,0.09318996416,0.1676300578,-0.08446333619,0.03236607143,0.1047907682,-0.07384068748
-0.00609002061,-0.006423982869,-0.005511811024,-0.01028863417,-0.06274029179,-0.02,-0.004355400697,0.02469844917,0.02169701666,-0.07484154071,-0.02349645969,-0.01301952929,-0.004939626784,0.01226993865,0,0.02017498878,-0.06542056075,-0.09684504792,0.02026203775,-0.08232925941,-0.007010834927,0.02880434783,-0.05111895135,-0.02534791252,-0.02740421213,-0.03673094582,-0.05798575788,0.03293320356,-0.007356805045,-0.03431746055,-0.1163211083,-0.009090909091,-0.0703336339,-0.02866502867,0.00699790063,-0.0426794715,-0.02932478176,-0.2097076273,-0.1068657406,-0.0314264808,-0.08193277311,-0.01591089897,-0.09399293286,-0.1044407895,-0.1051236749,0.04258498319,-0.03603508487,-0.03883495146,-0.01318195551,-0.02009150039,0.01270553064,-0.0685138539,-0.04048582996,-0.02416918429,-0.1912367985,-0.04303086997,-0.09234411997,-0.004460966543,-0.03395000496,-0.00976610186,-0.0935828877,-0.001398601399,-0.1832899682,-0.0760636012,0.002673796791,0.1073887104,-0.2008556631,0.005628517824,0.05032475581,-0.03217607302,-0.0557456623,-0.0444214876,-0.02549408011,-0.01966292135,-0.05531914894,-0.005171615994,-0.1608615122,-0.06885245902,-0.1270627063,-0.002930428796,-0.03081081081,-0.04565836674,-0.03277535625
-0.03584090331,-0.01400862069,-0.0126682502,0.0007674597084,-0.008365277828,0.009232264334,0.0008748906387,0.04372197309,0.00530906333,-0.02127799736,-0.00473702075,0.008117706748,-0.07446221732,0.0006734006734,-0.04455179817,0.02472393698,-0.02363636364,-0.04668203784,0.1059129154,-0.03391693245,0.02631578947,0,-0.008874776095,0.002549719531,0.00339159927,-0.0285986654,-0.02861771058,0.1047510696,-0.001058761249,-0.0562279761,-0.00141957783,0.006880733945,-0.03879728419,0.01854974705,-0.0006949270327,-0.02102934762,0.02448425226,-0.0150422887,-0.01700961609,0.01280412211,-0.02517162471,0.04203718674,-0.009360374415,-0.06060606061,0.008884501481,0.03009673952,0.008391396291,0.01350237065,0.003335481792,-0.0572352693,-0.02509225092,-0.02055164954,0.01125175809,-0.0386996904,0.08435858695,-0.05180840665,0,0.02539208364,0.01277756386,0.01356082647,-0.0302359882,0.02591036415,0.04837758112,-0.007441860465,-0.003555555556,-0.02527973477,-0.02676810369,0.07276119403,0.008607124874,-0.04124388206,-0.005427928287,0.003243243243,0.01101680451,0.005730659026,0,-0.00634764289,-0.007696064069,0.01056338028,0.06427221172,0.1137196579,0.008923591746,-0.004974986872,0.03115837564
0.05048010213,0.0393442623,0.050521251,0.003555493586,0.02980545169,0.003370245546,0.03234265734,-0.004296455424,0.03206337231,0.02672141078,0.02600522428,0.01660795169,0.0315852205,0.008075370121,0.04494382022,-0.007587718626,0.0251396648,0.08262929464,-0.03263143379,0.0679494442,0.007504690432,0.02482831484,0.02546619568,0.08952187182,0.01092043682,0.02944062807,0.03835464147,-0.02944762795,0.03232644409,0.05966720779,0.0531553248,0.0569476082,0.02724520686,0.03973509934,0.006258692629,0.05530980492,0.04625747967,0.02522763947,0.09904979966,0.01095916611,0.05399061033,0.03646237393,0.06377952756,0.01857282502,0.04990215264,-0.03304347826,0.03177401432,0.008135869013,0.01198066392,0.02699880668,0.03936411809,0.0071783545,-0.001390820584,0.01502952228,0.07013236904,0.05154639175,-0.02347826087,0.04952658412,0.003783006254,0.0218935487,0.0608365019,-0.03276450512,0.1513787282,0.007497656982,0.0178412132,-0.0212585034,0.23074696,0.02695652174,0.03002386933,0.03884703978,0.02887686801,0.06896551724,0.06743711343,-0.02279202279,0.01689189189,0.02439628824,0.06051061987,0.07665505226,0.04203670811,0.03174678876,0.009397457159,0.02811033027,-0.05432541277
0.0290597839,-0.01997896951,-0.04618320611,-0.03383119139,0.01583960427,-0.007677543186,0.009314140559,-0.07659115426,-0.04641812865,0.00812901534,0.008211272236,0.03366336634,0.01097631427,0.05473965287,-0.04569892473,-0.0402675234,0.01725703906,0.003549897481,-0.1037914555,0.0371173913,-0.01365611421,-0.01030927835,-0.04563539747,0.01027077498,-0.01234567901,0.02764537655,-0.0182012848,-0.0989063924,-0.0636550308,0.05404018353,0.01076521929,-0.03232758621,-0.01866404715,-0.03901273885,-0.03040774015,-0.05054129851,-0.009897260274,0.03559634059,0.05320201662,0.009175526883,-0.02004454343,-0.0494011976,0.03478904515,0.0009596928983,0.0568499534,-0.1377697842,-0.01759628154,0.009078987189,-0.007887261359,0.01824255628,-0.02039329934,0.05263157895,-0.01671309192,0.06716023268,0.09021297703,0.04803921569,0.06144256456,-0.04649548924,-0.07101914045,-0.01071224529,0.04014336918,-0.05786873677,0.06246334311,-0.007441860465,-0.02804557406,-0.06820156386,0.1025641026,-0.09991532599,-0.02745991957,-0.02930424882,0.01322974196,-0.03679435484,0.0440396256,-0.02623906706,0.02879291251,-0.0942128323,0.09729930394,0.06796116505,-0.01193181818,-0.005115483583,-0.01423877327,0.01275227623,-0.1014113072
-0.04418144944,-0.01287553648,-0.0156062425,-0.0360943342,-0.1010671363,-0.04932301741,0.02013422819,-0.03738317757,-0.0398620161,-0.1169202757,0.01381069351,-0.01819923372,-0.0005714285714,0.01202531646,-0.06197183099,0.03906011105,-0.1071428571,-0.1098710091,-0.06592508917,-0.1175373213,-0.03335431089,-0.0625,-0.03024622272,-0.01109057301,-0.04270833333,-0.09183673469,-0.02290076336,-0.0296331614,-0.03125,-0.04385709925,-0.07789676253,-0.03786191537,-0.07807807808,-0.009113504557,-0.003563791875,-0.009115451802,-0.008474283145,-0.0800086848,-0.1278366523,-0.02480175468,0.09318181818,-0.02913385827,-0.1058655222,-0.06711409396,0.007054673721,0.005006257822,0.00522589207,-0.09037288813,0.02119457419,0.003594556814,0.01933085502,-0.08697916667,0.01912181303,0.04459861249,-0.1428612051,-0.0855940131,-0.0494966443,-0.001455604076,-0.02232974082,-0.01323451562,-0.001378359752,0.03970037453,-0.1900818843,-0.09090909091,-0.08476104599,-0.1048951049,-0.2590142949,-0.07196613358,-0.07153814407,-0.139585134,-0.01776860777,-0.05651491366,-0.03362987854,-0.009730538922,-0.06458557589,-0.07015253131,-0.1180032816,-0.06060606061,-0.01495112133,-0.02062909446,-0.07166666667,0.007176203815,-0.1202058586
0.0140470563,-0.03913043478,-0.0243902439,-0.02178129196,-0.01555926929,0.01780264496,-0.05345394737,-0.007281553398,0.006387225549,0.004565537555,-0.02968945431,-0.04487804878,-0.00457404231,-0.09193245779,0.03903903904,-0.01948514606,0.114,0.180404248,0.01096782387,0.02612826603,-0.013671875,0.01277777778,-0.04206699559,-0.09252336449,0.05794341676,0.09295199183,-0.01450892857,0.02636907775,-0.04301075269,-0.08252578456,0.07581454761,0.01851851852,0.1617806732,-0.02591973244,-0.01359084406,-0.04913776524,0.01241889346,0.1725618031,0.1111142611,-0.0262591311,-0.05925155925,-0.02595296026,0.16,-0.02363823227,0.04991243433,-0.03403902034,-0.03638286881,-0.09264754369,-0.0311398631,0.03712442082,-0.09992706054,-0.01026811181,0.02223766505,-0.1337760911,0.1833261454,0.104859335,0.01941747573,0.003644314869,-0.006227758007,0.0378462739,-0.02622498275,0,0.05963875951,0.02268041237,-0.01280788177,0.23125,0.04376619637,0.05524581855,-0.00816042404,0.152543589,0.02766804615,-0.006100942873,-0.01834064869,0.03930461073,0.1967779056,-0.06401991447,0.0173951401,0.06451612903,0.06596614127,0.009472302608,0.06163973668,0.02142819304,0.1204653188
-0.001734869554,0.01979638009,-0.009166666667,-0.05513192009,-0.1670666745,-0.06646676662,-0.08427454387,-0.03789731051,-0.03530345101,-0.2100131945,-0.01799854155,-0.0240040858,-0.08730614589,0.02685950413,0.009826589595,0.001421711108,-0.1144524237,-0.1039006269,-0.2193406192,-0.162037037,-0.04818481848,-0.02578167855,0.003042077046,-0.09526261586,-0.04885574698,-0.1088785047,-0.07701019253,-0.1670027418,-0.05913660556,-0.08279141435,-0.164431326,-0.1181818182,-0.08317757009,-0.07124463519,0.01595358956,-0.09371312995,-0.02146647371,-0.08342663061,-0.1574464828,-0.1544794093,-0.09392265193,-0.02664446295,-0.1151724138,-0.1231578947,-0.1417848207,-0.2195960464,-0.06163416045,-0.1398982558,-0.03550353257,-0.1618473345,-0.05996758509,-0.1279538905,-0.04690686608,-0.1133625411,-0.1261599708,-0.09953703704,-0.1194805195,-0.07988380537,-0.05710748657,-0.07969924812,-0.02976612332,-0.02305475504,-0.2829116638,-0.1081989247,-0.0129740519,-0.04780033841,-0.2722758621,-0.239673391,-0.07381977152,-0.1775508934,-0.02898241225,-0.09375,-0.06313420919,-0.03927272727,-0.1923076923,-0.09359656301,-0.2407253808,-0.1424242424,-0.2009857612,-0.04118365812,-0.1020293123,-0.1118688899,-0.0848845156
0.01966064819,0.003882418192,-0.001682085786,0.03099023485,-0.05980743552,-0.07976445396,-0.1138519924,-0.06035578145,0,0.192168507,-0.05791812778,-0.1240188383,-0.0245437382,0.02012072435,-0.02633085289,-0.01135754172,-0.1302584896,-0.06056484001,-0.1274904915,-0.1817679558,-0.06102635229,-0.04222972973,-0.06038676356,-0.04610130905,0.09164639092,-0.1253277399,0.003067484663,-0.1314937044,-0.04714016342,-0.01987012166,0.01365969839,-0.07474226804,-0.0244648318,0.02218114603,-0.02284082798,-0.06542681793,-0.06348815099,-0.01644181546,-0.03851348487,-0.005673725747,-0.0487804878,-0.1060735672,0.03507404521,0.09483793517,0.003887269193,-0.1679515419,0.005749367479,0.04661315308,0.01389610607,0.0024852845,0.02413793103,-0.1275611368,-0.04136947218,-0.05806053119,-0.008758702557,-0.0005141388175,-0.08357915438,0.02525651144,-0.1329342561,-0.03982843137,-0.08546384222,-0.05899705015,0,-0.03937452901,0.04145601618,-0.1297201244,-0.2016679303,-0.2072015161,-0.02928851193,-0.05109378548,-0.02238559781,-0.05233990148,-0.06602516425,-0.04390613172,-0.00119047619,-0.02858970018,-0.003897909529,-0.05300353357,0.01919122687,-0.04893231166,0.117388575,-0.0656369529,-0.009618004523
-0.0371319655,-0.1320441989,-0.08550968829,-0.04931506849,-0.1823142473,-0.02675974404,0.03854389722,-0.06220419202,-0.08881578947,-0.3745330012,-0.00933946941,0.04301075269,-0.08387096774,-0.103879027,-0.1005291005,-0.07101828509,-0.02331002331,-0.3144866579,-0.03151157478,-0.5563808238,-0.04874446086,-0.09053497942,-0.08031063245,-0.04534606205,-0.117384844,0.009592326139,-0.02385321101,-0.02710018949,-0.05408970976,0.09258286567,-0.04913420341,0.01114206128,-0.1745036573,-0.122965642,-0.1132213294,-0.08134999602,-0.03932922244,-0.1606642015,-0.04924662366,-0.03726576809,-0.01282051282,0.000956937799,-0.04292168675,0.01535087719,0.01355275895,0.0780939775,-0.1036724463,-0.04184607104,-0.06027841153,0.04752740084,-0.09006734007,-0.02424242424,-0.05133928571,-0.03278688525,0.02236535474,-0.07407407407,0.0402360515,-0.05157813703,-0.09029001625,-0.03828972559,-0.1749201278,-0.04388714734,-0.1692330692,-0.07727005295,-0.09126213592,0.1485451761,-0.3603988604,0.1139442231,-0.09466437177,-0.02959476707,-0.1259641342,-0.05133203379,-0.03535462464,-0.02692003167,-0.06197854589,-0.1373581691,0.03437102764,-0.1455223881,0.07868190989,-0.07319796606,-0.1426966292,-0.08074747664,-0.05183936414
-0.01089086168,0.09102482495,0.05711653616,-0.008398517909,-0.1451686626,0.1398684997,-0.07474226804,0.07714491709,0.06588447653,0.07105525137,0.02082010561,0.03264604811,0.004929577465,0.08363903155,0.03660130719,0.09420675678,-0.2118138425,0.09987929994,-0.09009742016,0.2861491629,0.05279503106,0.006464124111,-0.02272569324,-0.03125,-0.0544332211,-0.2719714964,-0.02506265664,-0.06388219048,-0.08089260809,-0.137644856,-0.05832822866,-0.005509641873,-0.164556962,0.07731958763,0.0197693575,-0.0434104497,0.08970645793,-0.1056674037,-0.1719559543,-0.2505426962,-0.1688311688,0.05544933078,-0.1062155783,-0.04535637149,-0.1404011461,-0.1651319828,-0.01183997425,-0.1946355849,-0.08891625616,-0.02581509046,0.06845513414,-0.1513975155,-0.001568627451,0.01898305085,-0.4678506981,-0.02055555556,-0.1330582775,-0.02922077922,-0.09878122179,-0.06469807565,0.02807357212,0.1639344262,-0.3480295123,-0.121360255,0.03952991453,-0.2088888889,-0.4083147736,-0.0765379113,-0.07045648154,-0.2149609536,-0.1197764418,-0.05,-0.1122041827,0.1293734744,-0.1105463787,-0.1810468666,-0.5004819277,-0.1179039301,-0.01371571072,-0.08203740431,0.05439056356,-0.01223782167,-0.1514720225
-0.210721165,-0.06884480747,0.03180827887,-0.110686706,0.04217017788,-0.08127949659,-0.1091922006,-0.0655957162,0.007197290432,-0.02079702568,-0.008467603837,-0.008319467554,-0.09460406447,-0.09546377793,-0.05233291299,-0.1023262385,-0.1627554883,-0.1915866484,-0.1186626903,-0.3230769231,-0.07817109145,-0.07450224791,-0.1241999716,-0.1993548387,-0.01008902077,-0.1998368679,-0.09511568123,-0.1323770627,-0.08194233687,0.05222698198,-0.3982293079,-0.108033241,0.04393939394,-0.03444976077,-0.1453957997,-0.01390398551,-0.04234609583,-0.1660935031,-0.06756281005,0.03586422365,-0.1015625,-0.1308876812,-0.1294014085,0.01470588235,-0.01666666667,-0.1132352941,-0.1276467953,-0.2557977332,-0.1224076005,-0.1445786984,-0.003463203463,-0.08874656908,-0.05263157895,0.007984031936,0.1320126123,-0.244469654,-0.06960142772,-0.08026755853,-0.1776650806,-0.08756060069,-0.02542372881,-0.1169014085,-0.1084736406,-0.05055636188,-0.04727646454,-0.1129213483,-0.1580928482,-0.0704879938,-0.0351826188,-0.2508900524,-0.1502360165,-0.08435472242,0.06189461449,-0.1080691643,-0.1542857143,-0.1423559722,-0.1492040521,-0.2277227723,-0.1529709229,-0.1384351338,-0.008079552517,-0.0007571325326,0.06295708345
0.156864442,0.08521303258,0.05532094595,0.1148459384,0.2183267205,0.1603881279,0.2182614134,0.2242120344,0.1366120219,0.164214523,0.05626975178,0.1040268456,-0.0959752322,0.09356287425,0.09447771124,0.1077130217,0.2224231465,-0.103959276,0.2929113036,0.1398601399,0.132,0.1533657183,0.1806260404,0.2546333602,-0.002697841727,0.5800203874,0.109375,0.2714365468,0.2,0.1813897719,0.4764565775,0.2608695652,0.04499274311,0.0882061447,0.1644612476,0.2156340422,0.01252672242,0.1519393669,0.2987488845,0.06371547959,0.02608695652,0.179781136,0.2335692619,-0.01226309922,0.2372881356,0.2786069652,0.1780192081,0.3601218369,0.1549717253,0.1070214118,0.05647263249,0.1054216867,0.08540630182,-0.07854785479,0.4113937355,0.2357357357,0.1649616368,0.1554545455,0.1434027866,0.1594634873,0.08019323671,0.1467304625,0.7458204334,0.1719745223,0.1521035599,0.2856238125,0.5558867362,0.3225,0.2123065518,0.1037181996,0.2068329851,0.1976377953,0.1336130621,0.1122778675,0.1959459459,0.217244024,0.5072291206,0.141025641,0.1462686567,0.1131031897,-0.02255639098,0.1826416394,0.2472344263
-0.04106883706,-0.0103926097,-0.03361344538,-0.07035175879,-0.1289199584,0.02262666011,0.002566735113,-0.01170275015,0.02440828402,-0.01314716673,0.009550872208,-0.03546099291,-0.03595890411,0.01026694045,0.01823708207,0.01206017459,-0.005177514793,0.07871480874,-0.01930959636,-0.06441717791,-0.007067137809,0.001805054152,0.01296423659,-0.02119460501,-0.02915539525,0.005806451613,0.08002560819,0.04465755885,-0.04201101928,-0.02646714031,-0.1080598126,0.004926108374,0.1180555556,-0.03187613843,-0.0413961039,-0.02523802327,0.05111679075,0.1836055422,-0.007571803292,0.05210148566,0.08474576271,-0.08127208481,-0.03114754098,0.1546275395,0.02283105023,-0.0233463035,-0.04394341641,-0.01894918174,-0.04341779387,-0.0008438818565,-0.01644736842,-0.110808356,-0.02062643239,-0.03581661891,-0.04829460828,0.03280680437,0.01317233809,-0.001573564123,-0.002763381313,-0.03632502515,-0.01967799642,0.001390820584,-0.02323106934,0.03326086957,-0.05524344569,0.004433497537,-0.03639846743,-0.004410838059,-0.001375936401,0.00430597771,-0.06289205703,-0.04273504274,0.01427444922,-0.01525054466,0.104519774,-0.001102651615,0.03186246849,-0.01123595506,-0.01171875,-0.1128329298,-0.0141025641,0.007863008911,0.005002367511
-0.03636845883,-0.006417736289,-0.009937888199,0.1356756757,-0.2157475747,-0.06156806157,-0.02355350742,-0.03966844287,0.01444043321,-0.236703501,-0.02947615324,-0.04359243697,0.06571936057,-0.0352303523,-0.05194029851,0.01682966013,-0.1330855019,-0.1670080169,-0.1357259602,-0.2672131148,-0.06548042705,0.04804804805,-0.1399327834,-0.1522309711,-0.04427244582,-0.102629891,-0.1043272081,-0.2235150265,-0.0294751977,0.08471192933,-0.1937476522,-0.1151960784,-0.1105590062,-0.0169332079,0.01947502117,-0.09139534884,-0.05571413469,-0.2236446276,-0.247049033,0.1144830297,-0.046875,-0.03557692308,-0.1497461929,-0.1573802542,-0.15625,-0.1985391766,-0.1200783322,-0.06532045654,-0.135308996,-0.06111486486,-0.01588628763,-0.1818181818,-0.02808112324,-0.0690936107,-0.1908525373,-0.05588235294,-0.1825568797,-0.08037825059,-0.1545772218,-0.08066573881,0.04288321168,-0.05277777778,-0.2320261438,-0.1184515043,0,-0.1216282491,-0.2534791252,-0.1981012658,-0.01898346601,-0.2829760404,-0.07006867774,-0.02129120879,0.01619966363,-0.05899705015,-0.03196930946,-0.1998002523,-0.3160772876,-0.06818181818,-0.05797101449,-0.09716157205,-0.04356306892,-0.1779068423,-0.09924588638
-0.08289752765,0.03934233705,-0.03889585947,0,0.025561994,0.05176832394,0.06030414263,0.0110974106,-0.1202846975,-0.009335678528,0.04274320701,0.002196595277,0.1275,0.05547752809,-0.006926952141,-0.05310467542,0.01200686106,-0.04931506849,-0.003250334883,0.1364653244,0.02056359482,0.02349570201,-0.002013025459,0.05263157895,-0.02883057985,-0.08220157255,0.08934480477,0.1238620147,-0.008148148148,-0.05971583755,0.004158685786,0.08310249307,-0.1270949721,0.04688995215,-0.05398671096,0.04005630919,0.02254067771,0.06789512478,0.1032211288,0.04828836998,0.03278688525,-0.008474576271,0.1751243781,0.01276102088,0.1291005291,0.1516155758,-0.04584152703,-0.01690775878,-0.05009558468,-0.03796193012,0.03738317757,-0.1448189763,0.03210272873,-0.053471668,-0.02224263817,-0.1788161994,0.01590457256,0.04798628963,-0.01834983151,-0.01450829496,0.04199475066,-0.05938416422,-0.1397163121,-0.107398568,0.009910802775,0.3277498604,-0.292942743,0.3599052881,-0.09493016542,-0.1067534295,-0.2204590072,-0.00350877193,-0.06445266757,-0.05642633229,0.002642007926,-0.1719766143,0.09136460554,-0.09146341463,0.01398601399,-0.04810472636,0.13732155,0.09001441074,0.1670879889
0.07692036086,-0.09604519774,-0.04134029591,-0.01538949706,-0.01558805851,-0.03313840156,0.00296735905,-0.02073170732,-0.02103559871,0.05968314668,-0.06004819454,-0.0301369863,-0.0125646711,-0.0505655356,0.001268230818,-0.1034181111,0.0406779661,0.07847483928,-0.4183679519,0.07874015748,-0.0328358209,0.002799552072,0.1372013922,-0.01176470588,-0.03935957305,0.2250778816,0.004860267315,0.1040809178,0.0141896938,0.02770118221,0.1440060489,-0.07928388747,0.04,-0.05393053016,-0.06760316067,-0.02054878799,-0.2381386861,0.07176240904,-0.04343958131,-0.006343713956,0.03174603175,-0.06083459025,-0.06350550381,0.01145475372,-0.05998125586,-0.05251798561,0.003356781439,0.04605388878,-0.02359245429,-0.02161879114,-0.02948402948,0.1678832117,0.02488335925,0.09274873524,-0.1314969586,0.1836115326,0.0123939987,-0.04088307441,0.07676938343,0.06151187352,-0.06213266163,-0.1130163679,-0.1349271778,-0.05802139037,-0.06673209028,-0.04667788057,0.3220338983,-0.06732443413,-0.06248181475,0.07639299075,-0.007615050217,-0.07042253521,0.05185333534,-0.0938538206,0.01185770751,0.2998809996,-0.0115268145,-0.02013422819,0.124137931,-0.04595161825,0.01135684399,-0.05433380627,0.01300323611
0.07036065574,0.06,0.1148433954,0.1184337738,-0.0925262558,0.0252016129,0.08974358974,0.01618929016,0.1157024793,0.02294110066,0.06350076127,0.05141242938,0.05988023952,0.08269096006,0.06586447118,0.03573880678,0.167752443,-0.0006166495375,-0.1508749575,0.2645985401,0.006172839506,0.06811836963,0.1101450283,0.03273809524,0.1440972222,-0.01589319771,0.0761789601,0.04251437636,0.058910162,0.1377872012,0.08816018747,-0.04444444444,0.1538461538,-0.05217391304,0.02071563089,0.05854271357,0.03592814371,-0.0279679105,0.2122227715,0.004256142387,0.1076923077,0.002141327623,0.143761302,0.04983012458,0.08374875374,0.08504176158,0.03451329611,-0.08805261235,0.06583227793,0.1489028213,0.07172995781,0.09625,0.06449165402,0.08796296296,0.05483430133,0.02435897436,0.05347938144,0.01705029838,0.192816847,0.07175590931,0.04386750224,0.04130052724,0.1458068615,-0.1873403349,0.05152471083,0.09395677106,0.06695156695,0.06222775358,0.03492074439,-0.07408084873,-0.01486359929,0.03939393939,0.05070923111,0.01008249313,0,0.0463838877,-0.05455084495,-0.1506849315,0.006134969325,-0.06987379877,-0.08037825059,0.09578204385,0.07387086276
-0.0336947865,-0.03596698113,-0.03583061889,-0.05128943956,-0.2220427937,0.0319567355,0.01900452489,0.02450980392,-0.06,-0.2250220486,-0.1172653901,-0.006985491671,-0.02754237288,-0.06666666667,-0.02079619727,0,-0.03207810321,-0.08864664747,0.2735521564,-0.2207792208,0.001533742331,-0.01620491375,0.03778195489,0.06844380403,-0.007587253414,-0.0523255814,0.07640449438,0.1170160155,-0.05146036161,0.07494019828,-0.05190430833,-0.02034883721,-0.04,-0.05453618756,0.01937269373,0.04541498536,0.08208092486,0.04359430605,0.05547414985,0.04086399538,0,-0.03739316239,0.09011857708,-0.01510248112,-0.05887764489,0.07907627712,-0.008072953821,0.04006410256,0.04149580615,-0.1103716767,-0.02440944882,-0.01710376283,0.009265858874,-0.01134751773,0.08021592443,0.05757196496,0.06055045872,0.006705783738,0.0582155311,-0.02925621695,0.05231560892,0.004219409283,0.04990296645,0.002794271743,0.079,0.1362903226,-0.03070761015,0.0410076157,0.07746987283,0.06657447649,0.0426569352,0.02478134111,-0.09986107336,-0.00998185118,0.01692708333,0.05418489355,0.2070136929,0.2096774194,0.08048780488,0.04611937512,0.06555269923,-0.04334702514,-0.05632328514
-0.1543460344,0.06727828746,0.03631756757,0.03697798026,-0.08441446117,-0.04335397808,0.03641207815,0.03110047847,0.06382978723,-0.00796618436,0.03096883938,0.008658008658,0.01960784314,0.07142857143,0.06189320388,0.05411346033,0.06988472622,0.008350259535,-0.1207041468,-0.2333333333,0.08116385911,0.07438894793,-0.01820322405,0.03843560351,0.0755351682,-0.002726653033,-0.02505219207,-0.0380921568,0.004398826979,-0.04615142155,0.002664492363,0.01483679525,0.05555555556,0.07008086253,0.03257918552,-0.007076364187,0.08333333333,-0.1345159711,0.02457663746,-0.0372238288,0.05555555556,-0.07491675916,-0.04060913706,-0.03285870756,0.07331378299,-0.06809338521,-0.02007695166,0.02330508475,0.01668866468,0.002805206463,0.02502017756,0.02900232019,0.02118644068,0.02367288379,0.00419769127,0.02958579882,0.0276816609,-0.01998334721,0.03928648947,-0.04236698737,0.03993480033,-0.01176470588,0.3115922894,-0.02786485545,0.01668211307,0.004258339248,0.5688705234,-0.08216094541,-0.01142150294,0.1218744212,0.02994117647,0.1280227596,0.1116945428,0.006416131989,-0.006402048656,0.05488547084,0.01363931587,0.07333333333,0.01749435666,-0.07079961923,0.09348612786,0.01974433204,0.01736058673
0.03714810511,0.01891117479,0.002444987775,-0.02291864978,-0.01076894011,0.02440239044,-0.0008568980291,-0.01334106729,0.02,0.04064241232,0.00909487953,0.01555793991,-0.04914529915,0.01100323625,0.03714285714,-0.009664713865,0.07407407407,0.03581020591,0.07011086593,0.1763285024,0.02053824363,-0.02077151335,0.0247209667,0.01818181818,-0.01336366221,0.09364319891,0.009100642398,0.02557135017,0.03430656934,0.0582582662,0.0772391961,0.008771929825,-0.07894736842,-0.0005037783375,0.03593339176,0.0318228591,0.03648915187,-0.0009640574243,0.01465559667,0.05932814302,0.07236842105,0.02639472106,-0.002267573696,-0.04869762174,0.0009107468124,0.04801670146,-0.003865254299,0.01129305477,-0.007283209013,0.02435567491,-0.002362204724,0.03043968433,0.01106500692,0.0161177295,-0.01458074148,0.02068965517,0.006734006734,-0.02378929482,0.0359217771,0.002420867881,0.03213166144,0.02380952381,-0.0394604389,0.05195270512,0.01458523245,0.06007067138,-0.1167690957,0.01471489884,0.05833037893,0.06967145452,0.02227425895,-0.003783102144,-0.05559328172,0.04007285974,-0.06958762887,0.08528270219,0.09260999573,0.04347826087,-0.007764836384,0.0010564733,-0.02923331495,-0.01505582137,0.05238484429
0.06928581755,0.03768278965,0.01056910569,0.114058753,0.1199388846,0.08896451142,0.03344768439,0.05467372134,-0.01997095134,-0.01795275591,0.04895984868,0.04490227153,0.05468164794,0.02368758003,0.02258953168,0.05935630494,0.03510971787,0.07116104869,0.1958592478,0.07802874743,-0.004163775156,0.04141414141,0.09199747952,0.05931122449,0.03948126801,-0.033125,0.02387267905,0.1037827854,0.1093860268,-0.00260423172,0.1409082944,0.1391304348,0.08571428571,0.09274193548,0.05837563452,0.119487331,0.04281636537,0.09179970211,0.0912681415,0.02300102076,0.05521472393,0.08591466978,0.06060606061,0.09523809524,-0.007279344859,0.1367861886,0.04168815541,0.01507537688,0.04222448799,0.02381299155,0.03393843725,0.04923413567,0.03967168263,0.1062068966,0.1163013837,-0.03997747748,0.04626532887,0.06440382942,0.02280891463,0.08337861499,-0.02126044039,0.05647840532,0.0479983232,0.1341961853,0.003593890386,-0.074,0.0944333996,0.1069486405,0.01621738788,0.1406081185,0.07774177328,0.03481012658,-0.03262866913,0.06567425569,0.06509695291,0.1550840905,0.1494643835,0.125,-0.02179988821,0.08036713678,0.001136363636,0.04657037373,0.01256936253
-0.05926990029,-0.0005420054201,0.04987932422,-0.04654917261,0.1743406094,-0.09107142857,-0.07883817427,-0.04849498328,0.02223045572,0.1193072482,0.01755123248,-0.05510616785,-0.04403409091,-0.03377110694,0.01939655172,-0.04397892545,-0.05027256208,0.146584185,-0.07323764712,0.04761904762,-0.004181184669,-0.01551891368,-0.09183084659,-0.04093919326,-0.02883282506,0.1260504202,-0.1124352332,-0.09475182185,-0.03180661578,-0.03215889097,-0.0519991493,-0.1246819338,0.02763157895,-0.0332103321,-0.04076738609,-0.07162888911,-0.03558394161,-0.001767701028,-0.09265705001,-0.01270538149,-0.08720930233,0.03013993541,0,0.0402173913,0.06966086159,-0.152453271,0.002664057619,0.1122112211,-0.002637119585,0.06881712782,-0.08778625954,-0.1167883212,-0.06513157895,-0.06670822943,0.1344492196,-0.04398826979,-0.02450719233,-0.07931316435,-0.0936718841,0.01727596968,-0.02017067494,-0.06525157233,0.3148,0.01441441441,-0.01342882722,-0.09647228222,0.7238873751,-0.07259825328,0.07286071629,0.08673883627,-0.03167362173,-0.02262996942,0.08577658116,-0.06080525883,0.01300390117,-0.0256056232,0.1320363253,0.09523809524,0.01542857143,0.01181102362,-0.0170261067,-0.0417130833,-0.07838534578
-0.2156549234,-0.02114967462,-0.02107279693,-0.01262875688,-0.1944430999,-0.03929273084,-0.003603603604,-0.03807850029,0.0003624501631,-0.5381088825,-0.002936074671,-0.01605136437,-0.1047548291,0.04077669903,0.008456659619,-0.04895554896,-0.1926020408,-0.5232817265,-0.0734284961,-0.7890909091,-0.04478656403,-0.008866995074,0.01216302079,-0.003138731952,0.008849557522,-0.2680826636,-0.01634559253,-0.05877830946,0.00394218134,-0.03573762219,-0.1931451362,-0.02906976744,-0.1843790013,0.0677480916,-0.008333333333,-0.04748027578,0.03878902554,-0.08865705542,-0.168434178,-0.001976373355,-0.1974522293,0.01828631139,-0.05857142857,-0.05642633229,0.02827763496,-0.08063404549,-0.2421495668,-0.0959446093,-0.1620999211,-0.08112334875,0.0460251046,-0.02833530106,-0.003518648839,-0.09752839011,-0.03840172269,-0.1300613497,-0.06936100492,-0.02309058615,-0.0885743095,-0.0224608305,0.0530482977,-0.02691337258,-0.1470946152,-0.0334517466,-0.002722323049,0.08565737052,-0.3598524763,-0.01883460859,-0.1226402306,-0.2394471423,-0.1907170963,0.01063829787,-0.1127574771,0.02624671916,-0.0243902439,-0.1323800936,-0.1142625364,-0.1642512077,-0.0393922341,-0.143120447,-0.08140877598,-0.08708989925,-0.1128721489
0.07984607985,0.0404432133,-0.007436399217,-0.005501964987,0.00372551376,0.03885480573,0.02622061483,0.04872107186,0.06775362319,0.003101736973,0.01582693177,0.01468189233,-0.09460580913,0.003109452736,-0.01834381551,0.01091275005,0.005529225908,0.007996063476,0.1121562188,0.25,-0.01318681319,-0.0009940357853,0.01802528921,0.04156171285,0.02037351443,-0.05490196078,0.006528189911,0.06929493709,0.06871727749,0.05922963897,0.1260619729,0.03592814371,-0.06593406593,-0.02680965147,0.01260504202,-0.01246175659,-0.02094717668,-0.06614991446,-0.3588548958,0.05157747873,-0.04761904762,-0.01077475629,-0.00531107739,0,-0.08,0.02173913043,-0.07725481679,0.001823486506,-0.06168723756,0.1337678798,0.0776,0.269744836,-0.03036723164,-0.02590673575,0.01911752509,0.02256699577,-0.007042253521,-0.03363636364,-0.02376407297,0.02577897332,-0.07443609023,0.007778738116,-0.2047440699,-0.06646248086,-0.07188353048,0.1651376147,-0.1407407407,0.08458308338,0.07723049667,-0.1851669941,-0.1066349143,0.02476780186,0.05250162889,0.01193520887,-0.08157894737,0.09091359002,-0.2212686567,-0.09826589595,-0.09080257762,-0.1357847656,-0.009428032684,-0.03261292491,0.07079284659
-0.02587761162,0.006922257721,-0.02996845426,-0.05632993246,-0.2077945402,-0.04576771654,-0.02643171806,-0.03600464576,-0.08585001697,0.3528138528,-0.03188354222,-0.0192926045,-0.04857928506,-0.06819590825,-0.01174586225,-0.01774558935,-0.006284367636,0.06980717598,-0.03019670621,0.4068965517,-0.03340757238,0.004975124378,-0.03911205074,-0.05864570738,-0.03660565724,0.02074688797,0.1350235849,-0.07280295228,-0.01959583588,-0.07919556611,0.04401980823,0.005780346821,-0.01848739496,-0.05325987144,-0.02489626556,0.01341242255,-0.04558139535,-0.0510460251,-0.197515691,-0.06839289536,-0.1166666667,0.01296680498,0.03890160183,0.003322259136,0.01630434783,-0.09024211299,-0.02587337346,-0.07317073171,-0.04998508313,-0.04653613977,-0.01707498144,-0.03253588517,-0.0225782957,-0.0585106383,-0.02982706002,-0.01103448276,-0.06914893617,0.05362182502,0.02986434388,-0.03332604895,0.06011372868,-0.07547169811,0.02579053599,0.05544619423,0.01862745098,-0.02929133858,0.1091954023,-0.09955752212,-0.01871223132,0.1050833836,-0.0760088856,-0.02054380665,-0.08026521569,-0.08845829823,0.02005730659,-0.1235312798,0.04033628087,0,-0.0199742268,-0.080238622,-0.04631979695,-0.007386010457,-0.1072844061
0.05406641263,-0.0005288207298,0.002845528455,0.07294045988,0.2128768987,0.05518308406,0.05520361991,0.01445783133,-0.03971789161,0.1396571429,0.01234865716,0.003278688525,0.04624277457,-0.06586826347,-0.03565640194,0.04163609044,0.1833992095,0.2245037645,0.1955197781,0.2156862745,0.02841781874,0.00396039604,0.09292873732,0.03982016699,0.05411629246,0.3146341463,-0.02701298701,0.1889630404,-0.06183635228,0.04301378532,0.07711410101,0.09482758621,0.09589041096,0.007759456838,0.04595744681,0.001565820378,0.06725146199,0.04061204061,0.3375760189,0.02784030872,0.1698113208,0.04659498208,0.06607929515,0.1810154525,0.09090909091,0.2112903226,0.1234489067,0.2386095837,0.185080507,0.03028272813,-0.007552870091,0.1147378833,0.03204172876,0.1242937853,0.2423454408,0.1129707113,0.07428571429,0.05,0.2470467663,-0.00508646999,0.01302681992,0.06215213358,0.2796239615,0.06248057196,-0.004812319538,-0.01395197923,0.310880829,0.2131449631,0.04025256511,0.1472727273,0.1767439997,0.03639728563,0.07391466072,0.05545286506,0.1053370787,0.147515528,0.2665075577,0.1538461538,0.1761998685,0.1694085306,0.08117099135,0.09850075515,0.01424302677
-0.04499256321,-0.04656084656,-0.02067288204,-0.03888731195,-0.002866043614,-0.03225806452,-0.06603773585,0.01306413302,-0.01005025126,-0.4388287204,0.03586031083,-0.05882352941,-0.09392265193,0.01495726496,-0.008403361345,-0.0316688193,-0.211756847,-0.1643376188,0.002603838297,-0.1774193548,0.005974607916,0.005917159763,-0.08010624913,-0.003088326127,-0.03468050246,-0.2152133581,-0.01121195942,-0.1045059633,0.02796271638,-0.05629018961,-0.1280725081,0.007874015748,-0.3078125,-0.005774783446,-0.02522375915,0.01399590545,0.01643835616,-0.01158902478,-0.03476143893,0.01381129039,-0.1129032258,0.07240704501,-0.03581267218,-0.02897196262,-0.02859477124,-0.1431424767,-0.1356150916,-0.1718725226,-0.101298451,-0.01960593055,-0.001522070015,-0.08074534161,-0.01371841155,0.004307250538,-0.09966239028,-0.00313283208,-0.03841607565,-0.03146258503,-0.08699338207,-0.008520790729,-0.01285930408,-0.04541484716,-0.1373654536,0.02135751902,-0.008704061896,0.07041790063,-0.1251646904,-0.07696202532,-0.001723524232,-0.09619651347,-0.1051484609,-0.04285714286,-0.02343724229,-0.02014010508,0.04066073698,-0.03143888137,-0.04039936525,-0.1222222222,-0.02179988821,-0.1039118457,-0.01538461538,-0.05197679488,-0.02740730491
-0.1060350422,-0.04605993341,-0.07450331126,-0.04503839338,-0.2130717321,-0.08383838384,-0.05601469238,-0.08675263775,-0.06559937524,0.007147962831,-0.03604656258,-0.02777777778,-0.08536585366,-0.05052631579,-0.04915254237,-0.02414730898,-0.02118644068,0.01638795987,-0.05298537966,0.03921568627,-0.04528582034,-0.1230392157,-0.08021276596,-0.1071871128,-0.04526166902,-0.09692671395,-0.02753779698,-0.06807038286,0.0103626943,-0.1620029352,-0.1513752483,-0.109375,-0.1738148984,-0.006776379477,-0.06176961603,-0.1479020594,-0.0530098832,-0.0837890444,-0.1318108005,-0.0826205802,-0.1454545455,-0.05383211679,-0.1121428571,-0.04042348412,-0.08158116064,-0.1996891997,-0.1761747352,-0.2077350182,-0.1066048357,-0.01250290187,-0.04420731707,-0.06370656371,-0.0168374817,-0.075768406,-0.06985900705,-0.1326209931,-0.1130915796,-0.0447761194,-0.06839177934,-0.04583476567,-0.03524904215,-0.05397987191,-0.07783719548,-0.04841019765,0.01463414634,0.02735936059,-0.07153614458,-0.08721886999,-0.1299097341,-0.1804313519,-0.1846270928,-0.01865671642,-0.05995710112,-0.03306523682,-0.1111111111,-0.1809248824,-0.194825329,-0.08860759494,-0.04114285714,-0.1214133465,0.0025,-0.1788758799,-0.01467966125
-0.1586817654,0.009307737056,-0.07781753131,-0.04275552807,-0.04271875496,-0.06780595369,-0.06225680934,-0.09691912709,-0.0639364814,-0.1302342087,-0.02221245776,-0.04285714286,-0.04444444444,-0.0133037694,-0.04278074866,-0.04709328126,-0.08398268398,-0.1114401667,-0.07734447108,0.06603773585,0,-0.09782001118,0.01744820065,-0.008327550312,-0.04622222222,-0.06631762653,0.02109938923,-0.1008694192,-0.08525641026,0.04043065992,-0.1126314748,0.09356725146,-0.008196721311,-0.022417154,-0.0293594306,0.00271411339,-0.006641366224,-0.04193222054,-0.06858219251,-0.04764994233,-0.02127659574,-0.05255544841,-0.04505229284,-0.001003009027,0.03663003663,-0.1126213592,-0.02685794413,-0.1140647656,-0.005580725494,0.0008396023643,0.04226475279,0.03092783505,-0.04169769173,0.0781129157,0.1721427132,-0.008695652174,-0.02633402633,0.01378676471,-0.05519675349,0.007205476162,-0.01191421763,-0.06818181818,0.2323883162,-0.01234196267,-0.03365384615,-0.07690005984,0.1078669911,0.05108173077,-0.001531344024,0.0432178006,0.07802874743,0.03041825095,0.1076555454,-0.04805914972,-0.04945054945,0,0.09276453725,-0.01388888889,-0.01072705602,0.01399645423,-0.01496259352,-0.01064013096,0.07963605666
-0.1253091746,-0.01095100865,-0.02376333657,-0.05088441968,-0.0899137359,0.03666469545,-0.04460580913,0.04904051173,-0.007589285714,-0.1154630763,-0.07080873352,-0.06094527363,-0.1639534884,-0.0606741573,-0.02545003104,-0.05526992288,-0.2173913043,-0.299839526,0.06479982152,-0.1592920354,-0.04354587869,-0.01053283767,-0.03839033421,0.07417774668,-0.04877291084,-0.338317757,-0.05057096248,0.1324998703,-0.05606166783,-0.0319100331,0.2776910787,-0.0320855615,-0.3663911846,-0.036889332,-0.03116406966,-0.07265306122,-0.08022922636,-0.1003114936,-0.1567778506,-0.0556354553,-0.2391304348,-0.0834605598,-0.005897219882,-0.04718875502,-0.01943462898,0.09026258206,-0.2373309687,-0.1563011457,-0.09105995233,-0.03288480252,-0.03289977047,-0.045,0.000777000777,-0.05523672884,-0.04392089424,0.0519005848,0.03914590747,-0.0199456029,-0.02411350572,0.008942410874,-0.06832797428,-0.03736377789,-0.0172533984,-0.02438281012,-0.05373134328,0.1115072934,-0.04172767204,0.1480846198,0.1249095445,-0.2145200984,-0.06060606061,0.05965559656,-0.09287765,-0.0572815534,-0.02601156069,0.02524448488,0.05708915776,-0.07042253521,0.08734939759,-0.138584706,0,-0.1242652501,0.07642108962
0.2664649985,-0.006993006993,0.05365126677,0.05097438516,0.21308786,0.04734740445,0.07383279045,0.06910569106,0.1034637877,0.07979704797,0.06397641899,0.04966887417,0.1154381085,0.05422647528,0.04585987261,0.03101646456,0.3502415459,0.4804301834,0.1730931702,0.2,0.0593495935,0.08140262993,0.07471206134,0.02084690554,0.09960809928,0.1192090395,0.06930126002,0.1502986551,0.04528582034,0.1802179241,0.1346604045,0.1546961326,0.3173913043,0.06728778468,0.02649006623,0.1702186805,0.01349948079,0.211489936,0.456001081,0.08362723095,0.08571428571,0.0699611327,0.1330508475,0.0937829294,0.07117117117,0.1570496739,0.1619288455,0.2340769479,0.2132780083,-0.005204538357,0.0917721519,0.142408377,0.0799689441,0.1845102506,0.02485790345,0.06115357887,0.08219178082,0.0185013876,0.1367396916,0.02540770503,0.0966350302,0.06199460916,0.0668558255,0.0727897532,0.08307045216,-0.03907844853,0.1016042781,0.03884462151,0.1072759044,0.2026109661,0.1255760369,0.08763784098,0.05555654895,0.02574665294,0.09198813056,0.1393078971,0.1496092158,0.2272727273,0.002216066482,0.256863583,0.05253164557,0.1832645553,0.03713877616
0.08458602695,-0.06748826291,-0.04148986327,-0.002510121457,0.2362885049,0.03649237473,0.04145601618,-0.009505703422,-0.07256420709,0.3032891927,-0.0409797844,-0.05047318612,0.03241895262,-0.05824508321,-0.0359317905,-0.06877294982,0.2459749553,0.3366678576,0.09090542448,0.09649122807,-0.04144282425,-0.03242617255,-0.07976366322,0.02042118698,-0.03356103356,0.3326602726,-0.01928227102,0.1187779742,-0.02627840909,0.08472590535,0.08930722506,-0.03349282297,0.4818481848,-0.02327837051,0.0599078341,-0.01322353314,-0.004098360656,0.1623153306,0.1172799406,-0.02280684452,0.1052631579,-0.04826154645,0.04038893044,0.06454720617,0.07905803196,0.1847354727,0.1519699812,0.3497511134,0.0341997264,-0.02629835025,0.01449275362,-0.006416131989,-0.01797268152,0.03205128205,0.06539366071,0.03470857891,-0.003164556962,-0.02361489555,0.0879281902,-0.04321770197,0.008654602675,0.008629441624,-0.02709441489,0.1147350029,-0.03495145631,0.1068285281,0.09223300971,0.0757430489,-0.04234120962,0.05123751628,0.0900716479,0.006937033084,0.0142803903,0.02911646586,-0.08016304348,0.1048481308,0.1746359067,0,-0.03648424544,0.1449577154,-0.03788334336,0.01319383167,0.02755968511
-0.1131059246,-0.01887979862,0.02262666011,-0.03157723841,-0.06241264053,-0.03415659485,-0.03252427184,-0.04030710173,0.03384615385,0.05375286791,0.005593668409,0.009966777409,-0.1243961353,0.02088353414,-0.03158559697,-0.04894027766,-0.1184493898,0.2271026372,0.01963632138,-0.068,-0.01040832666,-0.04787552364,0.01458283529,-0.0631644778,-0.03011677935,-0.2329545455,-0.08793009285,-0.1346991657,-0.0576221736,-0.04886204153,-0.1391597944,0.00495049505,-0.0868596882,-0.02830188679,-0.0747826087,-0.06451612903,-0.09053497942,0.0383813969,-0.01406856739,-0.08732621805,-0.07142857143,-0.07960741549,0.01222142344,-0.04253393665,-0.02182385035,-0.2086383602,-0.1178067318,-0.1071428571,-0.05423280423,-0.009922269585,-0.02142857143,-0.01291512915,-0.04319180088,-0.05527950311,-0.08414602003,-0.06518987342,-0.03746031746,-0.01860465116,-0.09591387107,-0.006082871597,-0.04134165367,-0.06643180674,-0.04766786263,0.008359456635,-0.01006036217,0.01425829449,-0.01206349206,-0.1470588235,-0.03385487405,-0.09748038001,-0.09483568075,-0.05511393747,-0.0518914405,-0.06975609756,-0.04579025111,-0.05767027932,-0.09839258284,-0.02469135802,-0.02237521515,-0.09694900156,0.025,-0.03073031145,-0.06074739713
0.2165991903,-0.002565747274,-0.004329004329,0.08113998324,0.4025797252,-0.01360174102,0.08780732564,-0.007333333333,0.009778911565,0.2298600311,0.009134127016,0.03947368421,0.1475862069,0.02675059009,-0.0123939987,0.02038480641,0.1840390879,0.1576272417,-0.05520016989,0.2789699571,0.06148867314,0.04776869893,0.07698263094,0.1602136182,0.036121673,0.175308642,0.0251497006,0.06211231222,0.01702786378,0.009104879508,0.2030092656,0.1133004926,0.243902439,0.00459887583,0.02443609023,0.1656373306,0.04977375566,0.1164466027,0.1688202277,-0.02620811678,0.4358974359,-0.004739336493,0.1512784091,0.1739130435,0.1585657371,0.2368177613,0.2246153846,0.2663043478,0.186013986,0.1391099855,0.0700729927,0.2588785047,0.01071155318,0.1282051282,0.2312036837,0.1374407583,0.110817942,0.03981042654,0.1257325519,0.03823547234,0.03905614321,0.06307277628,0.3882310728,0.120984456,0.04166666667,-0.1362530414,0.8052699229,0.1097178683,0.04862093849,0.4556064073,0.1701244813,0.05945036455,-0.05238866967,0.08023072889,0.03405572755,0.1026695965,0.3908850284,0.3860759494,0.2100938967,0.139539663,0.009146341463,0.110559644,0.08804556796
0.05158069884,0.009646302251,-0.02028985507,-0.02380213987,-0.02084199824,-0.01599558742,-0.02675276753,-0.05036937542,-0.02526315789,-0.002529084471,-0.0003945916781,-0.02215189873,-0.02644230769,-0.002298850575,-0.02443857332,-0.002856961463,-0.06602475928,0.02834922228,0.06929124361,-0.02684563758,-0.04192073171,-0.00899820036,0.02672292546,-0.03912543153,0.01376146789,-0.01680672269,-0.005257009346,0.01660676664,0.02587519026,0.02720969253,0.02708198435,-0.004424778761,-0.0431372549,-0.03255340793,-0.0376146789,-0.005371992052,-0.0150862069,-0.0413933174,-0.0306333904,0.04442993414,0.01785714286,0.1273809524,0.01172115978,0.02173913043,-0.03782668501,0.04412864622,0.1346733668,0.09150214592,0.05955188679,-0.01756391933,-0.06207366985,-0.02004454343,-0.03785011355,0.02797202797,0.00303871439,0.006547619048,-0.01425178147,-0.02461257976,0.07504688787,-0.02567993463,-0.02897415818,0.0121703854,0.28805893,0.02218627224,-0.0243902439,-0.005320813772,0.2769668921,0.04896421846,-0.03295171193,0.08489231253,0.07003546099,-0.00794070937,0.07839164219,-0.002912621359,0.005988023952,0.007165571338,-0.03707592362,-0.01369863014,-0.01163918526,0.104418395,-0.03444108761,-0.0008475882262,-0.008573291399
-0.03164556962,0.00127388535,0.01923076923,0.037884203,-0.01250707948,-0.00168161435,-0.009478672986,0.001414427157,0.01555075594,0.3144016227,0.02362039797,0.01488673139,0.1024691358,-0.005376344086,0.03249830738,0.01716965915,0.1207658321,0.1774823128,-0.03726870485,0.1206896552,0.04057279236,0.03450363196,0.001522070015,-0.01556886228,0.001809954751,0.1709401709,0.02290076336,-0.04616451298,0.002225519288,-0.03924797135,-0.04411976154,0.006666666667,0.006147540984,0.05047318612,0.02478551001,0.02008730394,0.06564551422,0.1399107511,0.1133841435,-0.01138927397,0.1052631579,-0.0348468849,-0.009146341463,-0.02127659574,-0.03431022159,-0.07521489971,-0.1062887511,-0.0553633218,-0.0673344463,0.02030259925,-0.02254545455,0.004545454545,0.0102281668,0.001700680272,-0.1024206939,-0.03489059728,0.00421686747,-0.09252336449,-0.03409285452,0.003594105667,-0.01209677419,-0.02304609218,-0.02297582021,-0.06172281257,-0.034,-0.03713027061,-0.04237524394,-0.04578096948,0.05786292559,-0.02202579336,-0.0753935377,-0.02668089648,-0.01453172674,-0.01752677702,-0.005952380952,-0.004462406332,0.1638498932,0.07407407407,-0.03680078508,-0.04944480732,0.03629536921,-0.003470347806,0.08340199371
0.01633986928,0.008269720102,0.02854378326,-0.0161463116,-0.05357740286,0.08534531162,0.02775119617,0.07980225989,0.05614632071,-0.03819444444,0.02961546332,0.001275510204,0.02239641657,0.001544401544,-0.0006557377049,0.04690466752,-0.02956636005,0.1208432612,0.1816971466,0.05538461538,0.08639143731,0.04212990053,0.03361702128,0.07420924574,0.0662451069,0.04744525547,0.02755453502,0.03499508743,0.0518134715,0.06678365129,0.007428492086,0.02869757174,0.05906313646,0.01601601602,0.02604651163,-0.008449682684,-0.01848049281,0.07423185736,-0.02086168179,0.01152048392,0.007936507937,0.01914660832,0.1138461538,0.08615136876,0.1598815692,0.100697134,0.04459861249,0.04012654013,0.01491646778,0.01989860583,0.0349702381,0.1885369532,0.04828660436,0.02263723826,0.06247363126,-0.04656862745,0.0773845231,0.08650875386,0.02856949942,0.104452668,0.07102040816,0.04,0.0202300267,0.1375903614,0.04347826087,0.1107843137,-0.0442503639,0.04139228598,0.04424059756,0.02504074678,0.0958781362,0.1030701754,0.04658200392,0.04360753221,-0.01796407186,0,0.0576949351,0.008620689655,0.02699949058,-0.009139009139,-0.009057971014,0.02433833772,-0.02165983821
0.0332261522,0.01388012618,-0.03010348071,0.002022244692,0.01338248662,0.005173305742,0.06610800745,0.01504251145,-0.06363270238,0.09045326915,-0.01792853048,0.03821656051,0.007667031763,0.02235929067,-0.001312335958,0.01614349776,0.07244414353,0.1910439484,0.0610567303,0.2827988338,-0.002111189303,-0.06232453678,-0.04066929365,0.06002265006,-0.0384072296,0.07229965157,0.09106145251,0.03165856294,0.01196340605,0.1019975806,0.1163829738,0.01502145923,0.08269230769,-0.006896551724,0.001813236627,0.06111476849,-0.05020920502,0.0521827007,0.04176826669,0.07668052951,0.02362204724,0.009125067096,0.02486187845,0.008154188288,0.04211869815,0.04433497537,0.03984819734,0.0933247959,-0.009994121105,-0.04759537716,0.009345794393,0.02284263959,0.01560178306,0.01383508578,-0.03130918199,0.0559125964,0.035077951,0.01327014218,-0.01307152001,0.0205361003,0.01219512195,-0.002958579882,-0.07267237041,0.02224105062,-0.01488095238,-0.01706384231,0.02314955833,0.1165311653,0.02622794468,0.1608846487,0.01635322976,0.04473161034,-0.03932743895,0,0.07317073171,0.1990866035,0.02980199664,0.02136752137,-0.01587301587,-0.03723994452,0.0225472273,0.06028784044,-0.003629145685
0.1991701245,0.04729309272,-0.007759456838,-0.04812543662,0.1791996811,0.0591868245,0.0576419214,0.009020618557,0.08774193548,-0.07136288394,0.005705190322,0.05950920245,0.01630434783,0.1078431373,0.07227332457,0.02820437384,0.1426767677,0.02863461762,0.05613744478,0.04772727273,0.0437235543,0.02395209581,0.01695123073,0.02831196581,-0.001468428781,0.1372867587,-0.02406554019,0.0564815369,0.006954102921,-0.0857499637,0.13206926,-0.1057082452,0.2078152753,0.07242063492,0.01085972851,-0.02509220005,0.0627753304,-0.05227236346,0.1284812872,-0.08290835648,0.05384615385,-0.01542553191,-0.04420485175,-0.03235294118,-0.0771586038,0.0795148248,0.003649635036,0.03074670571,0.02434679335,-0.0729710334,-0.002136752137,-0.06327543424,0.02194586686,-0.007641921397,-0.009901302305,0.138161899,-0.06186121571,-0.05144995323,0.009935564332,0.01217962296,0.02108433735,0.06330365974,0.03918376208,0.07148777455,-0.04934541793,0.1302005388,0.101518309,0.003236245955,0.02014445966,0.1261362221,0.0522928399,0.04852521408,-0.02780194161,0.04748338082,-0.08522727273,-0.0487022147,0.07275203383,-0.1673640167,-0.1083669355,0.01653100915,0.01311084625,-0.05447290605,0.09875101895
-0.03892733564,0.02257872846,0.03323558162,0.06515534535,0,-0.002429543246,0.03385631709,0.04406130268,0.01977066034,-0.01307189542,0.02458353487,0.01158077591,-0.07058823529,0.04356705242,-0.004289215686,0.02659138165,0.001657458564,-0.02176455056,-0.1192687115,-0.1041214751,0.02702702703,0.04385964912,0.08108271039,-0.01454545455,0.05823529412,-0.06857142857,-0.008919202518,-0.05478608149,0.04143646409,0.008944737026,0.06250681595,0.08510638298,-0.09705882353,-0.04440333025,0.01700984781,0.04847092098,-0.00725388601,-0.03889443378,-0.1196550824,0.1935803557,-0.09489051095,-0.02215018909,0.04004512126,0.0311550152,0.03384207034,-0.07116104869,-0.1118181818,-0.009943181818,-0.07362318841,0.04862943805,-0.003568879372,0.06291390728,0.03292770222,-0.02200220022,-0.01066912959,-0.0385026738,0.005733944954,0.03353057199,-0.004923026262,-0.008894004395,0.02138643068,0.02046511628,0.02736578233,0.03268226649,0.05720338983,0.04025423729,-0.1013513514,-0.05725806452,0.01633435889,-0.06534719151,-0.1139143731,-0.02903811252,0.02542949177,0.02357207616,0,-0.08341056534,-0.06188821702,0.04522613065,0,-0.08056687334,-0.03882352941,0.03304446119,0.09684372505
-0.03420342034,-0.03486345148,-0.005203405866,-0.09370693615,0.05591007057,-0.02435460302,-0.007188498403,0,0.01706087631,-0.08328316275,-0.00295341758,-0.02289639382,0.002301495972,-0.02870189172,-0.01046153846,-0.01419625769,-0.02206287921,0.02136191872,0.04451141553,-0.009685230024,-0.01776315789,-0.03081232493,0.01190542575,-0.05535055351,-0.02473596442,0.04064417178,-0.04923239809,-0.006982057909,-0.05305039788,-0.008600986028,-0.04941238859,-0.03703703704,0.01791530945,-0.02420135528,0.02376760563,-0.05128810359,0.01461377871,0.005879345603,0.003295191492,-0.01270815074,-0.07258064516,-0.006629834254,-0.02386117137,-0.1621223287,-0.0648267009,0.09206989247,0.01637666325,0.002869440459,-0.006257822278,0.03372370055,-0.06303724928,-0.07725856698,-0.02286902287,-0.08098987627,0.002028071079,-0.06395995551,-0.03477765108,0.01049618321,-0.005766430604,-0.02269847973,-0.09602888087,-0.02096627165,0.08997559984,-0.02097378277,-0.0380761523,0.07892057026,-0.01503759398,0.0119760479,-0.0002830656005,0.006033360937,0.007765314927,-0.01962616822,-0.01239070871,-0.002657218778,0.01242236025,-0.01820020222,0.004914442407,-0.05769230769,-0.007914075749,-0.05437170051,0.004895960832,-0.008206587154,0.01715327215
0.02889095993,0.02287778447,-0.01046124584,0.01900658895,0.01456815817,0.04792810784,0.02413515688,0.04831804281,-0.01791841403,0.05691768827,-0.005553114441,-0.01230228471,0.05396096441,-0.01276024177,-0.005597014925,0.0228827776,0.01297236323,0.1028767744,0.07692307692,-0.01711491443,-0.02344273275,-0.01156069364,-0.03325710192,0.06975446429,0.023938444,0.05305821665,0.002783964365,0.09283079221,-0.06162464986,-0.0476904219,0.04620423441,-0.02941176471,0.0432,0,0.002579535684,0.009880931224,-0.02263374486,0.06583545108,-0.1264399905,-0.03193402948,0.3913043478,0.01668520578,0.02111111111,0.003518029903,0.03294440631,0.1753846154,0.01913393756,0.1264663805,-0.0006297229219,0.03181198468,0.0129969419,0.06752194463,0.03475177305,0.02141982864,0.0268898384,0.05466428996,0.05493207324,-0.01983002833,0.06628666528,0.01080263584,-0.01277955272,0.01117318436,0.05811025091,0.04456771232,0.01666666667,0.02548371874,0.0534351145,0.1259509721,0.01598986967,0.02775164628,0.04794520548,0.0266920877,-0.01491403227,0.01243339254,0.03834355828,0.0298661174,-0.03963711749,0.1479591837,-0.01253561254,0.1393643032,-0.009744214373,0.06612238894,-0.03872803119
-0.05163043478,-0.007062978222,-0.006246996636,-0.03904501368,0.02564102564,0.0009528346832,0.01256873527,-0.007001166861,-0.01669254658,-0.1574150787,0.007816249571,-0.0005931198102,0.001089324619,0.02176870748,0.006879299562,-0.08533731365,-0.006681514477,-0.1027624688,-0.01911148638,-0.1218905473,0.008916323731,0.0005847953216,-0.00572878071,-0.1027647366,0.006123016977,-0.008397480756,0.01998889506,-0.03796821715,-0.00223880597,-0.01934722296,-0.02997282235,0.004662004662,-0.03374233129,-0.05704365079,-0.01372212693,0.0120719389,-0.02947368421,0.05834140526,0.01785882132,0.04041988417,-0.0625,0.04485776805,0.06474428727,-0.005258545136,0.01328903654,-0.07329842932,-0.03606719368,-0.03695707391,-0.03087586641,-0.05216132889,-0.03849056604,-0.02087286528,0.002056202879,-0.0233672858,0.0301276436,-0.04169014085,-0.0039193729,-0.01541425819,-0.06527184898,-0.02564924655,0.05339805825,-0.02670349908,0.01445698166,-0.004394799487,0.01844262295,-0.004141739531,0.1086956522,-0.03453453453,0.03025329783,-0.05217391304,-0.02777777778,0.005571030641,-0.01512188997,-0.01052631579,0.06499261448,-0.088,-0.03966789668,0.03111111111,-0.04789382574,0.03719599428,0.005535055351,-0.08140738186,0.02364116772
0.01241642789,-0.02548903379,0.06092843327,-0.001811594203,0.03173076923,-0.03998096145,-0.04732350659,-0.05464159812,0.0461902882,0.09341199607,0.01367062007,-0.00178041543,0.03264417845,-0.02463382157,-0.01739130435,-0.04528970908,-0.05717488789,-0.01762618748,-0.008550050489,0.07365439093,-0.02175390891,-0.06195207481,-0.02304715494,-0.02558139535,-0.01493775934,-0.05081157375,-0.0549809472,-0.03478092395,-0.03964098728,0.02795780826,-0.07316446044,0.00464037123,-0.02063492063,-0.03682272488,-0.02608695652,-0.02608151342,-0.03036876356,-0.06354548015,0.02308615754,-0.004082105996,-0.04666666667,-0.03246073298,-0.05620848237,0.02290748899,-0.02360655738,-0.04350282486,0.005125576627,-0.01991296321,0.01950585176,-0.07255708975,-0.05494505495,-0.02777777778,-0.00683994528,-0.09386503067,-0.05402860874,0.01058201058,-0.04384485666,-0.03228962818,-0.004157726442,-0.01864648459,0.008448540707,0.01040681173,-0.05413625304,-0.02372631966,-0.02112676056,-0.06007393715,-0.08496732026,-0.01555209953,-0.001021910974,0.08353452438,0.05882352941,-0.05447830102,-0.0274843363,0.02925531915,0.02635228849,-0.01644736842,0.01248799232,-0.0474137931,-0.08727272727,0.01155172414,-0.0122324159,-0.02530980098,0.001257315108
-0.03396226415,0.03406326034,-0.001823154057,0.04960677556,-0.12861137,-0.05205751116,0.02280130293,-0.04101926663,0.007924528302,0.01573741007,0.009839708575,0.03864447087,0.05584826133,0.006825938567,0.01201011378,0.04458934751,-0.02734839477,-0.05289525807,-0.1591184205,-0.05118733509,0.03127171647,0.01059190031,0.007364807371,-0.04952267303,0.001123279978,-0.02156133829,-0.006912442396,-0.06792009575,0.06074766355,-0.04958519126,0.03069785239,0.01385681293,-0.01782820097,-0.0109229929,0.02589285714,0.05509533671,0.03467561521,-0.06024929707,-0.06227096308,-0.04159388901,-0.01398601399,-0.0275974026,-0.06713589605,0.0120585702,-0.04163868368,0.002953337271,-0.04538500765,-0.01237890205,-0.01530612245,-0.04047670174,-0.00415282392,-0.01794019934,-0.00826446281,0.08192281652,-0.03361371517,-0.03374054683,-0.04467960024,-0.01820020222,-0.09432506979,0.01844193584,-0.04417364813,-0.05898876404,-0.07680293983,-0.05915599096,-0.01336073998,-0.0540806293,-0.06428571429,-0.1232227488,-0.0983617655,-0.08266488414,-0.02698412698,-0.005859375,0.0324187658,-0.04651162791,0.03648648649,-0.1036789298,-0.1029411765,0.01357466063,0.03519256308,-0.07090506221,-0.009907120743,-0.03116813068,-0.07329496105
-0.00146484375,-0.007058823529,-0.02511415525,-0.0075751338,0.01604278075,0.009937238494,0.0007961783439,0.00194426442,0.01010857357,0.03984063745,0.01660032935,0.01659988552,0.02195608782,-0.01220338983,-0.01998750781,0.005454435264,0.03361858191,0.05929388609,0.06875155125,0.08453837597,0.0269541779,0.02774352651,-0.004369101713,0.02950408035,0.004207573633,0.03799392097,0.05568445476,0.01933399801,0.009544787078,-0.03547985159,0,0.08200455581,-0.05693069307,0.0071783545,-0.004351610096,0.06091576703,-0.01945945946,0.03168,0.08373198833,0.03749422885,-0.01418439716,0.0061213133,0.03017991875,0.05361702128,0.04064470918,0.06772673734,0.004273504274,0.1040871935,0.007772020725,0.04781619485,0.01000834028,0.1414073072,-0.004166666667,0.02816020025,-0.0333875951,0.01926550271,0.005538461538,0.0411946447,0.06359462362,-0.02030289728,0.004780876494,0.01293532338,-0.04080007961,0.04685622747,-0.00625,0.05275467775,0.01526717557,0.07747747748,0.0510298571,0.01226621326,0.02120717781,0.04027504912,-0.02496099844,0.009936766034,0.05215123859,0.1492537313,0.111581174,0.008928571429,0.02373316228,0.05044945881,0.00875547217,0.02859187975,-0.008524695468
-0.009388753056,0.0308056872,0.007025761124,-0.01659337924,-0.04842105263,-0.03324702227,-0.00477326969,-0.05174644243,-0.008154188288,-0.0632183908,0.01242490938,0.01182432432,0.009765625,-0.002059025395,0.02166985341,-0.002712422897,-0.06031933767,0.04683931406,-0.1244774733,-0.03397435897,0.02624671916,0.004799040192,0,-0.05792682927,-0.02653631285,-0.01244509517,0.02197802198,-0.06090032003,-0.04727272727,-0.05342012962,-0.03063743689,0,-0.03762029746,0.01315789474,-0.002622377622,-0.01913936649,-0.02094818082,-0.06856389578,-0.009769961808,-0.02993254637,-0.02158273381,0.01935840708,0.04450704225,0.01534733441,0.03973063973,-0.1017650303,-0.06489361702,-0.03220631787,-0.01863753213,-0.02057452034,-0.03220478943,0.001778304683,-0.01813110181,-0.0182592818,0.04533269178,-0.06142941524,-0.007955936353,0.01483679525,-0.02859057599,-0.01568276017,-0.0007930214116,-0.0373280943,0.01535428986,-0.04781943382,0.007337526205,-0.06097259936,0.007518796992,-0.05267558528,-0.03536051052,0.002039592082,-0.05191693291,-0.004721435316,-0.02478139535,-0.05008944544,-0.03345724907,-0.03354978355,0.05042816365,-0.004424778761,0.01503759398,-0.03939923158,-0.008679479231,0.01302868631,0.03449516457
-0.01174844506,-0.008620689655,0.03348837209,-0.005652577407,0.004424778761,0.01049925005,0,-0.00204638472,0.001494768311,-0.02385821404,-0.005259098492,-0.02281580412,0.00580270793,-0.0006877579092,0.01060511541,-0.009066000484,-0.09062303335,0.01246163517,0.01962864721,-0.03915063039,-0.01726342711,-0.007164179104,-0.0081036803,0.009708737864,0.04131994261,-0.1186063751,0.02419354839,0.03805325957,0.004580152672,0.05186032327,0.02809187787,0.04210526316,-0.014,-0.0119047619,-0.02015775635,-0.002796838922,0.01013513514,-0.02684027373,-0.05829222352,-0.01595924477,0.007352941176,-0.04015192621,0.04422869471,0.02863961814,0.04274611399,0.04329137243,0.005119453925,0.02167537932,-0.02030124427,-0.01279302199,0.02218430034,-0.01775147929,0.01207386364,-0.0006199628022,0.07088607595,0.01195720579,-0.01048735349,0.02923976608,0.0214043167,0.001707067258,-0.007142857143,0.002040816327,0.008378461224,0.02269987947,0.03121748179,-0.05257623554,-0.01492537313,0.03618711386,0.0133214847,-0.1319444444,-0.01769165965,-0.01707779886,-0.01945896448,0.009416195857,-0.03076923077,-0.01119820829,0.02626811594,-0.01333333333,-0.03209876543,-0.001927132572,-0.03689806129,0.02316528642,0.02861323294
0.1168831169,0.02376811594,0.02700270027,-0.01739351773,0.08810572687,0.06700593723,0.04236610711,0.05604921394,0.02929104478,0.1161545624,0.002113318595,0.007972665148,0.07740384615,0.04335856848,0.006790123457,0.03566055382,0.1335640138,0.05598977356,0.1618106139,0.09930939227,0.01171112557,-0.002405291642,0.04447721575,0.1282051282,0.01956461835,0.102607233,0.05826771654,0.1163481374,0.04027355623,0.04889752251,0.06319789154,0.0303030303,0.1318458418,0.03997809419,0.01699463327,0.0370479079,0.02675585284,0.08588978048,0.068567782,0.007017199499,0.03649635036,-0.00339174675,0.06921487603,0.02088167053,0.02111801242,0.05297233667,0.1092246746,0.1143142394,0.07687165775,0.07123660862,0.02838063439,0.02771084337,-0.006315789474,0.05210918114,0.08869853551,0.08768656716,0.04862842893,-0.008522727273,0.07336713391,0.03294705749,0.01119104716,0.02036659878,0.15948931,0.04262423885,0.02219979818,0.1120976693,0.1363636364,0.1746166951,0.02298785241,0.1379310345,0.06689536878,0.01833976834,0.05613058874,0.01492537313,0.01455026455,0.1087202718,0.1156222418,0.04054054054,0.07206632653,0.06936500419,0.03896103896,0.06035061544,0.06317384628
0.01958855098,0.03114382786,0.01928133216,0.06199810034,0.02327935223,0.0313990461,0.02530674847,0.03430420712,0.02265724125,0.1572471324,0.0003526765632,0.02259887006,0.003123605533,0.01649076517,0.004904966278,-0.003533568905,0.04517704518,-0.0287413966,0.09829825347,0.09963563262,0.008360128617,0.0650994575,-0.08657837517,0.04829545455,-0.008648648649,0.03203661327,0.0376984127,0.05764391205,-0.06720233747,0.01819526218,0.09718560304,0.03725490196,0.07722385142,0.02264349658,-0.005277044855,0.007390169502,-0.007600434311,0.009437975641,0.08734290044,0.007528689423,0.0985915493,0.05048213273,-0.0229468599,-0.004545454545,0.006082725061,0.07629960872,-0.002040816327,0.1041550006,0.01427684668,-0.04749467317,0.1022727273,0.07854630715,-0.04237288136,0.0141509434,0.009447264523,0.05774728416,0.001783590963,-0.001910219675,0.08380595917,0.01979762429,0.004743083004,-0.07035928144,0.07873809316,0.03937452901,0.06219151037,0.006487025948,-0.01333333333,0.1131254532,0.03677480295,0.1727272727,0.04662379421,0.04075829384,0.0261592027,-0.08088235294,-0.01173402868,0.03268641471,0.09810126582,0.04761904762,-0.03033908388,0.01441079276,0.06875,-0.1003939778,-0.05328217272
0.1157119046,0.001098297639,-0.01203783319,0.04162940076,0.08209693373,-0.01445086705,0.01944652206,-0.0225281602,-0.01364764268,0.02306721932,-0.0126595029,0.0270718232,0.1152135231,0.01297858533,0.01830384381,-0.006205673759,0.0523364486,0.06099992878,0.06422018349,0.06055758684,0.007015306122,-0.001131861913,0.02034191733,0.00379403794,-0.00572519084,0.04035476718,0.01434034417,0.02978347327,-0.01926389977,0.02956407246,0.05124622779,-0.03213610586,-0.01315789474,-0.1040164779,-0.02917771883,0.1243054255,-0.05164113786,0.06757094247,0.1352498996,0.004038498743,0.08205128205,0.01490280778,0.04820766378,0.06240487062,0.0338573156,0.05063619839,0.07464212679,-0.009838726037,0.05483476132,0.08648434117,0.0117820324,-0.002608695652,-0.01991150442,0.01046511628,0.07998323788,0.07513513514,0.05103857567,0.005741626794,0.05105526274,0.08142795513,-0.01211644375,-0.02737520129,0.07250486066,0.05546492659,-0.003717472119,-0.04685176004,0.06783783784,0.03843648208,-0.00619372818,0.08733850129,0.06666666667,-0.01183970856,0.02231477658,-0.0365,-0.0110817942,0.008902077151,0.1959654179,0.1652892562,0.06012269939,0.03351692638,-0.04444444444,-0.05908344412,-0.008644657663
0.05205220947,0.01810202962,0.02697998259,0.0288033721,0.0592321755,0.006842619746,-0.005869405723,-0.0185659411,0.001976639712,0.1481416241,-0.02492949638,0.00107584723,0.06940566414,0.02178090967,-0.003594967046,0.005352363961,0.08059502664,0.111629468,-0.1022988506,-0.02370178841,0.01266624446,0.1240793201,-0.01705802151,0.02634989201,0.003564573622,0.08354646206,0.01413760603,-0.04584884734,0.0396039604,-0.02254494156,-0.03760717513,-0.01015625,0.0153256705,0.002528735632,0.01548269581,0.0128553976,0.02491924319,-0.01010307771,0.01010917913,0.03249114863,0.0308056872,0.01489678655,-0.00141509434,-0.0229226361,0.001754385965,-0.06154226396,0.1522359657,-0.0241753739,0.1475980506,0.07043469598,0.04148471616,0.03421970357,-0.00978179082,0.07422324511,0.03313673754,-0.004022121669,0.1067193676,0.02473834443,0.007855544077,0.01495960906,0.00987575661,-0.01766004415,0.0842208626,0.05358062854,-0.01082089552,-0.08660598179,-0.0397367755,-0.1022584693,0.003050682937,0.05608365019,0.127016129,0.009216589862,-0.0007902223159,-0.003632589517,0.05122732124,0.01843137255,-0.01626506024,0.05319148936,0.05902777778,0.1067784493,0.002447980416,-0.02938120766,-0.008755138269
-0.04633781764,0.009698275862,-0.01059322034,-0.01282245827,-0.03866068347,-0.02796116505,-0.01771217712,0.00782778865,-0.008070301291,-0.02945688862,-0.003284606071,-0.002149382053,-0.009324878777,0.01692789969,0.01022248948,-0.002661934339,0.02588863776,-0.03206424927,-0.04161331626,-0.009269476937,-0.004377736085,0.02721774194,-0.03933173047,-0.01115319865,-0.001912568306,-0.009179124049,-0.02044609665,-0.02998664646,-0.01105990783,0.02527701532,-0.01519037285,-0.04814522494,0.01433962264,-0.02338913093,0.0008968609865,0.008443213904,-0.02296262945,-0.004755996691,-0.007863433604,-0.0113138005,0.06413793103,-0.01342000419,-0.02220122815,-0.04369501466,-0.05370694688,-0.04108506716,0.007431874484,-0.0774721814,0.003437815976,-0.02370168145,-0.002795248078,-0.03308746048,-0.01519756839,-0.0487412962,0.01154260247,-0.01564866229,-0.06071428571,-0.005571030641,-0.0361456932,0.04028692149,-0.007886435331,-0.02696629213,0.03427615996,-0.05036674817,-0.003394945304,-0.02761958998,0.1141275698,-0.006289308176,0.02181977374,-0.008100810081,-0.00102223358,0.01735159817,-0.06084251595,-0.028125,0,-0.01078167116,-0.03245560318,-0.07946127946,0.008196721311,-0.02193188491,-0.002442002442,0.08858537421,0.03954012062
0.04090909091,0.01227321238,0.02997858672,0.03228037814,0.07935368043,0.05563324011,0.06010518407,0.06148867314,0.01934550714,0.1364211192,0.02051864599,0.03715670436,0.0500753012,0.02651048089,0.03214285714,0.05245156188,0.07350290407,0.04379425434,0.1195724783,0.1528179996,0.03015075377,0.01079489696,0.06580889431,0.1140668227,0.01861483712,0.09793541556,0.03984819734,0.09607195589,0.03137620379,0.06468015129,0.05069711538,0.05638474295,0.1532738095,0.03780230101,-0.004480286738,0.05382336151,0.08202764977,0.1305541539,0.06628094648,0.03661845551,0.08230719378,0.08289054198,0.01980676329,0.03833180006,0.03084515731,0.1260642681,0.02704918033,0.07658170232,-0.02277307537,0.06101048618,0.03784162579,0.05732345248,0.05478395062,0.09403153153,0.0746039604,0.09846153846,0.1048343292,0.07656395892,0.07352539344,0.03357891754,0.02575516693,0.04526558891,0.08527549508,0.03432887058,0.02725208176,0.0486090776,0.1935178614,0.1448663854,0.09196957398,0.0889292196,0.03044256843,0.06642728905,0.06478414641,0.03001071811,0.1614213198,0.09964966913,0.0753164557,0.0958302853,0.02330623306,0.07216402005,0.04651162791,0.05632251721,0.04672395204
0.01204637856,-0.01212440696,0.0004158004158,0.01340183158,0.009647371923,0.006717759485,0.01063075833,0.02073170732,0.00744945016,0.03129781611,0.02441533251,-0.009345794393,-0.007529580495,0.009009009009,-0.002306805075,0.0008453402964,0.001865671642,0.04966679616,-0.03997613365,0.1140096618,-0.0237804878,-0.006796116505,-0.01213234187,-0.007640878701,0.01021230852,-0.02073288332,-0.003649635036,-0.01243606263,-0.05963855422,-0.04235193812,-0.0237784743,0.02747252747,-0.006451612903,0.01131221719,0.007200720072,0.0008770345913,0.07282793867,-0.02600454193,-0.02094778595,-0.0106293388,-0.02734530938,0.0284592738,0.002842254856,0.003544004725,-0.01855176541,-0.01414634146,-0.01436552275,-0.003699397527,0.0002062280883,-0.03734651093,0.01553004727,-0.003298289013,-0.002926115582,-0.0211013896,-0.05072096559,0.009337068161,0.02949852507,0.01908065915,-0.03013104943,0.008681745488,0.009609423435,0.0004418912947,0.0003723932473,-0.02090939263,0.02063375092,0.01144931583,0.03468780971,-0.05835380835,0.0378097467,-0.09,0.005213505462,0.01767676768,0.01873429289,0.01873048907,0.006555944056,0.006725663717,-0.05002942908,0.08811748999,0.002648305085,0.03454937425,0.0350877193,0.00491491976,0.07882194503
-0.01056390418,0.03201707577,-0.006650041563,0.01278377783,0.00823723229,0.01503759398,0.01823281907,-0.008363201912,-0.01830985915,-0.04518478554,0.02839140476,0.01939203354,-0.04082369942,-0.01369047619,0.003468208092,0.001670483126,0.02979515829,-0.0545480427,0.02113113735,-0.01734605377,0.05621486571,0.01661779081,0.05485463522,-0.001924927815,0.002926310189,0.01477104874,-0.0119047619,-0.00307073902,0.04420243434,-0.01154816358,-0.01146013171,-0.003819709702,-0.04675324675,0.01096196868,0.01161751564,0.03358160872,0.02818578801,-0.009932882288,-0.000690193047,0.05578816601,0.01867432793,0.01908396947,0.02503542749,0.04384932313,0.04512195122,-0.006927263731,0.02186234818,-0.01442817738,0.006391752577,0.03409762623,-0.005984042553,0.04550155119,0.004402054292,0.008937960042,0.01788314083,0.01295097132,0.1566380134,-0.004255319149,-0.0007092953151,-0.008154020385,0.006140620203,0.02142226148,0.03294453406,0.03169491525,0.0357400722,0.1648260629,-0.05823754789,-0.03587736464,-0.05001558635,0.03113553114,0.03062484564,0.01157981803,-0.02373764383,0.0102145046,0.003907946157,0.04219409283,-0.02106567534,-0.01840490798,-0.02324352879,0.01336905632,0,0.009707658676,-0.03185317099
-0.006015037594,0.01654601861,-0.00460251046,0.0297424737,-0.008169934641,0.005555555556,0.008953168044,0.01746987952,-0.01721664275,-0.008899562085,0.01499813439,-0.02210796915,-0.02222222222,-0.007242003621,0.01958525346,0.0345531883,0.01175406872,0.02920894938,0.0570095354,-0.02912621359,0.0053222945,0.005769230769,0.03108568787,0.03278688525,0.02785145889,-0.01018922853,-0.001853568119,0.04621618227,0.04141104294,0.07421693982,0.04637195556,0.04141104294,-0.01226158038,0.05819871653,0.02385159011,0.002144424496,0.02162162162,0.007527803869,-0.01519473433,0.08548144597,0.05962933118,0.03558052434,-0.04377880184,0.05300253736,0.003500583431,0.02939711011,0.03803486529,-0.001076426265,0.0237656218,0.05261891152,-0.002675585284,-0.06805143422,0.03871439007,0.05419489317,0.01995279983,0.02465753425,0.003303055326,0.01709401709,0.007772296554,0.02557661567,0.0207506866,-0.004108108108,0.08432938915,-0.02957121735,-0.005228302544,0.01777672434,-0.02196908055,-0.01353179973,0.07652619526,0.02042628774,0.0196501318,0.00899427637,-0.01176865579,0.008594539939,-0.01643598616,0.06916329285,-0.008860759494,0.13125,-0.004326663061,0.02542395513,-0.01186440678,-0.0003669590107,0.02059319424
0.09167927383,0.002034587996,0.01681378731,0.007608312786,-0.03393739703,0.02578268877,0.03959044369,0.03670811131,0.02153284672,0.02123717218,0.009066547566,0.03259726604,0.06702619414,0.04376899696,-0.01016949153,-0.001630109942,0.01340482574,0,0.01497120921,-0.02909090909,0.01588235294,0.02198852772,0.002241524236,0,0.02090322581,0.0125,0.00278551532,0.002350250504,0.0088365243,0.1144096632,0.02077637641,0.01104565538,0.02551724138,0.005855290673,0.006902502157,0.03433689973,-0.01473922902,0.07653957359,0.001402652416,0.006202826401,-0.113878327,0.02350813743,0.02746987952,0.002409638554,0.08255813953,-0.007744433688,0.04809160305,0.0400862069,0.04662797679,0.08014176289,0.01877934272,0.01103799618,0.01617440225,0.01828966881,-0.02327864255,0.01426024955,0.02551440329,0.0487394958,-0.0006972813072,0.0004453351147,0.005082212257,0.01063829787,-0.02470503517,-0.0006771626883,-0.0007007708479,0.03074056823,-0.08423460899,0.05006858711,0.05146796547,-0.003481288077,0.02890716804,0.002431118314,-0.009530621368,0.0005012531328,-0.004837291117,0.007573366993,0.04150702427,-0.01657458564,-0.008690928843,0.02661666276,0.04002287021,-0.007782386843,0.1428458208
0.002355875831,0.007614213198,0.03472509301,0.03509753199,-0.005457025921,0.003590664273,0.0006565988181,0.01599086236,0.01053947839,-0.0358688067,0.01331249638,-0.01018329939,-0.05523465704,0.02213162493,0.03025114155,-0.01304403041,0.03350970018,-0.01351707189,0.01607413011,-0.03370786517,-0.02084539664,0.02245088868,0.01067934023,0.007469654528,-0.007330637007,0.01379811184,0.06759259259,0.02115308251,0.002335766423,-0.05174632253,0.02374945435,0.02694828842,0.06254203093,-0.007692307692,0.0008568980291,-0.03360596584,-0.008438818565,-0.03352200705,0.01890928446,0.02374064838,-0.04870199528,-0.008833922261,-0.01782363977,-0.0125534188,-0.02363050483,0.01073170732,-0.04369992717,0.03791960215,-0.06921606119,0.00558319221,0.01777485188,0.0529078312,-0.00276816609,0.06213592233,-0.06051687006,-0.04481546573,-0.008025682183,0.004807692308,0,-0.004896505675,-0.01963117192,-0.01740064447,-0.06185040041,0.03930204981,-0.005960729313,-0.00745594216,-0.001589825119,-0.0182887002,1.233585602e-05,0.02794759825,-0.06464138876,0.01778496362,0.03686452917,-0.03056112224,0.0587715422,-0.0369558409,-0.01839362354,-0.07415730337,-0.005479452055,-0.09749105761,0.0005497526113,-0.03174368271,0.01232658358
-0.04617724319,-0.0241813602,-0.0259688374,-0.03046268153,-0.0634430727,-0.04257602862,-0.007217847769,-0.04890387858,-0.01643980909,-0.08468442386,-0.0009844801575,-0.02572016461,-0.008024455483,0.002849002849,0.004986149584,-0.009926105658,0.005119453925,-0.008778954237,-0.04559836218,-0.05891472868,0,-0.02012808783,0.0622925426,-0.01575532901,-0.003310415075,0.07712511939,-0.0156114484,-0.04545426489,-0.01427323041,-0.02359089942,-0.01126681169,-0.0219858156,0.08164556962,-0.02535093233,-0.02311643836,-0.02817812959,-0.03481624758,0.000597340536,0.01099754617,-0.02576244763,-0.02571041949,-0.01336898396,0.005253104107,-0.0449012713,-0.03520352035,-0.0583976834,-0.07006854532,-0.009482930725,-0.04745275267,0.002105096966,-0.01099611902,0.002991026919,-0.01110340042,-0.02879341865,-0.05949924862,0.0009199632015,-0.02912621359,-0.008771929825,-0.06315856246,-0.002236636099,-0.02123786408,-0.0205509401,-0.04243855188,0.01564792176,-0.01834215168,-0.04529933986,-0.06733393995,-0.006653359947,-0.00519949917,-0.07816482583,-0.05811965812,-0.01906274821,0.02937284535,-0.008785529716,0.09766277129,-0.001300813008,0.013116802,-0.03155339806,-0.02314049587,-0.08443894761,-0.008791208791,0.03083565779,-0.02594379715
0.04073054066,0.009292720702,0.03404429861,-0.03964051832,0.06005126327,0.03176382661,0.07534699273,0.05378250591,0.008447160316,-0.03526806895,0.03352885385,0.02851108765,0.04237288136,0.06022727273,-0.006063947078,-0.01501986558,0.09083191851,0.02998114958,0.1304602184,-0.009472817133,0.01005322295,-0.01867413632,0.04056869076,0.08192090395,-0.01609606541,0.03325205054,0.0281938326,0.07625206117,-0.05260047281,0.1009480627,0.06434377101,0.1160261059,0.03920421299,0.004729148753,-0.02804557406,0.06608437284,-0.003607214429,0.0597762608,0.02379544079,0.02996419499,0.09560185185,-0.007226738934,0.1049881235,0.02633814783,0.03021664766,0.1248077909,0.03357903358,0.1143807316,0.03881820142,0.0472389255,0.04708960105,0.07554671968,0.06105263158,0.02682352941,0.04828706838,0.04595588235,0.075,0.01850362027,0.04793860969,0.05514458642,-0.02107873528,-0.002232142857,0.06960864892,0.08570052961,-0.02048149479,0.1092036242,0.08512195122,0.1091761554,0.09928202966,0.1419354839,0.06870624838,0.08340080972,0.001488472793,0.01251303441,0.0711026616,0.03581895148,0.05856966708,0.03759398496,0.05076142132,0.06517868108,0.06818181818,0.06957520943,0.06501034614
-0.01128133705,0.02685421995,0.01586671956,-0.002248821182,0.04870466321,0.03984063745,0.0172095882,0.04178351094,0.003386205667,0.004262295082,-0.001910216567,-0.001026694045,-0.008130081301,0.003215434084,0.02384914032,-0.006785667163,-0.0233463035,0.02524474915,0.02518544075,-0.02453222453,0,-0.03520456708,-0.001000950903,0.03742384682,-0.01545053233,-0.04848744905,-0.0145672665,0.0347218467,0.01403618216,-0.03920026957,-0.01511520104,0.02469135802,-0.02984234234,-0.01583226359,-0.02705139766,0.008865716826,-0.02815768302,0.06147440607,-0.02789085379,0.01371113398,0.05958166068,-0.03366696997,0.0339638865,-0.04442604857,0.002213613724,0.04989747095,0.03328050713,0.04449267499,0.02138260328,-0.009553181887,0.02685821362,0.06561922366,0.02182539683,0.0004582951421,-0.0283145603,0.06063268893,0.02868217054,0.03001579779,0.07004709531,0.0004248990865,0.04528182394,-0.02035794183,-0.008511644402,-0.01419068736,-0.001467351431,-0.01182287188,-0.02157788267,0.02596618357,-0.07375592918,0.01210653753,0.02256186317,-0.01494768311,0.002263169451,-0.005664263646,0.03017394391,-0.00440113172,0.02504368084,0.04830917874,-0.01288244767,0.05689580631,0.005189413596,-0.01819442038,0.0344422938
-0.03366671362,-0.01394769614,-0.03943771964,0.01643158354,-0.05270092227,-0.01236502961,-0.01450151057,-0.002960969044,-0.01403197158,-0.02889324192,-0.01784433402,-0.0174717369,0.004470938897,-0.02243589744,-0.01841820152,0.005124020268,-0.02231075697,-0.07709962598,-0.0001682651859,-0.05328218244,-0.01170960187,0.02071005917,-0.01232403186,-0.07214765101,0.02334168535,-0.04937993236,-0.06086956522,-0.02300018581,-0.01907105506,-0.07055457207,0.01662320276,-0.05389980977,-0.03250145096,-0.004782608696,-0.001853568119,-0.04634436771,-0.003725165563,-0.06535532995,-0.043712898,-0.01352568155,-0.0999002991,0.008474576271,-0.04074844075,-0.003465203581,0.01325234677,0.01128472222,0.02990797546,-0.04346320346,-0.02276422764,-0.04911268069,0.02189781022,-0.06331309627,0,-0.08657810353,-0.05298840795,-0.01822700911,-0.04370761115,0.01457055215,-0.016028286,-0.03864939478,0.01211754014,0.004795615437,-0.137355431,-0.08052181736,-0.006245407788,-0.0539482271,-0.06363427521,-0.004708652148,-0.003927562354,-0.07256778309,0.01542111507,-0.02655538695,-0.03291036854,0.0005178663905,-0.05547898001,-0.05462582886,-0.06079545455,-0.03341013825,-0.03045133225,-0.06056887289,-0.02426432628,-0.01637839746,-0.03495764766
0.00583090379,-0.02172265724,0.01382113821,-0.001502145923,-0.08970792768,0.03103509081,-0.008583690987,-0.04400647948,-0.0196361016,-0.04857959321,-0.006815277109,0.05648535565,-0.006676557864,0.007650273224,-0.006622516556,0.02632026131,-0.07660961695,-0.0640754045,-0.05318074722,-0.129896443,-0.01303317536,0.03188405797,0.002536139995,-0.008137432188,0.05399484536,-0.07708728653,0,-0.06371281686,-0.0006271558482,-0.06744729276,-0.04213363695,0.007372654155,-0.074985003,0.02599388379,0.005571030641,-0.02055239237,0.021603656,-0.01535518114,-0.08642883676,0.06337029772,-0.02215330084,0.02240896359,-0.03337667967,-0.01564763837,-0.02016348774,-0.01845493562,-0.0312732688,-0.00452570601,-0.04159733777,-0.02675647613,0.0005952380952,0.009259259259,-0.01488673139,-0.03761283852,-0.04607091721,-0.06751054852,-0.007092198582,-0.007558578987,-0.02444429292,-0.04992268611,-0.02125112242,-0.006136363636,-0.09191430546,-0.03571428571,0.04621072089,-0.03518050126,-0.05201177625,-0.06091070373,-0.01167020217,-0.067927773,-0.08364485981,-0.006235385814,-0.05647325318,-0.016563147,-0.04779277636,-0.02404809619,-0.05081669691,-0.04648390942,-0.02804262479,-0.1021539712,-0.002116402116,0.01159118639,-0.06496321108
0.003188405797,0.01368448231,-0.01042502005,0.01289490651,0.06684491979,0.01795792714,0.02473716759,0.0183563965,0.00624770305,0.002650176678,-0.003917347969,0,0.03808812547,-0.01681127983,0.01555555556,0.01653880825,0.07325684025,0.03893845952,0.08140774973,0.01927554981,-0.0156062425,0.0627340824,0.05137869972,0.03646308113,0.02420833843,0.0400925212,0.01944444444,0.05059193195,0.004706620646,0.02554287439,0.06302674448,0.03260146374,0.07976653696,0.0285288482,-0.002770083102,0.03872925219,-0.01301342009,0.05889358288,0.001563856157,0.03380574935,0.1089714545,0.0009132420091,0.07802690583,0.1030320871,0.09399332592,0.08788806296,0.07378939277,0.008183306056,0.01822916667,0.02582339424,0.01606186794,0.0880733945,0.009855453351,0.04116727462,0.04605921479,0.04162895928,-0.01666666667,-0.006092916984,0.04941464267,0.02232039061,0.02018348624,0.02469700434,0.03881278539,0.06206663284,0.01236749117,0.1389418494,0.07608695652,0.1246851385,0.07579018989,0.05996309963,0.08082610913,0.02117647059,0.005743411697,-0.003684210526,-0.02413793103,0.05715263518,-0.03123008286,-0.00125,-0.0409694172,0.0394451809,-0.008483563097,0.03973181028,0.02329670122
0.09968217278,0.01222618441,0.01377633712,0.005375203338,0.01754385965,-0.01159274194,0.02051901026,0.01442041043,0.006939371804,0.06167400881,0.005244790443,0.009900990099,0.07625899281,0.0110314396,0.03501094092,0.03824019111,0.02220394737,-0.05500299959,0.08645627876,-0.04911790836,0.02317073171,0.01762114537,-0.006303986911,0.03781882146,0.02423301898,0.01235483074,-0.01544050863,0.05097126975,0.01342910681,-0.01844986097,0.04354796338,0.03930412371,0.04864864865,-0.01676671497,0.01388888889,0.0351742759,0.0201895344,-0.03490037765,0.09289634551,-0.01946824485,0.08273748723,0.05656934307,0.02537437604,-0.007205764612,0.02796136248,0.06631832797,0.03937007874,0.06881313131,0.07310315431,0.0512,0,0.01180438449,0.0006506180872,0.03153153153,0.1510283319,0.08427454387,0.06376109766,0.002298850575,0.07095141363,0.01864907892,0.02787769784,0.0522204865,0.0695970696,0.04713375796,0.01954624782,0.03243356351,0.03054353054,0.04591265398,0.01205705973,0.0226283725,0.06888417079,0.006144393241,-0.01630554535,0.05124141574,-0.007067137809,0.05373907413,0.1157894737,0.009386733417,0.04512635379,0.1153690628,-0.01229946524,-0.009996929271,0.1269492792
-0.01287440883,-0.02767991948,0.02118305356,-0.01730566303,-0.009500351865,0.0006799252082,0.04553518628,-0.01120831055,-0.009067827349,0.01095435685,0.03295357058,0.01764705882,-0.004010695187,-0.008183306056,-0.02114164905,0.02665202461,0.02333065165,-0.02930268302,-0.01210287443,0.009076348105,-0.009535160906,0.003463203463,-0.006319765612,-0.02118644068,-0.003846153846,-0.02123505004,0.007380073801,0.002408862775,0.02773497689,0.02102341607,-0.007100347272,-0.03905765654,-0.02176403207,-0.01052631579,0.009132420091,-0.01401370545,0.04765751212,-0.03220029195,-0.09000057148,-0.003963749707,0.01698113208,-0.004317789292,-0.01176470588,0.02607526882,0.009396636993,-0.02186204297,-0.03925619835,0.0254830816,-0.05064548163,-0.03211567732,-0.01288056206,-0.03833333333,-0.05916775033,0.002426006793,-0.08985358461,-0.02323717949,-0.01745068285,-0.0252293578,0,-0.002679169457,-0.0338291047,0.01399787911,-0.1349315068,-0.02600364964,-0.05443341321,0.03769760843,-0.1211201867,-0.0187366167,-0.01813998409,-0.06382978723,-0.05098212315,-0.07480916031,-0.005786604943,0.002010050251,0.002372479241,-0.04147465438,-0.0695754717,-0.06137631742,-0.04202648244,-0.03282391656,-0.001082837033,-0.01354425145,-0.008911644258
-0.05908969923,-0.04399585921,-0.01604696673,0.005870141027,-0.04191829485,-0.02395107865,0.001131221719,-0.03953552668,-0.005490483163,-0.09456575275,-0.02084700027,-0.01252408478,-0.05906040268,-0.01870187019,-0.04535637149,0.008387381575,-0.01650943396,-0.07042544403,-0.05421133231,-0.1222222222,-0.03068592058,0.02243313201,0.0553633218,-0.01645021645,-0.01017901018,-0.07630922693,-0.03021978022,-0.006945400321,-0.01619190405,-0.0373254179,-0.1153541106,-0.001935483871,-0.09426229508,-0.03276595745,0.01085972851,-0.009186667308,-0.01850424056,-0.1214256743,-0.08948182339,-0.00718123112,-0.03432282004,0.002601908066,-0.026272578,0.01100340582,-0.03184713376,0.003082851638,-0.05591397849,-0.06204229408,-0.06820083682,-0.03320752739,-0.01660735469,-0.01213171577,-0.01589495508,-0.01355275895,-0.06993420169,-0.05742411813,-0.009266409266,-0.02117647059,-0.08235177054,-0.04477277815,-0.02837307576,-0.002928257687,-0.06413301663,-0.04168618267,-0.003258508327,0.0068359375,-0.05735528412,-0.01745771959,-0.0472322033,-0.03272727273,-0.06813953488,-0.0396039604,-0.02667943374,0.05315947844,-0.05088757396,-0.1105769231,-0.03929024081,-0.1030383091,0.04447115385,-0.05348750036,-0.04010840108,-0.02221989309,0.01679372653
0.008203677511,0.04385489984,0.0369928401,0.02882357128,0.02892102336,0.02262443439,0.03785310734,0.02878526195,0.03938167096,-0.02647325476,0.02580909193,0.03707317073,0.01426533524,0.04484304933,0.06900452489,-0.02347117457,0.02238209432,0.01607050285,0.02639248705,-0.005424954792,0.009310986965,0.004219409283,0.02461325329,0.0360915493,0.02990543735,0.02402807775,0.03682719547,0.02853034092,0.03962206644,0.05697426843,0.005732006643,0.05494505495,0.01809954751,0.03321601408,-0.001790510295,0.05143203883,0.0310290652,-0.01660511282,0.07672213122,0.00400830813,0.007684918348,0.03806228374,0.0004215851602,0.0393884426,0.03947368421,0.006530925855,0.03037205771,-0.00877269936,0.02604400539,0.04277929894,0.03015681544,0.00350877193,0.02808988764,0.03042198234,0.07591464295,0.02436901654,0.02416212003,0.04407051282,0.02294044295,0.09046168268,0.008387698043,0.0480385987,0.008460236887,0.006842619746,0.01707228478,-0.03045586809,0.02591549296,0.0222098834,0.02887091289,0.0469924812,0.01322685301,0.04982817869,0.009432688413,-0.01714285714,-0.01039068994,0.0627027027,0.05870712401,0.01988217968,-0.004027617952,0.004508621215,0.04234895539,0.0389466538,0.02938465562
0.009960718294,0.01711618257,0.01572688914,0.00996126176,0.002522522523,-0.0112321307,-0.01252041372,-0.01091214326,-0.004603399433,0.02737940026,0.01855128791,-0.0103480715,0.005625879044,0.01394849785,0.008994708995,0.007758888238,-0.04300234558,-0.0181851312,0.001893043067,-0.06090909091,-0.00184501845,-0.005882352941,0.04053993149,0.03738317757,-0.03994031906,0.003163722647,0.04189435337,-0.002358371376,0.01612430372,0.02257583109,0.05527627176,0.04044117647,-0.01968253968,0.02278049819,-0.0008968609865,-0.01142685658,0.005714285714,0.03174649747,-0.02642346404,-0.02959750299,-0.0009532888465,0.04166666667,-0.01264222503,0.005235602094,-0.0009737098345,0.006106870229,-0.05895357406,-0.0479688468,-0.02647702407,-0.09483946445,0.0181498829,0.04020979021,-0.002732240437,0.02142857143,-0.04269994632,0.04078164826,0.0502283105,0.003069838833,-0.01187218847,-0.007736943907,-0.01386321627,0.007806244996,-0.07634228188,-0.02087378641,-0.01535714286,0.004401760704,-0.06644700714,0.02661596958,0.036519142,0.02244165171,-0.06403940887,-0.002454991817,-0.01612841582,0.01453488372,-0.02855942881,0.0003390979993,0.004361370717,0.02527075812,-0.05488157135,-0.006853884879,-0.008667388949,-0.03157134505,-0.03057494708
-0.02417002361,-0.005864354921,-0.01737160121,-0.00595890411,-0.01258087707,0.017383821,-0.008269018743,-0.0002828854314,0.009249377446,-0.1071428571,0.01605597321,0.01045627376,-0.01538461538,0.03174603175,0.001573151547,-0.002309745415,0.02124183007,-0.06395456739,0.008660053535,-0.03807679897,0.005545286506,0.006762468301,-0.01697888468,-0.01064701065,-0.004184100418,0.01103810775,-0.01660839161,0.001575964293,-0.001442585113,0.02714032612,-0.02032224784,0.01707891637,0.003238341969,0.04079933389,0.02333931777,-0.018657762,0.03181818182,-0.07530321773,-0.009046871016,-0.01896213184,0.01717557252,0.0128,-0.050789586,-0.01264880952,0.008771929825,0.00531107739,0.0125293657,0.001859254439,0.01595864239,0.03262773932,0.01092581944,-0.0218487395,0.004794520548,0.001864801865,0.04648294037,0.04081632653,0.004347826087,-0.002295332823,-0.0006704704691,-0.0329218107,-0.003748828491,0.001986097319,0.03542234332,-0.01272516939,-0.01051867972,-0.01274900398,0.01,-0.03597883598,-0.02862105293,0.008779631255,0.03157894737,-0.01804757998,0.02070465758,0.03247373448,0.07825335063,0.04983050847,-0.007444168734,0.01338028169,0.006112469438,0.0756076707,0.02131147541,-0.005753045208,-0.07977946559
0.02334519573,0.04257501924,0.02305918524,0.00420312823,0.01492537313,0.02943664355,0.004446914953,0.03565365025,0.02555516391,0.0004060913706,-0.0006093333706,0.02069614299,-0.02556818182,0.02205128205,0.02041884817,0.0223620805,0.0096,0.01098421762,0.05213862004,-0.0171083529,0.003676470588,0.01175482788,0.005551761362,-0.0008278145695,0.02509003601,0.008838055628,-0.001777777778,0.03195297529,0.01126841953,0.004993451212,0.02009357684,0.01447596989,0,0.014,0.006140350877,-0.008042831648,0.008076358297,0.005658665601,0.03319805127,-0.008406244639,0.01031894934,-0.006319115324,0.01258992806,0.006028636021,-0.002415458937,0.01698113208,-0.002320185615,0.008351118122,-0.008849557522,0.0008344227185,-0.001137656428,0.006872852234,0.01022494888,-0.008841321545,0.003804216787,0.03215686275,-0.001443001443,0.01610429448,0.006682366202,0.003583426652,0.006898714331,-0.01843409316,0.02543859649,0,0.01539589443,0.04317998386,0.0789167152,0.0268935236,0.04935543062,0.009573542211,0.01760204082,0.04010025063,0.005898919166,0.01202590194,-0.01764234162,0.01614465612,0.0025,0.06740792217,0.01518833536,-0.02603338633,0.005885500268,0.03786119941,0.08086427422
0.01057170677,-0.00024600246,0.006386175808,0.00775353369,0.01578192253,0.008381265407,0.02379634754,0.01775956284,0.01082660251,0.06068601583,0.01885107958,-0.001843317972,0.01166180758,0.00150526844,-0.007183170857,0.0263850915,0.01426307448,0.01651304177,0.02952522255,0.09556313993,0.003663003663,0.022406639,0.009464759109,0.02236951118,0.003396182223,0.01649059521,0.008014247551,0.04771966128,0.03142857143,0.01463247187,0.02541380577,0.04794520548,0.02646868948,0.01084812623,0.0139494333,0.02310072685,0.024399126,0.009862234522,0.04176272602,0.03221837755,0.03156917363,0.01987281399,0.04973357016,0.02971285893,0.03583535109,0.02764378479,0.04341085271,0.0295389712,0.04196428571,0.005863880166,0.01765375854,0.04266211604,0.01349527665,0.009389671362,0.0317328992,0.02659574468,0.01156069364,0.01509433962,0.04313372655,0.01651417094,0.009654313298,0.002221324717,0.08212147134,0.02527619685,0.006498194946,-0.00580270793,0.0661268556,0.09673971138,0.0133018246,0.01724137931,0.03334168965,0.01204819277,0.005050887216,-0.01279707495,0.03265306122,0.02160788052,0.06608478803,0.07747395833,-0.007779772591,0.05240912933,0.002127659574,0.001032453454,0.01493972138
0.00481761872,-0.00467519685,-0.03844718178,-0.03806087016,0.02365819209,0.03569100391,-0.02648648649,-0.005100671141,0.004760285617,0.07405281286,-0.03193019201,-0.01754385965,0.02737752161,-0.03306613226,0.001550387597,-0.03673802909,-0.02109375,0.1299197407,0.04424268627,0.08971962617,0.03832116788,0.00974025974,0.01549647314,-0.001620745543,-0.02462651727,0.02585551331,0,0.01962078608,0.01772853186,-0.04424489515,-0.01487172211,0.06209150327,0.03836477987,-0.01658536585,0.01031814273,0.01507620164,-0.003910415926,-0.005571874148,0.09946178521,-0.02052294398,0.02700270027,0,-0.02368866328,-0.09068865179,-0.04067321178,0.02726123849,0.01485884101,0.002770825885,0.01413881748,-0.02862352876,-0.02350307778,-0.01718494272,-0.01664447403,0.03209302326,0.04635521755,-0.0236861584,0.002142857143,0.002230483271,0.02416989848,0.01009879254,0.01172115978,-0.003626838606,0.09644268775,0.009469387755,0.04088952654,0.02626459144,0.0817721519,-0.005847953216,0.04143809372,0.05338983051,-0.02959728287,-0.02380952381,0.04259443995,0.01018518519,0.06719367589,0.03079315708,-0.01169590643,0.08157099698,0.04704463209,-0.03692009417,-0.01326963907,-0.01526455117,-0.02675027171
-0.04246575342,0.02200247219,-0.02173913043,-0.0162797282,-0.03242497413,-0.0102281668,0.01054969461,-0.03858607663,0.02081218274,0.04364867272,0.01757030804,0.01033834586,0.0301542777,0.004663212435,0.05211558308,-0.01677920668,-0.01835594573,0.002356315951,-0.002208114822,0.06460834763,0.01816051552,-0.01607717042,0.0002137254483,-0.01785714286,0.02070120857,0.04274771436,0.001766784452,-0.01425782345,-0.007348938487,-0.03855360968,-0.01823756156,-0.04153846154,0.01938219261,0.009920634921,-0.003404255319,-0.01284272284,0.01891506067,-0.0259447608,0.04348222489,-0.02933794729,0.01840490798,-0.004676539361,-0.01126516464,-0.0384,-0.0350877193,-0.01265377856,0.01464128843,-0.02780996524,-0.03041825095,0.07776324023,0.04183381089,-0.001665278934,-0.01354096141,0.01487156377,0.0001977750309,0.01592115239,-0.008553100499,-0.05118694362,0.003724266999,0.02173440556,0.01920731707,-0.00728008089,-0.03821196828,0.02506873686,0.03618194349,-0.03412322275,-0.04610344021,0.01960784314,-0.01739590778,0.04424778761,0,0.008943089431,0.02083333333,-0.001833180568,0,-0.0331925166,-0.03609467456,0.01843575419,-0.02419354839,-0.009317841942,0.005917159763,0.03274796634,0.008024427891
-0.03462088698,-0.0198355104,-0.0130952381,-0.01554180458,-0.05525846702,-0.04769475358,-0.08131868132,-0.03283749649,0.0129288911,-0.09662000683,-0.03786573271,-0.01488372093,-0.05105513955,-0.01444043321,-0.02354095145,-0.01163011406,-0.01707317073,-0.131405015,-0.1092669433,-0.05048335124,0.005178365938,-0.003267973856,-0.04297100365,-0.01487603306,-0.02532239156,-0.06421800948,-0.03439153439,-0.07712435876,-0.02796819304,-0.04071113441,-0.07431238167,0.01337613697,-0.06179441474,-0.005893909627,0.00170794193,-0.0247794651,-0.02241681261,-0.04751930472,-0.03562139165,-0.01296742473,-0.01290877797,-0.02036021926,-0.0328659071,-0.0391014975,-0.03080808081,-0.1245995016,-0.05627705628,-0.04419180343,-0.04509803922,0.02652274887,-0.03245324532,0.02919099249,-0.003431708991,-0.003108348135,-0.06663700628,-0.05373134328,-0.02372393961,-0.02032838155,-0.07548928818,0.01148691768,-0.02363146874,0.07251986148,-0.04872563718,-0.03250236668,-0.03259062188,-0.102060844,-0.03508341511,-0.1024038462,-0.08706474363,-0.08705701079,-0.03675,-0.02014504432,0.007852014289,0.04407713499,-0.02962962963,-0.03714107366,-0.04910988336,-0.09270433352,-0.0360094451,-0.06017765908,0.008556149733,0.02217639701,-0.04983749931
0.01807943094,0.01974333662,-0.02653799759,0.01651805292,0.02264150943,-0.00734557596,0.03169856459,-0.01886244922,-0.03927344134,-0.0003779289494,0.02361294105,-0.003777148253,-0.02080344333,-0.002616431188,0.005524861878,0.01019570872,-0.02977667494,0.0224749951,-0.01149068323,-0.01414027149,0.01144819691,0.04344262295,-0.03052156828,-0.01677852349,0.01587683426,0.006330716637,-0.01552511416,-0.009665923278,-0.007898448519,-0.002439389307,0.03390892213,0.002111932418,-0.001899936669,-0.008893280632,0.01193520887,0.01521186237,-0.01469007524,-0.02871959825,-0.03274861137,-0.01925023319,-0.01743679163,0.01438848921,-0.01857725419,0.01587301587,0.03387180823,-0.03253355022,-0.01376146789,0.003836930456,0.008441706594,0.03257320616,0.007959067652,0.01296596434,-0.004820936639,0.01692650334,-0.01906678672,-0.04495268139,0.03902798233,-0.006384676776,-0.006030211562,0.001682439537,-0.001531862745,0.04748338082,-0.01812450749,0.01467710372,0.00137504297,-0.0174863388,-0.008390541571,-0.02999464381,0.03650065802,-0.01518987342,-0.009083830781,-0.004934210526,0.006229163011,0.0290237467,-0.02099236641,0.08525121556,-0.02775984506,0.03567110036,-0.01408450704,-0.003922779923,-0.00901378579,0.0003307206403,-0.01889356553
-0.05618631732,0.0174249758,0.00702189178,0.02617198735,-0.05239852399,-0.05314497141,-0.01507246377,-0.006211180124,-0.05297223642,-0.1077504726,-0.02983764119,-0.04265402844,-0.04029304029,-0.03252885624,0.02947052947,-0.02251870798,-0.04433077579,-0.0503299064,-0.03691486019,-0.07773952955,-0.00792303339,-0.02906520031,0.03426913245,-0.02303754266,-0.01918067724,-0.1049320584,-0.02690166976,-0.02056728359,-0.02104065965,-0.02952684021,-0.06090733238,0.06427818757,-0.09835025381,-0.0297108674,-0.01853411963,-0.01148610323,-0.03090909091,-0.003903081914,-0.02593884197,0.01695704081,-0.08961845608,-0.003152088258,-0.08356417359,-0.06079545455,-0.05141129032,-0.02248844052,-0.03565891473,-0.0657429527,-0.008823529412,0.002738771039,-0.02594472645,-0.0552,-0.02837370242,-0.0197109067,-0.07504994331,-0.06688687036,-0.03827072998,0.008032128514,0.01010456261,-0.06340541675,-0.01626265726,-0.0398912058,-0.09550561798,-0.03728704597,0.008238928939,-0.003337041157,-0.05,-0.0822749862,-0.01599348645,-0.088260497,0.004714510215,-0.04958677686,-0.02399511727,-0.03675213675,-0.08148148148,-0.06182795699,-0.04780876494,-0.06129597198,-0.02608695652,-0.02319523691,-0.00481540931,-0.04235130757,0.01145998013
0.01326341764,0.02140818268,0.01353568499,-0.002872757848,-0.01596573209,0.02184724689,-0.01177163037,-0.008035714286,0.007014388489,-0.008474576271,0.05104907355,0.0198019802,-0.08854961832,0.004338394794,-0.01067442989,0.01589462518,0.02408563782,0.0263370496,0.06834121677,-0.01710730949,0.02624073018,0.02669902913,0.01656683516,0.03406113537,0.02317720908,0.02923812201,0.0009532888465,0.030427147,-0.008422887017,-0.03418131484,0.01710830075,-0.03514851485,0.00633356791,0.0002055076038,0.005150214592,0.0535552049,0.02288930582,-0.007022543382,0.002219131876,-0.1140338659,-0.02962962963,0.0418972332,0.0362720403,-0.01240169389,0.01115834219,0.01010535369,0.01688102894,0.04878797177,0.0198584798,-0.006728906987,0.004632310365,0.03217612193,0.01994301994,0.01697944593,0.0017220244,-0.01061946903,0.006632277082,0.001593625498,0.03533358331,-0.0004483299709,0.0121646912,0.007554296506,-0.009760425909,-0.03171953255,0.006809669731,0.006696428571,-0.03886639676,0.02647412756,-0.04167221177,-0.04135338346,-0.001564129301,0.02869565217,0.02299487216,0.007985803017,0.07979626486,0.04106972302,-0.02161785216,-0.04166666667,-0.04336734694,0.03136507937,-0.009139784946,-0.01705447766,0.01502281125
0.06362252664,0.02468560782,-0.02590044516,0.01693486052,0.07202216066,0.01025551886,0.03871351995,0.03150315032,0.003750669762,0.1040598291,0.04977330877,0.02912621359,-0.01005025126,0.04211663067,0.008337420304,0.004699002767,0.06620209059,0.1497559824,0.05877862595,0.132278481,0.03835464147,0.08747044917,0.05151906775,0.0152027027,-0.002949504483,0.0406992625,0.03523809524,0.05800895896,0.08230814294,0.07409365717,0.07988414392,0.06259620318,0.07412587413,-0.009245942059,-0.03330486763,0.03546952299,0.01137197359,0.04327029843,0.06937145725,0.07523694021,0.08376858176,0.006069802731,0.04910063199,0.02297090352,-0.009984235418,0.0417198808,0.01976284585,0.08816071777,0.002461951656,0.02159838012,0.02766570605,0.04019688269,0.02793296089,0.0434973638,0.03709099385,0.07245080501,0.05124450952,0.07875894988,0.03154729184,0.0331912985,0.02434514638,0.0121836926,0.08064516129,0.02775862069,0.01082177883,0.03946784922,0.05784891884,0.06096131301,0.04868285202,0.03921568627,0.01148825065,0.02958579882,0.03023263937,0.01584507042,0.02201257862,0.01070336391,0.04276550249,0.1031797534,0.02333333333,0.02690224083,0.01627780792,-0.003196122506,-0.01506648887
-0.02404121351,0.04022727273,0.021603656,0.01133222775,-0.04245108896,0.02546455609,0.03038990826,0.02443280977,0.04234875445,-0.02728856203,0.004883340781,0.0320754717,-0.03976311337,0.02124352332,0.02285992218,0.02179147396,-0.1339869281,-0.01293944477,0.0002883922134,0.02543320291,0.03854389722,0.04565217391,0.04712009166,0.03410981697,0.02484913028,-0.01522309711,0.01931922723,0.02345853028,0.02571041949,-0.01538341959,-0.01005626128,0.009657170449,-0.046875,0.03276648693,-0.003533568905,0.06945144535,0.02575262967,0.02564186534,0.0973103177,-0.03314813268,0.02316960148,0.03619909502,0.01436515292,-0.009580838323,-0.01486199575,0.001225991009,-0.008527131783,0.02616956444,-0.007814244251,0.03100300976,0.07234997196,0.005520504732,-0.0183423913,0.07073684211,-0.05765016576,0.0175145955,0.01323119777,0.02728613569,0.01186184586,0.02995441719,0.01805054152,0.02314814815,-0.05306799337,0.01459486663,0.0194044831,0.03029010239,-0.0414122644,0.01215469613,-0.006362055664,0.09056603774,0.005678884874,0.07717569787,-0.03460084425,0.01733102253,-0.02769230769,0.0602118003,-0.09159261791,0,-0.02671009772,0.02619747018,0.03790710091,0.00176174201,0.01054518806
0.0348973607,0.01463840944,0.005286701911,0.03744192402,0.05242868157,0.03389261745,0.03450194769,0.02867688813,0.008193922841,0.06744926383,0.005433049442,-0.009140767824,0.05726872247,0.005580923389,0.01997146933,0.009917439436,-0.02264150943,0.1052193515,0.07265388496,0.07576996457,-0.01030927835,0.01663201663,-0.0007957506913,0.03137570394,0.01662625563,0.04584221748,0.01353790614,0.07770408454,0.01398416887,0.05910059732,0.1642074862,0.1023433764,0.06967213115,0.03413654618,0.006205673759,0.008893807123,0.006011315417,0.04484498228,0.007547834401,-0.004752749033,-0.0652173913,0.01310043668,0.01005025126,0.05985489722,0.05980603448,0.08755102041,0.04847537138,0.04733624454,0.04342934293,0.03410547301,0.04445606695,0.0737254902,-0.004152249135,0.02477388911,0.08264265697,0.137704918,0.0206185567,0.01220387653,0.03084977849,0.03835616438,-0.002955082742,0.001809954751,0.02714535902,0.02017195767,0.0009845749918,0.05175983437,0.03627803932,0.08515283843,-0.006756247791,0.04671280277,0.01771047228,0.009146341463,-0.0296245566,0.01618398637,0.01661392405,0.06649543379,0.07524454477,0.03176470588,0.03815261044,0.04325855824,-0.1018518519,0.01065738103,0.01771522671
-0.0351374327,-0.04565030146,0.009708737864,0.01653055848,0.0304029304,0.005030834145,0.0182894029,0.01021253105,-0.01202167288,0.07306616962,0.004265918627,0.01014760148,0.03916666667,-0.01765893037,-0.04009324009,-0.01282481703,0.03764478764,0.0104490257,-0.01706759844,0.08259437548,-0.005729166667,-0.0006816632584,0.004798216099,0.02886115445,-0.01101646792,-0.004332313965,0.04007123776,-0.03022805559,-0.02419984387,0.0005838654377,-0.02505925553,-0.03470715835,0.01851851852,-0.02038834951,-0.01497797357,0.001767143321,0.03585237258,0.02463061714,0.01123693706,0.01625822136,0.01453488372,-0.02801724138,-0.004070556309,0.03108956075,0.02135231317,-0.0001876524676,0,0.04186124083,0.002156566746,-0.003236097404,-0.0005007511267,0.00365230095,0.01389854065,-0.005372217959,0.01682546676,-0.02017291066,0.01077441077,0.02269503546,0.03051558537,0.004059265273,-0.01452282158,0.007226738934,0.06479113384,0.02252836305,-0.03278688525,-0.03976377953,0.0435595938,0.007042253521,0.01653880932,0.009917355372,-0.02849936948,0.05740181269,0.008831140629,0.005867560771,-0.006225680934,0.02836499866,0.03638908328,0.05644241733,0.01869761444,-0.05190805499,-0.0126002291,0.02669311617,-0.005120633754
-0.004258443465,0.0232400722,0.03685897436,-0.01794622611,0.03590472805,0.01695462619,0.03063919704,0.007650273224,0.01799485861,0.06131665798,0.01331131201,0.004566210046,-0.016840417,-0.003595274782,-0.00437105391,-0.02293905591,-0.02046511628,0.01434693497,0.01996171725,0.0245728996,0.00942902043,0.0102319236,0.00996671158,-0.02956785444,0.00298576022,0.02201177374,0.007705479452,0.01662546629,0.0368,0.03947482774,0.0141522803,0.01797752809,0.01943573668,-0.005946481665,-0.02057245081,0.05369127517,-0.01934170343,0.01030435885,-0.02098946823,0.002840787731,0.02578796562,0.0022172949,0.05812897366,-0.01798063624,0.03384768542,0.007507507508,0.002237136465,0.01048503282,-0.003443081558,0.0386599125,-0.002004008016,0.03347889374,0.03701165182,0.01967592593,0.0356127285,0.02794117647,0.01798800799,0.01872399445,0.01335658585,-0.000808570851,-0.00992481203,-0.008071748879,-0.004803843074,-0.02916468537,-0.0006779661017,-0.0049200492,-0.004865556978,-0.000999000999,0.01404304161,0.07201309329,-0.004672897196,0.03928571429,0.008771772472,-0.001666666667,-0.02545027408,-0.02862347125,0.06819716408,0.03184025904,0.05189873418,0.004783982518,0.009860788863,0.005457442121,0.08314800859
0.008700781596,0.007276736494,-0.01738794436,0.02196859744,0.01132463967,-0.002540489044,0.004100461302,-0.007592190889,0.003367003367,0.03518821604,0.001955883951,0.007272727273,0.01794453507,-0.02216494845,-0.001951219512,0.008597434693,0.01519468186,0.03747244673,0.04839142091,0.02284148013,0.01556824079,0.002025658339,0.03945380707,0.053125,-0.002060911381,-0.02905083897,-0.007646559048,0.02997831543,-0.01800411523,0.001445216155,0.02021488014,0.05386313466,0.07072570726,0.04785643071,0.01461187215,0.008351453807,0.02006920415,-0.007468634686,0.0170191568,0.09013652531,0.1284916201,-0.01474926254,-0.04721030043,0.04535211268,0.05777563794,0.05532786885,0.02604166667,-0.0182970297,0.04405096092,0.0262918708,0.03614457831,0.02464788732,0.01189689359,0.03216042376,0.009414225941,0.001430615165,-0.01308900524,-0.006126616746,0.006878054115,-0.01537527817,0.003037667072,0.01627486438,0.01045856798,0.2115918367,0.004748982361,0.03213844252,-0.02007205353,0.031,-0.03620887734,0.07709923664,0.02634324465,-0.00618556701,0.01104274842,-0.003338898164,0.05464041784,0.03268148942,0.03666245259,-0.003138075314,-0.0174488568,0.06010286554,0.01091326824,0.008158586744,0.03089115224
-0.01257309942,-0.002408056042,-0.01140385372,0.003679555871,-0.004411265694,0.004934734161,0.002552322614,-0.0002732240437,-0.01140939597,0.01438735178,0.01813081125,0.01353790614,0,0.04111755403,-0.02052785924,0.004658947768,0.06361085126,-0.01201015109,0.02454929037,-0.001786511836,0.003576903424,-0.02425876011,0.008531199275,0.02522255193,0.006195502524,-0.005158627805,0.04880136986,0.01477524874,-0.02095337873,-0.0005247747345,0.003348044438,0.009216589862,0.01952900632,0.0009514747859,-0.007200720072,0.01242342703,0.009158751696,0.004788531319,-0.01115416809,0.05511595647,0.03877887789,-0.02395209581,-0.02297297297,0.002155753166,-0.006372325899,0.04042365402,-0.01667875272,0.001613684041,0.007652533609,0.02345825683,0.01162790698,-0.003436426117,0.01241018942,-0.004032258065,0.03468911917,0.02214285714,-0.007294429708,0.01369863014,0.01650889468,-0.008218615163,-0.002422774076,0.008896797153,0.01353503185,0.06778062256,-0.004051316678,0.04191616766,-0.008928571429,0.04267701261,0.03046406614,-0.0007087172218,0.003811944091,0.03457814661,0.00546986299,0.01172529313,-0.009904761905,0.02957198444,0.01768292683,0.03252885624,0.01041028781,-0.001968394788,-0.003409090909,0.0006688068486,0.002464889726
0.02813147764,-0.009216589862,0.009944311854,-0.01781579624,-0.01158827539,0.01552352289,-0.01323828921,0.03744192402,-0.004073319756,0.005766832918,-0.0156159338,0.01513802315,-0.01362179487,-0.007088607595,0.002994011976,0.01389485255,0.007915567282,0.006063140289,-0.0165980282,0.004474272931,0.001527494908,-0.003453038674,0.007523299772,-0.004341534009,0.009578107184,0.009074410163,0,-0.01325469719,-0.008025682183,-0.001921206661,-0.01418474139,-0.02532171025,0.02873239437,0,0.01450589302,0.001639900475,0.01781512605,0.0313619276,-0.02194549992,-0.004073772313,0.01509134234,0.03987730061,0.07192254495,0.01048668997,0.05497022446,0.0003393281303,0,-0.009747059771,-0.01272577997,0.008484413584,-0.04406130268,-0.03586206897,0.03161290323,-0.02392344498,-0.02786749793,0.003494060098,0.01937207749,0.02432432432,-0.01679750765,0.06505075616,0.05221615058,0.006172839506,-0.02042419482,0.154088844,0.003389830508,0.02586206897,0.03126656068,-0.02790697674,0.04342771829,-0.01205673759,-0.001518987342,-0.01737967914,0.001539322698,0.02069536424,0.006925740669,0.004535147392,-0.01977231875,-0.01016260163,-0.008484848485,0.01569488041,0.02052451539,0.01283250902,0.0107824173
-0.004896313364,-0.03853820598,0.007483261126,0.007072228407,-0.03068965517,0.002183746685,-0.01444788442,0.003161222339,0.003067484663,0.01379203471,-0.02309926533,0.002631578947,0.06986190089,-0.01988781234,-0.03134328358,-0.01217983467,0.01745200698,0.01591259945,-0.03718274112,0.1224944321,-0.02541942044,0.01801801802,-0.02427743517,0.03343023256,-0.01185904676,-0.02852004111,0.01959183673,-0.04778711723,0.009439050701,0.03376952553,0.006769772351,0.01703577513,-0.01314348302,0.0009505703422,0,-0.01960895011,-0.01486129458,-0.009255937433,-0.00769299809,-0.009017551688,0.04694835681,0.0110619469,0.01376344086,0.01543374135,-0.008684324794,-0.03663500678,-0.02728613569,-0.0351419507,-0.00893970894,-0.005064562711,0.004008016032,0.003576537911,0.006879299562,-0.001131221719,-0.03170555813,-0.02367688022,0.02228047182,-0.002638522427,-0.005696734673,-0.01050379304,-0.005193306405,-0.01226993865,-0.0376904571,-0.04581738655,-0.001013513514,-0.03921568627,-0.007708119219,-0.05933014354,0.009300522096,0.03230437904,-0.04006085193,0.007482993197,-0.03100111779,-0.01216545012,0.02025219717,-0.01429646351,-0.0293398533,0.07905544148,0.01344743276,-0.01930860956,-0.02458100559,0.01197703577,-0.07746897578
-0.007525325615,0.01105736006,-0.02501954652,-0.01170427206,-0.02170046247,-0.02443579767,0.09319371728,0.004726890756,-0.01427115189,0.07367777438,0.0413095946,-0.005249343832,-0.001518602885,0.02809573361,0,-0.003086790253,-0.06346483705,0.001227352425,0.002767892448,0.1517857143,0.07668231612,-0.000680735194,0.03828361477,0.01969057665,0.0387472854,-0.01454641629,-0.01361088871,-0.005090977656,-0.03446433342,0.08858497658,-0.006724250705,0.08291457286,-0.006659267481,0.01709401709,0.004468275246,0.007428450775,0.04894401609,-0.0360225956,0.09690152856,-0.01489709,0.03736920777,-0.004376367615,0.0543063216,-0.001572327044,0.02277704774,0.03433098592,0.009855951478,0.006829103786,0.01741136983,0.03954481395,0.04291417166,0.011404134,0.02608695652,0.1023027558,0.1302832824,0.007132667618,0.04551282051,0.0171957672,0.02405646539,0.008649498722,0.01856148492,-0.01952085182,0.1475,0.08503323401,0.0233344606,0.02235179786,0.1261004661,0.08240081384,-0.02335358826,0.0611961057,0.03301637612,0.01147873059,-0.01519439087,-0.02298850575,0.02996254682,0.07608142494,0.1486146096,0.1874405328,0.04282267793,-0.004908249205,-0.02749140893,0.06941410453,0.05041064649
-0.02595508895,-0.0640236956,-0.02886928629,-0.01986972827,-0.009818181818,-0.08184428845,-0.0158045977,0.0324098275,-0.004136504654,-0.05851366743,-0.06894524689,-0.01934916447,-0.03650190114,-0.001012145749,-0.04108885465,-0.02705864139,0.06135531136,-0.08802755239,-0.1117245005,-0.06373815676,-0.02519379845,-0.01702997275,-0.01567656766,-0.03724137931,-0.04236355634,-0.064143854,-0.001623376623,-0.05834210277,-0.04703929164,-0.01068265967,-0.008462215439,-0.008894044857,-0.04189944134,-0.03921568627,-0.0346975089,-0.02938038259,-0.05848513902,-0.05191351254,-0.0306269694,-0.01761736977,-0.03097982709,-0.005128205128,0.006036217304,-0.03805774278,-0.01713062099,-0.04493617021,-0.01051051051,-0.02185563557,-0.03422680412,-0.0392545679,0.005741626794,-0.05073995772,-0.03268765133,-0.02397260274,-0.06146894783,-0.01628895184,-0.05702023299,-0.006501950585,-0.02517090488,-0.04404599493,-0.03673120729,-0.02805429864,-0.09440813362,-0.02270806929,-0.0403172505,0.06178707224,-0.06714187169,-0.06109022556,-0.03218925732,-0.1022280472,-0.01764254666,-0.006008010681,-0.01299461913,-0.02605042017,-0.03527272727,-0.0617167179,-0.06798245614,-0.04647435897,-0.03643724696,-0.02984698167,-0.01001177856,-0.005243902439,-0.01274062888
0.005389221557,0.0070593963,-0.01940545004,-0.04370007384,-0.01358795446,-0.04569939183,-0.03454987835,-0.08050632911,-0.01349948079,-0.07757447452,-0.00881512883,-0.01793721973,-0.08208366219,-0.02988855117,-0.0283877879,-0.03339816124,-0.04400345125,-0.02557127312,-0.003403373779,-0.04783808648,-0.03429423459,0.003465003465,-0.01216354661,-0.02865329513,-0.03297713432,-0.02781760826,-0.02276422764,-0.02098416919,-0.01393728223,-0.07912993052,-0.0008565469984,-0.02887241514,-0.02274052478,-0.04586977648,-0.007373271889,-0.001727454752,-0.0261371351,-0.04597610067,-0.05589209223,-0.04786739046,-0.1360594796,-0.03902798233,-0.0516,-0.05293315143,-0.02614379085,-0.01906968455,-0.05690440061,-0.01121479325,-0.04974380871,-0.06392030496,-0.05851569933,0.03489235338,0.0006257822278,-0.05859649123,-0.06404052055,0.01295896328,-0.06306892068,-0.03795811518,-0.0195053647,-0.02895005097,-0.03813183565,-0.02793296089,-0.08259823577,-0.01426564358,-0.07920110193,-0.0008952551477,-0.06581217649,-0.05255255255,-0.08589747259,-0.0299270073,-0.06741280583,-0.02216252518,-0.005766948524,-0.03882657463,-0.02563136072,-0.0294858871,-0.07941176471,-0.0243697479,-0.02881152461,-0.06083716093,0.03390838786,0.005271545911,-0.05610601299
-0.03350208457,-0.01353637902,-0.006315789474,-0.01902288362,0.03611317945,-0.03514202476,0.01310483871,-0.01734581498,0.01947368421,-0.0606557377,-0.02253410904,0.0009132420091,0.09716251075,-0.01566579634,0.001653803749,0.01563900423,-0.03519855596,-0.07554110421,-0.07512991834,-0.09642512077,-0.006690684508,0,0.03695881732,-0.01548672566,-0.009268060837,-0.06489675516,-0.02911813644,-0.04412297738,-0.02709069494,-0.09043095959,-0.03673885224,-0.004821213339,-0.07219570406,0.01059278876,0.005571030641,0.02859165454,-0.008365284071,-0.006129873582,0.08429974386,0.03950235182,-0.002581755594,-0.002298850575,-0.05018979334,-0.03140305387,-0.03803131991,-0.0574127907,-0.002413515688,0.0225974026,-0.02651089643,-0.1157809477,-0.007074279939,0.004304160689,0.006253908693,0.006336190831,-0.01277895357,-0.03127221038,-0.02498265094,0.01020408163,-0.03920496953,-0.008817971866,0.0110633067,0.003831417625,0.01573426573,0.01578774257,0.002243829469,0.09408602151,-0.08021108179,-0.06286318014,-0.01025175351,-0.003762227239,-0.01618755233,-0.01854395604,-0.01656191133,0.0197486535,-0.03675048356,0.007011165931,0.01150159744,-0.00947459087,-0.04017305315,-0.05001384147,-0.04372842348,-0.03600609756,0.02349840558
-0.02834694192,-0.01494731683,-0.03177966102,-0.04186046512,0.00790513834,-0.06963578034,-0.05074626866,-0.0397870552,-0.009120633282,-0.03193717277,-0.01304270921,-0.03832116788,-0.01880877743,-0.02387267905,-0.009906439185,-0.08583366351,-0.008419083255,-0.01264788432,-0.04976721785,-0.02972626176,-0.02538860104,-0.06837016575,-0.04387910969,-0.04943820225,-0.04053729911,-0.03123028391,-0.04884318766,-0.0432619658,-0.01089588378,-0.0203023232,-0.03430285051,-0.02220427937,-0.02829581994,-0.04333803669,-0.04432132964,-0.03706889959,-0.04077328647,-0.01076419068,-0.07952636733,-0.02763902764,-0.05435720449,-0.05376344086,-0.0568383659,-0.008030933968,-0.04465116279,-0.02544333076,-0.03951612903,-0.05444077555,0.01084698823,-0.01664122137,-0.04631043257,-0.1007142857,-0.03045369795,-0.04851851852,-0.06499321574,-0.05209097579,-0.06690391459,-0.0404040404,-0.06394431327,-0.01609828426,-0.02370820669,0.01622137405,-0.05163511188,-0.03367512142,-0.02164179104,-0.05814905815,-0.02868617326,-0.02423900789,-0.004751871326,-0.1012084592,-0.004255319149,-0.05458362491,-0.01263062072,0.0008802816901,-0.04899598394,-0.034038164,-0.07138344915,-0.08608695652,0.009658725048,-0.06741136474,-0.01444043321,-0.04019734969,-0.04469635657
-0.004598065641,0.01616915423,0.01269146608,0.0574309186,0.01568627451,0.003651115619,0.02253668763,0.02217683105,0.007815213616,0.02073192717,-0.002763751155,0.0009487666034,0.01437699681,0.0152173913,0.0005558643691,-0.01635145784,0.02169811321,0.01410528588,0.07754688292,0.0299757549,0.01754385965,0.05337286879,0.02390688298,0.03388494878,0.029,0.04168023445,0.03783783784,0.0548663981,-0.01254589963,0.02123998037,0.002450898551,0.01651527663,0.0463269358,0.01474926254,0.01642512077,0.03150747484,0.006962257237,-0.0007772370911,0.06382910127,0.01865431104,0.0200729927,0.01704545455,0.05320150659,0.06056971514,0.01217137293,0.05261075949,0.009235936188,0.02525071633,0.02785388128,0.04292811675,0.0144076841,0.09690230342,0.000641025641,0.02296613468,-0.008503845596,0.0286377709,0.05644546148,0.005614035088,-0.002600763239,0.02368137783,0.008717310087,0.01314553991,-0.01996370236,0.01340332849,0.007627765065,0.04173913043,0.0109273479,0.02368573079,0.01826539176,0.04369747899,0.02621082621,0.05255366395,-0.0008451299387,0.05364995602,0.04814189189,0.009076348105,0.07551020408,0.007611798287,0.02168367347,0.04027358261,-0.009768009768,0.04520890998,-0.002776474176
0.002548582351,0.04553243574,0.006050129646,-0.004731972597,-0.01193401193,-0.1303556993,-0.03126601743,-0.02026834142,0.007926934344,-0.04697986577,-0.01910665359,0.004739336493,0.01102362205,-0.009635974304,0.05722222222,-0.02783897456,-0.01385041551,-0.06291026505,-0.0429601756,-0.07789428633,0.009926854754,-0.004926108374,0.02615350323,0.003048780488,-0.01093294461,0.01094091904,-0.01128472222,-0.09304516549,-0.01115587233,-0.03757264322,-0.01588189837,0.1080422421,-0.04048070841,-0.02117940199,0.02091254753,-0.01356917392,0.02401746725,-0.04751597957,-0.03817922841,-0.01046157497,-0.0313059034,0.005586592179,-0.03352704515,-0.04608425219,-0.01106301106,-0.07628711011,0,-0.043930131,-0.009107063527,0.01496092296,-0.03471856917,0.04923968139,-0.01409352979,-0.02283105023,-0.07157075113,-0.0173062453,-0.01227436823,-0.009071877181,-0.01305082747,0.01472134595,-0.001851851852,0.02409638554,-0.07407407407,-0.03560013226,-0.008327024981,-0.005843071786,-0.1171487,-0.06094808126,-0.04161957981,-0.02254428341,-0.01971127152,-0.03023909986,0.01280301428,0.02671118531,-0.04633360193,-0.007142857143,-0.04111321948,0.03021718602,-0.03807740325,-0.02409638554,0.01541307028,-0.004129886507,-0.03181581607
0.0347950429,0.02575509248,0.03135738832,0.03164916265,0.03765541741,-0.1739484081,0.04867724868,0.002913752914,0.04530689007,0.01742031134,0.0307868354,0.05566037736,0.07788161994,0.04108108108,0.004729374672,0.04449938195,0.02528089888,0.05403256342,0.08519003932,0.002088651659,0.03673047077,0.009900990099,0.0282021577,0.04939209726,-0.0379513633,0.06462585034,0.05443371378,0.1072033636,0.01222187402,0.05738747196,0.01893395792,0.07404692082,0.09624258405,0.05388205346,0.03351955307,0.03352129715,0.03340440654,0.03106803011,0.008822454407,0.04580610348,0.04709141274,0.01984126984,0.05550416281,0.01985773563,0.03988326848,0.08726606998,0.02662229617,0.02758746689,0.03003810805,0.04691013983,0.0310626703,0.09937888199,0.03963612736,0.03582554517,-0.03802377274,0.03522205207,0.06067251462,0.02957746479,0.01850745476,0.003730569948,-0.01144094001,0.02262443439,0.004,0.0424,-0.01641221374,0.02434928631,-0.03937789543,0.05528846154,0.04390256614,0.07166392092,0.02803738318,0.03843364757,0.02778779539,0.04390243902,-0.027460921,0.05755395683,0.02506596306,0.03666361137,-0.0175210902,0.05030607708,0.03764420158,0.02108328849,0.05841250533
0.01228312606,-0.009358593928,-0.006663890046,0.01939744119,0.03046901746,-0.01673934449,0.01942482341,0.03660662406,-0.004252535165,0.0320582878,-0.005179537552,-0.007149240393,-0.0151734104,-0.008307372793,0.004184100418,0.005917159763,0.05753424658,0.05226856342,0.05374396135,0.08314034275,0.00499001996,0.01260504202,-0.01415443118,0.02244750181,-0.009191880506,0.02933488237,0.1740216486,0.05752004825,0.002476780186,0.02993193852,0.09198716458,-0.006825938567,0.03247143716,0.0134863124,0.02072072072,0.006664275331,0.04057771664,0.02617170013,-0.003123321215,-0.05390892239,0.008818342152,0.03190661479,-0.0008764241893,-0.004068584714,0.002338634238,0.02394761459,-0.0113452188,0.03120277358,-0.004352557127,0.0009573399958,0.02061310782,0.02071563089,-0.02875,-0.04060150376,0.01950116351,-0.02292899408,0.01860785665,0.02120383037,0.07527862869,0.01527978526,0.03002815139,-0.06283185841,0.03386454183,0.02357197676,0.01358168413,0.06639344262,0.08508439545,0.04897494305,0.03076673448,0.03920061491,0.002754820937,0.02164804469,0.02295517923,-0.04361370717,-0.0004344048653,0.007558578987,0.02380952381,-0.02740937224,0.0429326288,0.01396848138,0.06026916325,0.01782669354,-0.005347786878
-0.03079023206,-0.01082949309,-0.04109014675,0.00971659919,-0.06212624585,-0.1180257511,-0.02400395942,-0.05184977578,-0.02710249671,-0.02206141899,-0.04350456392,-0.04230423042,-0.03521643434,-0.04712041885,-0.0109375,-0.01568627451,-0.07167530225,-0.1001297283,-0.0670487106,-0.07098567458,-0.02035749752,-0.02282157676,-0.0377156327,-0.06869688385,0.01494652751,-0.06743792325,0,-0.07383507245,-0.01482396541,-0.0983304907,-0.04602505369,-0.02199312715,-0.0559114735,0.003972194638,0.001765225066,-0.035538802,0.01123595506,-0.06954931374,-0.09649342674,0.06944332229,-0.07517482517,-0.03770739065,-0.03596491228,-0.007295010213,-0.01773215119,-0.0752786406,-0.0393442623,-0.06146551724,-0.02469945355,-0.04103293832,-0.04609010875,-0.0221402214,-0.01287001287,-0.1038401254,0.04118176558,-0.03785011355,0.01217861976,-0.0770261219,-0.05250939508,-0.03904820012,-0.008199210446,-0.00566572238,-0.008670520231,-0.01531705227,0.04134762634,0.008455034589,-0.05714285714,-0.0792616721,-0.06399544706,-0.09319526627,-0.0260989011,0.02187286398,-0.02724220104,0.009771986971,-0.05171664494,-0.07726931733,-0.0207416719,-0.1045454545,-0.003166561115,-0.04781477795,-0.06015452539,-0.04118184587,-0.007775482421
-0.06697965571,-0.009783368274,-0.04241364233,-0.06508954825,-0.09139213603,0.08126520681,-0.07327586207,-0.07715045817,0.03039000507,-0.01155026169,-0.02722640056,-0.02913533835,-0.03954372624,-0.04615384615,-0.01790416008,-0.02848605578,-0.08781395349,-0.09165749839,-0.1153255528,-0.1033371692,-0.04004054739,-0.04458598726,-0.04570760494,-0.03954372624,-0.01218738098,-0.03872919818,-0.01560283688,-0.1047061909,-0.03103448276,-0.07554781147,-0.05964847387,-0.04813773717,-0.06724244294,-0.02057368942,-0.0008810572687,-0.07198553289,-0.04150326797,-0.08969758174,-0.07766997025,0.03913421222,-0.08733459357,-0.09090909091,-0.0432211101,0.004997060553,-0.0432304038,-0.1088717645,-0.06996587031,-0.04978414623,-0.01904975347,-0.04157240507,-0.03637350706,-0.06289308176,-0.0371577575,-0.07433318758,-0.09902121221,-0.08182533438,-0.08221925134,-0.04499274311,-0.05795914712,-0.05714285714,-0.01775872627,-0.0009496676163,-0.08746355685,-0.02610682041,-0.01801470588,-0.06631097561,-0.1562289562,-0.1025943396,-0.04505232927,-0.08564437194,-0.05133991537,-0.0127090301,-0.02470166843,-0.008064516129,-0.03437213566,-0.0593495935,-0.03337612323,-0.03756345178,-0.001905972046,-0.07085525428,-0.02172636524,-0.06922294936,-0.02710416106
0.06071787991,0.04398964949,0.05479452055,0.05053609721,0.08576998051,0.196969697,0.06402188782,0.08263933376,0.06062592168,0.1367536973,0.0599251441,0.06389157793,0.09817893903,0.06221198157,0.01233243968,0.01681361493,0.08912910463,0.1572484651,0.07706995313,0.1468172485,0.0696937698,0.07407407407,0.05670614317,0.03008709422,0.01619329135,0.08844822159,0.00144092219,0.08340869432,0.03849886768,-0.02470792722,0.07400524927,0.103728313,0.1316137566,0.04019390022,0.04144620811,0.08217915139,0.05523354927,0.08484716417,0.04962853791,-0.01281398815,0.08947804474,0.04137931034,0.02853067047,0.0181339573,0.03078450844,0.05764966741,0.06880733945,0.09608506525,0.02810143934,0.0535786802,0.03549295775,0.05973154362,0.005416384563,0.04487482286,0.1144962303,0.04970008569,0.02767662054,0.04863221884,0.05476819438,0.06554433221,0.0720074813,0.05418250951,0.09158679446,0.03618898693,0.04904530139,0,0.07142857143,0.185282523,0.04156929684,0.1632471008,0.07195955992,0.06842818428,0.04136854925,0.03495934959,0.1086853346,0.03169115529,0.06108897742,0.007383966245,0.05665181413,0.06301041704,0.02941176471,0.08505409741,0.0649122807
-0.01470588235,0.008787742226,0.02857142857,0.008709260393,-0.01831238779,-0.02782303547,-0.01542813062,0.0201183432,-0.006179514908,-0.04802441375,0.004039729837,0.009099181074,0.002162941601,0.02548806941,0.03601694915,-0.01451905626,-0.0393258427,-0.04886675328,-0.01740531829,-0.02506714414,0.01776900296,0.01310344828,0.03053055816,-0.02075326672,0.008726444922,-0.03238866397,0.003597122302,-0.004655564634,-0.008411214953,-0.004820128737,0.00752710579,0.00635451505,-0.01578024547,-0.001941747573,-0.005927180356,-0.01109454567,-0.005169628433,0.06391293233,-0.02364100066,0,-0.04847908745,-0.005794701987,0.01109570042,-0.01493823614,-0.01782273603,-0.01341719078,-0.009442060086,-0.01331687098,-0.01555555556,0.01209318012,0.004896626768,0.01963267891,-0.002693602694,-0.02983725136,-0.07235324867,-0.02612244898,0.002834868887,0.01086956522,0.01923101686,-0.007583737097,0.007269555103,0.007213706041,-0.0843902439,0.02188207395,0.00892219843,-0.03428571429,-0.06927374302,0.01219512195,0.009780841517,0.01226993865,0.01303744799,0.04819277108,-0.007290867229,0.002356637863,-0.0004280821918,-0.01312482547,-0.02440550688,-0.07643979058,-0.02168674699,0.01246286748,-0.003498542274,0.01459532572,0.04122559139
0.04204782539,0.01965601966,-0.01346801347,0.05153456998,0.04169714704,0.07502900606,0.02768346827,0.0150812065,-0.02813617286,0.1135481694,0.0312507914,0.03065825068,0.02302158273,0.019566367,-0.0536809816,0.04153877635,0.02826510721,0.1063975108,0.0989010989,0.07139577594,0.05334626576,0.004084411164,0.01705418051,0.07770800628,-0.00852557673,0.0612671847,0.009318996416,0.08367832655,-0.004398366321,0.04292633536,0.06322037191,0.1502160186,0.09798099762,0.03988326848,-0.005110732538,0.04054900732,0.01493991556,-0.006316295355,0.06236058934,-0.03083976212,0.1058941059,-0.09075770192,0.0141746685,0.03295421406,0.07994114762,0.0790480238,0.06759098787,0.09608509117,0.05191873589,0.02775331445,0.114239307,0.09813664596,0.008777852802,0.09832246039,0.02774463007,0.04442581727,0.03604240283,0.04301075269,0.07106986969,0.06962428359,0.004041570439,0.01432408236,0.06872669153,0.0302742616,-0.01874778918,0.00338123415,0.08923569428,0.1106243154,0.007889279596,0.09393939394,0.06982475356,0.01451905626,0.03758720342,0.005485893417,0.07408993576,0.09677419355,0.07312379731,0.1428571429,0.02709359606,0.0828611898,0.03276770041,0.07412804216,-0.006202209709
0.04728168797,-0.04140197152,-0.0409556314,-0.007890178972,0.003862359551,-0.00923372107,0.004828462516,0.0002857142857,0.04254638516,0.09757575758,-0.04410500724,-0.01399825022,0.002109704641,-0.05860995851,-0.02377093463,0.02946954813,0.07393364929,0.08964949585,0.02985074627,0.1163488322,-0.0423572744,-0.01423728814,-0.03178059101,0.01238164603,0.008093070309,0.05012672487,0.01420454545,0.03352661638,0.006311139161,-0.004774531965,0.006213157274,-0.04073967062,-0.01297998918,0.03928905519,-0.03339041096,-0.02735911186,-0.00832,0.05568798148,0.009669376394,-0.05193966336,-0.0325203252,0.03754578755,0,0.01411631846,0,0.03465931469,0.01785714286,0.02454538041,0.01180257511,-0.05213182334,-0.01943634597,-0.02771493213,-0.01941097724,-0.007212558337,0.01325592646,0.07062600321,-0.01091405184,-0.04742268041,0.02172682236,-0.03730898988,0.002875215641,0.04236540159,0.008973080758,0.1299273062,-0.02198990627,-0.05054759899,0.04775900073,0.02268244576,0.007067137809,-0.0540166205,0.02047606859,-0.001788908766,0.02361226916,0.04754481684,0.1072567783,0.02992776058,0.04423191871,-0.01488095238,-0.01498800959,-0.0116478246,-0.06288951841,-0.09435432662,0.009657675903
-0.01367647059,0.02947897623,0.02491103203,0.02650976335,0.004896817069,0.04756717502,-0.03641881639,0.005427020851,0.01411475913,0.03506350083,-0.02479447656,-0.01952085182,0.02666666667,-0.05454545455,0.008301051467,0.0286259542,0.03618711386,-0.02602920811,0.001594202899,-0.03358925144,-0.002884615385,0.01169188446,-0.02734707941,0.008633093525,0.01480180632,0.04585679807,-0.002801120448,0.001966801654,0.01787394167,-0.00900520511,-0.0083248386,-0.04156626506,-0.01095890411,-0.01080108011,0.01417183348,-0.04006500164,0.03710874476,0.001505284859,0.02394193738,-0.002645078551,-0.001867413632,0.007060900265,-0.03246167719,-0.03173719376,-0.06993642144,-0.03540159878,-0.01036682616,0.0199777141,-0.02672322375,-0.03611219703,-0.00396432111,0.003490401396,-0.03071672355,-0.009829059829,0.04688693659,0.0712143928,0.01379310345,-0.01226551227,-0.004028999561,0.007008864152,0.01576834862,0.02032176122,0.05928853755,-0.02383109822,0.02653888684,-0.04259094942,0.1276297335,0.009643201543,0.01541194759,0.08418740849,-0.04715324806,0.02329749104,0.05077989601,-0.004464285714,0.04069139359,0.00751503006,-0.01144819691,0.01611278953,0.007303712721,-0.03885300142,0.01269649335,-0.01638142589,0.02010143987
-0.02415386909,0.003773584906,0.05729166667,-0.008377425044,-0.08214410024,-0.05314846909,-0.006299212598,-0.03238636364,0.0004538577912,-0.07428647639,0.01930986338,0.004524886878,-0.06220095694,-0.007575757576,0.02360043908,-0.01391465677,-0.05451448041,-0.04983034416,-0.04297496744,-0.08798411122,-0.01157184185,0.004758667573,-0.0524843852,-0.04350927247,-0.01483312732,-0.03102564103,-0.006320224719,-0.03728535267,-0.06130622304,-0.1119828397,-0.0709681993,-0.03519798869,0.01052631579,-0.03548680619,-0.02096069869,-0.006207174526,0.008711885501,-0.01880411697,-0.1242526071,-0.07705135418,-0.06604303087,0.003505696757,-0.04520037279,-0.04370327775,-0.0517578125,-0.04932912391,-0.03303787268,-0.04853687085,-0.01634342994,-0.08278833967,-0.02885572139,-0.03884057971,-0.01338028169,-0.07596029348,-0.1232022865,-0.04058782365,-0.06734693878,0.005113221329,-0.05308149711,-0.03029682702,-0.01778154107,-0.01991701245,-0.1231343284,-0.01002506266,-0.01472172352,0.03521779425,-0.1461442786,-0.04202483286,-0.0234075259,-0.07900067522,-0.04158989208,-0.03911266783,-0.08858650833,-0.01046337818,-0.07716262976,-0.05967180507,-0.07122177186,-0.1105054509,-0.03262839879,-0.03894826569,-0.02328358209,-0.01176165635,-0.07501277883
-0.02337662338,-0.0369305617,0.007799671593,-0.01467318808,0.0121350019,-0.04673581452,-0.006075013207,-0.01409277745,-0.003477997883,0.003313643567,-0.0003165957557,-0.02522522523,-0.01239067055,-0.002935995302,-0.01662198391,0.009407337723,0.02882882883,0.002992891882,-0.001209555488,-0.004790940767,-0.008780487805,-0.03044654939,-0.00196772924,0.0007457121551,0.01367628607,0.0351944959,0.001413427562,-0.06751541523,-0.008204791598,-0.04994871116,0.0008775276612,0.0674267101,0.04714912281,-0.01132075472,0.004460303301,0.003569110967,-0.006785934608,0.006893221665,-0.003814231661,-0.02111587609,0.1348157051,0,-0.002928257687,0.01202645821,0.01441812564,-0.01888750519,0.006666666667,0.02878700894,0.00420912716,0.008318593854,-0.04047131148,0.01025331725,0.004996431121,-0.009808500701,0.006380691473,0.01750547046,0.006564551422,-0.0101744186,-0.01584581393,0.03673210893,0.05316091954,-0.03979678239,0.01808510638,-0.01125175809,0.04664723032,0.0393912265,-0.0262199563,0.02392821535,0.00380707412,0.03372434018,-0.01180994232,0.0467800729,-0.004813695507,-0.01208459215,-0.002624671916,0.005023796933,-0.02306733167,-0.03509749304,0.005621486571,0.01995633486,0.008557457213,0.004295081967,0.003663195642
-0.003441802253,0.02135476464,-0.001629327902,0.01489169675,-0.01798426377,-0.02803379416,-0.02152537869,-0.003573555688,-0.01638846737,-0.0145031591,0.006947922894,-0.01848428835,-0.009594095941,0.01707891637,-0.002726281352,0.02143522833,-0.009632224168,-0.04794683124,-0.02406902816,-0.04814004376,0.03838582677,-0.02163293789,0.04755520505,-0.04321907601,0.006560217849,-0.02479550102,-0.000705716302,-0.01748688337,-0.01886168101,-0.1340055379,0.01077523221,0.03082087275,-0.03141361257,-0.003816793893,0.008880994671,-0.01068946007,0.02267080745,0.001521340102,-0.03674916531,-0.01176418262,-0.01500441306,-0.05589519651,0.004894762604,0.02941176471,0.009137055838,-0.02877089063,0.01324503311,0.0208067602,0.002867857931,-0.03856379334,0.03150026695,0.01074626866,-0.001420454545,-0.001886792453,0.05885393336,-0.0164874552,0.01666666667,0.03083700441,-0.01795420341,-0.006923233557,-0.009549795362,0.005291005291,0.007836990596,-0.02152678995,0.008356545961,0.02067183463,-0.008975317876,-0.002921129503,0.008554145446,0.01205673759,-0.002501389661,-0.01392919327,-0.004036877421,-0.001529051988,-0.04323308271,0,-0.03573707722,-0.08775981524,0.01242236025,0.0110037125,0.01696969697,0.004929646437,0.02523684015
0.04050235479,0.04091726619,0.01917584659,0.04033538716,0.03548264021,0.07072303437,0.05676262901,0.05260011955,0.03054612774,0.06192627131,0.0530143295,0.0395480226,0.0476900149,0.01795020266,0.01585565883,-0.008211678832,0.03978779841,0.062186131,0.08887854816,0.07931034483,0.01232227488,0.04065620542,0.01987502823,0.06152647975,0.02016724053,0.04482306684,0.001412429379,0.06785718548,0.08768971332,0.1468991313,0.0720454574,0.09709887507,0.02432432432,0.03831417625,0.02376760563,0.0323944525,0.008806559368,0.05628663419,0.08267018579,0.04761690445,0.04928315412,0.0138760407,0.06137359961,0.0380952381,0.03219315895,0.08582008277,0.06699346405,0.06513080828,0.05631324241,0.09196647471,0.03519668737,0.03130537507,0.05618776671,0.08270321361,0.08145400111,0.0167638484,0.07769066287,0.06481481481,0.08322409458,0.0356776707,0.02424242424,0.0298245614,0.08553654743,0.0579569684,-0.0006906077348,0.01518987342,0.08037735849,0.06640625,0.0694833307,0.06236860547,0.04569517972,-0.007651559741,0.03078271348,0.02067381317,0.03379174853,0.05577479611,0.06221045665,0.164556962,0.03067484663,0.08310175996,0.01907032181,0.03703463063,0.02637237832
0.02278213639,0.02505399568,0.02682145717,0.002503358163,0.05268975682,0.02349323493,0.01387818042,0.03208404316,0.008832335329,0.06490120746,0.01697885491,-0.009963768116,0.02062588905,0.005688282139,0.04144241119,0.03311867525,0.05102040816,0.00264896221,0.0311965812,0.05793397231,0.003745318352,0.03427004798,0.02319701779,0.02494497432,0.01783992285,0.03687907677,0.009873060649,0.02603715603,0.03286821705,-0.02189083513,0.02500058632,0.09282245008,0.06068601583,-0.008302583026,0.007738607051,0.03749134435,0.03220951234,0.007909463219,0.06460921667,0.03787000043,-0.000853970965,0.02281021898,-0.02111060119,0.01390047262,0.01510721248,0.03791374122,0.003062787136,0.02353544981,0.02457309454,0.02336570593,0.003,0.04238258877,0.008754208754,0.04583151462,0.03680187771,0.03082437276,0.04497354497,0.002675585284,0.0209584164,0.01029499109,0.02850995159,0.01533219761,0.003820439351,0.01758886039,0.0196959226,0.0174563591,0.02864128537,0.05769230769,0.01903450558,0.05540897098,0.03250732747,0.05634638197,0.01101723436,0.04576144036,0.02508551881,0.0583104909,0.03364485981,0.07608695652,0.009523809524,-0.003909590715,0.02105263158,-0.03098176806,-0.0003404084902
0.002507744505,0.01285292878,0.005847953216,0.02369206407,-0.007700385019,-0.01129671914,0.02129277567,0.01898211829,-0.007271108473,-0.002576987502,0.02519142305,-0.0009149130833,-0.009756097561,0.01979638009,-0.008785529716,-0.0124666073,0.01294498382,-0.03197110561,-0.004282359442,-0.01308637004,0.002798507463,-0.0112657389,-0.01359906213,0.04366499642,0.03623874941,0.02467940963,-0.01117318436,0.005075285213,0.00210147103,-0.03924925382,-0.004456011898,-0.02296296296,0.01094527363,0.02697674419,-0.01791808874,-0.006712433257,-0.005540974045,-0.01000310174,0.01310462317,0.02280770743,-0.01282051282,0.02140945584,0.07454289733,0.04825884288,0.05760921747,-0.01565519907,-0.0320610687,-0.003581661891,-0.03231707317,-0.0110206893,0.01894317049,0.03516483516,0.0347129506,0.03881469115,-0.01872006966,-0.02364394993,0.02088607595,0.0173448966,0.01595872605,0.01646090535,0.03059623431,-0.02097315436,-0.013320647,0.03880086424,0.03795323619,0.05147058824,-0.001018675722,0.02943722944,0.02351542566,0.0525,0.02012903226,0.04042672656,0.02021759316,-0.0143472023,0.06488691138,0.006592889098,-0.006630500301,0.01212121212,-0.01238207547,0.03443517724,-0.03264604811,0.02350240843,-0.04156487948
-0.02751618599,-0.003536509257,-0.01356589147,-0.03016420752,0.01058201058,-0.01811109761,-0.0007446016381,-0.00161987041,-0.01943198804,-0.02028161736,0.004282486239,0.007326007326,-0.009852216749,0.007210205214,0.002606882169,-0.02073940487,-0.01677316294,-0.008325848131,0.0276082131,-0.004283965728,-0.01302325581,-0.02278820375,-0.01011135287,-0.01234567901,-0.008,-0.0585596222,0.002824858757,0.01515438838,0.03774715398,-0.008750816307,0.00658465534,0.03487490523,0.02263779528,-0.02989130435,-0.022589053,-0.003378897251,-0.03958944282,0.01948774183,0.03471375956,-0.01159473077,0.01645021645,-0.005240174672,0.01439790576,-0.009155113785,-0.001361779392,-0.006086785784,0.011829653,-0.001437814522,-0.008191556396,-0.02749761395,-0.0362035225,0.05944798301,-0.01161290323,-0.001607071113,0.001745045844,0.02279202279,0.009299442033,-0.00262295082,-0.01234324362,0.02702911124,-0.009642222786,-0.01970865467,0.002892960463,0.0684634717,-0.01501795625,-0.0101010101,-0.01801495581,0.005046257359,0.02713391314,-0.02019002375,0.02099671136,-0.0215866163,-0.004567856714,-0.03202328967,0.003830083565,-0.01543859649,0.01941747573,0.07085828343,-0.02268656716,0.001897139469,-0.02901124926,-0.01370814908,-0.04064187013
-0.01407172038,-0.02087682672,-0.0184675835,-0.0003067296485,0.0006980802792,0.06486754147,-0.008941877794,0.008923742564,-0.02073170732,-0.03309599156,-0.01137805773,-0.007272727273,0.03624733475,0.004405286344,-0.01248049922,0.01933701657,0.03249390739,-0.03522034489,-0.00175509653,-0.02560950625,-0.02356267672,-0.03635116598,-0.0445712808,-0.03263888889,-0.008410138249,-0.01454727866,-0.005633802817,0.008208620653,-0.01125866051,-0.02129842262,-0.03271361459,-0.01953601954,-0.01828681424,-0.01307189542,-0.001777777778,0.003390352905,-0.01709923664,-0.04459195747,0.05329438238,0.02888670515,0.004258943782,0.01755926251,0.001720430108,0.03009503696,0.01409090909,0.002765705255,0.01792673422,-0.007199424046,0.008894536213,-0.01384578658,-0.01776649746,0.02805611222,0.02480417755,0.004828973843,-0.03215329652,0.006267409471,-0.0085995086,-0.01051939513,-0.01136188547,0.05744105722,-0.002562131694,0.01048951049,-0.05528846154,0.02035850434,-0.01723566457,0.01412872841,-0.02353755625,0.02426778243,-0.02616888418,0.02363636364,-0.01387512389,-0.007722007722,0.01454275709,-0.01729323308,-0.002428026361,-0.02066999287,0,0.01118359739,0.02443494197,0.01730820438,0.001829268293,-0.0106641901,0.09215397388
0.01580724371,0.01855010661,0.03963170536,0.02233676976,0.02546215556,0.005231341548,0.01278195489,0.0276065398,0.02568493151,0.006409382245,-0.02071856957,0.01923076923,0.007544581619,-0.01644736842,0.003159557662,0.0298102981,-0.01101494886,-0.005019137719,0.05288071409,-0.00126156434,0.005791505792,0.02277580071,0.006805219913,0.007896625987,0.02161031718,0.01679816747,0.004249291785,0.06044933352,0.03883211679,0.04963024935,0.01190279483,-0.05056039851,0.01666666667,0.04068117313,0.0124666073,0.01944785747,0.02858030444,0.009633787413,-0.02248791275,0.01227689675,0.08481764207,-0.01207937877,0.001288106483,0.03972321886,0,0.07663514578,0.03215926493,0.03712835388,0.02749790092,0.228166438,0.03359173127,0.01169590643,0.006369426752,0.03804565479,-0.03395363026,0.02975778547,0.04337050805,0.0146179402,0.05286763178,-0.0422495207,0.001541227845,0.01557093426,-0.04885496183,-0.01049284579,0.0155143339,-0.000773993808,-0.05423608649,0.03594771242,0.02921717458,0.04499703967,0.04195979899,0.02501389661,0.01207277674,0.01912777353,-0.0392906815,0.03226589034,0.01726190476,0.04423963134,-0.002385211688,0.02658213122,0.007303712721,0.03593046969,0.04813495792
-0.002266203354,0.02449235922,0.004235656527,0.03595438175,0.02823129252,-0.0004625881809,0.02400395942,0.01956181534,0.01957808469,-0.0216802168,0.01439824419,0.01976639712,0.01837985024,0.01114827202,0.01522309711,0.00350877193,-0.007955449483,-0.03033932136,0.04816955684,-0.02505263158,0.004798464491,0.04453723034,0.01833822993,0.04273504274,-0.01523939497,-0.00450563204,-0.004231311707,0.0169827427,0.03962900506,-0.04871278058,0.02727543112,0.04695697796,0.01928640309,0.01272727273,-0.01934916447,0.03568671023,-0.02778616732,0.02494583917,0.0523944634,0.02687030703,0.02423768569,-0.03231441048,0.03387650086,0.01971900419,0.01030927835,0.0417200366,-0.001483679525,-0.02740875402,0.02451481103,-0.0008760019272,-0.0135,-0.0640655106,0.003164556962,-0.0007716049383,0.02115767202,0.002016129032,0.005344418052,0.01113294041,0.05185769971,0.01223309609,-0.0105155168,-0.004258943782,-0.04012841091,0.1288560411,-0.01195616074,-0.005422153369,-0.02136431784,0.01577287066,0.002228973351,-0.009631728045,0.001446829033,0.01247288503,-0.008954973118,0.0007507507508,-0.00217155266,-0.005875440658,-0.001170275015,0.02118270079,-0.0005977286312,-0.002096436059,-0.016918429,0.018592007,0.02777075618
0.01211387038,-0.005925623212,-0.01303680982,-0.01483284084,-0.02084022494,-0.008099039685,-0.01256645723,0.001534919417,-0.01756475141,-0.05817174515,-0.009848873292,0.0449339207,0.04344919786,0.02315325248,0.0310237849,0.02097902098,0.01363271852,-0.02728395524,0.03137254902,-0.01965018355,0.01241642789,-0.01532311792,-0.00854201237,0.01707650273,-0.004157523964,0.007794820216,-0.001416430595,0.03065927755,-0.04244390376,0.07243361937,-0.02416122623,-0.02480581308,-0.02743614002,-0.01256732496,0.001793721973,0.02323805368,0.007145076111,0.05941686612,0.03400431126,0.01265289715,0.04732824427,0.04332129964,0.02571547076,0.03045685279,0.02573203194,0.04760231864,0.008172362556,-0.02961897915,0.0149551346,-0.003090614177,-0.03953370502,0.05609881626,-0.01451104101,0.02471042471,-0.07483687417,0.01810865191,0.02126402835,-0.02396373057,0.009345258571,0.006591957811,0.005443234837,0.02994011976,-0.08918617614,-0.01359237119,0.006050420168,-0.05607476636,-0.1072386059,0.02562111801,-0.002580956931,0.06693363844,0.004093426439,0.01660417783,0.002271686982,0.02250562641,0.01487123685,0.01891252955,-0.003514938489,0.1054451167,0.00956937799,0.002356347945,-0.0086047941,0.00493895331,0.04319010028
-0.0197486535,-0.01623843782,-0.04895104895,0.0283479386,0.0277027027,-0.0108480112,-0.004405286344,0.02962962963,-0.05696969697,0.02352941176,0.03130425412,-0.02360876897,-0.002562459962,-0.02801724138,0.001504513541,0.0102739726,-0.007911392405,-0.02774143902,-0.03041825095,0.003964757709,-0.01132075472,0.001353179973,-0.005724718994,-0.01276024177,-0.006146352777,-0.007984031936,0.005673758865,-0.007772575952,-0.003105590062,-0.02682436194,-0.007469719711,-0.07528263104,-0.02529182879,-0.02181818182,0.03849597135,0.03466965206,0.01172115978,0.003374165628,-0.02114102828,-0.03498922536,-0.001457725948,-0.04844290657,-0.04690659118,-0.01477832512,-0.03157439446,-0.03739101274,-0.006632277082,-0.03719069492,-0.003929273084,0.003100195686,0.0110817942,-0.0126705653,-0.01536491677,0.01733232856,-0.04953705251,0.03886693017,-0.01214574899,-0.01393497014,-0.01439673646,-0.01709961435,0.003351379221,0.01661129568,-0.06670746634,0.05699444485,-0.02906782492,-0.03382838284,-0.01673101673,0.01514004542,0.005494596246,-0.04664879357,-0.0002398081535,-0.01159114858,-0.02477968911,0.04255319149,-0.02430307362,0.02320185615,-0.01234567901,-0.03049257232,-0.01599526066,-0.01707876625,-0.02231866088,-0.003357855856,-0.03411138195
0.05173992674,0.02298370247,0.02450980392,0.02579353732,0.04207758054,0.04716981132,-0.004916420846,0.005209625403,-0.01124678663,-0.01393678161,0.0153192428,0,0.01862556198,0.05376940133,0.02854281422,-0.01016949153,0.02472089314,0.04424393526,0.06151960784,-0.04256252742,0.02385496183,0.01148648649,0.03269061556,0.01836734694,-0.02823803967,0.05331991952,0.02679830748,0.08747366046,-0.03143585387,0.1014607768,0.07894027314,-0.02472909141,0.02994011976,-0.003717472119,-0.03275862069,-0.07185916702,0.01768292683,0.008085386359,0.07498575157,-0.01296742473,0.04306569343,0.06727272727,0.01527365295,-0.01619047619,-0.04689593569,0.02961156593,0.02818991098,0.02246845183,0.01183431953,0.03480776818,0.01513569937,0.02171767029,-0.04746423927,0.01888888889,0.06949182346,0.001902346227,0.04742388759,-0.01615074024,0.02347184165,-0.001110453065,-0.02055498458,0.009803921569,0.09508196721,0.1683161559,-0.05333792154,0.02305721605,0.09554973822,0.06487695749,0.005820479546,-0.01237345332,0.02398656752,0.02771855011,0.01231441654,-0.001407459536,-0.03626373626,-0.01315192744,0.04821428571,0.02338709677,0.005418422637,0.02236053481,-0.07292327204,-0.01699898925,-0.002274318893
-0.01059352779,-0.02001633987,-0.02551834131,-0.005463871543,0.007570977918,0.01058558559,0.002964426877,-0.005429417572,-0.01982450439,0.01806790034,-0.01453066218,0.008635578584,0.06746532156,-0.02524986849,-0.02677702045,0.0102739726,-0.03035019455,-0.01121764505,-0.0003463403371,-0.03024747938,0.01957129543,0.01536406146,0.006520088169,-0.01870407482,0.0148895293,-0.03581661891,0.001373626374,-0.01008117019,0.03070175439,-0.03282451702,-0.01680809222,0.001709401709,-0.03730620155,0.0009328358209,0.03743315508,-0.01648748173,0.0116836429,-0.01068921506,-0.01730065184,0.01401099446,-0.005598320504,0.004258943782,0.01379022148,-0.02250726041,0.01077788191,0.02723735409,0.005050505051,-0.009105960265,-0.01169590643,0.005104850667,-0.02416452442,-0.01449275362,-0.001365187713,-0.02689930934,-0.01624412219,0.0246835443,-0.03074343208,-0.009575923393,-0.02752025882,-0.01704587564,-0.005771248688,0.0145631068,-0.07904191617,-0.01542326342,0.01235914213,0.0183639399,-0.006371963361,0.00700280112,-0.03002819907,0.02505694761,-0.0185055048,0.01607883817,-0.03498612206,0.0281888654,-0.02508551881,-0.009650735294,-0.02101078932,0.05594956659,-0.03353293413,-0.01003382187,0.0170998632,-0.02234062442,-0.01454429556
-0.04106776181,0.005418924552,0.02086743044,-0.04563291849,-0.02943018159,-0.03944729218,0.04088669951,-0.01861042184,0.01293103448,-0.08501502791,0.01616342112,0.01369863014,-0.03544004725,0.01133297356,0.00100050025,-0.01525423729,-0.03611556982,-0.04407650148,-0.03337567848,-0.05860113422,-0.01736745887,0.008552631579,-0.002778851285,-0.002042205582,-0.001774727875,-0.02724120852,-0.006858710562,-0.03595107835,-0.01872340426,0.09167215273,-0.06074017593,0.09129692833,-0.04579768495,-0.001863932898,0.002577319588,-0.01087488241,-0.02428190702,0.01957162335,-0.003975375389,-0.1139054702,-0.03729767769,-0.006785411366,0.02720527617,-0.06511512751,-0.04357904497,-0.04841897233,-0.06460875808,-0.05035315562,-0.03905325444,-0.0567743567,-0.0105374078,0.008823529412,-0.07860560492,-0.02689577886,-0.01764882843,-0.01852995676,-0.01672433679,-0.0179558011,-0.01572345253,-0.01964110684,-0.04538258575,0,-0.02730819246,0.03554263336,-0.0197486535,-0.01557377049,0.01402805611,-0.0438108484,-0.019396334,0.06444444444,-0.04653937947,-0.08167432363,-0.01968965272,0,-0.03781676413,-0.02923433875,-0.01160092807,-0.04179104478,-0.001239157373,-0.05879170937,0.03026227303,0.008700640597,0.0144123682
-0.003670847354,-0.03254560531,-0.01843687375,-0.04094219925,-0.02483870968,-0.006380510441,-0.03028868907,-0.02958280657,-0.01047463175,-0.05302674801,-0.04492422231,-0.02871621622,0.03490508267,-0.04215581644,-0.05297351324,-0.02409638554,-0.0532889259,-0.02610159978,-0.0339307049,-0.03313253012,-0.007441860465,-0.007175472929,0.01948770946,-0.02796725784,-0.0005926277113,-0.08604887984,-0.006906077348,-0.0232778636,-0.03469210755,-0.09055995937,-0.02043637604,0.01876465989,-0.008438818565,-0.03641456583,-0.03941730934,0.02963554744,-0.05614567527,0.02914617663,-0.01938033116,0.01267807841,-0.01900584795,0.00170794193,-0.04695024077,-0.0005296610169,-0.02326708677,-0.02353755625,-0.02686108979,-0.02407229687,-0.01457307061,-0.01324932413,-0.007987220447,-0.03206997085,-0.02225519288,-0.01381957774,-0.01680901017,0.02580239144,-0.004692082111,0.005625879044,-0.03408313011,-0.006921745818,-0.004975124378,-0.04944178628,-0.05013368984,0.03426541371,-0.001465201465,0.00582847627,-0.03992094862,-0.05527272727,-0.02205789769,-0.01774530271,-0.01201501877,0.01056142301,-0.03296205741,-0.01439342015,-0.0141815235,-0.03991395793,-0.03403755869,0.02414330218,0.0117866005,0.1055688315,0.08877284595,-0.02549763033,-0.01805239962
0.02348787228,0.009856438826,0.01020824826,0.03576897164,0.05689712206,0.05078809107,0.04685212299,0.04507556019,0.003638769434,0.09184010572,0.01022524838,-0.006956521739,0.04970414201,0.03231197772,0.002638522427,-0.02557319224,0.07036059807,0.0002058460272,0.102275538,0.06749740395,0.04029990628,-0.0223390276,0.06550937658,0.05263157895,-0.003795066414,0.05961002786,0.01460361613,0.07680141679,-0.0251572327,0.08159561659,0.05030117045,0.01944231261,0.03670212766,0,-0.0008920606601,0.0534454092,0.01736334405,0.01222528048,0.06394743728,0.05190952911,0.02086438152,0.01619778346,0.06989473684,0.01934287228,0.02332506203,0.08543069833,0.02129337539,-0.02138818323,0.05602999375,-0.0109138665,0.05045625335,0.1134538153,0.01593323217,0.04593226937,0.1089807925,0.07239263804,0.05126694166,0.01818181818,0.07222151475,0.08174249758,-0.006944444444,-0.01006711409,0.109078114,0.06166204986,-0.008437270726,-0.02566225166,0.121037464,0.1216320246,0.04351897371,0.09670563231,0.05928553332,0.09405940594,0.02161251053,-0.00347705146,0.1097410604,0.01891959174,0.1014580802,0.1406844106,0.07786633967,0.02848231142,-0.0329736211,0.01043997017,0.03066181368
-0.001799910004,0.008699342245,0.012934519,0.02152445154,-0.01189358372,0.01855555556,0.01608391608,0.02368486662,0.005767963085,0.04114977307,0.03325887244,0.02714535902,0.03494926719,0.03561791689,-0.002631578947,0.002714932127,0.07641741988,0.03914385676,0.005048805116,0.0170233463,-0.005405405405,-0.0006720430108,-0.02050524098,0.03333333333,0.02857142857,0.03864353312,0.007539410555,0.03463940193,0.0153609831,0.03545326944,-0.03973286524,-0.004015056462,0.01334017445,0.01647286822,0.01428571429,-0.01639689248,0.03034134008,0.02415525618,0.02732494275,0.002736942503,0.08321167883,0.08305369128,-0.002754820937,-0.01273719782,-0.01891367604,-0.002775963423,0.02393822394,0.006699045386,0.006903353057,-0.009431802573,0.03832396525,0.009017132552,0.0141896938,0.01972459993,0.06322556485,0.02459954233,0.0033632287,-0.02815934066,0.007709586636,0.01288659794,0.05174825175,0.01271186441,0.1085025381,0.0118979283,-0.004069552349,-0.02209005947,0.04076386339,0.05902539465,0.04161432161,0.01259689922,-0.01195886152,-0.04474610357,0.03743423344,-0.002093510119,0.02962962963,-0.01417053506,0.0722559294,0.066,0.006825938567,-0.04373503591,0.04091754495,0.006481630034,0.01032920149
-0.01307287754,0.0361800589,0.00798084597,0.0100723589,0.04783021856,0.02345369259,0.03280568938,0.006088650755,-0.03735867606,-0.0283347864,0.007276090555,0.01960784314,0.01906318083,0.0260552371,0.03166226913,0.01624548736,0.02519083969,-0.04499722728,-0.01272605492,-0.08034433286,0.02173913043,0.01950235373,0.01569654503,0.01483870968,-0.004398148148,-0.01290812453,-0.002040816327,-0.004756096006,-0.009077155825,0.01638348096,-0.006799885676,-0.01209372638,0.00253164557,0.006673021926,0.05633802817,0.01110754529,0.02852760736,0.04097145476,0.04680742408,0.02096730837,-0.03638814016,0.01704105345,0.01420678769,-0.01816745656,-0.02718734553,0.02881938759,-0.01206636501,0.002495425054,0.02840352595,-0.007441645482,0,0.01161751564,0.03460972018,0.02226277372,0.004901673026,0.02233389168,0.006145251397,0.02897526502,0.04489925595,-0.02791914051,-0.007446808511,-0.01924686192,-0.02690326274,-0.004950750348,-0.01708766716,-0.02693310165,0.03916725476,0.00259235256,0.03219293145,0.03923444976,0.02033405955,-0.01105263158,-0.02196462335,0.01538461538,-0.03417266187,0.02478314746,0.04218106996,0.02814258912,0.001129943503,0.06710065098,0.0244192972,0.06723626741,-8.069510608e-05
0.01598660171,0.0227365002,0.01108471892,0.01088887615,0.009673518742,0.0116179919,0.01954686806,0.02469135802,0.01719148936,0.02916105877,0.01222400055,0.01588628763,-0.005879208979,0.01269680041,0.03734015345,0.00621669627,0.01265822785,0.02277063459,0.0341474446,0.05772230889,0.04609929078,0.01121372032,0.01974010007,0.009535918627,0.02069286213,0.02307692308,0.01772324472,0.03901639064,0.02687022901,0.03305126318,0.009418352298,0.09665901556,0.006060606061,0.01893939394,0.03083333333,0.01491774083,0.02087682672,0.00178668531,0.03608053582,-0.005346835443,0.008391608392,0.04493526276,0.03891050584,0.008313220703,0.04014227642,0.05268183989,0.02824427481,0.04248257551,0.02285714286,-0.00514575766,0.01771653543,0.01855123675,0.01423487544,0.07390217779,0.002950024827,0.03768432551,0.01332593004,0.01167582418,0.02538865186,-0.003635570421,0.02572347267,0.02645051195,0.02588235294,-0.01363047422,0.01662887377,-0.05982142857,0.03497453311,0.03749191984,0.02842939338,0.003683241252,-0.003795966785,-0.02714209686,0.02486088025,0.02272727273,0.01862197393,0.01039903265,-0.01085883514,0.02372262774,0.01523702032,0.0002346316283,0.004069767442,0.02261321544,0.02036383894
-0.02427693691,-0.0220325526,-0.02897415818,-0.03662339135,-0.01646706587,-0.01896533558,-0.01677559913,-0.0007087172218,-0.02208835341,-0.04533565824,-0.03238997155,-0.02469135802,-0.02795698925,-0.01554663992,-0.02958579882,-0.02383053839,-0.01764705882,-0.01983048785,-0.01891537284,-0.03957718781,0.0008474576271,0.006523157208,-0.02188656496,-0.005667506297,-0.03189066059,-0.01503759398,-0.01406563965,-0.02260639391,-0.01873327386,-0.005037988959,-0.02459420453,-0.01558139535,-0.02861445783,0.006505576208,-0.009700889248,-0.03634657817,-0.03125912942,-0.002377998346,0.003433358511,0.02512675368,-0.02843273232,-0.0138483965,-0.01348314607,-0.01861702128,-0.03517342452,0.008618082855,0.0007423904974,-0.01591849729,-0.02327746741,0.03505979825,-0.0251450677,-0.02515177797,-0.02245614035,-0.008643617021,0.01633758518,-0.02368421053,-0.01917808219,-0.02376103191,-0.02952359544,-0.002189301613,-0.01698014629,-0.01579384871,0.01662844037,-0.005674653216,-0.005204460967,0.001899335233,0.03379265092,0.004361370717,0.01785922608,0.01926605505,-0.006430102405,-0.02899343545,-0.02034412242,-0.004713804714,-0.02851919561,-0.02465294399,0.05588822355,0.02733214498,-0.01056142301,-0.005708030339,0.01215981471,-0.01945491193,0.009606871551
0.03271386884,-0.01826669373,-0.004838709677,0.06632142647,-0.008219178082,0.04467833745,-0.01772656769,0.01063829787,0.01505817933,-0.007762557078,-0.01049533573,0.01856540084,0.03595132743,-0.03362200713,-0.005081300813,0.02169981917,0.005988023952,0.05750930906,-0.02173186225,0.01100588687,-0.03386960203,0.0356448477,-0.02408834104,-0.01519949335,0.01094117647,0.03307888041,0.008152173913,-0.03018579106,0.03151515152,-0.1031864993,-0.006082858395,0.09851169383,0.05943152455,-0.007386888273,-0.004897959184,0.04815649509,0.006634499397,0.02923878122,0.00537681712,-0.0008739696097,0.0278372591,0.05247597931,-0.004555808656,0.0406504065,0.04556962025,-0.03267875881,0.01409495549,0.001617599482,0.001906577693,0.05044657999,-0.0248015873,-0.004448398577,-0.03015075377,0.03856472166,0.04965758331,0.01725067385,0.04357541899,0.0528511822,-0.01472052199,0.01206757844,0.03454690407,0,0.04286520023,0.05754597337,0.01270553064,-0.02559241706,0.0431609013,-0.06637717122,-0.0544863809,0.02700270027,0.02804410355,0.05014084507,0.03833003419,-0.01150202977,0.05118554761,0.0373006135,-0.01984877127,-0.03759398496,0.05617977528,-0.06010800042,-0.00171624714,0.05198558108,-0.04806100967
0.04625223081,-0.02708290263,-0.02350081037,-0.01015452539,0.004604051565,0.02950550015,-0.0200766975,-0.01847953216,0.004214430209,0.04463874827,-0.01462228454,0.0231980116,-0.02189001602,-0.008434370058,-0.01940755873,-0.05840707965,0.02678571429,0.1080594679,-0.001025290499,0.07037974684,-0.02541630149,0.01814768461,0,0.0006430868167,-0.04457116257,0.05591133005,0.001347708895,-0.002827210601,0.02643948296,0.05478130717,-0.008748231056,0.1064516129,0.05463414634,0.02976744186,-0.0147662018,0.001530893078,-0.01497902936,0.0208687334,0.05979132836,0.01314089183,0.07986111111,-0.004213483146,0.007246376812,-0.0078125,0.01694915254,0.01952580195,0.01389904901,0.0291505168,-0.009514747859,-0.03267608059,0.01831129196,-0.05361930295,0.0621761658,0.007103648692,-0.004122079057,-0.02437731849,-0.02676659529,0.01254953765,-0.01394508996,0.02312472901,-0.02260467506,-0.04898648649,0.04434829638,-0.07894868336,-0.01254612546,-0.01848249027,0.06936416185,-0.01063122924,0.02228312428,0.007449605609,0.0151550478,-0.01126609442,0.037694974,-0.03080082136,-0.01539563194,0.05228294299,0.04918032787,-0.04326923077,0.001595744681,-0.05402314879,0.1014326648,-0.001415949252,0.002111668346
-0.008955223881,0.008499787505,-0.02116182573,0.016558876,-0.03024747938,-0.007389654484,-0.03430018416,0.03455672069,0.01796206144,-0.04478707783,0.003783492542,-0.01133603239,-0.05622270742,0.02073365231,-0.04479166667,0.03665413534,-0.05144927536,-0.01987853965,-0.008438818565,0.04257332072,-0.01798561151,0.01659496005,0.0008771468168,0.01928020566,-0.01218026797,0.0132960112,0.009421265141,-0.01398479762,0.01030337722,0.05128184914,-0.02734773338,0.007774538387,0.02127659574,0.0243902439,0.01748542881,-0.03745813654,-0.005170316302,-0.01248967413,-0.00550509221,-0.01297044857,-0.009003215434,-0.01833568406,0.004165088981,-0.03044619423,0.02,-0.04970360237,-0.01082251082,-0.01255394272,-0.003842459174,-0.1391250167,0.05294705295,-0.02738432483,-0.03344947735,-0.05706957358,-0.02730188317,-0.007061379685,-0.02475247525,-0.02544031311,-0.02474396238,-0.01130103122,-0.01865965834,-0.01865008881,0.02537545313,0.02989204145,0,-0.001982160555,0.05945945946,-0.05439892545,-0.01975068052,-0.0956937799,0.01033532384,-0.0634834509,0.0007348643006,0,0.06945454545,-0.01753597122,-0.03952205882,0.01381909548,-0.01805629315,0.02261336164,0.003642039542,-0.03777437468,0.002552102435
-0.02380952381,-0.02865571007,-0.04323866045,-0.01431470411,-0.02331442974,-0.02444668008,-0.03647199046,0.0002303616678,-0.0004947229551,-0.0287471176,-0.01594287138,-0.01556101556,0.01503759398,-0.05416666667,-0.02726281352,0.001813236627,0.03284950344,-0.02247919594,-0.01552616446,-0.05444646098,-0.02747252747,-0.00423216445,-0.02113823988,-0.02585119798,-0.006905055487,0.01933701657,0.006666666667,-0.02158343183,-0.03116147309,0.007731359624,-0.01481763884,-0.004821600771,0.005434782609,-0.02557319224,-0.05155482815,0.01348940118,-0.02201161724,-0.02703073888,0.004151674509,0.01139142363,0.008436080467,-0.002873563218,-0.04977375566,-0.03492149432,-0.07703081232,-0.02031349968,-0.01604668125,0.002383790226,0,-0.01532854263,-0.0284629981,0.0427184466,-0.02090843547,-0.03094185651,-0.03587431309,-0.0136761488,-0.02143260011,0.01807228916,-0.003110355194,0.0542934705,0.0216925549,-0.01628959276,-0.06919191919,0.0163822166,-0.004110612855,-0.06057596822,-0.06874328679,-0.001420454545,-0.01186512883,-0.02886002886,-0.02432370993,0.006373117034,0.006675678833,-0.03389830508,0.03026181571,-0.01395881007,-0.03157894737,0.02850061958,-0.04326663061,-0.03185815194,-0.02229134266,0.01544356027,-0.01741445659
0.03732001175,0.06030368764,0.05361098804,0.01251947474,0.03032258065,-0.007012478086,0.033151905,-0.0009212344542,-0.02425342353,0.02200063311,0.01295852068,0.03826955075,0.05242165242,0.00936123348,0.1042600897,-0.0009049773756,0.05917159763,0.06467661692,0.08060747664,0.06094049904,0.0009416195857,0.008500303582,0.0008953032392,0.05048543689,-0.001489942886,0.03906955736,0.0119205298,0.06785543646,-0.002339181287,0.03511578759,0.03989732212,0.1841085271,0.06486486486,0.02986425339,0.008628127696,0.01176056338,0.03344795249,0.04491267692,0.02802278574,-0.007803593191,0.06435006435,0.02665706052,0.006746031746,0.009256661992,0.01062215478,0.1137959184,0.01779095626,0.04930638129,0.01542912247,0.04223873153,0.0283203125,0.08845437616,-0.01030927835,0.02701754386,0.05334385596,0.03438713256,0.02190201729,0.02432610125,0.02545613916,0.0142295704,0.02254259502,0.05795768169,0.041779707,-0.006841150557,0.04127579737,0.08033826638,0.0830449827,0.06330014225,0.006557342147,-0.01287766221,0.01351351351,0.02878526195,0.0191316169,0.06140350877,0.02607260726,0.0457182641,0.04940711462,0.1228915663,0.06161673262,0.0225729601,0.03075291622,0.08025193011,0.02207091018
0.00269121813,-0.01677577741,-0.01219512195,0.01324394131,-0.02097683156,-0.003011735383,0.01819923372,-0.03480866759,0.01589448766,0.01750038718,-0.04681549886,-0.04326923077,-0.004872766649,-0.0147299509,0.004568527919,0.03713768116,0.002094972067,-0.006403599862,0.01232432432,0.001130710086,-0.0169332079,0.02588801927,-0.0143835984,0.03080714726,-0.01939815966,-0.01325798739,-0.01832460733,0.005314299222,0.03223915592,-0.004198327858,0,0.06546644845,0.02791878173,0.02636203866,0.0119760479,0.01393819169,0.02934059286,0.05204534011,0.004021807132,0.00437823167,0.05562273277,0.0301754386,-0.003153330706,0.01028349083,0.001001001001,0.007622398124,0.02112163146,0.0007554581854,0.03798670465,-0.03873860259,0.0009496676163,0.01625320787,0.02604166667,0.008541168432,0.01442961401,-0.03914209115,0.03553299492,0.00513478819,0.01621027567,-0.01068947087,-0.002819789797,0.004347826087,0.021875,0.05061837917,-0.009009009009,-0.04403131115,-0.01783812567,-0.00602006689,-0.009877692173,0.05368790768,-0.005517241379,0.01566871852,0.01516112765,-0.004132231405,-0.01640398842,0.02130492676,-0.0197740113,-0.006974248927,0.03354632588,0.00958122197,0.02674897119,0.0141056987,-0.0247312986
-0.004944201158,0.01955888473,0.01787994891,-0.002223668511,0.001279181324,0.0240625,-0.02116650988,0.03463100072,0.007490013316,0.01293759513,0.003967015406,0.005025125628,-0.009249183896,0.01439645626,-0.008590197069,-0.01048034934,-0.001393728223,0.03703187598,-0.07913284921,0.05353512537,0.004784688995,0.01115023474,0.03376109488,0.005379557681,0.0486938879,0.01806167401,0.004,-0.07064790672,-0.03038046564,0.02071196009,-0.03718818611,-0.08294930876,-0.01893004115,-0.03339041096,0.01944209637,-0.04659424394,0.004701733764,-0.02742012677,-0.06542193342,-0.03653004063,-0.03264604811,-0.006811989101,0.02530644524,-0.02365887208,-0.009,-0.0733197556,0.04921540656,0.009889031479,0.01463860933,-0.00712713552,-0.02087286528,-0.009259259259,-0.02755620015,-0.0487804878,0.003884344995,-0.03125,-0.001089324619,-0.01851851852,-0.05832432108,-0.03444084279,-0.01542416452,0.01991341991,0.01529051988,-0.04102716932,0.04109090909,0.07164790174,0.01789102738,-0.06393001346,0.001543432401,0.002857142857,0.05224225613,-0.01377410468,0.008540982293,0.01244813278,0.04316546763,-0.02433724468,-0.02017291066,-0.02971366829,0.003091190108,0.009230680474,-0.001002004008,-0.008292708775,-0.0159008413
-0.03747870528,0.004897959184,-0.01212881639,-0.02897211502,-0.002555094219,0.006408300275,-0.004084574724,0.01500461681,-0.01007764745,-0.06897069872,-0.03676829477,0.001666666667,0.0005491488193,-0.004366812227,0.006116207951,0.007943512798,-0.006978367062,-0.007457672669,-0.0004638756813,-0.03173241852,-0.07952380952,0.01044689495,-0.02294874721,0.006539833532,-0.02249093108,0.009086975335,0.04515272244,0.02484853687,-0.03689604685,0.003628313577,-0.002454295984,0.03350083752,-0.003355704698,-0.02657218778,0.02736318408,-0.011214314,-0.00526469728,-0.004980916489,0.01952557612,0.01263153585,0.03256364713,-0.02400548697,-0.01889703047,-0.02395040857,-0.003027245207,0.04662480377,0.0421481985,-0.0127821797,0.0522993688,-0.05172595799,0.01744186047,0.01869158879,0.08202833706,-0.01923076923,0.07324450258,0.03168202765,-0.02835332606,-0.01106050748,-0.01799775626,-0.005595188138,-0.007832898172,0.005093378608,0.07831325301,0.009323043456,-0.03318197695,-0.04775549188,0.05299600533,0.01150251618,0.05508334489,-0.003323836657,0.02394551845,0.00782122905,-0.01128094315,0.01571038251,-0.04388714734,-0.03184855234,-0.02450980392,-0.04565701559,0.06317411402,0.03212621831,0.03610832497,-0.01618978921,0.03940288016
-0.0302359882,0.002640129976,-0.006773920406,0.02524630542,-0.02689721422,0.005659995957,0.003860072376,-0.005003411417,-0.005340453939,-0.01533247256,-0.01293264824,-0.005823627288,0.008781558727,0.006030701754,-0.03546099291,0.004378283713,-0.01546029515,-0.03719623638,-0.02308852535,-0.03077945084,0.008794619762,0.00919012062,-0.02258922474,-0.02776137035,-0.01261751608,0.007504288165,0.05908513342,0.01520448243,-0.01155366373,-0.03463682426,0.03380538174,-0.04376012966,0.02356902357,0.002729754322,-0.01937046005,-0.02756185032,-0.01146721552,-0.02166387224,-0.009809371219,0.03655257465,0.05103211009,-0.001405481377,-0.03577044025,-0.03031177829,-0.01771255061,-0.01424928754,0.002609262883,0.01370485349,-0.005998286204,-0.00976845152,0.04761904762,0.000834028357,0.07787732598,-0.06753812636,-0.02785182928,0.001675041876,-0.06734006734,-0.03815789474,0.01293490855,-0.0316500211,-0.03263157895,-0.01182432432,-0.04934823091,-0.05655052086,0.01083815029,-0.02106318957,0.02579666161,0.009239516702,0.006742004609,-0.01953311101,0.02274190088,0.1053215078,-0.02426560391,0.01412239408,0.04032786885,-0.016563147,0.004020100503,0.08809801634,-0.008695652174,0.002520007754,-0.05517909003,0.009613034623,0.01609573138
-0.01140684411,-0.04152319222,0.01150895141,-0.02069342069,-0.03652517275,-0.0767839196,-0.02114876232,-0.04662857143,-0.02466442953,-0.006228487133,-0.01917738344,-0.02175732218,0.007616974973,0,0.01785714286,-0.03138622493,0.0249821556,-0.04351952754,-0.05581947743,-0.04386566141,-0.03230769231,0.02276607854,-0.02125429774,-0.06196840826,-0.03244800802,-0.06363055969,-0.01139772046,-0.0734682357,-0.01599507844,-0.05072051159,-0.05291332484,-0.1093220339,-0.05592105263,-0.04718693285,-0.02551440329,-0.02250219967,-0.03271861987,-0.04373235356,-0.02688448493,-0.04041270894,-0.06164757229,-0.005629838142,-0.03587443946,-0.008633521882,-0.03760947965,-0.0597991479,-0.04229017567,-0.001493875112,-0.04224137931,-0.01638514938,-0.01636363636,-0.06416666667,-0.0358056266,-0.007398753894,-0.03695481849,-0.01282051282,-0.02767749699,-0.02667578659,-0.06545757765,-0.04031086578,-0.01741022851,-0.02393162393,-0.0009794319295,-0.0338319282,-0.00464617584,-0.0768442623,-0.02317554241,-0.06267605634,-0.03087380395,-0.0563654033,-0.06586951961,-0.03460381143,-0.03580486841,-0.04376657825,0.04506775922,-0.05637426901,-0.03603603604,0.02198391421,-0.01949317739,-0.05248328822,-0.03227459016,-0.01412087469,-0.004374431664
-0.02492307692,-0.01183431953,-0.02739148757,0.005686886708,0.02459016393,0.01153929893,-0.01399459858,0.04435387197,-0.01789093411,0.001979218209,-0.001303489752,-0.01625320787,-0.02051835853,0.002179836512,-0.01135190918,0.04050405041,0.006963788301,-0.01716343857,0.02075471698,-0.0109916368,0.02702702703,0.01725097385,0.02455243928,-0.001295336788,-0.00466140101,0.02454545455,0.005461165049,0.006772241776,0.01625507971,0.04555591443,0.01820328319,-0.01807802093,-0.01219512195,-0.01238095238,0.04307432432,0.02047304414,0.007995079951,0.00772305312,0.02471858912,0.03764304153,0.006976744186,-0.02901627742,0.03171247357,0.02702702703,0.04068522484,-0.009062955171,-0.01494565217,-0.0210203471,0.002700270027,-0.01465798046,-0.0009242144177,0.01335707925,-0.002652519894,-0.007453903492,0.0365559322,-0.01976284585,0.02165841584,0.02319044273,0.07289074967,0.0128661167,-0.01024363234,0.01488616462,0.04117647059,-0.01013342341,-0.001795332136,-0.00332963374,0.04164563352,0.02704733283,0.02460527952,0.01184346035,0.004266786436,0.02753246753,0.002271795573,-0.00346740638,-0.03015681544,0.01958353991,0.03322949117,0.001049317943,0.04771371769,-0.007725497056,0.02223398624,0.004392426475,0.01073990596
0.03108236037,0.02972626176,0.02296360485,0.01025612596,-0.004,0.0269048644,0.06499003984,0.02754820937,0.006305832895,-0.002469135802,0.03980665814,0.01304347826,0.001102535832,0.02882001088,-0.01878914405,0.02422145329,0.002074688797,0.01002168873,0.05459026494,0.02464363373,0.02476780186,-0.00875273523,0.01934360103,-0.01361867704,0.01040718095,-0.03571428571,0.01207000604,0.02560330702,0.01045832052,0.0931363175,0.0009262797883,0.08236434109,0.02469135802,0.003857280617,0.01214574899,0.01336236018,-0.01464307505,0.002354175463,-0.0118269854,-0.001743354685,-0.06928406467,0.0138483965,0.03729508197,0.03304093567,0.04115226337,0.04001306549,0.01034482759,0.03300985711,0.01346499102,-0.0218645788,0,0.007908611599,-0.004654255319,-0.02964426877,0.01993564084,0.01036866359,0.007268322229,0.004807692308,-0.01061408138,0.02764701487,-0.04251748252,0.01553062985,0.06120527307,0.01296707047,-0.02805755396,0.03296213808,0.01574993942,0.02779809802,-0.003629965925,0.0106870229,0.01788908766,0.0242669363,0.006799938647,-0.0006958942241,0.029539801,0.007050814491,0.0391959799,0.0214884696,-0.01897533207,0.02306313717,0.007250129467,0.003015075377,0.04981213222
-0.009028309105,0.051298027,0.03134265142,0.005871700598,-0.05287817938,-0.01645357367,0.04606032266,0.02345844504,0.007832898172,-0.004620462046,0.03231802451,0.02145922747,0.04460352423,-0.0005285412262,0.04255319149,0.01351351351,0.004830917874,-0.01399481673,0.04650619304,-0.01344022636,0.001007049345,0.004415011038,0.0189945139,0.03813280736,0.01390498262,0.01909362779,-0.01013714967,0.0712930518,0.01126331811,-0.02099243061,0.02002277963,0.02685765443,0.01118760757,0.05283381364,0.044,0.03792873546,0.026625387,0.008233026563,0.02250084977,0.07613515953,-0.009925558313,0.02228612509,0.02133544054,-0.03113501274,0.01086956522,0.03156407035,0.01979522184,0.03787262371,-0.00708591674,-0.02680027275,0.06290471785,0.04446381866,-0.01736806947,0.008146639511,-0.004719764012,0.02451539339,0.004810583283,0.01845522898,0.02896707797,0.01017959718,-0.03125912942,0.02039082413,0.0248447205,0.05642580428,0.03330866025,0.1006899526,-0.008110687023,0.01352313167,0.03273290035,0.05287009063,-0.007908611599,0.03455083909,-0.005264405173,0.02646239554,0.03563877982,0.03935296958,0.01063829787,0.04976911237,0.02611218569,0.01444489116,-0.01696658098,-0.004360071494,0.03877490655
0.01914762199,-0.01797708416,0.006160164271,-0.0105837425,-0.0554770318,0.01182738412,-0.004693786321,-0.008731717966,0.02469775475,0.03381962865,-0.01276569278,0.001680672269,0.005798629415,0.006874669487,-0.0005102040816,-0.01666666667,0.02335164835,0.0591393812,0.01116569897,0.06190248566,0.01710261569,0.01043956044,-0.02483627827,-0.05446485117,0.003682539683,0.02189616253,0.001807228916,0.03929701766,0.02046959663,-0.01883096801,0.01358347397,0.01569311247,0.02382978723,-0.0200729927,0.009961685824,0,-0.0205066345,0.02624449283,0.01170516104,-0.01367565005,-0.04135338346,-0.01758087201,0.0007736943907,0.05024832019,0.02003910068,0.01674531892,-0.01472556894,0.03435250517,-0.02497769848,-0.01319036159,-0.03916449086,-0.0325542571,-0.01087695445,-0.04404040404,-0.04316899049,0.01446855871,-0.01496110114,-0.01946308725,0.01043117623,-0.0100770172,0.01598311218,0.002497918401,-0.1047619048,-0.0534119898,0.006805157593,0.0430950049,-0.1224146224,0.04283707865,-0.03468267733,-0.02152080344,-0.0115146147,-0.03101145038,0.01587679741,-0.02306648575,0.0180810732,-0.01788617886,-0.01913875598,-0.0376344086,-0.02921771913,0.006454352442,0.02039748954,0.0208622331,-0.02852946861
-0.02454545455,0.01548984108,0.01306122449,-0.01328848699,-0.0202020202,-0.04875737152,-0.01616887492,-0.05307201057,-0.004719366257,-0.05660679923,-0.01477981478,-0.01090604027,-0.006813417191,0.009453781513,0.02807554875,-0.001694915254,-0.03959731544,-0.04800226894,-0.07210689046,-0.05896916498,0.01088031652,-0.003262642741,0.02000217218,-0.03281982585,0.01214574899,-0.08394079965,-0.0006013229104,-0.06726512242,-0.02949852507,-0.04825412391,-0.03723733874,-0.01201716738,-0.03075644223,-0.002793296089,-0.008345978756,-0.005567054457,-0.01416256158,-0.02500585978,-0.05506731272,0.001645344968,-0.03986928105,-0.03292770222,0.02087359876,0.0314325452,0.04456157163,-0.1067525079,0.009510869565,-0.08302900848,0.032936871,0.01179230722,-0.01177536232,-0.01121656601,-0.007560137457,0.01563820795,-0.004956095459,-0.02249040044,0.001822600243,-0.02395619439,-0.05470102302,-0.001454228168,0.005936479668,0.00415282392,-0.02804642166,0.07057436416,0.01209533974,-0.02159624413,-0.01151000274,-0.1218855219,-0.02478215725,-0.04447702835,-0.0008960573477,-0.009354997538,-0.03643338135,-0.008333333333,-0.04038957319,-0.02696310312,-0.01365853659,-0.006602336211,0.005825242718,-0.01591989424,0.006150691953,0.004822551423,0.01973452806
0.02454178316,0.02753565769,0.006446414182,-0.03179659123,0.03092783505,0.01981622938,0.01118466104,0.04837209302,0.02523285351,0.01818799932,0.0281262789,0.0203562341,-0.002638522427,0.02185223725,0.01489572989,0.0220713073,0.05101327743,0.0280415596,0.04784005712,-0.0002391772303,0.01761252446,0.01800327332,0.02319473283,0.03393351801,-0.01175,0.04485170002,0.004813477738,0.03870663205,-0.01367781155,0.06227001089,0.004024445745,0.05125977411,-0.005145797599,-0.01867413632,0.01071155318,0.02363094811,0.02123672705,0.01515803325,0.05484812569,0.03091489637,0.01429543907,-0.0177646188,0.03672851193,0.02642934196,0.02706422018,0.06000670466,0.02624495289,0.02862939585,0.02657218778,0.02117402978,0.03666361137,0.1090750436,0.01108033241,-0.01165210154,0.06504791294,0.03872053872,0.02668283808,0.02594670407,0.05022395465,0.03786499672,0.0005901445854,0.01985111663,0.08358208955,0.003146633103,0.006678383128,0.01823416507,0.05683393402,0.06671779141,0.03256733976,0.08081841432,0.02533632287,0.04572564612,0.04474731846,0.02591036415,0.03194029851,-0.01069518717,0.04648862512,0.03885480573,0.0250965251,0.03289793352,0.01986754967,0.0152467319,0.01537013283
-0.006367495452,0.006747638327,0.04523618895,0.01506406557,0.03740740741,0.004233608337,0.008803611738,0.03238686779,-0.01222332342,-0.01085141903,0.01033383608,0.01246882793,0.03597883598,-0.01120162933,0.03082191781,0.01993355482,0.02792553191,-0.05538651018,-0.009653605906,-0.007894736842,-0.03173076923,-0.00857449089,0.019182739,0.04688546551,0.02087022515,0.03115624279,0.008383233533,-0.009804169086,0.01047765794,0.01853994471,0.02249577476,0.02561983471,0.05862068966,0.008563273073,0.02800908403,0.01665235149,-0.01865443425,0.0005733373218,0.006495466174,0.01104626182,0.02080536913,-0.009042954032,0.002556610665,0.01944298476,-0.0008932559178,-0.01312460468,0.02950819672,0.01979691723,0.03623813632,0.04505527338,0.01768346596,0.01888276947,0.008219178082,0.01684210526,0.02808489007,0.02539168017,-0.007678676905,0.01708817498,0.04105677476,0,0.02713063993,0.02433090024,0.02662993572,-0.004391468005,0.02932960894,-0.01602262017,0.02072402938,-0.01725377426,0.02437791582,0.0553715097,0.02799037831,0.009980988593,0.0162570511,0.02457337884,0.02661266995,0.02383292383,0.01606805293,-0.004921259843,-0.001883239171,0.02603907244,0.006993006993,0.02925198496,0.03882457268
-0.01098565761,0.02259670624,-0.001531980084,-0.008699607665,-0.03962870403,-0.01740352394,-0.005146565227,-0.05178341212,0.03695652174,-0.09569620253,0.03670495679,0.03858784893,0.006128702758,0.01287332647,0.0237304224,0.0008143322476,-0.03104786546,-0.02956628447,-0.05149082569,0.00554617796,0.02581926514,0.01351351351,-0.000850890031,-0.02879078695,0.001362904225,-0.0188003581,-0.003562945368,-0.04694378814,-0.01280878317,-0.02372579296,-0.05244358879,-0.05560032232,-0.0496742671,0.003773584906,-0.03681885125,-0.01558647563,-0.05422249922,-0.05220608386,-0.02213765107,-0.01326297523,-0.02695595003,0.04030418251,0.00364298725,0.01082474227,0.02860974519,-0.03316776158,-0.02420382166,-0.03524355301,-0.01831806828,-0.003459317285,-0.01303214596,0.005405405405,-0.0006793478261,0.05838509317,0.004548825711,-0.126975764,-0.02083333333,0.006048387097,-0.008985654042,0.002806426717,0.002583979328,-0.02929532858,0.002683363148,-0.01197227473,0.02781546811,-0.0632183908,-0.007196093549,-0.1199707388,-0.02538659667,-0.03049327354,-0.003616251861,-0.01694117647,-0.002194059665,-0.02331778814,-0.01718794026,-0.0151187905,0,-0.03363006924,0.02452830189,-0.02144070768,0.003968253968,-0.002030044661,-0.0100303677
-0.008485035483,0.006928838951,0.03413885692,-0.01089824481,0.06468401487,-0.03531353135,0.01259559154,-0.02877860866,0.02999516207,0.01903695409,-0.01334865341,0.02845849802,-0.0152284264,0.002541942044,0.02410755679,0.00244100895,-0.02536715621,-0.0009088753655,0.00858420989,0.01199040767,0.02420135528,0.032,0.005143752555,0.01054018445,0.03365503588,-0.01003649635,0.001191895113,-0.005818697414,0.04726598703,-0.03124891134,0.002232292043,-0.006825938567,-0.01199657241,0.04887218045,0.01987767584,0.02611437079,0.0352553542,0.07020910274,-0.02405875998,0.03084846745,-0.07972972973,0.004385964912,0.006896551724,0.01402345742,-0.009995654063,-0.01276102088,-0.01566579634,-0.03578853579,-0.01187446989,0.02249189546,0.01672535211,0.04224270353,-0.02107409925,0.01838810642,0.008859575725,0.007845503923,0.0006079027356,-0.01336005344,0.008566209768,0.02448751137,0.02033218786,0.01549755302,0.04638715433,-0.007599914966,-0.002310231023,-0.03374233129,0.02381568729,-0.01496259352,-0.03012844204,-0.03006475486,0.00512382579,-0.03877453327,-0.00364292747,0.01978171896,-0.004013761468,0.0660331384,-0.03534883721,-0.03172978506,0.03406998158,-0.01510307574,-0.04545454545,-0.005390561432,0.02860157062
-0.02489497433,0.013762321,-0.02485163205,0.01931106472,-0.001745810056,0.03090432204,-0.01821412705,-0.02053196454,-0.021762956,-0.06831501832,-0.003529762245,-0.02690238278,0.004639175258,-0.0121703854,-0.01991851517,0.01136363636,-0.01164383562,-0.01993434323,-0.03308559099,-0.03127962085,0.01890359168,-0.02739018088,-0.02045277392,-0.02737940026,-0.006823078765,-0.02465437788,0,-0.03678937266,-0.02595870206,-0.05595512083,-0.005715009736,-0.05240549828,-0.01127493495,-0.01433691756,-0.005247376312,-0.04320144744,0.003182686187,0.005661373712,-0.0579995263,0.03145727069,0.01321585903,-0.02328966521,-0.001441961067,-0.001760120694,-0.01273046532,-0.04968944099,0.03315649867,-0.02933928846,-0.01115879828,-0.02679498331,-0.01471861472,-0.01915991157,0.002777777778,-0.04533230887,-0.04083524418,-0.03652694611,0.01822600243,0.004739336493,-0.007495108614,-0.0307314075,-0.05276452428,-0.01526104418,-0.0537084399,-0.08975526161,-0.01323188885,-0.001058201058,-0.07433628319,-0.02109704641,-0.04646343373,-0.01669051025,-0.00424808836,-0.0453187251,-0.008037155374,-0.01204013378,-0.009786989062,-0.0256,-0.03471552555,-0.08139534884,-0.01691896705,-0.01021379002,-0.0005175983437,-0.0268432355,0.0122648244
0.00606350726,-0.002017978353,0.001901863827,-0.01223189395,0.004547044421,0.01692477876,0.007013574661,0.02239161505,0.008162612036,0.0371535286,0.0011807552,0.01263823065,0.01282709082,-0.004106776181,0.002309468822,-0.005617977528,0.01663201663,0.02611081965,0.05802132408,0.03326810176,-0.0120593692,0.003188097768,0.019132631,0.002010723861,0.002772086296,0.01771793055,-0.006547619048,0.0373284785,0.001514233798,-0.007222306872,0.02457427615,0.03807796917,0.0149122807,-0.001818181818,0.0293896006,0.01612701811,0.005393401015,0.1136036146,0.02155150296,0.03125738397,0.008695652174,0.008941877794,0.02454873646,-0.002770780856,0.001778568253,0.05705705706,0.05905006418,0.03101943673,0.02604166667,0.0460704607,-0.01142355009,-0.03080390684,0.002077562327,-0.0185110664,0.02085452696,0.01429459291,-0.03102625298,0.01954177898,0.01912695364,0.01021630381,0.01688888889,0.01794453507,0.01351351351,0.08801553215,0.02547770701,0.04427966102,-0.005189838842,0.1310344828,-0.01468776859,0.04849660524,0.008745733788,0.04173187272,0.002955337871,0.02708192282,-0.008430232558,0.00328407225,0.07592407592,0.04027617952,0.01902173913,0.03641401148,0.005178663905,0.04056113067,0.01978238125
-0.007454401269,0.006617647059,-0.01214882308,-0.03392466306,-0.02576601671,-0.01903622321,0.004942709503,-0.001164958062,0.001270042864,-0.1110689917,0.01061124768,0.007020280811,-0.001013171226,0.01855670103,0.003686635945,-0.04842615012,-0.02385821404,-0.04086368284,-0.02788844622,-0.01799242424,0.008450704225,0.003177966102,0.005974912159,-0.01739130435,0.003605769231,-0.01114206128,0.0005991611744,-0.02677906152,-0.01965527669,-0.01635306035,-0.01463705217,0.01572052402,-0.01815038894,0.01275045537,0.003660322108,-0.003967766288,-0.007573366993,-0.02171219282,-0.03867250681,0.00649733233,-0.008620689655,-0.01329394387,-0.01867512333,-0.03965647891,0.0097647581,-0.002673796791,0.02424242424,-0.009233610342,0.001692047377,0.001378017859,0.016,0.01317829457,0.02349689012,-0.0352603526,-0.03358246139,-0.02328431373,-0.02647783251,0.03370786517,0.008888007142,0.01081043381,-0.01136363636,-0.03525641026,-0.02755555556,0.0213594333,-0.01601830664,0.007709474538,-0.02031850632,-0.01676829268,0.07446690298,-0.01063829787,0.01691689575,0.008512769154,0.005131770626,-0.03559657218,-0.0008795074758,-0.0009352349778,-0.01021355617,-0.05862831858,-0.009777777778,-0.03540740337,0.007212776919,-0.003307245645,0.08510905127
-0.01534036433,-0.01734842951,-0.01383551115,-0.02110534788,-0.03967119371,-0.02960745176,-0.01408450704,-0.00163284348,-0.01997780244,0.01556503198,-0.0008744885138,-0.01549186677,-0.009634888438,-0.01973684211,-0.05601469238,0.008481764207,-0.0006983240223,-0.01381883791,-0.01024590164,-0.02193828351,-0.005586592179,-0.02798310454,0.004235214714,0.002722940776,-0.02467065868,-0.005868544601,-0.001796407186,-0.01977677336,-0.03300431832,-0.01647670092,-0.01802334465,-0.01117798796,0.006161971831,-0.03057553957,0.009482129832,-0.04223291559,0.03084260731,-0.02013159517,-0.0005225124489,-0.005739930731,-0.05289855072,-0.02619760479,-0.0355475763,-0.04971067859,-0.02461538462,-0.02798257373,-0.01183431953,-0.01172724449,-0.01097972973,-0.01824737161,0.02449693788,-0.006120887529,0,-0.04207394815,-0.006032171582,-0.04265997491,-0.04427577483,-0.03452685422,-0.02496411225,-0.0196646657,-0.03743000295,0.00415282392,-0.01462522852,0.01016518424,-0.01727574751,-0.04368834306,0.01233183857,-0.05813953488,-0.07663827829,-0.0327255727,-0.01102100229,-0.02234359484,-0.007296024243,-0.005468215995,-0.007042253521,-0.009829159841,-0.04033771107,0.07168037603,0.01885098743,-0.001272588445,-0.003069053708,-0.0156032321,-0.07883919039
-0.0206101915,-0.01542464226,-0.005845674201,0.01309458554,-0.006698920729,-0.01805507942,-0.010430839,-0.009112149533,-0.01957612037,-0.01007768213,-0.01547377225,-0.01494885917,0.00204813108,0.005678884874,-0.01605058366,-0.01597981497,-0.01956673655,-0.02997920998,-0.002557544757,-0.05077643579,-0.00468164794,-0.002715915263,-0.01604610525,0.004752206382,-0.008104125737,-0.01629279811,-0.004199160168,-0.009429168313,-0.01913875598,0.004100928856,0.006115794174,-0.04173913043,-0.02449693788,-0.007421150278,-0.0137283237,-0.009974786978,-0.02190006169,-0.009483281284,-0.01516078271,-0.00505347856,-0.001530221882,-0.009992313605,-0.01489203276,-0.003321339607,0.002703920685,-0.02913290812,0.008982035928,-0.01343811395,-0.02476515798,-0.01267135769,-0.01793339026,0.02155504234,0.001350438893,-0.02750665484,-0.006743088334,-0.02817824377,-0.01720714758,-0.01125827815,-0.03062006514,-0.02146677928,-0.009185548071,-0.007444168734,0.002782931354,-0.03139412998,-0.00338066261,-0.02378947368,-0.002214839424,-0.004115226337,-0.003640069889,-0.01353310778,-0.02249789739,-0.02437785678,-0.02871837412,-0.01305841924,-0.03516548463,-0.01985346254,-0.02688172043,-0.07839912281,0.02290748899,-0.03131724997,0.003078501796,-0.04775750714,-0.002701546103
0.004473902237,0.01189127973,0.009408075265,0.009258145966,0.00412139378,0.02408937507,-0.01076993584,0.002829521339,-0.001320132013,-0.07953340403,-0.004153771467,0.01437699681,0.01124169647,0.01950718686,0.01087493821,0.01794871795,-0.0199572345,-0.05936816837,0.04224664225,-0.08880810179,0.02069614299,0.02941176471,0.02489711583,0.002702702703,-0.01832136667,0.007921267403,0.01626506024,0.02412980696,-0.006829268293,-0.002109237988,-0.01439637435,0.055353902,-0.01704035874,0.005607476636,0.01904761905,0.01931406265,0.02081362346,-0.003199057606,0.02441833923,-0.007232440784,0.03448275862,-0.006211180124,0.02003023432,0.02193835046,0.02112359551,0.02361505682,-0.01839762611,0.001593117731,0.007880910683,-0.0002839376473,-0.01652173913,0.02486812359,-0.03910991234,0.0871350365,0.02733824221,-0.03641267701,0.05925925926,0.0207635633,-0.02589708781,0.01222757678,0.010815822,-0.02083333333,0.02220166512,0.0673664845,-0.009837177748,0.07828337287,0.01748057714,0.06033057851,-0.01891320721,0.05732484076,-0.003226500323,0.01509630401,-0.01062448756,-0.01462395543,-0.02266462481,-0.005787316132,-0.03164239076,-0.06067816776,0.1188630491,0.02537269804,-0.05217391304,0.0144567244,0.0364521518
0.03431210822,0.0397313934,0.04349514563,0.007326661901,0.07313432836,0.05193181818,0.06092193653,0.06066306137,0.04097818903,0.1493087558,0.03871594797,0.02125984252,0.01313794846,0.02567975831,0.04792176039,0.03190596138,0.07127272727,0.1058603719,0.06291002812,0.1145625534,0.0009216589862,0.03756613757,0.01591162798,0.04986522911,0.01979823455,0.05882352941,0.007705986959,0.06917646841,0.04453176162,0.09058019775,0.07791809083,0.04815133276,0.09397810219,0.06505576208,0.007907979871,0.0684247,0.01606425703,0.1302035662,0.076162149,0.07006970545,0.09111111111,0.05,-0.01296776584,-0.003260869565,0.0136443662,0.08065915004,0.06469165659,0.07913154128,0.09383145091,0.04538612287,0.06277630416,0.09117647059,-0.004912280702,0.03441040705,0.04638454696,0.1168649405,0.04386522568,0.04133858268,0.06751850151,0.02984438286,0.00947722409,0.04,0.05520361991,0.04004866673,0.01918465228,0.032,0.05944914099,0.1153546376,0.05677931631,0.08619091752,0.05934397928,0.006666666667,0.04904872069,0.05724381625,0.1344406142,0.06475867087,0.04875518672,0.1000633312,-0.007698229407,0.04609726894,0.05558553697,0.05292738799,0.07344814575
-0.01834130781,0.01883745963,0.01042054336,-0.006090710189,-0.007301808067,-0.008101976882,0.01506550218,0.0006650410109,-0.01158730159,-0.1008420209,0.002006347567,-0.004626060139,-0.01945137157,-0.003927344134,-0.001866542231,-0.004882017901,-0.03530210455,-0.109449046,-0.0190675631,-0.08667859882,-0.008287292818,0.02090770015,-0.002476465379,-0.0513478819,0.01545690615,-0.05735492578,-0.1582352941,-0.01455820027,-0.05203761755,-0.1105683031,-0.01957619717,0.02953240361,-0.007506255213,-0.02181500873,0.003566333809,-0.006161881678,-0.01489814533,-0.04343458159,-0.0495904777,-0.04638784447,-0.05431093007,0.001488095238,-0.03340840841,0.005179934569,0.03690838037,-0.02407704655,-0.04145371948,-0.01186528116,-0.06671961875,-0.08930366506,-0.02163061564,-0.04716981132,-0.0119887165,-0.05557809331,-0.03641000729,-0.01754385965,-0.02923264312,-0.01197227473,-0.005476999105,-0.005174912026,-0.01665657177,-0.01800327332,-0.09005145798,0.01281926301,0.001008403361,0.01550387597,-0.04607464607,-0.01607267645,-0.05721983693,0.003412969283,-0.06926054186,-0.01884870097,-0.00949591034,-0.008021390374,-0.04419889503,-0.03917995444,-0.06973293769,-0.009211283823,-0.03180760279,-0.05153290639,0.005112474438,-0.03521465253,-0.03424126401
-0.03948009748,-0.02271526677,-0.01657458564,-0.04111137554,-0.04483362522,-0.006752341538,-0.008173800817,-0.01705804165,-0.03163642203,-0.07803790412,-0.01115918525,-0.04415182029,-0.04577822991,-0.0349926072,0.004207573633,-0.02125919869,-0.06755805771,-0.1123964648,-0.03191011236,-0.07698768197,0.001857010214,0.03646353646,-0.04628183417,-0.06630581867,-0.03799318071,-0.06466237175,-0.002795248078,-0.06134253655,-0.01818783069,-0.03099674363,-0.01905038572,-0.09322709163,-0.05966386555,-0.04281891169,0.002132196162,-0.02174323744,-0.01697530864,-0.04886831276,-0.07699790254,-0.03004981259,-0.08614501077,-0.02897473997,-0.02524271845,-0.04475183076,-0.003768844221,-0.04523026316,0.02606635071,-0.05988961814,0.02893617021,-0.09743436754,-0.03316326531,0.08769448373,-0.01641684511,-0.06142611684,-0.02997151572,0.01211734694,-0.04516938519,-0.01594387755,-0.02954252837,-0.04542932446,-0.03233754235,-0.03166666667,-0.04995287465,-0.05702873093,-0.01443922095,0.06106870229,-0.05018888289,-0.01917613636,-0.05597180134,-0.03103741497,0.00809805209,-0.03790238837,-0.02581995813,-0.0384097035,0.02803468208,-0.03058321479,-0.02286018075,-0.09529343405,-0.003205128205,-0.04329962073,0.01678535097,-0.02142276529,-0.1128708684
0.02774018945,0.02648648649,0.02134831461,0.03015449525,0.0297029703,0.04254385965,0.01496421601,0.03335587108,0.01326699834,0.09068923821,0.02025518813,0.02593192869,0.04904051173,0.02093973442,0.001862197393,0.01670843776,0.04150943396,0.1025440517,0.02599814299,0.1003942978,0.01204819277,-0.0004819277108,0.01299820714,0.05362318841,0.003797468354,0.05255102041,0.03573931324,0.03125234486,0.02357696194,0.06122242717,0.01284599287,0.08260105448,0.03127792672,0.04566635601,0,0.03570989659,0.03108320251,0.08355868037,0.05104180389,0.01622643403,0.07462686567,0.005355776588,0.05378486056,0.01107325383,0.01975620008,0.04272179156,0.009815242494,0.03419278064,-0.0008271298594,0.2262180208,0.01143359719,0.04031209363,0.02104499274,0.03661327231,0.005223221246,0.03465658475,0.03153745072,0.02333117304,0.08152551332,0.01562159413,-0.00732017823,0.02925989673,0.003968253968,-0.01281004389,0.0003407155026,0.01169064748,0.04261363636,0.02751629254,0.02919445713,0.04519526108,0.03582283977,0.04101457097,0.02650429799,0.02382620883,0.034579702,0.02714600147,0.05603917301,0.08798972383,-0.0008038585209,0.0592545875,0.03951975988,0.0327170418,0.04852121738
-0.0001645819618,-0.00719677023,-0.00733406674,0.04691923146,-0.06517094017,-0.03660075726,-0.02628205128,-0.02791712105,-0.03420621931,-0.0866962306,-0.02240650897,-0.02290679305,0.0162601626,-0.03451725863,-0.0343866171,-0.02958093673,-0.01449275362,-0.0522010497,-0.03133484163,-0.05871003308,-0.01923076923,0.01205400193,-0.0247949355,-0.05570839065,-0.0393442623,-0.04047503635,-0.05886332882,-0.04281569469,-0.02928594933,-0.1113015873,-0.04081712214,-0.06006493506,-0.03639514731,-0.04010695187,-0.0865248227,-0.009967284254,-0.07643118149,-0.04980866816,-0.08877550488,-0.0246753033,0.005116959064,-0.04185692542,-0.06200378072,-0.04773939905,-0.03709810387,-0.05154468858,-0.02344196684,-0.01925437251,-0.03642384106,-0.01380128309,0.02608695652,-0.08125,0.026297086,-0.07549668874,-0.03505415816,-0.004263093788,-0.005732484076,-0.03229892337,-0.03482694344,-0.03398197167,-0.03238217377,-0.02257525084,-0.08102766798,0.02476348033,-0.01941416894,-0.016,-0.06348773842,-0.02748414376,-0.052980446,-0.04408060453,-0.009641584573,0.03162260238,-0.03171833981,-0.03080082136,0.02173913043,-0.05238095238,-0.1375579598,-0.1015348288,-0.0193081255,-0.03314431528,0.06256015399,-0.04870138294,-0.03129465129
-0.1147325103,-0.08345120226,-0.09493904692,-0.04153722241,-0.1615238095,-0.1199781659,-0.1314461268,-0.1498765986,-0.1204880529,-0.2034474387,-0.09167433439,-0.05820533549,-0.151,-0.000518134715,-0.0375360924,-0.02540220152,-0.1213235294,-0.1917186331,-0.2088053252,-0.2017569546,-0.07983193277,-0.133873273,-0.084216037,-0.1289147851,-0.04988185876,-0.1586259156,-0.05104241553,-0.1824630252,-0.1322033898,-0.07291741087,-0.08252723134,-0.1986183074,-0.1519784173,-0.1142061281,-0.03959627329,-0.1331221642,-0.0280250577,-0.1592724726,-0.1621753284,-0.1331814346,-0.1629090909,-0.1572676728,-0.1253526804,-0.03951636685,-0.0573630137,-0.1761017244,-0.1364168618,-0.1531482206,-0.1340206186,-0.1060514951,-0.09915254237,-0.1673469388,-0.06717451524,-0.129417383,-0.1350496959,-0.1051987768,-0.09737347854,-0.1145287958,-0.1749916841,-0.1233429608,-0.07090788602,-0.04191616766,-0.1483870968,-0.1545757239,-0.02466134074,0.1102077687,-0.0968868199,-0.1768115942,-0.09223452655,-0.2195871761,-0.1805291005,-0.1110552764,-0.1317500901,-0.0007062146893,-0.1978723404,-0.1324120603,-0.1308243728,-0.296977661,-0.1181296144,-0.1599366587,-0.04891304348,-0.04374863626,-0.09876832545
0.01747861659,0.05324074074,0.04244897959,0.03229291717,0.04543389368,0.03386676591,0.06366851945,0.07046714173,0.08921001927,0.01280097531,0.05301871749,0.02060085837,0.05123674912,0.05339554173,0.019,0.04083405734,0.05355648536,0.04536476978,0.0904797048,-0.03925165077,0.03703703704,0.07315731573,0.039272852,0.07107023411,0.04932301741,0.06814770339,0.03560606061,0.1048257747,0.03125,0.03113350223,-0.001410208135,0.1217672414,0.09119830329,0.02767295597,0.02506063056,0.07499506222,0.05223880597,0.03716286577,0.0909725215,0.06696002648,0.05734144222,0.05278039585,0.06589861751,0.04359840344,0.03269754768,0.03509513742,0.09694915254,0.05661771497,0.119047619,0.06668501192,0.03292568203,0.1323529412,0.05122494432,0.04223806912,0.08533110326,0.04101161996,0.06316536551,0.07760532151,0.08388797285,0.064625132,0.06918687589,0.06964285714,0.01515151515,0.1114094761,0.01068376068,0.005695687551,0.06056701031,0.1126760563,0.0894690101,0.1378728194,0.1118285124,0.1068400226,0.03158165181,0.05583038869,0.1800397878,0.02809151462,0.1147766323,0.1523364486,0.0623255814,0.07463259678,-0.009523809524,0.04258414147,0.04461576348
-0.06615497076,-0.01098901099,0.0003915426782,-0.02860797767,-0.1160365059,-0.06359491241,-0.02874109264,-0.04536489152,-0.001592075004,-0.1706289497,-0.01334371868,-0.05719091674,-0.08795518207,0.002952755906,0.004906771344,0.002504173623,-0.07307386815,-0.2023380764,-0.0739036275,-0.2489499809,0.01859099804,0.001537672988,-0.009222588926,-0.09679937549,-0.005398288348,-0.1062394604,-0.08924652524,-0.07894210842,-0.02234848485,-0.07866931981,-0.06473937153,-0.05475504323,-0.05685131195,-0.02141982864,-0.02760252366,-0.02491410513,-0.0303030303,-0.08671042558,-0.1047051152,-0.06516661192,-0.1035332786,0.005371530886,-0.02680501513,-0.03059723448,-0.02638522427,-0.08108660131,-0.08776266996,-0.03339160839,-0.05673758865,-0.07604551839,-0.02276867031,-0.1406926407,-0.03036723164,-0.07894736842,-0.08458662709,-0.07091267236,-0.02937249666,-0.03566529492,-0.09176410496,-0.04284864114,0.006337558372,-0.03088480801,-0.1467661692,-0.1099060403,0.003523608175,0.1116504854,-0.1221142163,-0.04113924051,-0.01809128421,-0.1137487636,-0.07967479675,-0.05617977528,-0.03912102228,-0.03949129853,-0.1121101433,-0.07323943662,-0.08076448829,-0.1841038118,-0.09019264448,-0.05785285041,0.007692307692,-0.05851776872,0.0493770097
-0.01409001957,-0.0009259259259,0.009001956947,-0.006764036873,0.01524090462,-0.009994874423,0.03937393006,0.0111053719,-0.003720765415,0.07801161103,-0.01414063262,0.06333630687,-0.01105651106,-0.01177625123,-0.02099609375,0.002497918401,-0.01799485861,0.05980754996,0.02981584332,0.1123538383,0.008645533141,-0.01688843398,-0.005570257416,0.06309420916,-0.03203600741,-0.02012578616,0,0.04285404269,0.008136381248,0.02299689724,-0.0169336095,0.08333333333,0.01184956208,0.01250781739,0.003244120032,0.02811328221,-0.01662234043,0.07405524255,0.02171065993,0.03269760087,0.06049495875,0.02226179875,-0.006219458019,-0.0597875569,0.007226738934,0.03823071794,-0.04471544715,0.02631578947,-0.01503759398,0.01119935472,-0.008387698043,0.05541561713,0.001456664239,0.04971428571,0.1237335162,0.01060070671,-0.006877579092,0.02702702703,-0.02191507831,0.007875647668,-0.03215114352,0.0008613264427,0.06195335277,-0.06207021354,-0.01615168539,-0.07714701601,0.05397923875,-0.003300330033,0.001242036167,0.04520089286,-0.01968702675,0.03841991342,-0.01505333466,-0.004181184669,0.004430379747,-0.01185410334,0.01877934272,-0.002982107356,0.05197305101,0.0009309060819,0.01622137405,0,0.008768859114
0.001389440254,0.0007414272475,-0.01900698216,-0.0271801362,-0.04213075061,-0.05979808439,0.01505882353,0.001021711367,-0.02560910546,0.03163917873,-0.007484375648,0.01510067114,0.0149068323,-0.01042701092,0.0174563591,0.01162790698,-0.01483420593,-0.005447688225,-0.009792790236,-0.004570383912,-0.01142857143,-0.004164497657,0.0009304749144,-0.03333333333,-0.01189824945,-0.01444159178,0.0297188755,-0.002551886534,-0.009992313605,-0.02708890871,-0.005355764282,0.0009380863039,-0.03716904277,0.007000205888,0.008892481811,0.006634532559,-0.03211629479,0.03181975204,0.03837901938,0.01833579071,-0.05358686258,0.03397212544,0.01475189987,-0.02388637831,0.0331838565,0.01412973667,0.02269503546,-0.003524539607,-0.04828244275,0.0009510661144,0,0.001591089897,0.016,-0.003810560697,0.0088220607,0.01048951049,0.009002770083,0.06925207756,-0.02551234055,0.01891836315,-0.01678082192,0.00430292599,0.0768702814,0.04077432632,0.01748750892,0.06230283912,0.02921864741,0.02069536424,0.0477365779,-0.03256807261,-0.0007723995881,0.0005211047421,-0.01795546559,-0.006298110567,0.07498424701,0.04552445401,0.005266622778,0.1166500499,0.1308325709,0.001894526541,0.01690140845,-0.00586970419,0.04341196269
-0.02368681863,-0.005741804038,0.01028074338,0.003159459794,-0.04752275025,0.03386563877,0.006026889198,0.02908905333,-0.000365030115,-0.002936378467,0.01162301073,-0.01818181818,-0.006731946144,-0.02609131962,-0.003431372549,0.01149425287,0.006200177148,-0.08110955056,0.006163107353,-0.0463728191,0.01348747592,0.01515943544,0.004666641877,-0.007569386039,0.00678200692,-0.05828720287,0.05070202808,-0.01049169888,0.05201863354,-0.0743197123,0.02655110522,0.1059044049,-0.03860391327,-0.03741566142,0.004807692308,-0.002476103778,0.0097799511,-0.04454033678,0.02112406427,-0.02045589546,-0.05662100457,-0.01432181971,0.02555066079,0.04166666667,0.01519097222,-0.004222081486,-0.04230235784,-0.01954195773,0.0126328454,-0.05207503218,-0.003759398496,-0.0007942811755,0.01002147459,0.05519125683,-0.005059949401,-0.08096885813,0.06177076184,-0.01230569948,-0.02043368672,0.00282542886,-0.04005572971,-0.002570694087,-0.04588910134,-0.05326577272,0.0312171168,0.02598366741,-0.04178628389,0.01297648013,-0.009361388872,-0.02924944812,-0.01571759856,0.01041666667,-0.01282130563,0,-0.06213364596,-0.03648131803,-0.05435494434,0.2294642857,-0.01860841424,-0.002200371313,-0.02308402585,-0.05778674149,-0.01478431694
0.03786417623,0.02961997019,0.02152641879,0.01994689063,0.0525477707,0.08495339547,0.009216589862,0.03223406893,0.02154464123,0.0932591623,0.01552794044,0.01683501684,0.05298829328,0.00360638846,0.002459419577,0.01623376623,0.03257042254,0.07802827665,-0.001424501425,0.10158883,0.04467680608,0.02214212152,0.02883209653,0.04406779661,0.01113555128,0.04564315353,0.008166295471,0.0007767722892,0.0332103321,0.09377957782,0.002244624714,0.01101694915,0.06655665567,0.03971962617,0.02631578947,0.002482250087,0.01383604289,0.009564720845,-0.0258523719,0.07017244647,0.0968054211,0.01196581197,0.08505154639,0.04349206349,0.1188542112,0.02056391774,-0.04489500362,0.02083333333,-0.008910891089,0.03737834255,0.07169811321,0.1526232114,0.02763997165,0.04246504402,0.01873963516,-0.03012048193,0.04007756949,0.02491803279,0.05736808679,0.03541960153,0.01814223512,0.03264604811,0.03874415498,0.1249918413,-0.004081632653,0.02243125904,0.1025299601,-0.04403522818,-0.03966956479,0.07617964753,0.01020942408,0.0206185567,0.04263849157,0.03873239437,-0.0109375,0.03572519084,0.03878116343,-0.0290486565,0.009068425392,0.00975122321,0,0.009709942609,0.07203467738
-0.02210485133,-0.01972136783,0.01877394636,0.008416081376,-0.03025718608,-0.05571919489,-0.04474885845,-0.03939466731,-0.005004468275,0.05447470817,-0.003363474234,0.02235099338,0.0005851375073,0.01694045175,0.0441609421,-0.003993610224,-0.04347826087,0.021551113,-0.1542082739,0.03015734266,0.03457688808,-0.01007556675,-0.04791797824,-0.01136363636,0.009925220938,-0.02447089947,0.006627393225,-0.09715977447,-0.03,-0.04093255386,-0.04599426349,-0.05448449288,0.005157297576,0.01593462717,-0.004662004662,-0.01318161129,-0.001705902422,-0.02072219151,-0.04645390777,0.02107201672,0.05119152692,-0.01858108108,-0.04354711006,-0.005171889261,-0.02674818494,-0.05941005401,-0.03942380591,-0.05415672763,-0.04695304695,0.1058816195,0.0008802816901,-0.09724137931,-0.03172413793,0.02136115251,0.03635574366,-0.04658385093,-0.005593536358,-0.01471529111,-0.05610700022,0.002721088435,-0.03456878118,0.0008319467554,0.03408360129,-0.02430958459,-0.01946721311,-0.1266808209,0.04166666667,-0.2043551089,0.03033312269,-0.1114632858,-0.04897641876,0.01161616162,-0.0231109687,0.01288135593,-0.03854660348,-0.03920990566,-0.046,0.002991772625,-0.01960784314,-0.05142467156,-0.04253308129,-0.04866658474,0.003105468535
-0.02460492098,0.01882613511,-0.0003760812335,0.03722605824,-0.01768070723,0.00558877047,-0.01290630975,-0.01050262566,0.02963894378,-0.05024127164,0.02178410536,-0.0004048582996,-0.002339181287,0.01110550227,0.0234962406,0.02646351243,-0.03297682709,0.001665510062,-0.04891212683,-0.04709376326,-0.02990325418,0.003562340967,-0.01707883849,-0.02380952381,-0.002423263328,-0.02169491525,-0.03877103146,-0.02117925919,-0.04270986745,0.06942244138,-0.03607024596,-0.04255319149,-0.02001026167,0.001608686909,0.02419984387,-0.002490728953,0.02563226247,-0.01693380065,0.06889280171,0.01989143818,-0.01427371956,-0.03614457831,0.02938741722,-0.02752293578,-0.00274833137,-0.02208480565,-0.008681925809,-0.029983187,-0.01719077568,-0.02519729425,0,-0.1657754011,0.01282051282,-0.04328793774,-0.01468663281,0.03827361564,-0.01,0.003246753247,0.03266331658,-0.003101376236,0.03765227021,0.03990024938,-0.04664179104,-0.03199143724,-0.0006966213863,0.056726094,0,-0.03052631579,0.01985204842,-0.001189060642,-0.001907356948,-0.09086370444,-0.007277721971,0.0327978581,0.04469273743,0.008591592513,0.03424178896,-0.02684563758,-0.01,0.04698179725,-0.01628825271,0.002906601214,0.02061952442
0.0646021329,0.02463768116,0.04589917231,0.0281910275,0.0428798306,0.04730515704,0.1021791768,0.08642911296,0.05024424285,0.06694560669,0.01892009807,0.02997164844,0.06565064478,0.007988017973,-0.01147842057,0.009375,0.1253456221,0.1014271858,0.1517999645,0.09572573464,-0.00725294651,0.02129817444,0.02123897207,0.05550883095,0.1067476383,0.141025641,0.0304414003,0.123099894,0.04,0.1266726837,0.12647941,0.09444444444,0.1005235602,0.0399518169,0.02820121951,0.03177597751,0.03232255915,0.04736343121,0.1334626854,0.03147423907,0.07921635434,0.04285714286,0.03779654202,0.03805031447,0.007086614173,0.09168925023,0.09633757962,0.09571497352,0.08361774744,0.05025154687,0.01934916447,0.1547619048,0.01125175809,0.07829181495,0.09854664293,0.07450980392,0.02398989899,0.01877022654,0.107526062,0.06381489403,0.06154393454,-0.005595523581,0.184605349,0.04484304933,0.05263157895,-0.004601226994,0.0715942029,0.1878393051,0.002068068289,0.1053571429,0.09391209391,0.02416254805,0.04033124071,0.01814646792,0.04718464926,0.06510495893,0.1027027027,0.1149425287,0.01346801347,0.05775838373,0.02960361264,0.05458234044,0.006610093472
0.007513003275,-0.009370579915,-0.01043165468,0.0005629996622,0.03807106599,0.05035172158,-0.006810193322,0.04256803908,-0.0122923588,-0.0918767507,-0.01326168765,0.006685017696,-0.003850385039,0.03219415552,0.01068276823,-0.01238390093,0.01801801802,0.02465718958,0.01678214011,-0.02194229988,-0.0100456621,0.004965243297,0.04825717082,0.01992031873,-0.009632971589,0.03249316732,-0.01772525849,-0.005468632172,0.0451183432,-0.0345512173,0.03176963224,0.01015228426,-0.005708848716,0.01158301158,0,0.1166822028,-0.01452550032,0.05284563211,-0.04709795271,-0.01889187452,-0.01499605367,-0.005993150685,0.006974041069,0.01454104817,0.00625488663,-0.04675217211,0.02541757444,-0.03972229546,0.03149606299,-0.02017949565,-0.001725625539,0.0007930214116,-0.02086230876,0.01178689298,-0.0210661249,-0.03065693431,0.003082614057,0.006353240152,0.007995916003,0.01279426817,0.006367292225,-0.02733118971,-0.01431718062,-0.04574049033,0.008609271523,-0.006163328197,-0.001893427103,-0.01462522852,0.03427010674,0.02477113624,0.0419266284,0.03324396783,0.007046866626,-0.02991725016,0.03664764193,-0.02827763496,0.02328431373,0.05841924399,-0.02823920266,0.0008770505116,0.0253411306,-0.003389416471,0.00890875402
0.01338432122,0.01820453329,0.01163213377,0.01412334009,0.01907090465,0.02949124662,0.0203494802,0.02766622044,0.02455432223,0.06724244294,0.02927263059,0.05,0.01380452789,0.008157389635,0.02665441176,-0.01332288401,0.05953338697,0.05868631062,0.02165354331,0.03697548816,0.009225092251,-0.020256917,0.02075553002,0.01171875,-0.002216202906,0.01970588235,0.1052631579,0.04502870109,0.007430997877,0.1144070854,-0.001404287857,-0.03601340034,0.01722488038,0.03435114504,0,0.02322893423,0.01146413364,0.006127317422,0.1091057058,0.03110140301,-0.001602564103,0.003445305771,0.03385917661,0.000597193192,0.02952602953,0.004991319444,-0.01912181303,0.01656447332,-0.006679389313,0.01890927482,0.014693172,-0.01267828843,0.01420454545,0.07781919851,0.0405435454,0.01656626506,0.04240934235,0.02462121212,0.02775801927,0.005774922399,0.02064602065,0.01818181818,0.02905027933,-0.03690468856,-0.009192383454,-0.002325581395,0.01111111111,0.09276437848,0.02993717693,0.01944298476,-0.01964071856,0.02542812662,-0.01312780888,0.000656167979,0.03882932483,0.04027042916,0.05329341317,0.06818181818,0.04957264957,0.006523432429,0.03897338403,0.04669403762,0.02305420341
0.02811320755,0.004206836109,0.00610851599,-0.01708927482,-0.01343570058,0.05227117097,-0.01517450683,-0.02930959618,-0.01969796454,-0.06098265896,-0.07196871855,-0.04092261905,0.02450980392,-0.007139457401,0.01790510295,-0.01906274821,-0.01670463174,0.04609764583,0.003408922484,-0.02924679487,0.01096892139,-0.01613716591,0.0008794765356,-0.002316602317,-0.008514313919,-0.01701759446,-0.04217687075,-0.01428041643,-0.02845100105,-0.08802130122,0.02242657616,0.01563857515,0.03951081844,-0.01383763838,-0.003706449222,0.006040163163,-0.03918393782,-0.002214546199,-0.02282807201,0.01222175146,0.02808988764,-0.02060085837,-0.03647190175,-0.0393912265,-0.03547169811,-0.009501187648,-0.01227436823,-0.005401512423,-0.01921229587,-0.01329141849,-0.02470187394,0.07624398074,0.0175070028,-0.01297016861,-0.01054231171,0.05851851852,-0.02299528302,-0.006777572397,0.03583391931,-0.001794301299,-0.02414355628,-0.01542207792,-0.03583061889,0.0750383828,0.001325381047,0.05594405594,-0.009648887698,-0.009337860781,0.008502785395,-0.01907216495,-0.00537503054,0.03997975709,-0.009747133783,-0.005901639344,-0.01255230126,0.0240180842,-0.02160318363,-0.05714285714,0.01872964169,-0.03005191371,0.01463860933,0.02215912417,-0.01421943834
-0.01816847128,0.01396404259,-0.02,0,-0.04328793774,-0.01778741866,-0.02421307506,-0.00134198166,-0.006530475553,-0.1477377655,0.02251314093,0.0155159038,0.0148856991,-0.004314477469,0.01407211961,0.008097165992,-0.04555984556,-0.08170278809,0.02437223043,-0.0817168799,0.005424954792,0.01896463352,0.006186074303,0.03328173375,0.007218419415,-0.05428403756,0.05326704545,0.00813513484,-0.01446131598,-0.04737098993,-0.04420776714,0.06159110351,-0.05248868778,0.02338634238,-0.004464285714,0.02064717349,0.01954836535,-0.003329191947,0.02391202777,-0.01207418379,-0.007806401249,-0.05258545136,0.01197373503,0.01273687481,0.07824726135,0.03313712666,-0.005847953216,-0.02362418537,-0.02879529873,-0.01011681851,0.008733624454,0.008948545861,-0.03647625602,-0.03416557162,-0.002807640622,-0.03428971309,-0.006638503319,-0.008684863524,-0.03991276599,0.002157031924,-0.001671681712,0.02885408079,-0.01463963964,-0.008509372211,0.02680344143,0.09713024283,-0.004600811908,0.03341902314,-0.06779081301,-0.02049395691,-0.02972242692,-0.06812652068,-0.02866190649,0.03430079156,-0.06779661017,0.02538631347,-0.01336432307,0.03223726628,-0.0135891287,-0.04188690536,-0.05861136159,-0.02689080443,-0.01378079994
-0.05663551402,-0.003787226717,0.01603498542,0.05701383009,0.02592780885,0.01325088339,-0.002030227837,0.02866741321,-0.02275408731,0.02491874323,-0.01467726291,0.008785332315,0.005238344683,-0.007221954742,-0.003902862099,0.003212851406,0.009708737864,-0.02951650872,-0.0128334535,-0.01393258427,0.00809352518,0.01358148893,-0.01580675586,-0.008239700375,-0.004695415791,-0.02264970524,0.0020229265,-0.006555107251,0.04842259721,0.0796761903,-0.02725122054,0.01853344077,0.009551098376,-0.01188299817,-0.01569506726,0.0139345139,0.003966942149,-0.03734856645,0.02064286219,-0.0007170094189,0.0346184107,0.05920444033,-0.03511450382,0.01503067485,0.01632801161,0.03312935218,0.009558823529,0.02234170761,0.01553045583,0.03859401468,-0.04329004329,0.05025868441,-0.05428571429,-0.009070294785,-0.009457345686,-0.01304347826,-0.01093560146,0.008760951189,0.03103843756,-0.005739704405,0.01808439384,0.008012820513,0.06,-0.1113311727,0.02417015791,-0.007377598927,0.04187058184,-0.02570480929,-0.08251696936,0.03487124464,-0.003291139241,0.00365535248,0.01476420873,0.009566326531,0.02333333333,-0.008611410118,-0.01060070671,0.039350406,0.01539708266,-0.01013150134,-0.02298850575,-0.01365509123,0.003081016363
-0.07073509015,-0.01607050285,-0.02618364419,-0.07610146862,-0.103567889,-0.04097646033,-0.06057866184,-0.03091661224,-0.03190755433,-0.1747709655,-0.03786688005,-0.02536917834,-0.05680041688,-0.0203685742,-0.02176752286,0.007205764612,-0.08493589744,-0.0950988929,-0.09932807479,-0.1084776664,-0.04549509367,-0.003473945409,-0.004454382509,-0.05060422961,-0.02880198634,-0.1044444444,-0.04441453567,-0.09667795429,-0.08257522743,-0.0681622088,-0.06597423922,-0.1012658228,-0.05534531693,-0.05550416281,-0.04403948368,-0.06808215669,-0.05795192624,-0.08628254611,-0.04204212196,-0.04241544633,-0.07300380228,0.003493449782,-0.02848101266,-0.05832577818,-0.03927168868,-0.08455882353,-0.06117989803,-0.04461371055,-0.09811320755,-0.03715986626,-0.009954751131,-0.1681914145,-0.04003021148,-0.05034324943,-0.03073222875,-0.08883994126,-0.04422604423,-0.0341191067,-0.04086051698,-0.03319382306,-0.04013157895,-0.03577106518,0.01994609164,0.01289930438,-0.02643171806,-0.08783783784,-0.03105427975,-0.1412765957,-0.004458929857,-0.1005702436,-0.1008382017,-0.03173777315,-0.04450765327,-0.02021478206,-0.09387029908,-0.06786102063,-0.04821428571,-0.08413461538,-0.05027932961,-0.04931823758,0.006862745098,-0.009637188209,0.05939337568
0.0421108742,0.004390586582,0.001473296501,-0.001445086705,0.01934770591,-0.005,0.05269489894,-0.01280611099,0.005166577588,0.01110162254,0.0354858512,0.03069153069,0.01325966851,0.02227722772,0.008455718736,0.01589825119,0.0472854641,0.06570898344,0.02627311061,0.009202453988,0.02803738318,0.009960159363,0.003583015437,0.0230708035,0.01303847629,0.05813541297,0.05,0.03174344881,-0.004958047292,0.04444444444,0.05761528447,0.01056338028,0.01452178267,0.0009794319295,0.02223987292,0.03099784939,0.02306885704,0.05831200638,0.001111209885,0.02854174827,0.01394585726,-0.01653611836,0.03013029316,0.01989730424,-0.01040505388,0.03369031682,0.02560124127,0.04384965831,0.03897819863,0.04141727837,0.009140767824,0.01269035533,0.0007867820614,-0.004337349398,0.00167932426,0.03464947623,0.014781491,0.03532434168,0.0140183759,0.02649649201,0.006168608636,0.005770816158,0.02114164905,-0.004800640085,0.01906916613,-0.07555555556,-0.003501211958,0.08424182359,-0.01561255163,0.02074927954,0.05536723164,0.009672219237,0.008545178078,-0.01418439716,0.0454248366,0.005532906232,-0.01000625391,0.1384514436,0.05294117647,0.0249244156,-0.04333008763,0.02859036544,-0.06014525129
0.05984654731,0.02570379437,0.02942258183,0.02668596237,0.03470715835,0.06509821836,0.02057142857,0.0593991807,0.03101736973,0.1402027027,0.002801629343,0.02110817942,0.02835332606,0.02276029056,0.01676963813,-0.05320813772,0.08528428094,0.1418252177,0.06953223767,0.1534954407,0.01545454545,0.04142011834,0.04643066484,0.04432348367,0.02649842271,0.09413735343,0.0174379611,0.09555993014,0.05711000383,0.08687943262,0.08544703272,0.02700348432,0.07502467917,0.02837573386,-0.00777000777,0.02219259724,0.001366586949,0.02275209319,0.05604826178,0.0540093051,0.05663430421,0.05044247788,0.03913043478,0.03524229075,-0.001126549005,0.07986186057,0.02420574887,0.09401709402,0.05086901229,0.05232195624,0.03170289855,0.0626566416,0,0.09293320426,0.02955159644,0.09735202492,0.03989867004,0.02791563275,0.06025073009,0.04508107322,0.01634877384,0.009016393443,0.02743271222,0.05533967573,0.007928956549,0.07612179487,0.02945945946,0.09963436929,0.04525453123,0.09937888199,0.03131691649,0.04151144226,0.02546080014,-0.02027468934,0.07002188184,0.05589342601,0.07327858497,0.06974063401,0.05027932961,0.05158644507,0.008651399491,0.03013883194,0.03814349988
-0.05646718147,0.02284350494,0.02072168632,0.0005638249887,-0.05450733753,-0.04664379155,-0.02329227324,-0.001074113856,0.004125838061,-0.09518518519,-0.004659515296,0.01439645626,0.005302226935,0.001893939394,0.02560763889,-0.000826446281,-0.03852080123,-0.05326479892,-0.07830969267,-0.09705753184,-0.02864816473,-0.002840909091,-0.003411810636,-0.03201787044,-0.03749231715,-0.07838334354,-0.03955174687,-0.05715275926,-0.001812907904,-0.08156606852,-0.02406113884,-0.04156064461,-0.05693296602,-0.02949571836,-0.01331245106,0.006996547756,-0.02729443876,-0.08665751405,0.006306396262,-0.01454625426,-0.05589586524,-0.01179443976,-0.05629516927,-0.05075987842,-0.02255639098,-0.06176294223,-0.07090103397,-0.05260970745,-0.07946752723,-0.02640595615,-0.009657594381,-0.04323899371,-0.02830188679,-0.03675819309,-0.04559484749,-0.07594038325,-0.04019488429,0.01388050694,-0.05474272907,-0.009044736659,-0.01910187668,-0.0268074736,-0.06599496222,-0.05472320975,-0.01164254248,-0.008935219657,-0.05145707535,-0.03906899418,0.01957849944,-0.0821777093,-0.06773942383,-0.01839550332,-0.05423370814,-0.01668891856,-0.0575518551,-0.05403181569,-0.0412007063,0.0775862069,-0.04255319149,-0.04467706623,-0.0423814329,-0.01663302152,-0.03271353397
-0.02148337596,-0.009166666667,0.01505075254,0.007832751042,-0.07483370288,-0.01552131369,-0.002063746847,0.003440860215,0.009758602979,-0.03970528039,-0.006239641843,-0.01455604076,-0.01371308017,-0.009451795841,-0.003385526873,0.004962779156,-0.02564102564,-0.0853767675,-0.02949663354,-0.05642023346,0.01382488479,0.02089268756,0.0042751056,-0.01692307692,-0.01954022989,-0.05348837209,-0.02676733013,-0.04243599821,-0.0207046858,0.02397868561,-0.04790982029,-0.01681415929,-0.04333008763,-0.02,-0.0119047619,-0.005561396291,-0.00771659067,-0.003841389581,0.01044479144,-0.01546235634,-0.01135442011,-0.0179028133,-0.03546956872,-0.01504963176,0.005384615385,-0.03089049851,-0.02702702703,0.1084305641,-0.01336546889,0.01489733277,0.01507092199,-0.05423171734,0.002427184466,-0.01793103448,-0.04861341007,-0.03993855607,-0.02982233503,0.003571428571,-0.02868507357,-0.0007020992768,-0.01537410318,-0.01502504174,-0.03991370011,-0.03532572196,0.007640878701,-0.02404207363,-0.02352615555,-0.005190311419,-0.02110428978,-0.04756575266,-0.03897550111,-0.01093180635,-0.02964617271,-0.005431093007,-0.04029758215,-0.03450275442,-0.04972375691,0.0675,0.007142857143,-0.04515505264,-0.01211801897,-0.01254843,0.00943425981
0.02467328803,0.008746846089,0.004137931034,0.0102879508,0.0491312163,0.05038272592,0.02849264706,0.04029147021,0.001865038996,0.09505541347,-0.001256406549,0.01772525849,0.02941176471,0.01526717557,0.01825902335,0.01728395062,0.02713815789,0.07860404436,0.04311199207,0.0587628866,0.003636363636,0.0176744186,0.01024371216,0.03286384977,0.01862706787,0.053001053,0.01410437236,0.03164882151,0.03264094955,0.08673026886,0.02737979555,0.04320432043,0.04325699746,0.03241296519,0.01044176707,0.01467839304,0.02615765288,0.01158258002,0.07544848901,0.01071839127,0.05742411813,0.05208333333,0.02799832846,-0.001950585176,0.0298393267,0.03693119367,0.02287581699,0.07550455085,0.008216744393,0.01126319906,0.06026200873,0.03909643788,0.01210653753,-0.009831460674,0.03385974304,0.04,0.005886200131,0.02194543298,0.03293713712,0.01791611045,0.02428868841,0.01271186441,0.02359550562,0.03327763854,0.01327014218,0.02386451116,0.04223356009,0.06782608696,0.01359271404,0.08049353702,0.02201622248,0.02105263158,0.04557967417,0.01092150171,0.03649870801,0.06996996997,0.02971576227,0.03981264637,0.007880220646,0.0359647478,-0.01386666667,0.03367299133,0.06234452269
0.002040608101,0.01900950475,0.0106456044,0.01477668936,0.03369503141,0.00174026539,0.01273458445,0.01112484549,0.006938568286,0.008174386921,0,0.02068214804,-0.008311688312,0.01644736842,0.0154295246,0.01132686084,0.02241793435,-0.01644995464,-0.01029295329,-0.01752677702,0.002717391304,0.02513711152,0.03120855507,0.02348484848,0.03184143223,0.002666666667,0.01877607789,0.001871930206,0.02406609195,0.02154828412,0.01476274431,0.02157031924,0.002926829268,0.005813953488,0.02623211447,0.02894720947,-0.003444712367,0.01144995995,0.02450968613,0.03883059672,0.05740884407,0.03217821782,0.01910569106,0.01302931596,0.01671619614,0.008691965232,0.01517571885,0.001471778644,0.01872246696,0.01786681104,-0.003294892916,-0.009197324415,0.002392344498,0.005200945626,0.01884789644,0.01076923077,0.01690507152,0.02611723738,0.009347961725,0.01553009387,0.02608401084,0.01422594142,0.01975850714,-0.003166689125,0.01714998441,-0.00977443609,0.01985314115,-0.01058631922,-0.01414366204,-0.004893964111,0.02040816327,0.04896907216,0.007661098882,0.01012829169,0.01121844811,0.01403311816,-0.001882057716,0.01801801802,-0.002345582486,0.03276136693,0.01784748513,0.008299813042,0.02825947847
0.0007127583749,-0.01489117984,-0.02480462113,-0.01008944154,-0.02983425414,0.02844733985,0.03309066843,0.006723716381,0.01142857143,0.0111969112,0.03993706847,0.006754354781,0.02881089576,-0.01294498382,-0.01232032854,-0.0016,-0.003915426782,0.01162147205,0.05952,-0.005450941526,0.008130081301,-0.03254569773,-0.009816690001,0.03774981495,-0.03222208452,-0.005984042553,-0.03481228669,0.0372829447,0.01438091898,-0.0578125,-0.008157604319,0.03547297297,0.002918287938,-0.02023121387,0.0007745933385,0.01339868801,-0.01106118216,-0.01949993855,-0.02439241771,0.004086416136,0.03228173147,-0.03996802558,0.003589948145,-0.008038585209,-0.05991962002,0.02501050862,-0.02753737215,0.0125652142,-0.01556756757,0.02674772036,0.0132231405,0.07848101266,0.02068416866,0.01269990593,0.07765608721,-0.04414003044,0.02109974425,0.009049773756,0.04683756195,0.01869095358,-0.00957411687,0.009900990099,0.02206673843,0.05495099696,-0.04506437768,0.04783599089,0.016,0.01563786008,0.03594146545,0.04043715847,-0.01527777778,0.02604422604,0.01805409804,0.02139037433,0.02896764253,-0.007196235815,0.008170961659,-0.004424778761,0.01018808777,-0.03589330155,-0.008501594049,0.03230790841,-0.01936059901
0.03317053317,-0.006644518272,0.007317073171,-0.00705195306,0.01366742597,0.009290540541,-0.006192611574,-0.05363286784,0.02043868395,0.1248568156,0.003625934715,-0.007062146893,0.05702647658,-0.02716627635,-0.0182952183,0.007211538462,0.0534591195,0.1179187941,0.08396254908,0.2167414051,0.01344086022,0.007373271889,0.0082698979,0.05278174037,-0.2000256115,0.08528428094,-0.03323903819,0.06803534246,0.05428769018,0.03067993367,0.05044581773,-0.05220228385,0.09311348206,0.03146509341,-0.03560371517,0.009919772931,-0.008388675288,0.0795370667,0.009616263024,0.006772737046,0.05117270789,-0.007493755204,-0.02027027027,0.02593192869,0.01321414691,0.06417879844,0.02588996764,0.03788098694,0.02569734241,-0.005698638247,0.01957585644,0.0172143975,0.009353078722,-0.1277287506,0.02567851164,0.07324840764,0.01189730745,-0.0134529148,0.05359419745,0.00667200427,-0.056,-0.002450980392,0.1374407583,-0.01531266017,-0.07479935795,0.04565217391,0.06955380577,0.05429497569,-0.05498595594,0.06460084034,0.04259520451,-0.001436781609,0.02614860316,0.0137434555,0.02126385145,0.04098132144,0.06670822943,-0.01733333333,0.00543056633,0.03421196146,0.05841371919,0.02607157436,-0.04544108908
0.0732716171,-0.01387959866,-0.002421307506,0.01703379016,0.05168539326,-0.002719665272,0.02685861624,0.02609067579,-0.0003256798567,0.1059063136,0.01356046104,-0.01315789474,-0.006743737958,-0.008184882041,-0.05124947056,-0.0230708035,0.06940298507,0.1182579382,0.04095848426,0.1523341523,0.02564102564,-0.03019213175,0.009017382513,0.02642276423,0.07251480711,0.1013867488,-0.005120702268,0.03798049399,0.05772384388,0.06999195495,0.07629326386,0.01635111876,0.04347826087,0.02478551001,-0.008025682183,-0.01439653565,-0.004582305252,0.06892948371,0.06666793662,0.002013576386,0.03245436105,0.02936241611,0.04705882353,0.05023696682,0.002685078634,0.03487475915,0.09069400631,0.04425954412,0.06338329764,0.03339536038,-0.0112,0.03153846154,0.004633204633,0.05378061768,0.009609637225,0.103115727,0.04084158416,-0.01875,0.0227160004,0.02786983033,0.02577683616,-0.02702702703,0.02222222222,-0.02257791659,0.02984038862,-0.01386001386,0.04466257669,0.04458109147,0.01079604145,0.05772076961,0.05248917749,0.02637889688,-0.009102277619,-0.02065848935,0.03812316716,0.04659882164,0.02863822326,0.04025327906,-0.01774691358,0.06904309921,-0.007594936709,0.01551600668,-0.003131601215
-0.03193246467,0.004748177039,-0.0100554785,-0.03938897981,-0.03311965812,-0.03828403608,0.01129943503,-0.04251771571,-0.0047238964,-0.04573357888,0.0002950139599,0.02198198198,-0.01794374394,0.003398058252,0.01339285714,-0.0008143322476,-0.02930914166,-0.04084212574,0.01672912206,-0.04904051173,0,-0.002830188679,-0.04224373374,-0.02640264026,-0.0447761194,-0.04113038612,-0.02132352941,-0.003706777042,-0.03627906977,-0.05789473684,-0.02342004469,0.01185436071,-0.0306122449,-0.02697674419,-0.02184466019,-0.02656579617,0.03222379603,-0.04447421461,-0.01562639521,-0.0328832189,-0.01768172888,-0.00162999185,-0.02440914374,-0.02797833935,0.004208110176,-0.01880469186,-0.01446131598,-0.01747572816,-0.01409585179,0.07939785359,-0.06553398058,-0.01118568233,-0.03996925442,-0.03486609399,-0.0181027416,-0.01143241426,-0.0225921522,-0.01389693109,-0.02414645975,-0.06386820131,-0.00413080895,0.01262626263,-0.02536231884,0.1133670616,-0.0269541779,0.01827125791,-0.01879257693,-0.03899926416,0.001852645459,-0.03125,-0.01876606684,-0.02897196262,-0.03306092893,0.00593276203,-0.01949152542,-0.01714431934,-0.01875,-0.008695652174,-0.02356637863,-0.01440315686,-0.02346938776,-0.004466151275,-0.01017773509
0.05687203791,0.03594936709,-0.005604203152,0.03521126761,0.1281767956,0.06783727778,0.03207117732,-0.001959077057,-0.01898527005,0.1354133162,0.01367305675,0.0394922426,0.06666666667,-0.02225447508,0.06079295154,0.03830480848,0.0460100647,0.08354032544,0.03883111755,0.07585949178,0.01293103448,0.007095553453,0.06700413397,0.05220338983,0.015,0.09191712868,0.03531179564,0.022782247,0.02284427284,0.03431763767,0.02949026978,-0.03430962343,0.05701754386,0.009560229446,0.03143093466,0.07161966253,0.03053173242,0.09889860052,0.03764060232,0.02775197947,0.036,0.04897959184,0.07982525814,0.07025688641,0.05447619048,0.09563567362,0.008804108584,0.05881150334,0.0324754902,0.05522932515,0.04415584416,0.09049773756,0.01601281025,0.04293193717,0.067971522,0.09455782313,0.03771289538,0.0252495596,0.1157881136,0.04442760711,0.02004839267,-0.0008312551953,0.1115241636,0.03437967115,0.02146814404,0.04416839199,0.07134306919,0.04364471669,0.0553976151,0.08136735676,-0.001047943411,0.06207892204,0.06363266791,-0.007863695937,0.0541630654,0.07576152044,0.08801389693,0.08684210526,0.04505229284,0.03716802349,0.02925809822,0.008736259412,0.03840208565
0.01237668161,0.01971326165,0.009510390983,-0.01942067149,-0.02301665034,0.01317536513,0.01744186047,0.01461286805,0.005171838505,-0.000283286119,0.0360596535,0.0196743555,-0.001388888889,0.02671944582,0.01910299003,0.003139717425,-0.01512027491,0.024,-0.02546882919,-0.02396665509,0.02042553191,0.05495537811,0.009535707508,0.02255154639,-0.01662561576,-0.01656867985,0.01596516691,-0.05340972815,0.006605850897,-0.01311728395,0.01510651948,-0.00259965338,-0.009958506224,0.01136363636,0.01042502005,-0.007628903363,-0.02962716378,-0.004758511299,0.01311309167,0.002021749119,0.02574002574,-0.01089494163,0.0003677822729,0.008675534991,-0.00975433526,-0.02424662279,0.003636363636,0.02329922121,-0.02037586548,-0.02691764507,-0.007462686567,-0.03665283541,0,-0.03965863454,0.01635108139,-0.004350528278,0.00468933177,0.005727376861,0.006649741671,-0.01384950208,-0.01355472721,-0.005823627288,0.01839464883,-0.00289017341,-0.01355932203,-0.05551883675,-0.006033519553,-0.01100513573,0.02535947223,-0.02359750668,0.02622606871,-0.005437245129,0.001790348213,0.007926023778,0.02487018311,-0.003872216844,0.01649813731,0.0189669088,-0.003079291763,-0.009393296017,0.004568527919,-0.003407022107,0.01774455764
0.03065201984,-0.005112637802,-0.01814375436,0.005762560143,-0.006015037594,0.006552419355,0.0005911330049,-0.003654342218,-0.05609958506,0.03003683763,0.01358080448,-0.003326679973,-0.0004636068614,-0.002891566265,0.01874490628,0.008607198748,0.01046755059,0.05889071637,-0.03627616695,0.01352313167,0.01668056714,0.00267141585,0.003947430254,0.02898550725,0.006731371321,0.03967391304,-0.01714285714,-0.00240055223,0.016875,0.07427677873,0.01953387152,0.01824500434,0.03017602682,0.04400749064,0.02698412698,0.01731455716,0.02058319039,0.01063657782,0.06341816989,-0.002690226529,-0.02070263488,-0.007867820614,0.03125,0.02408256881,0.0142283838,-0.04508342208,0.002173913043,0.00691867413,-0.022819063,0.02200849147,0.02422723475,0.03086862886,0.03467297084,0.03554626242,0.08945625467,-0.004369538077,0.007001166861,0.05296127563,0.0356837881,0.03079649569,0.04500171762,0.01171548117,0.06732348112,-0.008695652174,0.02164948454,-0.001399580126,0.09599820144,-0.01112759644,0.006865684349,0.03146374829,0.02657807309,0.03006833713,0.02050200803,0.009174311927,0,0.03255587949,0.0554973822,-0.02574257426,0.05328185328,0.01721114503,0.06013137948,0.01500561079,-0.0378624832
-0.04847859722,0.01461377871,-0.003198294243,-0.01941369528,-0.02269288956,0.004907361042,0.01398188263,0.01229773463,-0.0008791981713,-0.03988995873,-0.04131617658,0.002002670227,0.01020408163,-0.007733204447,0.008,0.00310318076,-0.006215469613,-0.02830392199,-0.001079330815,-0.01896067416,-0.01558654635,-0.01110124334,-0.00157588429,-0.0257195346,-0.01104027367,-0.02692106639,-0.005087209302,0.005535588879,-0.02888752305,-0.004366812227,-0.01915961016,-0.01791808874,-0.01057770545,-0.009865470852,-0.008500772798,0.01827701489,-0.0003361344538,-0.03158532265,-0.004462872954,0.0006743708427,0.01473414478,-0.007930214116,0.01390374332,0.008118701008,-0.006115107914,-0.005576208178,-0.01879971077,0.003185708039,-0.02252531515,-0.03643493006,-0.01794453507,-0.03133704735,0.1264280274,-0.07067137809,0.02955365548,-0.01692789969,-0.003476245655,0.02974580855,-0.003827783901,-0.003568300516,-0.01742274819,0.002481389578,0.08769230769,-0.005847953216,-0.03498150017,0.02803083392,0.01887179487,0.005251312828,-0.009204566045,0.02785145889,-0.007219317899,0.005749668288,-0.0471655418,0,-0.02133333333,0.03388235294,0.05456349206,0.001219512195,0.009530791789,-0.01982505427,0.02287893232,0.07911245951,0.07115197142
0.009214092141,0.01456157012,0.001069518717,-0.005502609485,0.01083591331,0.005780346821,0.005826374053,-0.01683716965,0,0.01862464183,0.02679060899,0.01765489674,-0.008723599633,-0.003409644423,0.005555555556,0.003866976025,0.0006949270327,0.03734292438,-0.075634792,-0.02004294918,-0.0025,-0.004490345757,0.005500859509,0.0207416719,-0.004088050314,-0.01316142896,-0.00219138057,-0.05648905139,-0.0253164557,-0.02046783626,-0.0003062348104,-0.05560382276,0.0008223684211,-0.02445652174,0.02494154326,0.01363469861,0.04337592468,-0.01629594666,-0.01304110393,0.01890029101,0.08396464646,-0.01438848921,-0.007383966245,-0.00222160511,-0.006152732537,-0.03962616822,0.01915991157,0.004358655044,0.003805496829,-0.02905787378,0.001661129568,0.03235082674,0.02366463827,0.01520912548,0.02550524772,-0.000637755102,-0.03197674419,0.008928571429,-0.02903740426,-0.0003581078881,-0.01605888257,0.02475247525,0.01131541726,0.02352941176,0.001045660509,-0.04158145876,-0.04590295953,-0.03582089552,-0.01287443766,-0.07956989247,0.006519558676,0.04309586631,0.0165000826,0.02857142857,-0.02615803815,-0.02799271734,-0.008466603951,0.04344295575,-0.01234567901,0,0.04939422181,-0.009625693932,0.02154382916
-0.0044754744,0.00624024961,0.01602564103,-0.003194341452,0.002552322614,-0.01763773286,0.01834330952,-0.00433557338,0.01249560014,-0.05288326301,0.01191125606,0.01669394435,0.003242241779,0.02981427175,0.01657458564,0.008474576271,0.01111111111,-0.06741717319,0.008328462887,-0.07341124909,0.01253132832,0.01217861976,0.03046221753,0.01169950739,0.007262393432,-0.02966793685,0.0168374817,0.02156448663,0.01655844156,-0.001492537313,-0.03009189859,0.05335786569,-0.004108463435,0.01485608171,-0.007604562738,0.006103273817,-0.001289075089,0.06463221534,0.007019630189,0.006629186459,0.01339545719,0.02514193025,0.01594048884,-0.003896465349,0.004005826657,0.00233553912,0.05278380333,0.01246125232,0.04528222409,-0.0126869053,0.01077943615,0.08286908078,-0.01453104359,0.04173354735,0.04199635945,0.00191448628,0.01561561562,0.04060385216,0.04441921991,-0.02963590178,0.01972118327,-0.008051529791,-0.008391608392,-0.02442528736,0.05013927577,0.01920341394,0.05423085039,-0.01702786378,0.02248446898,-0.01401869159,0.05605381166,0.0349915683,-0.01442415131,0.008207070707,-0.02182428651,0.02926715055,0.01518026565,0.02957198444,0.03970588235,0.02765202098,0.007104795737,0.01142733418,0.01536164079
0.03902175868,0.0007751937984,0.002453557659,-0.01848354793,0.1074338086,-0.008977203954,-0.00777398559,-0.00478989767,-0.006431427082,0.1084051084,-0.003082552181,-0.02318094012,0.003693444137,-0.008542952065,-0.01785714286,-0.03437738732,0.08791208791,0.0654977739,0.04752934357,0.1497832085,-0.01650165017,-0.03654188948,0.008340623209,0.05295191722,0.03761755486,0.05750350631,-0.007199424046,0.0171346369,0.004152028106,0.03064275037,0.05244837481,0.01310043668,0.1122112211,-0.007319304666,0.005363984674,0.01700146335,0.009357857373,0.04826933478,0.03484939191,-0.02105577541,0.02528735632,0.004746835443,0.05543933054,0.06174909193,0.054044251,0.0145631068,0.01442307692,0.01230788072,0.02458190611,0.04015603488,0.004922067268,-0.001286173633,0.0006702412869,0.05136106831,0.002246029341,0.02038216561,0.01774098167,-0.003501750875,-0.0054764281,0.00302053967,0.01567189063,-0.01542207792,0.03314527504,0.01325478645,-0.01226790451,-0.08443824145,0.04083266613,-0.0188976378,-0.02319794655,0.02085308057,0.01439018636,0.01588594705,0.05215096984,-0.01878522229,0.06493135011,0.001819836215,0.02897196262,0.01095993953,-0.03465346535,0.02548174442,0.02292768959,0.0177441606,-0.006875223041
-0.02907580478,0.001549186677,-0.005594405594,0.04151119403,-0.04827586207,-0.01903307888,-0.009172558762,-0.007656967841,-0.001399580126,-0.04769560557,0.01180744516,0.01483190508,0.05841766329,-0.01005265677,0.005533596838,0.01503164557,0.003787878788,-0.01451710175,-0.06916585973,-0.04868015084,0.02768456376,-0.009250693802,0.0045172388,0.01734104046,0.02432024169,-0.08541114058,0.007251631617,-0.058594282,-0.03053435115,-0.04205946338,-0.03007955663,0.03017241379,-0.002225519288,0.0331797235,0.02743902439,-0.008358622855,0.02109974425,0.01286598736,-0.001981163101,0.04236137594,-0.005605381166,0.004724409449,0.03303600925,0.01789473684,0.03716448727,-0.05722488038,-0.01895734597,-0.02129203968,-0.01868239921,0.09375689389,0.002448979592,-0.003863490019,-0.01138647019,-0.004885197851,-0.01341040462,0.01435705368,0.03370133643,0.01706827309,-0.01270128799,-0.01438800776,0.04826001313,0.01319043693,0.02866894198,-0.03924418605,0.02114803625,-0.118902439,-0.001923076923,-0.04654895666,-0.009330134666,-0.007428040854,-0.02581395349,0.0124298316,0.001724036597,0,0.002686005909,0.02361489555,0.0009082652134,0.01345794393,-0.009523809524,-0.0378291507,0.01120689655,0.02806861737,0.02354718052
-0.004099821747,-0.0007733952049,0.004922644163,0.007725033587,0.04927536232,-0.02168499689,0.003857280617,-0.0114638448,-0.0101611773,-0.05514912774,-0.003613187138,0.004871711595,-0.006518904824,0.01450676983,0.01847484277,0.003117692907,-0.03899371069,-0.04524194606,0.0569178184,0,0.006530612245,-0.04808590103,0.004496925116,-0.007386363636,-0.01489455832,-0.03393271462,-0.01943844492,0.01919096372,-0.005905511811,-0.01665404996,-0.01347535005,0.01673640167,-0.01933085502,0.007136485281,0.005192878338,0.01444419528,0.01127113338,0.02736833169,-0.03016948749,0.06838670023,0.01240135287,0.003134796238,0.002558362648,-0.007238883144,0.00895819509,-0.03836784409,0.008281573499,0.01056860321,-0.0376753507,-0.01754739814,-0.005700325733,-0.01228183581,0.01219512195,-0.01521845852,-0.0271673487,-0.03876923077,0.04890387858,0.01480750247,0.03259025092,0.0173139598,-0.0165988099,-0.0008136696501,-0.07763769078,-0.09228441755,-0.005917159763,-0.06228373702,0.003853564547,-0.02946127946,-0.02599469496,-0.01496725912,-0.003580806875,0.01782178218,-0.08159433612,0.00191448628,-0.04634342352,0.0004436557232,0.00998185118,-0.0236075249,-0.006656804734,-0.02258126686,-0.006820119352,-0.008252063016,0.001239703892
-0.007517451226,-0.01656346749,-0.009097270819,-0.02105321631,-0.05018416206,-0.0325591261,-0.02228626321,-0.02029438002,-0.01699115044,-0.06551518761,-0.01924130375,-0.01519069166,-0.02755905512,-0.02621544328,-0.03512157468,-0.01398601399,-0.03664921466,-0.07252083143,-0.02699662542,-0.06954954955,-0.02270884023,-0.008827856793,-0.03874946264,-0.03377218088,-0.02844311377,-0.04833383368,-0.06681350954,-0.02951372776,-0.03861386139,-0.06004618938,-0.03175630589,-0.01234567901,-0.03108415466,-0.03808680248,-0.02435424354,-0.03145480079,-0.03250773994,0.007612692641,-0.04134224122,-0.01569755496,-0.04788418708,-0.0390625,-0.02360446571,-0.03958333333,-0.02433410062,-0.0295545704,-0.008898015058,-0.03504372821,-0.01561849229,-0.000615889961,-0.07043407043,0.006544502618,-0.03212851406,-0.04336989033,-0.0256096657,-0.05505761844,-0.00911039657,-0.02237354086,-0.03239166976,-0.01501701929,-0.03439490446,-0.02850162866,-0.04676258993,-0.1333333333,-0.02943121693,-0.04889298893,-0.06948176583,-0.02081526453,-0.01125849032,-0.05128205128,-0.01437470053,-0.0280155642,-0.01418258481,-0.04012738854,-0.03707865169,-0.03658536585,-0.04222821204,-0.04268983755,-0.01191362621,-0.03365210819,-0.02060085837,-0.02915692477,-0.01376811631
-0.02380522994,-0.01306469385,0.008121468927,-0.01134880554,-0.06883179835,-0.02883139662,-0.0007860090391,-0.01160937856,0.008642419878,-0.05321861058,0.01222683795,0.01312766656,-0.02968960864,-0.002447381302,-0.0088,0.01733648542,-0.01902173913,-0.03875012341,-0.005780346821,-0.06003098373,-0.001659751037,-0.02028698664,-0.003886190146,-0.0005924170616,-0.01109399076,-0.05899053628,0.01888276947,-0.007605632218,0.01338825953,0.009828009828,-0.01672628032,-0.001666666667,-0.05477308294,-0.02946593002,0.02723146747,0.006739612002,0.02016,-0.01227075624,0.005551309041,0,-0.008187134503,-0.01544715447,-0.01535445933,-0.002982646421,-0.01044826424,-0.03088971068,-0.02279005525,-0.0311826594,-0.005500317326,-0.01376335251,-0.009691629956,0.03120936281,0.01728907331,0.01198540907,-0.003175991784,-0.02303523035,-0.004326663061,0.001990049751,0.004720092074,-0.02947553869,0.006596306069,0.002514668902,0.006037735849,-0.05,0.001703577513,0.07662463628,0.02702145215,-0.007971656333,-0.04353771476,0.01951951952,-0.01677199806,-0.0008006405124,-0.02203356879,0.04711347047,-0.02158693116,-0.02232451093,-0.01594746717,-0.0501183899,-0.0293896006,-0.01581363714,-0.01051709027,0.01525239647,-0.01887902924
0.008128579346,0.02503987241,0.02136602452,0.008264937152,-0.04841228527,-0.02991308274,0.01887905605,0.00391524643,0.003748661192,-0.01110737126,0.01151585694,0.008746355685,-0.02225312935,0.01472031403,0.01614205004,0.01161890008,0.004847645429,-0.02968212397,-0.01860465116,-0.04697156984,0.009975062344,0.01060606061,0.004675429226,-0.02311796088,-0.00498597694,0.002681863895,0.04864864865,0.003168736643,-0.02371273713,-0.02757502028,0.001668138554,-0.05425709516,-0.03725165563,-0.02182163188,-0.02135493373,-0.00729459773,-0.0006273525721,0.01529807373,-0.03057597493,0.02575877761,-0.01061320755,-0.007431874484,-0.02422030524,-0.03045961382,0.02145776567,0.02985409652,0.01413427562,-0.04945701949,0.01829398,0.007915017705,-0.0115658363,-0.1008827238,-0.008837525493,0.001029866117,-0.0127826004,-0.03051317614,-0.02227050516,0.008937437934,-0.02819179516,-0.01466173288,0.008519003932,0.02759197324,-0.06451612903,-0.02631578947,-0.01326530612,-0.04864864865,-0.03052821852,0.01785714286,-0.0148998882,-0.008345606284,0.008652657602,0.008413461538,0,0.07034220532,-0.007155635063,-0.02754237288,-0.02955195424,0.01371001246,-0.0551242236,0.007878369039,0.004428697963,-0.006093023256,0.02628186218
0.01722558182,-0.01695970126,-0.02263374486,-0.005237092275,0.045404814,0.03560623691,-0.0007720517275,0.03074099564,-0.03983638627,0.05547991831,-0.003886783232,-0.003853564547,-0.0004741583689,0.0169245648,-0.02144559174,0.0191424196,0.0399724328,0.06700185234,0.01673578199,0.04928664073,0.00329218107,0.004497751124,-0.002326835658,0.01152912621,-0.006107109302,0.03009027081,-0.00147275405,0.04003503419,0.02428868841,0.03836530442,0.003001847291,-0.07502206531,0.01117798796,-0.01066925315,-0.006019563582,0.02303868888,-0.03672316384,0.02448224398,0.02628362661,-0.005982905983,-0.002383790226,0.009151414309,-0.01224073444,0.001402524544,-0.0233411137,0.03225806452,0.01393728223,0.01720578114,0.02235220389,0.02479851209,0.04410441044,0.04137447405,-0.09053497942,0.03034979424,0.01698714852,0.01430615165,0.07055555556,0.00688976378,0.01714265532,0.01381704811,0.0003248862898,0.006509357201,0.07217321572,0.0893970894,-0.03274732851,0.02746212121,0.04101926663,0.03596491228,0.06522636292,0.008415841584,0.02352941176,-0.0007945967422,0.02939942129,0.0005920663114,-0.007507507508,0.003631082062,0.03143418468,0.01844262295,0.05258833196,0.01786204059,0.01940035273,0.01509195564,0.01925318713
0,0.007913896803,0.001403508772,0.007610872675,-0.009419152276,-0.05134831461,-0.01622561329,-0.01313153795,0.004260048157,0.05191873589,-0.004461000473,0.03094777563,0.01944971537,-0.0004755111745,0.04626623377,0.003005259204,-0.03644797879,-0.04513664997,-0.06351056082,0.008240626288,0.009844134537,0.006965174129,-0.004649079451,-0.01019796041,0.00582952576,-0.0188250568,0.03613569322,-0.02861644617,-0.03489159892,-0.05702811245,-0.05544819696,-0.03244274809,-0.02636054422,0.001960784314,0.003785011355,0.03642571072,-0.000651678071,-0.05791201445,-0.01835418454,-0.0132252385,-0.02031063321,0.02143446002,-0.01996557659,-0.0350140056,0.01331512462,-0.04434121622,0.00206185567,0.002706359946,0.007151614221,0.03750756201,-0.00775862069,-0.001346801347,-0.01282051282,-0.009985022466,-0.06204393433,-0.02186177715,0.01920083031,0.01661779081,0.00821201941,-0.006290187308,-0.009418642416,0.01455133387,-0.07030665669,0.01526717557,-0.01924447612,-0.05622119816,-0.05094527363,-0.09229466554,-0.0114290142,-0.02847324497,-0.0158045977,-0.02664015905,-0.008561496867,-0.02130177515,-0.0154311649,-0.01929570671,-0.06095238095,-0.04225352113,-0.031225605,-0.02155680555,0.03719723183,-0.01742618076,-0.03038107275
-0.01675373807,-0.02528266332,-0.005255781359,-0.01255111313,-0.03169572108,-0.043231079,-0.01963479285,-0.05705908886,-0.0188122464,-0.09932556714,-0.039483712,-0.03377110694,-0.04653327129,-0.0137963844,-0.03064391001,0.008239700375,-0.01581843191,-0.08924211729,-0.05335199876,-0.1070698815,-0.01462225833,-0.002964426877,-0.01795385069,-0.02727272727,-0.001409774436,-0.03837247767,-0.0128113879,-0.06256572029,-0.03615303615,-0.05536626917,-0.03866521903,-0.03096646943,-0.03493449782,-0.01956947162,0.004524886878,-0.02869667676,0.02347570916,-0.01950919856,-0.02651981268,-0.02561549101,0.006097560976,-0.03631961259,-0.005619950825,0.01973875181,0.005727762803,-0.06363234644,0.01234567901,-0.002024291498,0.01440454453,0.007774538387,0.006950477845,-0.02562373567,-0.01527883881,-0.008068582955,-0.02544622055,-0.07786589762,-0.03920570265,-0.02403846154,-0.06515244139,-0.06611337741,0.02918032787,0.02310756972,-0.002413515688,0.001879699248,0.01344476744,-0.0814453125,-0.06311595722,-0.05223880597,0.03100608103,-0.03991915109,0.0304136253,0.01225490196,-0.03075424738,0.03022974607,-0.02489244007,-0.03590752582,-0.03042596349,-0.03403361345,-0.004834810637,-0.01886467693,-0.03085904921,-0.05822600699,-0.05610835311
-0.05936240381,-0.02674399871,-0.01338499472,-0.02737677575,-0.07146753955,-0.020549641,-0.01742439415,-0.02176512796,-0.002067669173,-0.1007488087,-0.008164081026,-0.02394822006,-0.008296730112,-0.02267245538,-0.0356142457,-0.005943536404,-0.06359189378,-0.0516739862,-0.07229707525,-0.04805491991,-0.02390766694,-0.05401387512,-0.00237019246,-0.03364485981,-0.02384313725,-0.07705538356,0.002883922134,-0.04504719514,-0.01056081573,0.005410279531,-0.02851918438,-0.02707103603,-0.01447963801,-0.01856287425,-0.005255255255,-0.03378378378,-0.0105129022,-0.005973534972,-0.03706896552,0.03879457188,-0.03636363636,-0.02596314908,-0.0346167432,-0.03729006547,-0.01842546064,-0.04483246815,-0.02303523035,-0.05611899932,-0.0088,-0.04590163934,-0.01553062985,-0.03529411765,-0.04344453064,0.01270971022,-0.04525705257,-0.07662236122,-0.0492845787,-0.02118226601,-0.0270547819,-0.04447205905,-0.06817457789,-0.03816199377,-0.04677419355,-0.01688555347,-0.03047687343,0.04890495428,-0.07452999105,0.01377952756,0.001710527983,-0.01894736842,-0.01463990555,0.008878127522,-0.02179349768,-0.03521126761,-0.0438071226,-0.05714285714,-0.03608786611,-0.06872553284,-0.04210526316,-0.001929756851,-0.07917383821,0.01255448997,0.0975394762
-0.005843396961,0.009766594935,0.0221349518,0.04606469162,0.01292596945,0.01036400404,-0.02731349368,0.01882640587,-0.01393859484,-0.01438304315,0.004703589645,0.003647214854,0.01033464567,-0.002961500494,-0.007468879668,0.01420029895,0.02089552239,0.005593312083,0.01222104145,0.007692307692,-0.006756756757,-0.006809848088,0.01512607704,0.0251450677,-0.02137232846,0.005963473723,-0.005751258088,-0.0002936545623,0.01214574899,0.01434977578,0.0003796086867,0.04916317992,0.01744719927,0.0006101281269,0.01735849057,0.0181035181,0.002253702511,-0.02902566778,0.06678696175,0.01928096091,-0.006918238994,0.04987102322,0.005854372484,0.02069781195,0.01945392491,-0.003458498024,-0.004854368932,0.02722063037,0.004439063761,0.0006064281383,0.01139351446,0.005021520803,0.0202757502,0.04919678715,0.03555720071,0.01439458086,0.03678929766,0.02365374937,0.02215101502,0.007881773399,0.003760683761,0.04777327935,0.003384094755,-0.009541984733,0.01035502959,0.03486722076,0.005320435308,0.007766990291,-0.04306964507,-0.007510729614,0.01150251618,0.0436,0.01924306063,0.02189781022,0.02010547132,-0.02435064935,0.01573521432,0.08080336291,0.02282333052,0.02119805948,0.02336448598,-0.005461388964,0.01215229122
-0.01410658307,-0.006557377049,-0.01152637094,0.006048615037,0.01044083527,0.005754315737,-0.01571668064,-0.007439404848,-0.009742120344,-0.01228878648,-0.01082687772,0.001982160555,-0.01022893327,-0.003465346535,-0.01630434783,-0.04200442152,-0.0350877193,-0.04144736842,-0.03009623797,-0.04627862595,-0.007653061224,-0.05907172996,-0.02432478819,-0.06477987421,-0.01724137931,-0.05409410893,-0.02169197397,-0.01281834943,-0.01490909091,-0.06984969054,-0.02821477699,-0.007178464606,-0.04332129964,-0.04593495935,-0.0118694362,-0.02390771067,-0.01606167684,-0.00514823561,-0.07825931933,-0.006502037752,-0.1203293224,-0.03276003276,-0.01455074573,-0.0466396292,0.001339136257,-0.03049082796,-0.01602787456,-0.03277545328,-0.04499799116,-0.0204040404,-0.02772963605,-0.06638115632,-0.0373608903,-0.01339712919,-0.06339494102,-0.01502504174,-0.01075268817,-0.01720747296,-0.03181188848,-0.02697947214,-0.02384196185,0.02395672334,-0.03878583474,0.005780346821,0.01134699854,0.08814887365,-0.03103199423,-0.04527938343,0.004315757472,-0.05135135135,-0.01800521204,0.001916443082,-0.02931625272,0.04761904762,-0.006462035541,-0.05712701054,-0.03151709402,-0.08297320657,-0.004132231405,-0.04086199181,-0.01369863014,-0.01696885745,0.01851480869
0.06081081081,0.02673267327,0.01731448763,-0.01494633927,0.04994259472,0.03208955224,0.03129657228,0.0253868472,0.02816358025,0.1076982893,0.02248085239,0.04747774481,0.02017716535,0.01241927471,0.01062473438,0.01461538462,0.06060606061,0.09827166656,0.02868482771,0.1075537769,0.02313624679,0.05997757848,0.02573082582,0.02689979825,0.01186299081,0.05327066197,0.0162601626,0.04160705015,0.03543743079,0.06368821293,0.04335977222,0.01526410926,0.1028301887,0.0389859395,0.009009009009,0.03203282074,0.02873000326,-0.002081200571,0.05707587001,0.04282996208,0.04031677466,0.02116850127,0.02916205242,0.007292616226,0.02173186225,0.05829711071,0.002124645892,0.07281903389,0.01220025242,0.03093421324,0.04010695187,0.05275229358,0.07349298101,0.02861299709,0.1118444684,0.05593220339,0.02554347826,0.04352176088,0.09428611057,0.03978300181,0.007327285415,0.01886792453,0.1333333333,0.02298850575,0.01954397394,0.008100810081,0.1288480636,0.06357214934,0.003211392547,0.04501424501,-0.01109770808,0.03175210406,0.03532370449,0.01647727273,0.06276422764,0.06088235294,0.04136789851,0.1173421301,0.04398340249,0.01636637714,0.03611111111,0.04697919026,0.003074976693
0.02416635444,0.008678881389,0.009725599166,0.0225315156,-0.03389830508,0.01397927211,0.02332782824,0.03419004952,0.006754221388,0.05861705862,-0.01967219907,0.008498583569,-0.02604920405,0.02404317959,0.009251471825,-0.009097801365,0.007142857143,0.02886035678,0.03910908453,0.06278229449,0.02931323283,0.01374933897,-0.0109758189,-0.0137524558,0.003137384412,-0.03123837858,-0.02690909091,0.03626174586,0.006773618538,0.003574620197,0.01557834003,-0.02947576657,0.02138579983,-0.01291777732,0.02157738095,0.02191654601,-0.01745477626,0.01091245237,-0.003570153517,-0.01312094823,0,0.004145936982,-0.01972740316,-0.01659125189,0.02028795812,0.02850930176,0.03462897527,0.02419354839,0.03325020781,0.02220444089,0.01799485861,-0.02251270879,-0.006923076923,0.04526166902,-0.002523926826,0.007223113965,-0.02013778484,-0.01342281879,-0.0213242075,-0.03516908213,-0.002424662279,-0.02074074074,0.05650154799,0.04494382022,-0.009939652112,0.06785714286,0.01847371894,0.01802656546,0.0005575708279,-0.03053435115,0.01902903147,-0.03781979978,0.008914046308,-0.02403577418,-0.01162790698,-0.0008317161076,-0.005296610169,-0.0164487558,0.01192368839,0.02870965464,0.02770330652,-0.01285810421,0.001629261879
0.0212182184,0.01338432122,0.0171998624,0.02114247462,0.02829654782,-0.04433087711,-0.00645551745,-0.0161878705,0.02310846068,0.008289124668,-0.00590204715,-0.00936329588,-0.004457652303,-0.007666506948,-0.001666666667,0.01147666412,0.009929078014,-0.009166206516,-0.03037974684,0.006374840629,0.004882017901,-0.09076682316,0.0340810568,-0.01328021248,0.01794238683,0.0103646833,-0.01943198804,-0.05631349272,-0.009915014164,-0.04007123776,-0.01022625199,0.01854871586,0.00837520938,0.009763190694,-0.002913328478,0,-0.00322997416,0.002564845998,-0.0004478681476,-0.01675691977,0.01868512111,0.01981833196,0.02634467618,-0.009509202454,0.01988454137,-0.05590791637,-0.006147540984,0.008530183727,-0.0002011263073,0.02837573386,0.01346801347,-0.01188707281,0.002323780015,-0.02841677943,-0.001700370438,0.03266932271,0.07409410492,-0.006802721088,-0.0404605175,0.06453034248,0.02013888889,-0.02118003026,-0.02051282051,0.01792114695,-0.05055575475,-0.05016722408,-0.01144461239,-0.03541472507,-0.03426166313,-0.01856017998,0.01627962653,-0.01310211946,0.02352395467,-0.07789232532,-0.01052631579,0.004439511654,-0.02449414271,0.07204116638,0.04084838963,-0.01379973224,0.03565217391,-0.01129695907,0.00219526846
0.02113559018,0.03710691824,-0.00439634765,0.004479650369,0.08695652174,0.07573684865,0.0454822335,0.03800695249,0.04990892532,0.03551463334,0.0228585485,0.04473850032,0.07114427861,0.04056011589,0.04507512521,0.03025718608,0.05547752809,-0.1330806955,0.06544821584,-0.07516891892,0.04291497976,0.0562248996,0.02681443315,0.07133243607,0.01778783959,0.0740881459,0.04801829268,0.06025197183,0.03969957082,0.1512059369,0.04761830889,0.02261356814,0.06727574751,0.06150997737,0.02337472608,0.03513879049,0.0356448477,0.04917467521,0.07213011919,0.01645574684,0.05706521739,0.03481781377,0.0303030303,0.01548467018,0.004716981132,0.04951480468,0.03161512027,0.001951854262,0.04405552203,0.01236917222,0.04817275748,0.004511278195,0.01777434312,0.01439182916,0.07810694081,0.05709876543,0.05085599194,0.03228962818,0.02270759837,0.05493678507,0.03641933288,0.05023183926,0.08152580404,0,0.0083081571,0.02112676056,0.09217999126,0.05990338164,0.003204214357,0.04126074499,0.06007067138,0.05193283873,0.04022616427,0.03229813665,0.04568210263,0.0729281768,0.114628821,0.088,0.07622641509,0.02133732465,0.03610411419,0.05242680194,-0.00274022134
-0.01578670409,0.01425106125,0.01630434783,0.01055093272,-0.009620253165,-0.01976878613,0.021557584,-0.0002232641215,0.01301179736,-0.04128294697,0.01828017327,-0.005729794934,0.003715745471,-0.002320185615,0.0231629393,0.002936857562,-0.02927478377,-0.02969915145,-0.008822087894,-0.06073059361,-0.007763975155,-0.00814774579,-0.0007423023249,-0.001256281407,0.008579599619,-0.0007074637425,-0.003636363636,-0.003828003635,0.02132782938,-0.05721192587,0.003168961943,-0.02954990215,-0.01945525292,-0.0009689922481,0.01213418986,0.01840399189,-0.002190237797,-0.03124304267,-0.007936375262,0.00115450717,-0.06362467866,0.005477308294,-0.07024221453,-0.02104300091,-0.007824726135,-0.03153153153,0.009993337775,-0.001948051948,-0.0105973025,0.00469924812,-0.01426307448,-0.06062874251,0.03568716781,-0.01098398169,-0.006300663921,-0.0401459854,-0.02347867753,0.00663507109,-0.00589330166,0.009630475103,0.01149425287,-0.004415011038,-0.04979253112,-0.04049295775,-0.0007490636704,0.002586206897,-0.0584,-0.001823154057,-0.009683444085,0.1485965878,-0.002,-0.0129918337,-0.00369279283,0.0174488568,-0.01256732496,-0.02394438723,-0.02889324192,-0.05036764706,-0.03225806452,0.001226910231,-0.04213938412,0.007791660817,0.01594264665
-0.007663518089,0.009865470852,-0.02941176471,0.01103277542,0.03169734151,0.04139639108,0.01254752852,0.02724430549,0.0070217503,-0.009605829745,0.01140041403,0.01425538368,0.02683942619,-0.002790697674,-0.008977361436,-0.0007320644217,0.04455106237,-0.03491453558,-0.0156584803,-0.005833738454,0.005477308294,0.02300109529,-0.0186753432,-0.01132075472,-0.001260239445,0.04884955752,0.005109489051,-0.01535908481,0.03738632536,0.0358974359,0.03266709967,-0.01653559185,0.03095238095,0.03588748788,0.008462623413,-0.01694728868,0.02257761054,0.0262098098,-0.01937829378,0.01040479092,0.02951269732,0.0186770428,0.01079270562,-0.0009345794393,0.008201892744,-0.01003671971,0.03298153034,0.02992843201,0.03894839338,0.04115996258,0.01607717042,-0.03824701195,0.01686217009,-0.02221193892,0.02693341409,0.01596958175,0.02453385672,0.0197740113,-0.03236040028,-0.02472973928,0.01753246753,0.0303030303,0.005822416303,-0.03486238532,0.01649175412,-0.001719690456,-0.004672897196,-0.02374429224,-0.006696413319,0.01772879732,0.03406813627,0.02406919895,0.01201482592,0.02010644589,0.000303030303,0.0305987866,0.006051437216,0.01393728223,0.01014492754,0.02580162026,0.02622673435,0.01592718999,-0.01079569236
-0.07579022989,-0.02013025459,0.006887052342,-0.02235707442,-0.04360753221,-0.024801812,0.005444986857,-0.01586956522,0.002551020408,-0.02040133779,-0.01352629151,-0.005980861244,-0.01036502929,0.005130597015,-0.03544702639,-0.05494505495,-0.03871391076,-0.03260794947,-0.0544206296,-0.03227383863,-0.02568093385,0,-0.003800093867,0.007633587786,0.004731861199,-0.07121160985,-0.00871459695,-0.0164293996,-0.01396103896,-0.05280528053,-0.008505224638,-0.01312282141,-0.03541185527,-0.0393258427,-0.03776223776,-0.03964949351,-0.03189205765,-0.04911861623,-0.03951816959,-0.03145061929,-0.04,-0.001527883881,-0.05044182622,0.004365450577,0,-0.03659742829,-0.02618135377,-0.03032217309,-0.01780693533,-0.02875112309,0.004746835443,0.03562551781,-0.0173035328,-0.006152389967,-0.04629817351,-0.04191616766,-0.01819923372,-0.003693444137,-0.007067940221,0.01448960371,0.003509891512,-0.008608321377,-0.02677279305,-0.04182509506,0.01032448378,-0.06804478898,-0.06316688007,-0.03928905519,0.03449200988,-0.04896421846,-0.01528854436,-0.006977598237,-0.01368284603,-0.01043478261,-0.02393214178,-0.0534937292,-0.02005012531,-0.07865597556,-0.01291248207,-0.01606052562,-0.03297609233,0.008981420116,-0.01390515414
0.05538282161,0.02567975831,0.002051983584,0.01840357182,0.08860103627,0.03228428754,0.04052287582,-0.006626905235,0.01594571671,0.0614544213,0.009997428314,0.0421179302,-0.003187613843,0.05522041763,0.01306655778,0.03643410853,0.06211604096,0.1179392563,0.0401983354,0.1227892875,0.003993610224,0.02944325482,0.07104863222,0.04166666667,-0.0004709576138,0.08648255814,0.04761904762,0.06485267936,0.02996378005,0.07229965157,0.0329359015,0.1510492416,0.03112529928,0.06237816764,-0.04796511628,0.05026855627,0.01615457713,0.0139401348,0.05992933178,0.02242903053,0.06666666667,0.01606732976,0.03838697169,0.04656938839,0.0112640801,-0.01565708419,0.04786885246,0.04429967427,0.02671755725,0.05827937095,-0.06299212598,0.0368,0.06162876009,0.03619047619,0.01051309305,0.03125,0.05609756098,0.04170528267,0.05503065994,0.06748553881,0.01907790143,0.001447178003,0.01710037175,0.02380952381,0.01277372263,0.073012939,0.02437357631,0.05842259007,0.03490467546,0.04455445545,0.02536628034,0.05103550296,0.02868407877,0.02108963093,0.07852265673,0.005408328826,0.04347826087,0.08039784501,0,-0.00215837043,0.09974424552,0.005481313703,0.03491449121
0.03167004235,0.02400589102,0.02730375427,0.04303892216,0.03760114231,-0.00776240297,0.02530509691,0.03380031132,0.03172482885,0.008684464458,0.01640292932,-0.01905311778,0.004111466423,0.01802990325,0.01370415155,0.01570680628,0.01349614396,0.03903770471,0.0582226762,0.0297029703,0.01670644391,0.01612064483,0.004271018092,0.02545454545,0.01240772734,0.03578595318,0.03426573427,0.03084806501,-0.005115089514,-0.002437043054,-0.0235810542,0.03429602888,0.01780185759,0.02752293578,0.003816793893,-0.0245104684,-0.0006234413965,0.01426833315,0.02531447934,0.02598389104,0.037109375,0.0218373494,0.0429424944,0.03144467517,0.08601485149,0.00443285528,0.01251564456,0.03493449782,0.01765799257,-0.003496503497,0.04117647059,0.0262345679,0.02971665515,0.008272058824,0.0328367343,0.03333333333,-0.01016166282,0.02046263345,-0.006394710815,-0.01237623762,0.01092043682,-0.01661849711,0.03435672515,0.06976744186,0.007927927928,0.02670111972,0.07271514343,0.01839926403,0.03072029814,0.02559241706,0.00853060354,-0.02814919071,0.003609742248,-0.01434308663,0.05323741007,0.03308230231,0.04509803922,0.01994629843,0.05668604651,0.02223874544,0.01240310078,-0.008177149036,0.02842234452
0.009637694092,-0.009060837049,-0.01528239203,-0.0007688759034,-0.01880733945,0.01326530612,-0.01312795379,0.003656700366,-0.03107298916,0.008609693878,-0.00250513838,-0.0005885815185,-0.006369426752,-0.0120950324,0.005964214712,0.01988217968,0.0209258085,0.03298918688,0.03072715573,-0.02797202797,0,0.01586489253,-0.001412908331,0.008274231678,0.02109835557,0.04262189215,0.01419878296,0.02141686779,0.01574550129,-0.007328990228,-0.09285704075,-0.004363001745,0.0007604562738,0.00625,0.00608365019,-0.006998484083,-0.004054897068,0.01154852781,0.007408078098,0.006752702996,0.04268675455,-0.01768607222,0.03437164339,0.0066148979,0.01452991453,0.04854620976,-0.01050679852,0.007233273056,-0.01369863014,-0.0298245614,-0.005649717514,0.01278195489,-0.0288590604,-0.01093892434,0.0170536607,0.04032258065,-0.0153989734,-0.03225806452,0.01810314658,0.01388606652,0.00524691358,0.01249081558,-0.004240282686,0.04528985507,0.01608866643,0.05369127517,0.0342039801,0.009033423668,0.005672927667,-0.005545286506,-0.03150771833,0,0.02063084726,-0.005820721769,-0.01666666667,0.01718302525,0.01407129456,0.00526513727,-0.01788170564,-0.01329101369,-0.004594180704,-0.008017443049,-0.01674495552
-0.004596075658,-0.03483309144,-0.007422402159,-0.01815943367,0.001402524544,0.01152512029,-0.00744945016,0.002786112302,-0.002338399866,0.08852355359,-0.001672383975,-0.006478209658,0,-0.00568430258,-0.0256916996,0.01155234657,0.003726708075,0.04287657461,-0.06352427033,0.04181654676,0.02738654147,-0.01662468514,0.02345916577,0.004103165299,0.02993011243,0.006503561474,0.02666666667,-0.01464873917,0.006959822841,-0.06808859721,0.04949496541,0.02366345311,0.003039513678,0.02573203194,0.01436130008,-0.001183115793,0.03069213905,0.005961685659,0.01429867063,-0.000557894203,0.01986754967,-0.002250562641,0.01280719972,0.03742857143,0.02246559955,-0.05199306759,0.01249219238,0.02453620586,0.006481481481,-0.01446654611,-0.00487012987,0.02078693393,0.02142363511,0.004147465438,0.07469914614,0.01127554616,0.003317535545,-0.001801801802,0.04224107143,0.01102351684,0.01903592263,0.0435413643,0.0801987225,0.05719237435,0.002814919071,-0.01831210191,0.03928643015,-0.01074306177,-0.001128185419,0.04089219331,0.002183406114,0.01375814627,-0.005266283904,0.02166276347,0.01361489303,0.03532121833,-0.02682701203,-0.0007482229704,0.02380952381,0.0168208015,0.01923076923,0.008769118051,-0.045455405
-0.01083288936,-0.01052631579,-0.006798096533,-0.01071055381,-0.0172735761,-0.01648230088,-0.008398856326,-0.01282325283,-0.001674200569,-0.0130699971,0.0100596892,0.01570835803,-0.01465201465,-0.0004397537379,-0.004868154158,-0.01427551749,-0.02599009901,-0.01933764319,-0.03,-0.03798014674,0.01218583397,-0.004610655738,-0.008336328697,-0.01576182137,0.0001475143827,0.007076923077,-0.004545454545,-0.008976008976,-0.001256676092,-0.004401408451,0.009646857452,-0.008561643836,-0.01060606061,-0.002595155709,0.008196721311,-0.02120667915,-0.00516560316,-0.03060699588,0.01610694463,0.003361920227,-0.01357733176,0.004511278195,-0.02358168148,0.02368493528,-0.0115352925,-0.0154087229,-0.03392967304,-0.01752336449,-0.01011959522,-0.0119266055,-0.007340946166,-0.01090909091,-0.02097428958,-0.03992657182,-0.01419617144,-0.01463414634,-0.005668398677,0.002707581227,0.01152221775,-0.01883301394,-0.007231093703,-0.01112656467,-0.01445466491,-0.01967213115,-0.02596491228,0.03325223033,-0.01639344262,0.02714932127,0.01424236218,-0.01741071429,-0.0174291939,-0.01535714286,0.002647082239,-0.005157593123,-0.06716008772,0.001236093943,-0.004752851711,0.04380381879,-0.008891928865,-0.00991893495,-0.01132075472,-0.03250187249,0.006743803825
-0.01077199282,0.0132218845,-0.01642710472,-0.008397148138,-0.02090261283,-0.001912045889,0.01549828798,-0.005412426932,-0.01173905752,-0.01706886404,-0.004149084003,0.02188503064,0.03392193309,0.00483941927,0.01386057888,-0.00434467777,-0.00127064803,-0.01549760019,-0.03934707904,0.01615074024,0.003762227239,-0.01080802882,-0.00630132021,-0.02491103203,0.001327433628,0.0009165902841,0.001304631442,-0.04035274661,0.02044668135,-0.01326259947,-0.01627642409,-0.03367875648,-0.01301684533,0.03902862099,0.0177383592,0.005426296065,0.004581551619,0.003570796852,0.03131478494,0.05629101392,0.004189108318,0.000748502994,-0.0406020301,-0.03820285176,0.01250347319,-0.05941644562,0.01340996169,-0.005350772889,0.006505576208,-0.009285051068,-0.008216926869,-0.003676470588,0,0.03059273423,0.0561245532,0.01272984441,0.009976247031,0.01620162016,0.01687049019,0.02222521552,-0.002427921093,0,0.05733333333,-0.02006688963,0.002161383285,0.00863422292,0.04411764706,-0.006167400881,0.01575559553,-0.02453430259,0.02084257206,0.02067464635,0.003513508149,-0.005760368664,0.02674111078,0.004691358025,-0.01623686724,0.01327116212,0.02553485162,0.03008820103,0.008396946565,0.01065052666,0.06102366598
0.02304900181,-0.06269686516,-0.01496172582,-0.03600340861,0.08054342552,-0.01329727293,-0.04170363798,-0.0002176752286,-0.01289665705,0.1083832335,0.00166541145,-0.03169617362,0.02831460674,-0.01707530648,-0.09529553679,-0.009454545455,0.03498727735,0.1272246696,0.09783580755,0.1169977925,-0.04047976012,0.005202913632,-0.005639809762,0.02554744526,0.01207836206,0.07356532357,0.005863192182,0.02965040627,0.01017262639,0.08064516129,0.02517762661,-0.01876675603,0.04344453064,0.004173622705,-0.01016702977,-0.008982074678,0.01094557616,0.03094327983,0.05265261726,-0.02901569289,0.05721096544,0.01495886313,0.0277271069,0.03804195804,-0.02222832053,0.1288776086,0.005671077505,0.03167961745,-0.007386888273,0.05060918463,-0.008285004143,0.0147601476,0.03662750518,0.05055658627,0.035422565,0.05656424581,0.08184383819,-0.01948627104,0.008707565713,0.002964817499,0.005780346821,-0.03375527426,0.09268600252,0.08361774744,0.04636951833,0.09338521401,0.08920187793,0.1072695035,0.04973224343,0.04331625524,0.006733275413,0.01350390903,0.01580488191,-0.02085747393,0.04464796795,0.03047431801,0.05825242718,0.177699115,0.009421265141,0.007980871757,0.03633610901,-0.008681321232,0.04477504255
0.03459286855,0.009441510642,0.0120098905,-0.01674033149,0.02334979793,0.03129282778,0.006296296296,0.01001524058,-0.006876396768,0.07644516478,-0.007209512812,-0.007077558242,-0.002622377622,0.01024498886,0.03022222222,-0.002936857562,0.03380454825,0.09744150904,0.04789833822,0.08458498024,0.003125,-0.01604554865,0.007802248967,0.01542111507,0.006112647358,0.02132499289,-0.06088082902,0.06047449478,0.0436374733,0.03731343284,0.06245622313,0.06466302368,0.02602230483,-0.002493765586,0.01393983859,0.0555562811,0,0.07973244433,0.01825278593,0.001627279115,-0.01352874859,0.01105379514,-0.01810436635,0.001347345729,-0.04546730283,0.01748688484,-0.001879699248,0.01390498262,0.01488372093,0.01516503122,-0.01169590643,-0.2181818182,0.004,0.0008830022075,0.02696629213,0.04626569729,-0.002173913043,-0.01716350497,0.04029691157,0.03517703475,0.03327283727,0.002183406114,-0.005193306405,0.04881889764,0.007557540364,0.06120996441,-0.03103448276,0.04723779023,0.02180587037,0.05758928571,0.007766990291,-0.03821879383,0.04149708878,0,0.005753424658,-0.001907941808,0.0128440367,0.00180342651,0.022,0.01875240415,0.007304601899,0.01372140399,-0.03848674163
0.003086419753,0.01553582752,0.006631762653,0.02506040344,-0.007459412023,-0.01882613511,-0.003864556496,-0.02716102608,0.0256188333,0.005771643664,0.01620130891,0.02405702406,0.02322524102,0.009259259259,0.01466781708,0.01251840943,-0.02140309156,-0.0339964864,-0.07338308458,-0.01056851312,0.01090342679,-0.02945817991,0.001399972001,0.01226635514,-0.02314479965,-0.08379732739,0.01862068966,-0.03801725553,-0.0216374269,-0.01678657074,-0.02212321828,-0.02053036784,-0.02391304348,0,0.00506512301,-0.02574698423,0.01744360902,-0.02096981692,-0.03800627521,0.001083090253,0.006857142857,0.01020408163,-0.02096890817,-0.00565123789,0.01381946486,-0.07316474343,-0.04080351538,-0.01085714286,-0.03849679193,0.03514938489,0.02874049028,-0.04279069767,0.02988047809,-0.0004411116012,-0.01280776117,-0.01895135818,-0.00697167756,0.009191176471,-0.01699684112,0.006345781642,0.0181498829,0.05591866376,0.003480278422,-0.01051051051,0.00272758268,0.004024144869,-0.01779359431,-0.03669724771,-0.01027153006,-0.07598142676,-0.03832155855,0.007655851258,-0.01245232219,0.02899408284,0.004086080087,-0.006690561529,-0.04438405797,0.01230123012,-0.01435094586,-0.0388282307,0.009427121102,0.01910239531,0.0499520668
0.004273504274,0.004370902279,0.001040221914,-0.009263827221,-0.01193633952,-0.01004514673,0.01625715869,-0.01506758254,-0.01265822785,-0.00249500998,-0.003850058637,0.02784222738,-0.005995717345,-0.006553079948,-0.01530612245,0.01236363636,-0.003037667072,0.009535512411,-0.01409395973,-0.01878453039,0.007704160247,-0.007046070461,-0.02248007829,-0.0230813618,-0.01969495039,-0.01185050137,0.01760324983,0.01334573944,-0.02211595935,-0.03495934959,-0.0304015215,0.02358078603,-0.003711952487,-0.003333333333,0.007919366451,0.01291526973,-0.02660360627,-0.1312834198,0,0,0.02099886493,-0.001443001443,-0.02511078287,-0.03139377537,0.002900232019,0.001854304636,0.003926701571,0.008665511265,0.006673021926,0.004244482173,0.007395234182,-0.01457725948,0.007736943907,0.01235657546,-0.01232290666,0.01223438506,0.00877577885,0.01821493625,-0.01125532387,0,-0.005750431282,-0.002751031637,0.01040462428,-0.004552352049,-0.03468208092,0.02404809619,0.009057971014,0.02142857143,0.02875689416,-0.008679762449,0.01558325913,-0.006512301013,-0.06219470635,-0.01955146636,0.007596310364,-0.01659850854,0.01232227488,-0.008595139301,-0.04301786896,-0.001473139752,-0.02658045977,0.00913417951,-0.008613337936
0.01412765957,0.02191482748,0.00865950814,0.0226845192,-0.02460850112,-0.003534374644,-0.006362479549,0,-0.007692307692,-0.07353676838,0.006346517603,0.01241534989,-0.02240413615,0.02330694811,-0.0008635578584,0.002155172414,0.02376599634,0,0.01582709326,-0.03153153153,0.01146788991,-0.006550218341,-0.006478647636,0.02539870053,-0.04123867069,0.001537515375,0.01596806387,-0.02608459428,-0.002750611247,-0.003369839933,-0.02020054161,0.01535836177,0.0007451564829,0.01003344482,0.02571428571,0.01913215732,0.01275432736,0.04662392516,0.001863752255,0.05040756359,0.02056698166,-0.02167630058,0.02386363636,0.03241128807,0.02400231348,-0.04680063458,0.008474576271,-0.02920962199,-0.02272727273,0.04733727811,0.01957585644,0.002958579882,-0.0166346769,0.03574542284,-0.01249234922,-0.02544529262,0.04436711614,0.008944543828,-0.06750858454,-0.01355739824,0.02660497397,0.001379310345,0.03203661327,0.009146341463,0,0.01369863014,0.02244165171,0.02175602176,-0.0224926091,-0.0004608294931,0.025208242,0.001092498179,0.01344558173,-0.01407624633,0.01453957997,-0.01002935421,0.02996254682,0.04035874439,-0.01037344398,0.008983017507,0.0405904059,0.03218561193,0.02361345161
0.007552870091,-0.01855513308,-0.01304945055,-0.03906080935,-0.003211009174,-0.01704805492,-0.02725942188,-0.01282339708,-0.007235142119,0.08855291577,-0.002465928665,-0.01226309922,-0.04363155575,-0.0004297378599,-0.01512532411,-0.004301075269,0.007738095238,0.06524173524,-0.003685709499,0.03914728682,0.01284958428,-0.01428571429,-0.005067008306,-0.01382488479,-0.02316054829,0.01473748849,-0.01768172888,0.001818648398,-0.0006129328838,-0.05325443787,0.03910510196,-0.02941176471,-0.002233804914,0.006622516556,-0.00208913649,-0.004551773346,-0.0023988006,-0.01996664814,-0.007441140578,-0.002059997425,-0.009803921569,-0.02806499261,0.02034776175,0.04221921516,0.0152499294,-0.007766990291,0.02973497091,0.01002949853,0.03100775194,-0.03228410008,-0.0128,0.1150442478,-0.03838646714,-0.0008417508418,-0.006658932346,0.0006527415144,-0.01291128696,-0.0195035461,-0.01439248981,-0.03391184837,0.007887323944,-0.003443526171,-0.0005543237251,0.009063444109,-0.0577668193,-0.0296010296,0,-0.04410646388,-0.02204529809,-0.02305209774,0.01111823819,0.02000727537,0.007968286221,-0.007733491969,0.02335456476,-0.01111934766,0.01818181818,-0.01149425287,-0.002096436059,0.0002924356642,-0.009929078014,-0.01118461137,-0.01803794172
0.02948525737,-0.003254300325,-0.01530967293,0.02161918703,0.01610676484,0.03235944593,-0.007711115291,0.00387420237,0.01960784314,0.01240079365,0.01126894445,0,0.01105990783,-0.007308684437,0.01360245722,0.0158387329,0.0141760189,-0.00612459436,0.07415503615,0.04998135024,0.02462686567,0.01560758082,-0.003631523359,-0.02102803738,0.01629032258,0.03358547655,-0.03466666667,0.05346920592,-0.03925176326,0.01071428571,0.01265950182,0.02943722944,0.01194029851,-0.0008223684211,0.006280530356,-0.006846521745,-0.0201382627,0.03082106314,-0.002623924191,-0.009312581368,-0.0203520352,-0.01215805471,0.03480783176,0.01324331343,0.001668984701,0.06709533128,0.01694915254,0.03329439252,0.006578947368,0.01417848207,-0.01782820097,0.03350970018,-0.006765899865,0.03959561921,0.06364392679,0.01435094586,-0.01983122363,-0.06238698011,0.008849557522,0.01624429299,0,-0.0006910850035,0.06489184692,-0.01946107784,0.008598130841,0.009946949602,0.06145741879,0.04136833731,0.04887519545,-0.008966493629,0.01395643899,0.01141226819,0.01314255222,-0.002997601918,0.001815352697,0.004997501249,-0.01785714286,0.02761627907,0.05462184874,-0.002078934546,0.01934097421,0.02440473571,0.006567529677
-0.01148867314,-0.02798507463,-0.002826855124,-0.04237848562,-0.009510869565,-0.04160559251,0.004359363154,-0.01089670829,-0.01021102791,-0.008819206271,0.01848236583,0.004514672686,-0.02506836828,0.001299263751,0.009523809524,0.003543586109,-0.02795573675,-0.01848700851,-0.03569192235,-0.0188277087,0.006554989075,-0.04555433589,-0.005837423402,-0.05966587112,0.006348198699,-0.03864168618,-0.01104972376,-0.02685773488,-0.006702840728,-0.01060070671,0.01182684253,0.1194280908,-0.02286135693,-0.007407407407,-0.001386962552,-0.002053183679,-0.008895705521,-0.01925806913,0.01616079616,-0.002604567464,-0.0381807973,0.001538461538,-0.005606166783,0.01230138391,-0.001110802555,0.004453759497,0.001234567901,-0.036178632,0,0.015625,0.01072607261,-0.007679180887,-0.01975476839,0.006077795786,0.005038957913,-0.01800643087,-0.009040034438,-0.008678881389,-0.01140086662,0.008789920891,-0.01173840134,-0.01244813278,-0.01302083333,0.04122137405,-0.001482579689,-0.03676953381,-0.002481389578,-0.04583651642,-0.03357170361,-0.02619047619,-0.007507820647,-0.002115655853,-0.03721910112,-0.007817197835,-0.02303908879,-0.02337145699,-0.01727272727,0.01386138614,0.005976095618,-0.004459490251,-0.006324666198,-0.0318575326,-0.02051660832
0.01162219676,0.0006397952655,-0.01913536499,-0.01237267653,0.005029721079,0.03811764706,0.002830722778,0.02593527657,-0.005502063274,0.0590706871,0.007473404836,0.006460674157,0.05797101449,0.009948096886,0.02873070326,-0.003531073446,0.0257639305,0.02792484655,0.0211038961,0.001086169442,-0.01157742402,0.01725129385,0.01467924749,0.03109137056,0.02964832045,0.01583434836,0.04958100559,0.008354109972,0.01992287918,0.06964285714,-0.009689052283,0.04432757325,0.05886792453,0.01492537313,0.002083333333,0.01569864585,0.009285051068,-0.003096913185,0.01109196082,0.03505169324,0.0198482195,-0.01612903226,0.01127554616,-0.01797468354,0.002224075619,0.008346374544,0.005548705302,0.006451612903,-0.002801120448,0.03805668016,0.01224489796,0.06620808255,0.02154273801,0.006443817962,0.003756529027,0.0261951539,0.05603822763,-0.006809338521,0.007982218184,0.01226320715,0.003393665158,-0.07422969188,0.02163588391,0.02639296188,-0.0137342242,-0.001363326517,0.01907131012,0.04003202562,0.06768855977,0.04400977995,-0.00462281992,0.00777385159,0.008995866764,-0.05878787879,0.04636989931,0.01782077393,0.01757631822,0.072265625,0.0006600660066,0.004773737902,-0.0360678925,-0.004016153368,-0.0003954901896
-0.02297734628,0.02573529412,-0.01842485549,-0.005069339238,-0.02320291174,-0.0315049864,0.007339104253,-0.0129753915,-0.01383125864,0.05320886814,0.0005284996843,0.004744627407,-0.006186478126,-0.006423982869,0.0116715298,-0.02622253721,-0.008177570093,-0.01075709923,-0.02034976153,-0.007233273056,0.01390922401,-0.01074053137,-0.000719745498,-0.001846153846,-0.00520753561,-0.01588729017,0.002661343979,-0.0205829594,-0.03497164461,-0.05258764608,-0.02663105469,0.02949640288,0.008553100499,-0.002450980392,-0.03326403326,-0.002283413335,-0.01993253603,0.004659800777,-0.009141289438,-0.0293233945,-0.0062965083,0.02966432475,-0.003832752613,-0.008507347254,-0.001386962552,-0.05457837558,-0.02881667689,-0.01864801865,-0.0234082397,0.01404056162,-0.01209677419,0.00564516129,-0.01088435374,0.01800720288,-0.04244945429,-0.00191448628,-0.0156314274,-0.005876591577,0.00176321639,-0.02872445564,-0.01634723788,-0.02042360061,-0.03099173554,0.008571428571,-0.004516371848,-0.05119453925,-0.04393816111,-0.03233256351,-0.02953422291,-0.03653395785,-0.005277601858,0.005259467041,0.004457831325,-0.02253702511,-0.004811344644,-0.03226613307,-0.009090909091,-0.008066614624,-0.0191292876,-0.01070615034,-0.01027146001,-0.006750284047,-0.01543633364
0.02401457436,0.002181704847,-0.01582627898,-0.03660322108,-0.02841173731,0.01006318746,-0.01606575752,-0.03195829556,-0.01192145863,0.0004431641923,0,0.01805555556,-0.004446420631,0.006034482759,0.01359703337,0.01746724891,0.02532391048,0.06303276045,-0.01817591691,0.04663023679,0.03537906137,-0.01314285714,0.01665250148,0.005548705302,-0.0207852194,0.0088333841,0,-0.004361504362,-0.005550114267,-0.01321585903,0.007962617911,0.04402515723,0.01201413428,-0.009009009009,-0.007885304659,-0.004589583,-0.006257822278,0.01857515769,-0.002215035662,0.005729948135,0.08294930876,-0.02729340409,-0.0234347674,-0.03120124805,0,-0.06402188782,-0.02146464646,0.01543942993,-0.01246404602,0.003846153846,-0.02775510204,-0.02646351243,-0.01169188446,-0.01808176101,-0.01759549057,-0.005754475703,-0.01629753448,0.02266009852,0.005271516167,-0.007877634084,-0.03839541547,0.008494208494,-0.01279317697,0.08781869688,-0.02646502836,-0.04244604317,-0.02042553191,-0.0246618934,-0.01178868264,0.009722897423,-0.02079796265,-0.0108126962,-0.004438047259,0.01646903821,0.01221374046,0.0131817007,0.01467889908,0.008394543547,0.01882985878,0.00963784086,-0.03039288362,-0.0203660506,-0.009216375244
0.002749474365,0.0113512673,-0.005235602094,-0.01775075988,0.01246404602,-0.0005792400371,0.06891968863,0.009131350972,0.02200141945,-0.001107419712,0.02674150242,0.02237380628,0.01339883877,0.02142245073,0.01422764228,0.02145922747,0.01378518093,-0.03705951194,-0.01024793388,-0.00765750087,0.01115760112,0.02547770701,0.02065887354,0.03740036787,-0.001572327044,0.03230676329,0.03118779031,0.00232012153,0.02429415627,-0.008035714286,-0.01202287596,-0.008701472557,-0.004888268156,0.03140495868,0.008670520231,0.006909935969,0.008186397985,-0.01164798663,0.02922568042,0.01139460577,0.02978723404,0.02182385035,-0.01074498567,0.009661835749,0.001666666667,0.005553931599,0.02709677419,-0.01461988304,0.0427184466,0.08275862069,-0.005877413938,0.01894563427,0.01322199026,0.007606084868,0.007956760869,0.01672025723,-0.003398470688,0.02408477842,0.003497378063,0.02153774896,-0.01132300358,0.02526799387,0.008639308855,0,0.01281553398,-0.01728024042,-0.01390095569,0.0163132137,0.03446493193,0.0457390467,0.004768097096,0.04513399154,0.0240562249,0.00842514582,0.0005027652086,0.03443877551,0.02893309222,-0.001300728408,0.04422442244,0.02023196716,-0.003822629969,0.002541441524,0.04279958546
0.02564516129,0.01014760148,0.01127819549,0.02060898626,0,-0.002781963603,0.003907637655,-0.0002320185615,0.034375,0.01419068736,0.02269177598,-0.007205764612,0.0242397532,0.005033557047,0.01042084168,-0.01820728291,0.01699716714,0.01620453727,0.04208416834,0.0263065591,0.02206896552,0.02258610954,0.01046742465,0.01182033097,0.01559055118,0.02603100322,-0.006435006435,0.009760533495,0.05352564103,0.02160216022,0.01982151863,0.04051316678,0.02245614035,0.04246794872,0.02363896848,0.03723436905,0.02592129919,0,0.02947425182,0.01331041371,0.03719008264,0.01067887109,-0.003258508327,0.03588516746,0.009151414309,0.01308139535,0.02324120603,0.01899109792,0.03165735568,0.02972399151,0.009290540541,0.03961196443,0.05494505495,0.001986491855,0.04476907836,0.02530044276,0.02472293265,-0.02445907808,0.04398684636,0.01878420831,0.01476793249,0.02315160568,0.0551391863,0.015625,0.02070552147,0.01911314985,0.08370044053,0.03290529695,0.01461634774,0.01933701657,0.02459016393,0.05094466937,0.03829561944,0.03856041131,-0.00175879397,0.05869297164,-0.02636203866,0.002865329513,0.0391908976,0.002905955612,-0.002302379125,0.008746888346,0.01503369644
0.008334643812,-0.004718417047,0.01672862454,0.004002183009,0.01089015152,-0.009415320237,-0.01238499646,0.00881875145,0.01090970124,0.02142544819,0.005296192056,0.01424731183,0.01506024096,0.005425709516,-0.01467671559,0.007845934379,0.01559888579,0.02108433735,0.05048076923,0.01777170198,0.01619433198,0.05908337935,0.01519502109,0.004672897196,0.04186695612,0.02537058153,-0.01101036269,0.02874203126,0.03072710678,0.01938325991,0.02149312349,-0.01492537313,0.004804392588,-0.004611837048,0.002099370189,-0.01545745059,0.02070015221,0.009225667164,-0.005157591122,0.007587914355,0.0109561753,0.0241509434,-0.01089720305,0.006415191173,0.01813685078,0.04131994261,0,0.0163075131,0.003610108303,0.01443298969,-0.01087866109,0.0233281493,-0.01822916667,-0.03092783505,-0.005674292595,0.008019740901,0.009983361065,0.004821600771,0.02920319509,-0.07124010554,0.01544401544,0.0007299270073,-0.001522070015,0.01794871795,0.006761833208,-0.04201050263,0.008130081301,0.05516705517,0.0251359811,0.01716350497,0.01894736842,0.003531300161,0.02179373383,-0.03774752475,0.001510193808,0.005590496157,-0.006317689531,0.01428571429,0.02858880779,0.01862701395,0.02615384615,0.02580937288,0.01995986331
0.0004678727386,-0.02309221594,-0.001462522852,-0.02071631334,0.01264637002,0.002112180239,-0.001612325331,0.01265240396,-0.02722895567,0.002568493151,-0.01680566604,-0.02676914922,0.003391267486,0.00498132005,-0.02334943639,-0.004953998585,-0.03455842019,0.02945514489,0.058733791,0.01309603761,0.01593625498,0.002606882169,0,0.01162790698,0.01711564221,0.02696691688,0.003274394237,0.05069449603,-0.0008854781582,0.009507346586,0.001669800466,-0.01844532279,-0.0150273224,-0.03011583012,0.007681564246,-0.03589632622,-0.00178944229,0.08684817008,-0.01473163986,-0.01555070189,-0.00197044335,-0.01105379514,0.009915534337,-0.001274859765,0.001619433198,0.02314687242,-0.006752608963,0.001146131805,0.005395683453,-0.00135501355,-0.005922165821,-0.04407294833,0.001326259947,0.01104746318,0.01014183431,0.0146878825,-0.00370675453,0.009596928983,-0.02269721179,-0.004107338445,0.01959637321,0.02771699489,0.01829268293,0,-0.007462686567,-0.02584181676,0.02419354839,0.000736377025,-0.001369091595,0.001776198934,-0.000826446281,-0.01599488164,0.02297384715,0.007073954984,0.04347826087,0.02965022006,-0.03723887375,0.05505761844,0.01774098167,0.01684848864,0.02548725637,-0.01423526815,0.0238549834
0.02088854248,-0.02911709455,-0.009154155987,-0.01202664364,0.02127659574,0.008665105386,0.01543154495,0.001363016811,0.0017067759,0.0269000854,0.006632023198,-0.00462962963,0.002112378538,-0.0004130524577,-0.02019785655,0.009957325747,-0.005681818182,0.0241456323,0.01123919308,0.05071262844,0.02549019608,-0.002600104004,-0.01633442951,0.02816091954,-0.009364940006,0.03519220357,0.01240208877,0.006589677686,0.02540620384,0.05393835616,0.05333053162,0.03422818792,0.02565880721,0.02866242038,0.003465003465,0.0296640814,0.01523752614,0.02429917921,0.02776629854,-0.005095968292,0.05824284304,0.0260804769,0.02872727273,-0.002808271636,0.004850444624,0.01319687584,0.01421508035,0.02804808243,0.01788908766,0.05766621438,0.02808510638,-0.01510333863,0.01456953642,-0.02590044516,0.01443064151,0.02955367913,0.02232327408,-0.03517110266,-0.007054335876,0.01615342315,0.004876649455,-0.03193754436,0.02694610778,0.03652392947,-0.009398496241,-0.01607717042,0.04803149606,-0.01766004415,0.05432139642,0.01906028369,0.02274607113,0.02633289987,0.02565585026,0.030651341,0.01156069364,0.02114735658,0.01603773585,0.05339805825,0.02498547356,0.01432523824,0.01388888889,-0.003403112056,0.03548883874
-0.01221560544,0.006449532409,-0.0133037694,-0.01179848929,-0.01630434783,-0.01369863014,-0.001590386994,-0.01315789474,-0.008519338899,-0.003742203742,-0.01697771739,-0.02216142271,-0.02571669477,-0.02231404959,-0.001682793437,-0.00985915493,-0.01085714286,-0.00267445688,0.0007124536905,0.02365930599,-0.003186743149,-0.01616266945,0.002765319319,-0.007266629402,-0.007385524372,-0.02458158996,-0.01096067054,-0.004208847107,-0.02938634399,0.01380991064,-0.004116129375,-0.003244646334,-0.01555104801,-0.006191950464,-0.02071823204,-0.01299393294,-0.01824602707,-0.007300065374,0.004502693297,-0.0112662315,-0.01865671642,-0.01307189542,0.004241781548,-0.02124935996,-0.005363368195,0.006911217438,-0.008531383303,-0.007795100223,-0.01230228471,-0.01796023092,-0.01655629139,-0.01049233253,-0.01436031332,-0.02035729123,-0.01051760813,-0.01230228471,-0.0105135463,-0.005911330049,-0.007515454492,-0.004396942434,-0.01484441907,-0.01246334311,0.008746355685,0.003645200486,-0.001897533207,-0.02777777778,-0.01126972201,-0.008239700375,-0.0151476491,-0.004784688995,-0.01273756571,-0.01837187203,-0.01719278467,-0.02478314746,0.003571428571,-0.01079532937,0.01021355617,-0.01774193548,-0.003968253968,-0.03045823736,-0.02090843547,-0.01177184193,-0.01453024999
0.02983459576,0.02338993912,0.02771535581,0.03367024637,0.05570902394,0.05637947269,0.02300884956,0.01517241379,0.02594947585,0.05383973289,0.01134427406,0.01454952434,0.05149286023,0.0135249366,0.03413400759,-0.01280227596,0.05257076834,0.09451710054,0.01794105083,0.02896764253,-0.00895140665,0.01430842607,0.02414696722,0.03322072072,0.03958333333,0.04128686327,0.02346805737,0.01854883805,0.03977441377,0.004006410256,0.03114212266,0.041015625,0.03914835165,0.01557632399,0.03314527504,0.03549519042,0.0008992805755,0.05882000778,0.03310293899,0.03315007988,0.04182509506,0.01324503311,0.0077437522,-0.026942192,0.04880021569,0.05623020063,0.02274124155,0.02300785634,0.02580071174,0.09797517962,0.01851851852,0.04486133768,0.01258278146,0.01781170483,0.04624985071,0.05931198102,0.02697180221,0.01486620416,-0.01767589267,0.03974724827,-0.03882932483,0.003711952487,0.02167630058,0.01937046005,-0.02623574144,-0.01260504202,0.07598784195,-0.001510574018,0.009606042639,0.02578671329,0.007577309031,0.01645692159,0.007958130198,0.008259212198,0.03819691578,0.03474387528,0.04044117647,0.02603800141,0.00796812749,0.02969585196,0.02724594993,0.03073495647,0.03886698743
0.01441008706,-0.01628052599,0.0003644314869,0.02627879973,0.05320540776,0.0235097493,0.008823529412,0.002038043478,0.01507537688,0.08752475248,0.006882522461,-0.0137892995,0.001234567901,-0.00834028357,0.0065199674,-0.009365994236,0.01646542261,0.04074632492,-0.0282557001,0.09164420485,-0.03225806452,0.06687565308,0.004032312082,0.02997275204,0.005439450329,-0.0298661174,-0.0127388535,-0.04356900858,-0.004852983157,-0.01356743815,0.03728574296,0.09193245779,-0.009914077991,0.01073619632,-0.01979522184,-0.007192198775,-0.002994908655,-0.007812205511,0.01235194698,-0.006515065378,0.01916058394,0.004357298475,0.002095703807,-0.01290322581,0.01799485861,0.01799550112,-0.006009615385,0.01645639057,-0.01647875108,0.005353955979,-0.02314049587,0.0343481655,0.0196206671,0.01833333333,0.0310636112,0.04591265398,-0.039793076,0.0390625,-0.03899048037,0.01310200614,-0.01839011155,0.01331360947,0.06129184347,0.04513064133,-0.01600937134,0.00170212766,0.03177966102,-0.0189107413,0.01101981395,0.02726885386,-0.01219512195,-0.03079365079,-0.001582616118,-0.02331442974,0.01279707495,0.01635815755,0.06978798587,0.02171925011,0.007340485601,0.011626848,0.006451612903,0.01735735868,-0.04126455703
0.02915063628,0.02593889243,0.02367941712,-0.009765973918,0.03354037267,-0.0006531678641,0.01543474533,0.02327683616,0.01369636964,-0.03131828114,0.04531514684,0.01761744966,0.02219482121,0.02607232969,-0.03076923077,0.01090909091,0.007559395248,-0.00503422549,0.02346336548,0.00658436214,0.086,0.01420176298,0.01743875754,0.03015873016,-0.001566059226,-0.005042462845,0.02193548387,0.003133791163,-0.008892713712,0.02588996764,-0.01128680854,-0.0206185567,0.01335113485,0.0440060698,-0.0006963788301,0.0306241795,0.02973866026,0.03324247058,-0.0296749416,0.01311557961,0.04207699194,0.02675343456,-0.06273963053,-0.001906318083,0.002525252525,-0.06727228087,-0.01753325272,0.007015650297,-0.0008818342152,0.01479289941,0.01692047377,0.03169811321,0.02309172547,0.06914893617,0.02607287674,0.01338329764,0.03315375052,0.03853383459,0.04190633071,0.02257554746,0.008906633907,0.05182481752,0.02176810307,-0.01931818182,0.01349206349,0.00424808836,0.01300479124,-0.02544333076,0.005686588437,0.02903359602,0.01028806584,-0.00786112021,0.006322688657,0.02387096774,0.01827617329,0.02265988988,0.0132122213,0.006936674871,0.03251121076,-0.0139839155,0.01424501425,0.005463059313,0.03259206778
0.03105679367,0.01008220878,0.009964412811,0.05454326779,0.03725961538,0.02058823529,0.03918257051,0.02893109541,0.02392967605,-0.001127819549,0.0263994509,0.02198406156,0.01367108967,0.04426229508,0.01211361738,0.007913669065,0.02304394427,0.02842894584,-0.01378340366,0.002452984464,0.05279312462,0.01883148238,-0.0006556947085,-0.002568053416,0.01511478682,-0.009335822886,0.01578282828,0.01465599901,0.004052098408,0.06703470032,0,0.01578947368,-0.005270092227,0.004360465116,-0.02787456446,0.01783315577,0.008168028005,0.05758040942,0.008834030399,0.01493397196,-0.01975945017,0.02112676056,0.02975083674,0.0412005457,0.02443324937,-0.01421426691,-0.006153846154,0.009646302251,-0.005295675199,0.09096209913,-0.01830282862,0.005120702268,-0.0131661442,-0.0003827018752,-0.02371093697,0.02588483888,0.03008423586,0.006334841629,0.01925547226,0.02743873593,0.006697108067,0.03122831367,-0.02782608696,0.05214368482,0.007439310885,0.01607445008,-0.02027027027,-0.003955696203,0.004790494727,-0.02660217654,-0.008146639511,0.03169362826,0.0290609182,0.03213610586,0.03190782185,-0.009732863947,-0.01059494703,0.01133333333,0.00108577633,-0.008338912898,0.03019662921,0.01647261751,0.0169963046
-0.01533956213,0.007524570025,0.01585623679,-0.003478558394,0.02742371572,-0.01366207706,0.02470339672,-0.03455677184,-0.03322734499,-0.04666917576,-0.01203458041,0.01156224792,0.04323681079,0.003924646782,-0.03219149814,-0.01142041399,-0.02095337873,-0.04693306905,0.03108956075,-0.1065796629,0.02040816327,0.02037914692,0.01913260285,0.02420185376,0.004354544178,-0.05250403877,0.01429459291,0.02675981202,-0.04612280196,-0.0317812269,-0.009919244344,0.02705814623,-0.0178807947,0.01013024602,0.01433691756,0.03237917539,0.009837962963,-0.03202058218,-0.0161651297,0.02552173187,0.02804557406,-0.004827586207,-0.01047309498,-0.01493710692,0.008851733464,0.02777036048,-0.007430340557,-0.02229299363,-0.004436557232,0.01817210048,0.009322033898,0.01673944687,-0.003176620076,-0.01225114855,-0.02660772259,-0.0149330587,0.02414330218,0.01798561151,-0.05835268728,-0.0006139300734,0.0006047777442,-0.01816958277,-0.02728085868,-0.0550660793,-0.02798289934,0.04496253122,-0.008965517241,-0.1048451152,0.02308955656,0.02401656315,-0.01663244353,0.01056,-0.003044166208,-0.01098901099,-0.01417221387,0.01087411125,0.009884678748,0.02307185234,-0.007592190889,-0.001964154186,-0.008861622359,-0.01724503648,0.001597118584
0.01727800595,0.003200731596,0.007977800902,0.01842632332,0.06052631579,-0.01579915594,0.009357652657,-0.021120498,-0.007235652031,0.04125542835,0.01146521095,-0.002126528442,0.01558935361,-0.01485535575,-0.0170575693,-0.002166064982,0.00481540931,0.03431499981,0.01134163209,0.03560559951,0.002285714286,-0.02275894101,0.005820017254,0.01659125189,0.02909090909,0.02926967889,0.02696078431,-0.003919007185,0.01692354186,0.0213740458,0.03429671956,0.01289237668,0.0101146325,-0.006446991404,-0.007067137809,-0.005146459192,-0.02005730659,0.03639318649,0.005817220068,-0.01722416375,-0.01449275362,-0.01871101871,0.01788321168,0.01835594573,-0.002924689252,0.02442192777,0.01933873986,0.04940282302,0.01693404635,0.01837270341,0.01511335013,-0.0372226199,0.03250478011,0.001937984496,0.01484551299,0.03136434919,0.005703422053,0.01855123675,0.01382255386,0.02733667107,0.008159564823,-0.002056202879,0.02068965517,-0.01631701632,0.02399040384,-0.06852589641,0.02435629784,0.005323868678,0.08442398489,0.04286291953,-0.006264355815,0.01709943002,0.006124174099,-0.01543209877,0.001960357221,0.002068680182,0.03181076672,0.009235395189,-0.01803278689,-0.01039360394,0.01581843191,-0.01366255855,-0.003678994385
0.01071975498,0.01488909146,0.01410874054,-0.03944485026,0.06522509748,-0.02144035184,0.001728472659,-0.01839654781,-0.03528242505,0.03563981043,0.06068417365,0.02397442728,0.02658180457,0.01746031746,0.02212581345,0.002170767004,0.01384451544,0.06200854547,0.01504376368,-0.002938583603,0.03477765108,-0.02566539924,0.007719388082,0.02769535114,-0.00258222343,-0.006073992269,-0.01372315036,0.02778440139,-0.02704309064,0.03886397608,0.01496430025,0.02158273381,0.01068090788,0.001441961067,0.002846975089,0.0377291609,0.02076023392,0.03750649801,0.04561122654,0.01849786308,0.04065743945,-0.0197740113,-0.02581570455,0.002089864159,0.01735516989,0.005833121988,0.02876376989,0.01862390067,0.02015775635,0.02113402062,-0.01571546733,0.007434944238,0.02469135802,-0.04758220503,0.009369974128,-0.009123162696,0.0007561436673,0.04770164788,0.005276147838,-0.005680629055,-0.002398081535,-0.006181318681,0.03963963964,-0.03672985782,0.03045685279,-0.05132591959,0.03464673913,-0.03089143866,0.0101532125,-0.002326483133,0.05904601807,0.01432129514,0.007595761462,0.006269592476,0.01434782609,0.01156069364,0.01818181818,0.03617791019,0.01947690595,0.02271456093,0.002031144211,0.03846995492,0.06714935231
0.005371900826,0.02619760479,0.001357312521,-0.01614507166,0.04326123128,0.01382022472,0.01615686275,0.02174919019,0.02266483516,0.005491488193,-0.02471022597,0.02341311134,-0.009117432531,0.02457098284,-0.001273344652,0.03610108303,0.0131302521,-0.02667523159,-0.04890864996,0.04568228706,0,0.03804878049,0.02299347036,0.002887391723,0.01907616842,-0.003055555556,-0.0006049606776,-0.04325424253,0.06230910202,0.02230215827,0.02341856354,0.0173347779,0.0535006605,0,0.01845280341,0.02489298791,0.0002864508737,0.03307752048,-0.009114570609,0.0191160844,-0.004156275977,0.01657060519,0.03128450497,-0.04092805005,0.00336376742,-0.000756429652,-0.01130279595,0.01929913662,-0.02577319588,-0.0005047955578,-0.01596638655,0.01771217712,0.01807228916,-0.01705930138,0.042341531,0.04552429668,-0.03173403853,0.01407284768,0.003061233453,0.0246564633,0.04146634615,0.01658604008,0.03119584055,0.0479704797,-0.004547176961,-0.01262398557,0.04530531845,0.01730418944,0.01019770444,-0.01943256899,-0.0119047619,0.02516881522,-0.08836892708,0.003738317757,0.0353621946,0.007755102041,-0.01863354037,0.03101252824,0.02947598253,-0.03606477684,0.02972972973,0.06877950101,-0.0187374642
-0.02726400877,0.0398249453,-0.01016604541,0.02193947321,0.02041467305,-0.01607004322,0.0339610991,0.01585144928,0.01007387508,-0.06608410705,0.03104390472,0.00406710727,-0.02318733898,0.01408450704,0.03102422439,0.02090592334,0.02488335925,-0.03612490882,-0.06049015441,-0.135005637,0.01928374656,-0.01691729323,0.02683538645,0.02783109405,-0.0169808798,-0.02953468933,0.03329297821,-0.04073374288,0.02846463485,0.02814919071,0.005650924805,0.02555910543,0.0006269592476,0.03527717783,0.02369337979,0,0.03493699885,0.0007436747231,0.03679364067,0.01220355574,0.02086811352,0.01204819277,-0.01070663812,-0.01386246263,-0.008381226054,-0.06686853394,0.0138387485,0.03039362232,0.009700176367,0.03232323232,-0.002561912895,0.01087744743,0.04615384615,0.03925619835,0.04063484468,-0.02690802348,-0.006242684354,0.0693877551,-0.01395462885,-0.003521436746,-0.005481823428,0.01291638341,-0.01134453782,-0.03051643192,-0.005709935287,-0.01643835616,0.02324120603,-0.05282005372,-0.005883632919,0.09353943718,0.02911646586,0.0248502994,-0.007447920556,0.01055245189,0.03001448975,0.00324017821,0.02215189873,0.04482071713,0.01113467656,-0.0236083969,-0.02362204724,0.02969242902,0.004255273565
0.03478873239,0.01795735129,0.02156795618,0.1076332325,-0.009377930603,0.0194863708,0.03075544939,0.01270619706,0.01030585106,-0.0253411306,0.03674803451,0.01189873418,0.01921627732,0.03228228228,-0.02596867271,0.00614334471,0.03894790086,0.03697430538,0.03679131484,-0.01824698599,0.01135135135,-0.02676864245,0.0176323332,0.005602240896,0.02652339499,-0.07493540052,0.01933216169,0.04369052196,0.03214984624,0.02532511978,0.02359225593,-0.01505711319,0.0469924812,0.02086230876,-0.0115724983,0.02138252112,-0.02545655783,0.03571832442,0.03485374554,0.01112092163,0.04578904334,0.02030812325,0.05339105339,-0.001102535832,0.004346776141,0.006489994592,-0.0118694362,0.01547388781,0.01397379913,0.04109589041,0.01626712329,0.02797704448,0.007918552036,-0.005168986083,0.00159666871,0.06686777275,0.01452689439,-0.004580152672,0.03361072133,0.00706776217,0.006382361474,-0.0288590604,0.009774755631,-0.01937046005,0.02794793262,0.01299907149,0.03806015961,0.03497164461,0.02360515021,0.01123595506,0.01170731707,0.004966403739,-0.006676320689,0.003685503686,0.07817524116,0.05470327008,0.03095975232,0.1134413727,0.02045097011,-0.03363786035,0.1055107527,0.01058859572,0.02923909154
-0.01973594664,-0.0401047409,-0.0006702412869,-0.004307175123,0.02429788577,-0.008949287372,0.001448435689,-0.0233325996,0.003455083909,-0.003,0.006619810931,0.007255441581,0.001109057301,-0.005454545455,-0.01311891663,-0.002713704206,0.08568646543,-0.01782797567,-0.04682955207,-0.01327580485,0.01068947087,-0.01031434185,0.00179447871,0.00278551532,0.01404531602,0.003414028554,0.02413793103,-0.03386871332,0.03981581798,0.0126835781,-0.05241123996,-0.0295202952,0.03171753441,0.0340599455,0.004820936639,0.04091122305,-0.00624645088,-0.01437328425,0.0113277384,-0.000914817972,0.03049257232,0.01441317776,-0.01575342466,0.09850993377,-0.006011060351,0.006716818915,-0.01981981982,-0.01333333333,-0.05340223945,0.001879699248,0.01432181971,0.004187020237,0.002805836139,-0.07154276579,0.03149987885,0.001413760603,-0.007352941176,0.003834355828,-0.02096535132,0.004678772992,0.05275295474,-0.05459571527,0.0101010101,0.004938271605,0.0104283054,0.01191567369,0.010644589,-0.02648401826,-0.04821802935,-0.01505376344,-0.03085824494,-0.01337209302,-0.02521867545,0.006731946144,-0.03634669152,-0.01626794258,0.02777777778,0.01712328767,0.04624871531,0.009153165191,-0.05288753799,-0.00380833286,0.01730219898
-0.03499028048,0.007609475951,0.02146210597,0.01213336147,-0.03234750462,0.02552954292,-0.006219265259,-0.01307189542,0.06787998032,-0.0407221665,0.01039399063,0.01068057625,0.03692762186,0.01023765996,-0.02186963979,0.02721088435,-0.03677130045,-0.07794918972,-0.06332010986,-0.03397241843,-0.009518773136,-0.0158808933,-0.004175662531,-0.02777777778,-0.02979223834,-0.06897618311,0.005611672278,-0.0632909409,0.003646783016,-0.03559657218,-0.0104242734,-0.004888647474,-0.02726218097,0.009881422925,0.01644962303,0.01371500225,0.03457142857,-0.05830781526,-0.02785217412,-0.009177366658,-0.01441578149,0.01285520974,-0.01426583159,-0.01431801055,0.04499274311,-0.08326661329,0.002450980392,-0.02364864865,-0.004549590537,-0.02532833021,-0.0157807309,-0.08478109798,0.01007274762,-0.0297029703,0.06315294932,-0.01647058824,-0.01286549708,-0.01451489687,-0.03802356452,-0.01862793608,0.02683461117,0.02850877193,0.1020833333,-0.01965601966,-0.01695539993,0.007246376812,0.01053247513,-0.05440900563,0.02070484581,-0.03493449782,-0.02985074627,-0.01237477902,0.006040477023,0.01458966565,-0.01934235977,0.01070038911,0.03944485026,-0.0202020202,-0.02308447937,-0.009070144659,0.009627727856,-0.003822891704,0.01056787819
0.01079136691,0.005129666572,0.01017728168,-0.003179401647,0.006049028972,-0.0001087074682,0.008295735701,-0.002055263759,0.01320436051,0.01819322459,-0.009447174869,0.01990661096,-0.009971509972,0.007600434311,0.007891275756,0.01324503311,-0.008379888268,0.03208104686,0.005049682359,-0.04073816156,0.01494927923,0.01059001513,0.006587568199,-0.0009523809524,0.02774410774,-0.01594684385,-0.01450892857,-0.004678082154,0.02335842201,-0.007518796992,-0.002927159241,0.005458515284,0.02981514609,0.0189171559,0.0006743088334,0.01893156033,0.01546534107,0.0108392431,0.01930994076,0.007403595732,-0.003849114704,0.01536406146,0.01588422167,-0.006116207951,0.01064814815,-0.01484716157,0.01344743276,0.001977261493,-0.006398537477,0.03946102021,-0.0008438818565,0.009111617312,-0.003878116343,0.02218278616,0.04088799991,0.008612440191,0.01421800948,0.003875968992,0.04497764802,0.01660883234,0.009333333333,0.00710732054,0.03629489603,0.01002506266,0.03562054743,0.02158273381,0.0526925304,-0.02380952381,-0.0202848511,-0.002639517345,0.009025641026,0.01223150358,-0.002567716277,0.0257639305,0.001972386588,0.01347449471,0.02178496135,0.007731958763,0.02614379085,0.02014364456,-0.005721551176,0.01149359452,0.0142624988
-0.03245551601,0.004819960306,-0.005524861878,-0.009673202614,-0.03797468354,-0.02576647097,-0.01703233256,-0.02196796339,0.000909228671,-0.04908605463,-0.02437448226,-0.02795180723,-0.04424460432,-0.01400862069,-0.008699434537,0.02614379085,-0.0338028169,-0.047927124,-0.03030794165,-0.03411978221,-0.01472908995,-0.02944111776,-0.01963336844,-0.0142993327,-0.01939457476,0.001688048616,-0.01019252548,-0.01932126291,-0.01496322597,-0.0544077135,-0.03434090503,-0.03854505972,-0.02837290098,-0.03329065301,0.02223719677,-0.03539554426,0.00571117759,-0.03675749364,-0.05621783916,-0.01837817553,-0.06336939722,-0.01052631579,0.007644197359,-0.03769230769,-0.04374713697,-0.02807328605,-0.01085645356,-0.03453379378,0.01103955842,-0.05277777778,-0.03631756757,-0.05492851768,-0.03281423804,-0.03081597222,-0.06079971399,-0.01185958254,-0.05023364486,-0.003861003861,-0.009132180898,-0.03646760218,-0.01294583884,-0.00352858151,-0.03538854433,-0.06451612903,-0.004706734251,-0.06778169014,-0.05665566557,0.006605691057,0.01145374449,-0.02759924386,-0.01443382801,-0.005894488653,-0.06615825333,-0.02745327103,-0.05295275591,-0.04843304843,-0.05089408528,-0.004262574595,-0.0489955904,-0.02184163992,-0.01023017903,-0.01704448933,-0.04752384312
0.002501103428,0.01424943567,0.06568627451,0.03357972545,0.06842105263,-0.003459435331,-0.009104258443,0.01286850725,0.01135503407,0.04859611231,0.007386118631,-0.01041150223,0.04478735416,0.0218579235,0.009214567793,0.02292993631,0.03206997085,0.07053034445,-0.006184188534,0.05336339722,-0.004805125467,0.009254498715,-0.005456301304,0.00580270793,0.02926633703,0.01247050893,-0.03432494279,-0.02848753849,0.02008238929,-0.002184996358,-0.01945443281,0.01242236025,0.007151370679,0.009933774834,0.006591957811,0.0348655425,0.03217955652,0.02861580946,0.03755021381,-0.007497398212,0.03135313531,0.01529255319,0.008620689655,0.05915267786,0.04718562874,-0.04226208574,0.04146341463,0.01686254471,0.05277525023,0.1124144673,-0.002629272568,0.02229299363,0.005175388154,0.01164352888,0.1274846845,0.05376860298,0.0024600246,-0.004651162791,0.02676793487,0.03300330033,0.03640256959,0.04674220963,0.0915279879,0.04907161804,0.0210985813,-0.1416430595,0.06588921283,-0.05401312468,0.04094076655,-0.005054432348,0.06435643564,0.009190631485,0.01564896572,0.04084084084,0.01288713365,0.001996007984,0.04347826087,0.05308219178,0.04842864503,0.0275518061,0.02648578811,0.009639757278,-0.007347557158
-0.003228646903,-0.0254555571,0.01441275682,0.01987127094,-0.005541871921,0.0003359462486,-0.004001185536,-0.006468006468,0.002994011976,0.01194644696,0.001939451173,-0.01553106212,-0.003602305476,-0.01461675579,-0.01913043478,-0.006849315068,-0.02824858757,-0.02444185028,-0.02842246889,0.0210488762,-0.007510729614,0.009679062659,-0.003665582366,-0.005769230769,-0.04414437808,-0.01697736352,-0.009478672986,-0.03397972623,-0.05779909137,-0.0401459854,-0.003100472236,-0.03067484663,0.003550295858,-0.00131147541,0.00261951539,-0.01330153633,0.008907518994,0.0007718379811,-0.03712793228,-0.01320350952,-0.0056,-0.05828421742,-0.003418803419,0.006540880503,-0.01669716377,0.01111111111,0.018735363,-0.001507537688,0.004321521175,-0.01230228471,-0.01230228471,-0.003894080997,-0.02574370709,0.0008853474989,-0.001761937921,-0.02323462415,-0.004498977505,-0.02881619938,0.0004290666941,-0.01318990533,-0.01859504132,0.004059539919,0.05232155232,-0.01643489254,0.008906305664,0.07150715072,-0.003829321663,-0.04749199573,-0.02468619247,-0.005470887065,-0.005813953488,-0.0205640423,-0.009061039571,0.03173687248,0.02606197414,-0.04521912351,-0.002777777778,-0.0487804878,0.01523341523,0.02111161791,-0.01636249213,-0.02101639469,-0.06365247232
0.0359246172,0.02512132458,0.02025392987,0.01051840721,0.04736842105,0.02261278406,0.03749442047,0.04301325273,0.003731343284,0.0889476898,0.01829773178,-0.004071246819,0.01554591468,0.01483357453,0.01906028369,0.02445141066,0.0746124031,0.001383591354,0.02890773758,0.02725366876,0.04702702703,0.01765893037,0.04715785883,0.0251450677,-0.0032599837,0.0443616661,0.01196172249,0.03942955573,0.01526922047,0.07680608365,0.01741272403,0.1265822785,-0.00766509434,0,0.02024820379,0.02589286574,-0.01428200467,0.03706994836,0.0482813412,0.02581701472,0.02252614642,0.04311543811,0.07993138937,0.03274181455,0.02814608048,0.0103610675,0.0183908046,0.03321590337,0.03442340792,0.009786476868,0.0231316726,0.05082095387,0.06517909571,0.04068996019,0.03981398298,0.09048507463,0.07271980279,0.02165196472,0.05168465115,0.01158404372,0.005526315789,-0.001347708895,0.05663483701,0.04755784062,0.01836158192,0.08316221766,0.05381658429,0.01960784314,-0.02788502789,0.07937131631,0.0253411306,-0.008398320336,0.02650493235,0.01677852349,0.099,-0.001877738368,0.01601671309,0.01965811966,0.03291384318,-0.003796822156,0.04734484965,0.00194276611,0.02938918203
0.01463899943,0.0104427736,-0.02340740741,-0.01546468401,-0.01152822938,0.03185550082,0.0180696974,0.02362906821,-0.006840148699,0.01028037383,-0.02008178907,0.008686765457,-0.02100391598,-0.004634581105,0.02566333188,0.009791921665,0.04147880974,0.02139736361,0.01699192463,-0.01428571429,-0.001548786784,-0.07288051562,0.0017566923,0.01981132075,0.00231670755,0.02594033722,0.01654846336,0.008461624046,-0.01081794195,-0.00988700565,0.01283763823,0.05413687436,0.06179441474,-0.02495075509,0.003201024328,0.008851135724,-0.009220231823,-0.002982782313,0.006802384392,-0.0009407337723,-0.02753737215,-0.002,0.04733163914,0.003872216844,0.001131221719,0.01646985705,-0.004514672686,0.01363857769,-0.004991680532,-0.001762114537,0.01826086957,0.02529761905,0.001653803749,0.006374840629,0.001819438515,0.01967493584,0.01723477595,0.01334379906,0.04346389903,-0.005578882462,0.02303062026,-0.0006747638327,-0.01464630726,0.2196319018,0.01595006935,-0.03222748815,-0.02397081813,0.08021978022,0.07766990291,0.01856570805,0.01615969582,-0.008469449486,-0.01336168847,-0.001650165017,0.04276615105,0.03156354515,-0.0006854009596,-0.01592623638,-0.01733833177,0.001473272908,0.01893708002,-0.01070327497,0.01196141336
0.0359994397,0.03072895136,0.02275485437,-0.001560690732,0.04276315789,-0.01220029705,0.009437949007,0.01546167247,-0.0004491690373,0.07474560592,0.0157462764,0.03191489362,0.112,-0.0007163323782,-0.01823579304,0.01151515152,0.006060606061,0.05557180462,-0.007113316791,0.02622498275,0.03050672182,0.08395721925,0.004076276304,0.04070305273,0.02121006118,0.0110619469,-0.0523255814,0.03464254192,0.03894371832,-0.01426533524,-0.06307026054,0.03488372093,0.01343033016,0.006734006734,0.01595405233,0.03859214946,0.01249667642,0,0.02640198115,0.01585941302,0.05501618123,0.02738810955,0.002729754322,0.02121504339,0.03774011299,-0.03576887802,0.04875283447,0.03940413263,0.03846153846,0.007943512798,0.02220324509,0.02177068215,0.03742432581,-0.001689189189,-0.01728878563,0.02348993289,0.01731927711,0.0100697134,0.01984969106,0.03661381286,-0.002814018931,-0.001350438893,-0.006641366224,-0.001006036217,-0.00409556314,-0.008814887365,-0.002135611319,-0.04323499491,0.03603603604,0.02859185132,0.02338634238,0.03203172666,0.01535239335,0.005509641873,0.02356020942,0.0233029382,-0.001371742112,0.01788756388,0.00619933238,0.005852441715,-0.06534772182,0.03937594324,0.04605056452
0.04096809086,0.008556149733,0.02135864729,0.02117789431,0.02380269573,0.01503597895,0.0008372871895,-0.01158052756,0.01572798083,0.07075228094,0.01295577698,0.003927344134,0.05362982341,0.02258064516,0.008207343413,0.01557819053,0.01549053356,0.04367553339,-0.03248917028,0.1832548756,-0.03361766182,0.02910705476,0.04419435802,0.03555555556,0.02010384769,0.06095654892,-0.01042944785,0.007065809117,0.06033376123,0.05354558611,0.04734512675,0.02621722846,0.02484815019,0.02675585284,0.03391959799,0.01098261236,0.03230042017,0.06497433943,0.03888810726,0.05142839289,0.002300613497,0.02535760728,-0.0003024803388,0.03989612842,0.01807491289,-0.01521876982,0.07459459459,0.002311604253,0.05958132045,0.08143607706,0.01921470343,0.0390625,0.006896551724,0.01945854484,0.1527819363,0.03770491803,0.04996299038,0.0245398773,0.01145038168,0.04873671917,-0.03232426886,0.06085192698,0.09041706463,-0.01510574018,-0.008567511995,-0.07193675889,0.1021936865,-0.01541733121,0.05138339921,0.07470465601,0.01279707495,-0.01655335501,0.03022049546,0.1238356164,0.08269394714,0.04653465347,0.05906593407,0.1020920502,0.04407582938,0.03948874475,0.03335471456,0.01608523477,-0.07888902879
-0.05702039226,-0.01749734889,0.01626488527,-0.01545526368,-0.006722689076,0.008147286001,-0.04280535416,-0.007593838143,0.01106031559,-0.03408360129,0.01677101632,-0.01246943765,-0.04500310366,0.003154574132,0.03127677806,-0.01356932153,-0.03050847458,-0.02820827664,-0.01257103496,-0.07075873828,0.003115264798,0.0393096836,-0.01225077537,-0.01630901288,-0.008091882015,-0.03093694755,-0.03223806572,-0.001042125267,0.002663438257,-0.04532967033,-0.05442550497,-0.1008211679,-0.03017241379,-0.02149837134,-0.02430133657,-0.005848108668,-0.008649198677,-0.03155570781,-0.04146064567,0.01833490169,-0.004590665647,-0.007609384908,-0.01059001513,0.07832009081,-0.02032085561,0.002253702511,-0.03319919517,-0.01291512915,-0.04027355623,0.01214574899,0.002459016393,0.03759398496,0.04847207587,-0.07178423237,-0.02007970982,-0.03949447077,-0.0007049700388,-0.02095808383,-0.02037584299,-0.01602477049,0.002120890774,0.003186743149,-0.05109489051,-0.03680981595,-0.03214656066,0.06218057922,-0.05194174757,0.03779697624,-0.03195488722,-0.0417070805,-0.059566787,-0.04749023144,-0.02157769916,0.009751340809,-0.08031496063,-0.01324503311,0.01556420233,-0.03796507213,-0.03631411711,-0.04636936441,-0.052141527,-0.02421914147,0.04696138829
-0.01060606061,-0.02765785213,-0.02629322664,-0.03054315663,-0.05555555556,-0.01553316541,-0.03568827385,-0.01421075645,-0.0217327888,0.02563249001,-0.03484516075,-0.03936617975,-0.04354891128,-0.03703703704,-0.01412546739,-0.06399521531,-0.03583916084,0.0003073455589,0.00453435647,0.01712538226,-0.04917184265,-0.008763837638,-0.03776885639,-0.02966841187,-0.05671052632,0.01216175129,-0.004484304933,-0.01039865219,-0.02028495532,0.007913669065,-0.002275538305,-0.06747843734,-0.008888888889,-0.01664447403,-0.04856787049,-0.002522349082,-0.04747241468,0,0.008410914349,-0.01371515281,-0.01076095311,-0.0357827476,0.06483180428,-0.01726315789,0.0096069869,-0.01060070671,-0.03433922997,-0.05514018692,-0.03483768804,-0.0232,-0.01635322976,-0.05862977602,-0.03115577889,-0.03308001788,-0.03771032693,-0.0390625,0.01128747795,-0.01911314985,0.00654775257,-0.01877001215,-0.0171957672,-0.04002541296,-0.02769230769,0.02335456476,-0.03464285714,0.04450681636,-0.01740911418,0.0098855359,0.005825242718,0.00641025641,-0.03262955854,0.01451562007,0.005304776285,-0.01400289715,0.008561643836,-0.03547459252,0.002554278416,0.01104972376,-0.01224682054,-0.0002886650844,-0.006548788474,0.005724827875,0.008717402319
-0.02519838508,-0.02317191619,-0.01995890813,0.01670977755,0.0298596596,-0.01524520256,-0.02703927492,-0.02705699712,-0.01356791412,-0.0009737098345,-0.0224317082,0.00412371134,0.04655113829,-0.0293904209,-0.007585335019,-0.04984025559,-0.006346328196,-0.02666256998,-0.04861111111,0.004209260373,-0.002177463255,-0.02140530479,0.002342493532,-0.001798561151,-0.02357372018,0.01081405828,0.007078507079,-0.05044816506,-0.003697313286,-0.03783012134,-0.03520403271,-0.05440696409,-0.01233183857,0.006093432634,-0.009162303665,-0.005057454831,-0.009159482759,0.005070356104,-0.07804782076,-0.01913290465,0.04273504274,-0.01259111995,0.01349798966,-0.03299057412,0.009083044983,-0.07694805195,-0.008620689655,-0.04995054402,-0.03281378179,0.004095004095,-0.008312551953,-0.001399580126,-0.008817427386,-0.007397133611,0.0417430452,-0.03808301241,0.02023020579,-0.01013250195,0.03674088874,-0.02498030832,-0.02099596231,-0.02779616148,0.01550632911,0.00622406639,-0.0251572327,-0.03550863724,0.003647733194,-0.06130860381,0,0.03519946363,-0.01091269841,-0.03234836703,0.01666040831,-0.04701273262,-0.0466893039,0,-0.02292993631,-0.02107728337,0.03338102051,-0.03429689756,-0.0243902439,-0.02849902608,0.01265657585
-0.02670665524,-0.01491477273,0.009883198562,-0.04721925406,-0.03769208466,-0.007902998809,0.0004657661854,-0.01071347162,-0.01859129383,-0.004223521767,0.02250821113,-0.02464065708,0.01298701299,-0.007476635514,0.004670912951,0.001344989913,-0.01916058394,-0.03886219354,0.02025547445,-0.05389221557,-0.05510092744,-0.003804089396,-0.01987047566,0.01351351351,-0.03857142857,0.004754829123,0.001916932907,0.004701943114,-0.04181098466,-0.01038575668,-0.02432808485,-0.04487917146,-0.03178206583,0.00336473755,-0.001321003963,-0.01185472572,0.0111473627,-0.01224824997,0.01389360416,-0.006203748391,0.02459016393,0.01744966443,0.002266931142,-0.004430660168,-0.0173596228,-0.01020049244,-0.02173913043,-0.03435710567,0.01272264631,0.02120717781,0.005867560771,-0.01962158374,0.003139717425,0.0381928272,-0.004093652559,-0.03024911032,0,0.0007874015748,-0.03691390832,-0.02510098096,0.03244432224,-0.01361470388,-0.02368339046,0.001030927835,0.0174573055,-0.05691542289,-0.008307372793,-0.01591657519,-0.01274131274,-0.01813471503,0.009027081244,-0.003214400514,0.01638738774,-0.09815005139,0.006233303651,-0.05328031809,-0.0110821382,-0.01834130781,-0.02953391786,-0.0073089701,-0.01216216216,-0.0367515378,-0.02073533512
-0.03800440205,-0.05032444124,-0.06079478055,-0.03722296395,-0.05815004519,-0.02891750327,-0.06548727498,-0.02281105991,-0.05975666102,-0.01468189233,-0.02115777367,-0.04078947368,-0.03782051282,-0.05235404896,-0.03719357566,-0.0362659503,-0.05302325581,-0.05933656899,-0.07637274191,-0.1110759494,-0.03002309469,-0.0477326969,-0.03219530712,-0.06133333333,-0.03120356612,-0.05353445726,-0.02487244898,-0.0779398817,-0.01394268009,-0.05622188906,-0.03392777887,-0.08614457831,-0.04454865182,-0.0409121395,-0.02777777778,-0.04627004035,-0.05055122345,-0.05762180396,-0.06373574508,-0.04281710661,-0.04072727273,-0.0382585752,-0.0599378004,-0.07031597686,-0.03489640131,-0.07782515991,-0.05277777778,-0.07924528302,-0.07035175879,-0.03434504792,-0.04,-0.08506075768,-0.01356285863,-0.02422611036,-0.1067351441,-0.05688073394,-0.00547008547,-0.02124311566,-0.04752998765,-0.02160402486,-0.06950732357,-0.09523809524,-0.09958506224,-0.05252317199,-0.04550540843,-0.1375817683,-0.08481675393,-0.09313998885,0.004692999609,-0.06959102902,-0.0634194831,-0.05772331506,-0.0008415415511,-0.07236467236,-0.0982300885,-0.01637967241,-0.07053394858,-0.02843216897,-0.04184498336,-0.08099062918,-0.03351573187,-0.05601810686,-0.01350198169
0.05964002441,0.04676586699,0.04736343543,0.07222098957,0.1135636596,0.02921676593,0.05978080372,0.0304173544,0.03226863227,0.06009933775,0.02816486094,0.06090534979,0.05762824783,0.06319554849,0.004389815628,0.03693379791,0.08055009823,0.01955231408,0.05906274206,0.00355998576,0.04226190476,0.04661654135,0.06345606982,0.09090909091,0.02147239264,0.0853125,0.04774362328,0.02419845812,0.04058654098,0.07863383638,0.05232873411,0.06196440343,0.08159509202,0.06363636364,0.03945578231,0.04581796697,0.01982441235,0.06501865358,0.06433121019,0.04752291057,0.09476876422,0.01851851852,0.0577443609,0.0581617999,0.05039548023,-0.004238921002,0.04633431085,0.08665105386,0.03243243243,0.1141439206,0.008680555556,0.06640625,0.03754627181,0.07034482759,0.1397093488,0.09873540856,0.08628394637,0.05466237942,0.08088692799,0.0632183908,0.02690326274,0.04500381388,0.1595179015,0.08586956522,0.01680343884,0.02348911182,0.1464530892,0.02398523985,0.005838847801,0.08188585608,0.05094459775,0.0219028063,0.02208992937,0.03194103194,0.07654563297,0.06596925705,0.08581560284,0.1112040134,0.08436724566,0.0512381646,0.06086341118,0.06644973454,0.04765857074
0.03267597524,0.02610966057,0.04280976786,0.01748577341,0.0459638035,0.005459111257,0.01942964588,0.01601830664,0.02887972072,0.04794627518,0.02994407484,0.02741143005,0.0557480315,0.02542056075,0.01354895105,0.01478494624,0.01454545455,0.04954149385,-0.02377034193,0.02447676481,0.04054825814,0.03544061303,0.020861908,0.0234375,0.03003003003,0.03052116326,0.02247191011,-0.01487307517,0.04101660795,-0.00736377025,0.01157997194,0.06765983861,0.04934770278,0.04076265615,0.03206806283,0.03351405531,0.04109969453,0.06904142012,0.02878291842,0.04092711623,0.05817174515,0.01750841751,0.05914131362,0.03980999774,0.02667814114,-0.03637770898,0.06726457399,0.02478448276,0.04363001745,0.005196733482,0.04475043029,0.04468864469,0.05708460754,0.03694158076,0.02177940039,0.02965914121,0.003481012658,0.04725609756,0.0513781838,0.02560455192,0.04515050167,0.02846715328,0.04830327117,-0.009009009009,0.04919292852,-0.009562514941,0.06087824351,-0.03663663664,0.01199690402,0.05701179554,0.04928297314,0.02243804421,0.0324187658,0.03452380952,0.03463992707,0.03645103144,0.03984323971,0.04063205418,0.03432494279,0.01960716389,0.01000667111,-0.03245945078,-0.000645273503
0.01839977697,-0.008057675997,0.008673026886,0.0187614399,0.05218346608,0.01172765773,0.002151859822,0.03828828829,0.006169031462,0.0348733234,-0.02989832082,0.01535363705,0.02625298329,0.02807145461,-0.02587322122,0.01125827815,0.008064516129,0.03734184099,0.051320472,0.108033241,0.04116355653,0.03931544866,0.01815492656,0.01781170483,0.02959183673,0.02430846605,0.02625152625,0.07015916973,0.03504955282,0.00296735905,0.04141019654,0.05581395349,0.02540540541,0.02021478206,0.01775523145,0.004152596916,-0.001066951187,0.002715847116,0.01647426984,0.01110906465,0.05562827225,0.03044341496,0.01744966443,0.02023058516,0.005867560771,0.04457831325,0.01575630252,0.04206098843,0.03428093645,0.002954209749,0.03377265239,0.0778401122,0.01157184185,0.02568351284,0.02999260746,0.06964746346,0.01702932829,0.006550218341,0.004248571662,-0.01220527046,0.0192,0.009936124911,0.02653834937,-0.01717171717,0.04175824176,0.03113685735,0.01505174036,0.02618453865,0.005736137667,0.04029758215,0.03079884504,0.003603013429,0.02093386061,0.008055235903,0.05726872247,-0.0270531401,0.04020100503,0.03109182936,0.02654867257,0.02731627765,0.03170409511,0.002904624577,-0.04904633633
0.004243087873,-0.00555793074,-0.02894812267,-0.007685781305,0.004437483686,0.005581195664,-0.001226993865,0.007809110629,0.004291845494,-0.003312211982,-0.00148738657,0.01140307387,-0.002325581395,-0.0304964539,-0.02257636122,0.01309757695,0.02933333333,0.04599308007,0.03420630679,0.0465625,-0.006325777543,-0.006230529595,-0.01672229677,-0.01333333333,0.04219170324,0.006546644845,0.01130279595,0.03789587389,0.009341429239,-0.002218934911,-0.01713373416,-0.002202643172,0.005271481286,-0.002476780186,0,-0.01572514794,0.01789052069,0.05830616255,-0.003975309624,0.01268395571,-0.01797892126,0.01156069364,0.02664907652,0.02878464819,0.01354166667,0.08035371011,-0.002068252327,-0.005549949546,0.001616814875,0.02135493373,-0.000796812749,-0.02147039688,0.007626310772,0.00605815832,-0.03601455962,0.01969453376,-0.01519379845,0.002169197397,-0.02291957262,-0.009267059815,0.04264782836,0.007027406887,-0.02130681818,-0.002055498458,0.006680731364,0.1182116105,0,0.02794653706,0.02547528517,0.0110250298,0.009337068161,-0.009791122715,0.01497867804,0.005136986301,-0.01,-0.01787487587,0.0193236715,0.01823281907,-0.01810344828,0.008764096967,0.0166453265,0.01642566044,-0.002455172505
-0.007223660897,-0.01175121811,-0.01121605667,0.002062063069,-0.002338877339,-0.002241434518,-0.03746928747,-0.01183814034,-0.0009157509158,-0.00736887733,-0.02341332323,-0.02132352941,-0.01923076923,-0.03401609364,-0.01721014493,-0.01357466063,-0.007772020725,-0.04614253734,0.01274763135,-0.02776948343,0.005835543767,0.06672637707,0.002266806509,-0.001689189189,-0.01915500611,0.008130081301,-0.01882352941,0.008794954052,0.02753354928,0.005930318755,-0.02269946707,-0.05242825607,0.000524383849,0.03662321539,-0.002492211838,0.006725957378,-0.008919202518,-0.01025098928,-0.038378581,-0.01836634226,-0.008207070707,-0.01396825397,-0.00488306348,-0.02051813472,0.007605344296,0.01209964413,-0.03056994819,-0.02739726027,-0.03470540759,-0.01369863014,0.04625199362,0.005984042553,-0.03122043519,0.01686069851,-0.02623625034,-0.03626330311,-0.00661209068,-0.002886002886,0.00252543552,-0.003684807256,-0.02885821832,-0.003489183531,-0.03976777939,0.01132852729,-0.008033531261,0.01297885702,-0.02131603336,0.03546099291,-0.0007415647015,-0.03595638078,-0.03700277521,-0.01878707976,-0.02330059696,-0.002839295855,0,0.0131445905,0.005924170616,-0.03581267218,-0.01668129939,-0.007507704413,0.02959697733,-0.01616021818,-0.01602441224
-0.009198242724,0.02363689095,0.01791044776,0.01852037743,-0.002865329513,-0.02492511767,0.03940650925,-0.0505336528,0.007791017415,0.1017467249,0.01699923288,0.0545955422,0.006833036245,0.02120408936,0.01751152074,0.02228047182,0.03568320279,-0.07618747373,0.03606055452,-0.02518427518,0.03481012658,0.009655751469,0.01696822396,0.009306260575,0.01980609418,0.00376344086,-0.005395683453,0.004755939255,0.02544471966,0.05526897568,0.02592139417,0.01572510192,0.03459119497,0.02035928144,-0.01811367895,-0.01003039244,0.03043938592,0.04854655452,0.03352323014,0.01360813209,0.05665181413,0.02575660013,0.04158057851,0.02285230639,0.02407180743,0.0376230661,0.01710315339,0.01564945227,-0.003344481605,0.0533625731,0.01676829268,0.02775941837,0.009765625,0.01579155152,0.03918588034,0.03476482618,0.03930269414,-0.01591895803,0.03923538702,0.006258890469,0.01602067183,0.0175070028,0.06469165659,0.008146639511,0.01232394366,-0.03120479438,0.07765151515,0.01997716895,-0.01001855288,0.08223784775,0.02113352546,0.03627813235,-0.02227917981,0.01993166287,0.06734006734,0.06986027944,0.001177856302,0.02357142857,0.04464285714,-0.001486473095,0.06055045872,0.07002627278,-0.011058771
-0.01330192601,-0.02252443689,-0.02316715543,-0.009067166018,-0.003396029258,-0.0281952825,-0.02839600921,-0.003211745813,-0.008337122935,-0.002642356982,-0.02571619651,-0.008786511517,-0.02921215698,-0.04041527623,-0.0303442029,-0.02820512821,0.03529411765,-0.001744208092,0.04810375965,0.03812224323,-0.02089704383,-0.01330561331,-0.0266873202,-0.01257334451,0.01127257911,0.06748794858,0.0198915009,0.04312552891,-0.03293807642,0.02444134078,0.05806802984,0.01662844037,-0.006079027356,-0.04460093897,-0.007633587786,-0.0236294473,-0.01053172361,-0.03024942034,-0.005867641103,-0.01342543697,-0.003012048193,-0.01443816698,-0.04116042648,-0.02627223831,-0.0328685259,0.06235174517,-0.04414083027,0.03389830508,-0.02348993289,-0.07841776544,0.005247376312,0.0006430868167,-0.0251450677,-0.04702681695,-0.03378413889,-0.04624505929,-0.04147605977,-0.008088235294,-0.03844615625,0.009329940628,-0.003306205493,-0.02546455609,-0.05593412834,-0.01616161616,-0.001043478261,0.03263651877,-0.01318101933,0.07218802462,-0.01049475262,-0.02231638418,-0.04233301976,0.0262560778,-0.004876349704,-0.01563372418,-0.01261829653,-0.006529850746,-0.03764705882,-0.06280530356,-0.04230769231,-0.04806801641,-0.00461361015,-0.0165107107,-0.02219398634
-0.01488554978,-0.01637681159,-0.01230861603,-0.03237356408,-0.03591087811,-0.007676676451,-0.02701421801,-0.02186421174,-0.02583307857,-0.00649092595,-0.01209919721,-0.02395783421,-0.02066869301,-0.009659969088,0.02709014479,-0.03232189974,-0.03733766234,0.01299046606,-0.0429197995,0.0315629742,-0.01821967725,0.01517067004,-0.02000727537,-0.006791171477,-0.01611603546,0.008028098344,-0.01773049645,-0.01386740511,0,-0.02794819359,-0.05674465881,0.002820078962,0.01580020387,-0.01474201474,-0.001282051282,-0.02592473759,0.0007788161994,-0.01018574824,-0.03138653672,-0.02720661986,-0.03927492447,-0.0006369426752,0.005171967934,-0.02379434884,-0.01132852729,-0.04784688995,-0.01704233095,-0.03626428217,-0.02405498282,-0.04593373494,-0.01565995526,0.02185089974,-0.0183531746,-0.01182707993,-0.05121975541,-0.01077496892,-0.01209035953,0,0.001801150132,-0.001400560224,-0.008930849707,-0.03389830508,-0.07338345865,-0.05133470226,-0.00348189415,0.04214005371,-0.06856634016,-0.0375782881,-0.003787878788,-0.01849176539,-0.02220039293,0.009159823121,-0.009818911998,-0.03630175837,-0.01916932907,-0.03943661972,-0.03606356968,-0.04393149665,-0.02721999108,-0.009209383145,-0.003476245655,-0.006899941026,-0.007752067438
-0.009693513899,-0.01841756299,0.0170212766,0.01002158495,0.01305057096,0.007849829352,0.007955836987,0.01082352941,0.01882943669,-0.0028,0.001781520033,-0.01570937653,0.03134698945,-0.00546234881,-0.0204638472,0.01226993865,-0.0370994941,-0.006411938955,0.004582651391,0.01294498382,0.0005302226935,0.006641760066,0.01982414625,0.04358974359,0.01692601693,-0.0007466401195,0.004813477738,-0.0237700872,0.01657584015,-0.01472650771,-0.01873342175,0.001124859393,-0.005017561465,0.008728179551,-0.001925545571,0.009759357031,0.01167315175,0.03022242701,0.07603426245,0.01573358978,0.04088050314,0.001912045889,0.01209158734,0.02633297062,0.02416666667,0.02144053601,0.008948545861,-0.02525773196,0.005281690141,-0.001578531965,0.007575757576,-0.003773584906,-0.00050530571,0.03631861329,-0.02913270717,0.007540846251,0.01610305958,0.003706449222,0.0262466244,-0.003646563815,0.02523171988,0.009502923977,0.0217461863,0.01731601732,0.02306079665,0.01585728444,0.01434034417,-0.007592190889,-0.01140684411,0.01884015308,-0.01084990958,0.01627543036,0.01981395349,0.01118304885,-0.002442996743,0.01270772239,0.02282815472,0.05529595016,0.02568807339,0.002560505086,-0.002906976744,-0.008947128803,0.03834670925
-0.01093997409,-0.01681176824,-0.0005977286312,0.1118404315,-0.01851851852,0.005869736991,0.002738402062,0.00791433892,-0.01971353766,-0.0196550341,-0.0168920686,-0.005486284289,0.01775504063,-0.02510788545,-0.009749303621,0.01212121212,-0.02276707531,-0.004038040607,-0.01107852721,-0.02759221609,-0.004769475358,-0.01113402062,-0.007427459991,0.0131040131,-0.006308724832,-0.02415940224,0.02095808383,0.00602260725,-0.01451865088,-0.01494661922,-0.02010474742,0.00393258427,-0.04336863338,-0.005562422744,0.01286173633,-0.008788935076,-0.002820512821,-0.009358460903,0.001787200778,-0.001727604584,0.01993957704,-0.02608142494,0.004575495679,0.02311280746,0.01525630594,0.007543456871,0.007206208426,-0.02749867795,-0.00700525394,0.01501976285,-0.02330827068,-0.003787878788,-0.02780586451,-0.03504579849,0.01058950891,-0.01621621622,-0.006339144216,0.02141802068,0.02137494811,-0.01576576577,-0.02812656956,-0.01158580739,0.006988564168,0.02021276596,-0.004781420765,-0.01170731707,-0.02073515551,-0.03224043716,-0.002692307692,-0.02860444958,0.0006093845216,0.00246381275,-0.02752896105,0,-0.01142857143,-0.008687258687,-0.006819590825,-0.006642066421,-0.02415026834,-0.002239093167,-0.00583090379,-0.003415423333,-0.02403371807
0.02037549119,0.01007633588,-0.01913875598,-0.01313441032,0.007109652721,-0.003254404668,-0.008835341365,-0.009468822171,-0.0207384132,0.04719039825,-0.01334011867,-0.0110330993,0.01419278533,-0.01931589537,0.05344585091,-0.01929474385,0.0188172043,0.04850138305,0.03146622735,0.01553166069,-0.03194888179,0.01834862385,-0.0236179868,0.01212611156,-0.007834661624,0.02041858091,-0.01055718475,-0.007287734269,0.00861287398,0.04696531792,-0.004784482759,0.02686066032,0.02161307327,0.01367308888,-0.01015873016,0.005321999793,0.01774235022,0.01575390256,0.002978317846,-0.003441633994,0.0509478673,-0.001306335728,0.0455465587,0.03730569948,0.01683029453,0.0380859375,-0.01651073198,0.02120717781,-0.01675485009,-0.01323987539,-0.01308698999,0.036121673,0.02756110244,-0.03012794057,0.02446292581,0.02366863905,0.02583732057,-0.01879971077,0.01338114034,-0.01487414188,0.0149870801,-0.01391941392,0.03533123028,-0.02085505735,0.001029512697,-0.0298124383,0.01924927815,0.006775832863,-0.0204396452,0.03420582986,-0.01299228583,0.02887864823,0.002495028702,-0.01688009313,0.007431874484,0.03018500487,0.002496878901,-0.02897473997,-0.004124656279,-0.01665556296,0.03460410557,0.008457591791,-0.00405302143
0.002995293111,0.01330108827,-0.01585365854,0.01664811723,0.007330980179,-0.001913983337,0.0340356564,0.01025880159,0.03609818707,0.007554050534,0.04216271469,0.02053752535,0.01078717201,0.02256873205,0.02892745883,0.01221166893,0.04573438874,0.01951501572,0.01661076505,0.07794117647,0.01375137514,0.03726453726,0.01356759739,0.03514376997,0.01320626276,0.05002501251,0.03023117961,-0.0007875654664,0.003370786517,0.033126294,0.03744207198,0.05940054496,0.03973168215,0.004291845494,-0.0006414368185,-0.02469205084,0.007074279939,0.007441628673,0.003263451716,0.03892077508,0.02649379932,0.03139306736,-0.01839303001,0.02597402597,0.02463054187,-0.007212292255,0.0397313934,0.02449414271,0.05112107623,0.05051302289,-0.003900156006,-0.02018348624,0.02631578947,0.04212765957,-0.01705355615,0.03303055326,-0.02643034826,0.005895357406,-0.005754217097,0.04645760743,0.01018329939,0.02154531947,0.01645338208,-0.003194888179,0.01611244429,-0.0870980871,0,-0.009534492428,-0.01102362205,0.03134886396,0.04175236528,0.01224246044,0.0315687045,0.04085257549,0.0237704918,0.02741020794,0.01245330012,0.02295332823,-0.005522319374,0.04172015404,-0.01927437642,-0.000993680194,-0.02066673117
-0.02360637088,-0.001193317422,-0.01517967782,-0.02244218401,-0.01994609164,-0.006880992668,0.01912225705,-0.005538887607,-0.005729327965,-0.0445966908,0.0002204615295,0.01888198758,-0.01182578598,0.02969502408,-0.009948096886,0.001340482574,-0.009251471825,-0.05586473361,-0.0259230165,-0.01500682128,0.004340748779,-0.005132254244,-0.02328651328,-0.0200617284,0.01061542596,-0.03596950929,0.005753739931,-0.01574683459,-0.005599104143,-0.00334001336,0.01192588418,0.02109053498,-0.004962779156,0.0231990232,0.003209242619,0.008141776231,-0.004014049172,-0.04002165862,-0.008281561243,-0.0108223473,-0.01757276222,-0.01585288523,-0.03328402367,-0.02629016553,-0.01730769231,-0.006001263424,-0.008611410118,0.003118503119,-0.003412969283,-0.03230653644,0.005481597494,0.01810237203,-0.02071005917,-0.02327480604,-0.03295810607,0.03317346123,-0.04056212073,-0.01538461538,-0.02009052187,-0.03634850166,-0.004032258065,0.01963636364,-0.05245803357,-0.03418803419,-0.02395411606,0.03009362461,-0.05004721435,-0.03510758777,-0.004378980892,-0.01840490798,-0.002961500494,-0.01150442478,-0.002412654646,0.02957906712,-0.004803843074,-0.01287948482,-0.01168511685,-0.0359012715,-0.06756131421,0.003731087835,-0.03468208092,-0.02478714092,-0.001473236339
-0.02505097582,-0.02135603345,-0.02013211702,0.03298959451,0.0005500550055,-0.01612903226,-0.03306674869,-0.009282896264,0.001557389815,-0.004464889731,-0.006373982277,-0.04169714704,-0.0005837711617,-0.04910366329,-0.000873743993,-0.02208835341,-0.02292020374,-0.003191289656,-0.02483870968,-0.003047091413,0.01350621286,-0.01666666667,0.0131123441,0,-0.04533971546,-0.01952063257,-0.004576659039,-0.02958942034,0.02342342342,-0.009383378016,-0.03076288376,-0.006549118388,-0.02144638404,-0.005966587112,-0.05694177863,-0.002692007686,-0.06876574307,-0.01411491083,-0.04652585649,0.006740114181,-0.02012297373,-0.006443298969,-0.01581229278,-0.0068,0.009784735812,-0.03527168732,-0.00217155266,-0.02797927461,-0.01113013699,-0.007763975155,-0.02102803738,0.001839362354,0.003021148036,-0.1245819398,-0.02601104044,-0.003481624758,-0.01331557923,-0.004464285714,-0.02432242917,-0.05038871293,-0.009362348178,-0.01426533524,-0.02372666878,0.0453539823,-0.03214656066,-0.0367885739,-0.001988071571,-0.03931924883,0.01039584166,-0.02840909091,-0.007920792079,-0.0137272456,-0.02422126452,-0.02596685083,-0.01045856798,-0.02143522833,0.02675793404,-0.04499612102,0.02828784119,0.0003069263036,-0.004790419162,-0.01332054996,-0.02245454603
0.004481625336,-0.02334808485,0.005457463884,0.01296413407,-0.04068169324,0.01269914569,-0.033561317,-0.0121808386,-0.01399471311,0.01019298722,-0.03318575057,-0.00534351145,0.01343457944,-0.02786885246,-0.03017052908,0.01368925394,0.02172024327,0.02655367232,-0.00760833609,0.03806612948,0.01545842217,-0.01129943503,-0.005289395464,-0.007086614173,0.008356545961,0.06502016129,0.008620689655,-0.009890777057,-0.009683098592,0.007442489851,-0.02531905988,-0.01622718053,-0.004077471967,0.002400960384,-0.01763907734,0.006295126999,-0.01109007303,0,-0.0137633345,-0.006694989189,0.03707929264,-0.01297016861,-0.04638507385,-0.03282319774,-0.02519379845,-0.02140974967,-0.004896626768,0.001599147122,-0.004329004329,-0.01408450704,-0.01352426412,-0.01591187271,0.00702811245,-0.017669532,-0.01749576467,-0.004658385093,0.003373819163,-0.01195814649,-0.00213818083,-0.0166767738,-0.009706257982,0.006512301013,0.00453661698,0.03492063492,-0.01214285714,-0.01595147158,-0.01892430279,0.002443494197,-0.000791452315,0.02368421053,-0.00998003992,-0.02662632375,-0.01405117311,0.004537719796,0.00487804878,-0.01047619048,-0.006060606061,-0.02437043054,0.0111003861,0.005318423565,-0.009626955475,0.006863900432,0.01824730462
0.0258774539,0.01,0.00159642401,0.01257525084,0.02091690544,0.01094391245,-0.02238314681,0.007588332938,0.00504652263,0.01789317907,-0.005951419374,-0.0005116398056,0.01873198847,0.004637436762,-0.003155996393,0.01350438893,0.005952380952,0.01577692167,0.028,-0.005085653105,0.03044619423,0.002448979592,0.01951718783,-0.01506740682,-0.001243093923,0.006862281117,-0.0005698005698,0.008048816788,-0.01377777778,0.03425117529,0.0180141493,0.01701030928,0.01637666325,0.006586826347,-0.004143646409,0.005355297954,-0.01887308534,0.03318265292,0.01839562009,-0.00252038264,0.01705170517,0.03285151117,0.01576086957,-0.009785550697,-0.0009940357853,0.02558061259,0.04155276107,0.01649813731,0.03739130435,0.002380952381,0.05322580645,-0.01430348259,0.003988035892,-0.0009722897423,0.1199694851,0.03354134165,0.08473436449,0.005295007564,0.0660243157,-0.00185013876,0.005932421976,0.005751258088,0.08612903226,0.04601226994,0.01012292119,-0.009817351598,0.1126903553,0.05667276051,0.01702970297,0.02999143102,0.02016129032,0.01523158222,0.0008316479861,0.02089215133,0.01294498382,0.01058710298,0.075,0.04746044963,0.07494033413,0.01393787303,0.02247873633,-0.01422968728,-0.03769876011
-0.005943751812,0.03217821782,0.01083838062,0.02866957326,0.03985405557,0.01387009472,0.05707070707,0.02541774535,-0.003608975365,0.01638910917,0.03591288394,0.02841054518,0.03932107496,0.03483004616,0.03120759837,0.02065289807,0.05409974641,-0.007585335019,0.05123216602,-0.05004035513,0.05603667855,0.0240228013,0.03595619714,0.05233494364,0.02945650671,0.03595769683,0.06955530217,0.03137715781,0.0227579991,-0.001948051948,0.01768823239,0.05321844906,0.04229607251,0.02855443189,0.00693481276,-0.001772447864,0.01198773348,0.03715527967,0.02896179462,0.04809440861,0.05029745809,0.01463104326,0.009898341359,0.02417998318,0.0328358209,0.008532983262,0.02729658793,0.04921465969,0.01173512154,0.07521773555,0.03139356815,-0.02208201893,-0.02581926514,0.01946472019,0.0460199121,-0.01471698113,0.04525728456,0.02407825433,0.003347842893,0.02718566574,0.01871794872,0.01143674053,0.03059103059,0.001955034213,0.009305654975,0.03458611944,0.03102189781,0.0276816609,0.06503115265,0.005268996118,0.03853754941,0.002755664421,0.02347453306,0.02212389381,0.05191693291,0.05523809524,0.01758366421,0.05802861685,0.0541740675,0.020468912,-0.02673796791,0.05438676887,0.005289797216
-0.004083418405,0.03222422062,0.02459791864,-0.01053172361,-0.01484480432,0.005672339006,0.0436375219,0.02823043378,0.03968503937,0.03537061118,0.07399887684,0.01020408163,-0.01551442569,0.02189781022,0.02807017544,0.022845953,0.01283079391,-0.04185623294,-0.01526835287,0.04361370717,0.03859141341,0.1188866799,0.01176247814,0.02065799541,-0.002149382053,-0.0113430127,-0.01332622601,0.03789509849,-0.01365939634,-0.009759271308,0.02574802762,-0.06448508181,0.02415458937,0.00983227299,-0.00826446281,0.03992255383,-0.01460055096,0.01517338659,-0.01240898463,0.004830741414,-0.01184346035,-0.001253918495,-0.01642384106,-0.02484089509,0.004816955684,-0.01366742597,0.0148185999,0.02195608782,0.03396851698,-0.04270986745,0.01113585746,-0.01612903226,-0.01121304791,0.05871121718,-0.02080229789,0.02795863654,0.01482799526,-0.003673769287,-0.004334993853,0.005714285714,0.003775484521,0.00777385159,-0.04236311239,0.01463414634,0.008865248227,0.08112324493,-0.03451327434,-0.02356902357,-0.001096892139,0.004413793103,0.02473834443,0.003969465649,0.04175739012,0.00974025974,0.02050113895,0.003610108303,-0.002229654404,-0.003005259204,0.008424599832,0.03713414834,-0.01709401709,0.02281751911,-0.006084182752
0.02943329917,-0.002613619864,0.02000615574,0.01994634822,0.02794520548,0.08206149082,-0.00259423165,-0.02276785714,-0.003938200545,-0.03240391861,-0.01282870921,-0.0192165558,0.04285319325,0.003968253968,-0.01450511945,-0.003828972559,0.02137767221,-0.03076923077,0.03038371182,-0.09986431479,0.04737575476,0.002132196162,-0.003875243579,0.008245877061,-0.0239633818,0.02547039927,0.01944894652,0.002570921008,0.01630556176,0.02036793693,-0.009780419983,-0.005144032922,0.02783018868,0.003436426117,-0.02013888889,-0.01984433324,-0.007268660889,-0.02751030744,0.01409832948,0.02323784943,0.006253256905,0.005649717514,0.01400484783,0.02547368421,0.05752636625,-0.01385681293,-0.008056394763,-0.01025390625,-0.01201923077,-0.05384615385,-0.04772393539,0,0.01546391753,0.01397655546,0.03513678476,-0.0197466468,0.007013442431,0.01253687316,0.01407436568,0.01136363636,-0.009027081244,-0.02945301543,0.01023171833,-0.01538461538,-0.01230228471,-0.04864976294,0.01558203483,-0.007471264368,0.03330893119,0.007690195001,-0.01949860724,0.003345498783,0.01494943054,-0.02411575563,0.01041666667,0.009892086331,0.03798882682,0.0007535795026,-0.02631578947,-0.001738086209,-0.03167701863,0.01552903002,0.05290444053
-0.00853485064,0.003493958364,-0.003922751961,-0.0115386247,0.02158848614,-0.01645543745,-0.01591187271,-0.01530379169,0.001216545012,-0.003504672897,0.01425207691,0.01582516956,-0.00821845175,-0.02055335968,0.03116883117,-0.003203074952,-0.02713178295,0.009798157946,-0.004711962304,0.02441965632,0.006208425721,0.0007092198582,0.002774063063,0.01115241636,0.01517241379,-0.01275453122,-0.1213566508,0.003334727389,-0.007252747253,0.003863490019,-0.006909764971,-0.01809720786,-0.03028912345,0.01084474886,-0.01133947555,0.06513963789,0.0005632216277,-0.005534858257,0.004835724482,0.01096871031,-0.02951838426,0.005617977528,0.02549800797,0.02504619175,-0.006346328196,-0.01371696219,-0.005076142132,-0.01578687716,-0.001622060016,-0.01056910569,0.006939090208,-0.008524590164,-0.01319796954,0.02312138728,-0.05130777625,-0.03382744204,-0.004643064423,0.02549162418,0.01090613491,0.031933767,-0.003036437247,-0.008670520231,-0.03187369675,0.0390625,-0.01886120996,0.01581798483,-0.03700361011,-0.0521134916,0.01098122565,-0.00436086127,-0.01136363636,-0.03213094877,-0.1626673182,-0.01263042284,-0.03313696613,0.0124666073,-0.06081808396,0.03237951807,-0.02831402831,-0.02662319162,0.02950609365,0.008596751493,0.0206988109
-0.002869440459,-0.01958508632,-0.02241744926,0.03081412815,-0.09705191756,0.01537981918,0.004042288557,0.01925307353,0.007594167679,-0.00781555295,0.003308919918,0.003956478734,0.0211173483,0.005246166263,0.01847187238,-0.004498714653,0.01513944223,-0.02425771395,-0.002901649359,-0.01912889935,0.0361392684,-0.004252303331,-0.007759114756,-0.005882352941,-0.02717391304,-0.01858567543,-0.008443908323,-0.007925190588,-0.01239760903,0.009621552277,-0.01757220763,0.01053185887,0.0009465215334,0.003387916431,-0.004301075269,0.01900793375,-0.03377427526,-0.01978529564,-0.01984873429,0.03098534631,-0.003201707577,0.003103662322,0.008288008288,0.008411776487,0.001824817518,-0.02408412483,-0.01071428571,0.005012531328,-0.002437043054,0.03204601479,0.01684532925,-0.01124338624,0.005144032922,-0.02172968275,-0.03077979183,-0.02360346184,-0.004664723032,-0.006392045455,-0.003272317897,-0.009455587393,0.04441624365,0.008017492711,-0.01292307692,0.03289473684,-0.02466449039,-0.03327645051,-0.0009372071228,-0.00733048259,0.005255781359,0.02053107035,-0.0009578544061,-0.003758221109,-0.02959566486,0.01668520578,-0.02817974105,-0.01055408971,-0.01547277937,-0.02407002188,-0.005739514349,0.003284766489,-0.009345794393,-0.04167452385,0.01099959883
-0.008633093525,-0.02337969814,0.01735357918,-0.01965110954,0.04478474429,0.003172653771,0.00789718179,0.001365498407,0.03632800724,-0.01010896678,0.0173013662,-0.01477832512,-0.01963350785,0.006423123244,-0.02349546579,0.01291155584,0.003139717425,0.03062848051,-0.03078572523,-0.005400540054,-0.02594640578,0.009252669039,0.03517794464,0.002218934911,-0.01047486034,-0.0103926097,0.01459854015,-0.0337507256,-0.03093476799,0.00127064803,-0.01416458711,0.04742053153,0.004728132388,0.0005627462015,-0.01439884809,0.004055080803,-0.0002912904165,0.02208188929,-0.004602847071,-0.0353116612,-0.008565310493,0.006188118812,0.00410994092,-0.009136047666,-0.0009107468124,-0.04657629475,-0.01908200103,-0.006483790524,-0.004071661238,0.1417197452,0.009789156627,0.002006688963,0.0005117707267,0.009329187028,0.04291730475,0.001208702659,0.02314001172,0.003573981415,0.06723854057,0.01099218976,-0.006318347509,-0.03759942155,0.04395261845,0.0127388535,-0.008553365563,-0.06994704325,0.03752345216,-0.02830769231,0.01429069362,0.009388412017,-0.02396931927,-0.02640679032,0.01142611684,-0.02352297593,-0.02037617555,-0.009777777778,0.05005820722,-0.008968609865,0.0608348135,-0.02784531103,0.01132075472,-0.02469500197,-0.1064067973
-0.01698113208,-0.02318181818,-0.01340237588,-0.01630780991,0.01963495575,-0.03019791879,-0.04224919342,-0.0325,0.02109090909,0.04217506631,-0.01194641411,-0.037,-0.01949265688,-0.03031511767,-0.0236386661,-0.01657106437,0.01017214397,0.04303357777,0.02117572693,-0.0003016591252,0.003930131004,-0.04478138223,-0.001073018939,-0.01180811808,-0.03768525053,-0.00536756126,-0.03477218225,-0.02826982492,-0.01919962989,-0.02347715736,-0.01574882423,0.005970149254,-0.008941176471,-0.00449943757,-0.03579254931,-0.01938577696,-0.01544289044,-0.004938817632,0.01521120156,0.01090000088,0.02267818575,0,-0.05448963929,-0.03768290239,-0.01549680948,-0.05723660226,-0.008412197687,-0.01506024096,-0.01717089125,-0.01324965132,0.00149142431,0.01802403204,0.02404092072,-0.02728873239,-0.04691457729,-0.01891348089,0.02376180933,-0.009259259259,-0.02981187847,-0.006580829757,-0.02959158719,-0.02253944403,-0.0152284264,0.01886792453,-0.02663165791,-0.0137603796,-0.04068716094,-0.01139962001,-0.02268041237,-0.002125963327,-0.0137524558,-0.02001937359,-0.01883547099,-0.02296918768,0.0232,-0.005385996409,-0.01274944568,0.03695324284,-0.01799916283,-0.03471157052,-0.008084577114,0.01113689095,-0.002554846623
-0.02893843201,-0.01302931596,-0.01234949058,0.0329404654,0.004068348251,0.003155901536,-0.01042669233,0.01785294809,-0.01011396011,-0.004835836091,-0.02028630611,-0.0005192107996,0.01089324619,0.01809954751,-0.01642888024,-0.02721970188,-0.01936483346,-0.01628122109,0.01841535128,0.01629450815,-0.01478903871,0.008121077889,-0.0048659971,-0.01568334578,-0.02126723379,0.006335053965,-0.006211180124,0.0120761427,-0.01816037736,-0.04483430799,-0.08622906742,0,-0.01946818613,-0.01807909605,-0.01515151515,-0.006589671557,-0.03077833679,0.003717447084,-0.04041324825,-0.01232906636,-0.03062302006,0.0455104551,-0.01136363636,-0.03978337846,0.009259259259,0.02436194896,0.004772004242,-0.04536187564,0.005823627288,0.0148409894,-0.04244229337,-0.01901639344,0.003996003996,-0.02760180995,0.02158841428,0.001230516817,-0.01426174497,-0.01797268152,-0.002531508696,0.07085253456,-0.02696572581,-0.006149116065,0.02637962401,-0.02380952381,0.003082851638,-0.04330045706,0.01979264844,-0.02434336963,0.01582278481,-0.03062583222,0.002988047809,-0.02570016474,-0.03458500162,-0.04529816514,0.00625488663,-0.01624548736,-0.02245929253,0.03781818182,0.09249786871,-0.003488894262,0.009404388715,-0.03346169962,0.04154103595
-0.006385890224,-0.002986012887,-0.006564551422,-0.02461757084,-0.006212857915,-0.00755033557,-0.01961420003,0.003692591738,0.0210102173,-0.02007672634,-0.03283999863,0.007012987013,0.002155172414,-0.02505050505,-0.003516483516,0.02664890073,0.0102685624,-0.04062441226,-0.02188117307,-0.04809976247,0.01633554084,0.01977297693,-0.004339284558,0.0007587253414,-0.007942454668,-0.01981813943,0.003125,-0.02765722264,0.04948354552,0.01156462585,-0.006084787232,-0.01533135509,0.01259079903,-0.01150747986,0.03692307692,0.02487518765,-0.005801526718,-0.003086399045,0.01519949335,0.00234442734,-0.002178649237,-0.01,0.01423097975,-0.006507592191,-0.0009174311927,-0.02340505851,-0.01688654354,-0.01334757074,-0.01075268817,0.04874651811,0.001555209953,-0.01737967914,-0.007462686567,0.01907864123,-0.03296133617,0.003687013519,0.003971631206,0.005124450952,0.01492470691,0.008606777838,0.02434602435,0.02552204176,-0.02747415066,0.006323396567,0.01575105647,-0.003268795575,-0.02402957486,0.008535784636,-0.0006922810661,-0.01098901099,-0.01231380338,0.003043625296,-0.1034815164,0.01561561562,0.03341103341,-0.01834862385,-0.007466973004,0.05746320953,-0.008583690987,-0.02024403771,0,0.01201486375,0.004823569187
0.01117061974,0.0132408575,-0.004090623033,0.03710845439,0.0481108997,0.02461961116,0.003637566138,0.04046907335,0.01423537703,0.02309800339,0.02530368404,0.0131545009,0.01209677419,0.01077496892,0.02161446846,0.0233614536,0.03752931978,0.03646343854,0.0310703744,0.02869619464,0.06298870547,0.01508078995,0.03542931483,0.03714935557,0.01329305136,0.06041864891,0.01246105919,0.02231117174,-0.01441977569,0.02219233356,0.03445557299,0.1150175791,0.05882352941,0.02968568102,0.009643916914,0.01051762021,0.0515970516,0.06075473984,0.0533374922,0.02879107494,0.03930131004,0.02911467617,0.0358877496,-0.02379912664,0,-0.02203324314,0.02737520129,0.03246753247,0.04180602007,0.006640106242,0.02329192547,-0.007482993197,0.02957393484,0.1251141553,0.05069349006,0.04285714286,0.04662333993,0.03641660597,0.007508120708,0.07653333333,-0.05790139064,-0.002262443439,0.02825030377,-0.02477558348,-0.004160363086,-0.05373360242,0.0321969697,0.04752604167,0.004502944233,0.03027777778,0.008445606274,0.02865812542,0.0260808682,-0.01123595506,0.07142857143,0.03271028037,0.04918981481,0.01325381047,-0.01456119638,0.003538069629,0.02173913043,0.05307820978,0.05482557719
-0.002572639225,0.002022401991,0.01548183254,0.002313762757,0.003630705394,0.001856244199,0.01120263591,0.001546961326,0.0005558643691,0.0002551020408,0.009702494249,0.01145621181,0.002124833997,0.0135301353,0.009499136442,-0.002536461636,0.009796533534,0.02553432949,0.02727135754,0.03001819284,0.009399264405,0.003537318712,0.008418142983,0.006578947368,0.002832438879,0.002916105877,0.03384615385,0.01772744564,0.007895959127,0.003947368421,0.003701745108,-0.01261261261,0.005420054201,0.01074053137,0.007347538575,0.009607524208,0.01255841121,0.007011065428,0.01273319514,0.01210524961,0.006302521008,-0.009237875289,0.003125814014,-0.009841198837,0.001836547291,0.0581027668,-0.01149425287,-0.001572327044,-0.004012841091,0.0006596306069,0.01669195751,0.03152844414,0.001947419669,0.003652597403,0.01331193529,0.0133072407,0.007019438445,0.008432888264,0.01211367208,-0.005201882586,-0.004025764895,0.01511715797,0.01152141802,-0.006995581738,0.001519179643,0.01332977873,0.009174311927,0.03666873835,0.01931034483,-0.002965758965,-0.01156530409,0.02458210423,-0.005946288444,0.0245215311,0.005614035088,0.02171945701,0.01930501931,-0.003270111184,0.01277955272,-0.0003173036243,-0.009726443769,0.01555478072,0.0201645683
0.001365498407,-0.004657661854,0.006222775358,-0.003998516015,0.005167958656,0.006587750901,-0.01384815901,-0.003971756399,-0.0004166666667,0.02155062484,-0.00668544633,-0.004782280393,0.02120328651,-0.01254045307,0.003849443969,-0.001271455817,-0.001492537313,0.0236075249,-0.04194778527,0.01354136002,0.02672064777,0.004229820233,0.004693080821,-0.0116194626,-0.01233833804,-0.009170208007,-0.004761904762,-0.01983392181,-0.005529953917,0.03473132372,-0.01659641728,-0.01642335766,0.01482479784,0.01062639821,-0.008023340627,0.02220422882,-0.01211421979,0.0127714806,0.006432748538,0.03213474384,0.03183716075,0.01107226107,0.01661905998,-0.005421278518,0.1310724106,-0.04744116548,0.01638477801,-0.003674540682,0,0.05273566249,-0.01641791045,0,0.01263362488,0.003639304488,0.05911217306,0.0135187331,0.01581769437,0.006968641115,0.003373413802,-0.01518924303,-0.008892481811,0.001489203276,0.08323598131,0.02521319985,-0.02806219188,-0.003946329913,0.05454545455,-0.05635491607,0.02029769959,0.0248783126,0.008674601574,-0.003838771593,0.06528560922,-0.005253940455,0.01046755059,-0.008857395926,0.02597402597,0.03674540682,0.06782334385,-0.0006348086757,0.01534683855,-0.01245541419,-0.02413045196
0.02575757576,-0.05085010139,-0.01607915894,-0.008484396987,0.01285347044,0.01400961243,-0.001982488022,0.02038103677,0.01806308184,0.04893271751,-0.02229136274,0.009610520991,-0.001557228134,-0.01597705858,-0.0524073285,-0.01082113304,0.02391629297,0.05117117117,-0.02725045928,0.06883531804,0.04889589905,0.02176202176,-0.004154437601,-0.001469507715,-0.01700782661,0.07494356659,0.004186602871,-0.01722549796,-0.004402224282,0.04179860671,-0.03112147618,-0.09276437848,0.009738822488,0.003873824018,-0.01176470588,-0.03413443086,-0.04759124088,0.0315167351,0.006972690296,0.00796629518,0.02579666161,0.008069164265,-0.01660280971,0.07744719509,0.004051863857,-0.001568627451,0.03536141446,0.03003161222,0.04029008864,0.05886036318,0,-0.0292358804,-0.004798464491,0.04713940371,0.04341775434,-0.01295731707,0.02692003167,-0.01937716263,0.03241713029,0.01567635904,-0.04513322458,-0.01933085502,0.02723105958,-0.01482820976,-0.01950838861,0.01294241944,0.03017241379,-0.003811944091,-0.04177718833,0.02823218997,0.014,-0.01445086705,0.008169746623,-0.02875586854,0.04074585635,-0.009830205541,-0.008438818565,0.01708860759,-0.01070901034,0.01062215478,0.0338573156,-0.02327423031,0.02474309041
-0.005908419498,0.02580115037,0.04525455688,0.02654756439,0.01091370558,-0.003025413473,0.02433371958,-0.009769865393,0.07001501297,-0.01011543496,0.007313036704,-0.0245490982,-0.01351702625,0.01457119067,0.001798561151,0.02059202059,-0.01824817518,-0.03051079877,0.05004721435,-0.02445652174,0.01203007519,0.02816901408,0.01199643013,-0.004415011038,0.009340070433,0.001889962201,0.01727218582,0.04980627907,0.03351175239,-0.004863221884,0.02786813258,0.02147239264,0.005699254713,0.01929437707,-0.01116071429,0.003212797078,-0.01379521766,0.01556035367,0.00577034045,0.007186331305,0.01479289941,0.005717552887,0.003376623377,0.01707419899,0.009685230024,0.09426551453,0.03867403315,-0.01483375959,0.02478698683,-0.010644589,-0.009104704097,0.02669404517,0.01832208293,-0.006925740669,-0.002973996173,-0.005019305019,0.00745309689,0.005645730416,-0.001481040892,0.02489419965,0.04214123007,0.04624715694,0.02887139108,0.02716593245,0.01432550736,0.09126466754,0.0008368200837,0.07780612245,-0.02214532872,0.04080061586,0.02465483235,-0.05246008472,0.0374817385,-0.002416918429,0.02587923026,-0.009025270758,-0.008510638298,0.001244555072,-0.01642403882,0.007996368461,-0.01871345029,0.01787656469,-0.02942581015
-0.05631500743,-0.03091957706,-0.0315694528,-0.06835278331,-0.05799648506,-0.03742666397,-0.0694893342,-0.01775926332,-0.01645408163,-0.03342149555,-0.003414773758,-0.01900359527,-0.007641633729,-0.001231021748,0.01077199282,-0.01134930643,-0.07881040892,-0.04756011315,-0.0587529976,-0.07465181058,0.001857355126,-0.01570330772,-0.0453557292,-0.05986696231,-0.01516990291,-0.06728149235,0.004683840749,-0.05645656575,-0.02657059221,-0.04581551619,-0.01844951305,-0.04154154154,-0.06495204882,-0.03353163872,-0.01504890895,-0.05204075613,-0.01367733914,-0.00383048472,-0.05335628227,-0.01427011285,-0.06462585034,0.006253553155,-0.03650012943,-0.0207253886,-0.01278976819,-0.0527638191,0.02030947776,-0.07061266874,0.0007558578987,-0.05140466228,-0.1378254211,-0.04066666667,-0.03882575758,-0.03990701279,-0.06855609286,-0.0454016298,-0.04107142857,-0.01684210526,-0.03767661846,0.009230021861,-0.02349726776,0.03405797101,-0.06632653061,-0.02859185132,-0.03609258533,-0.006690561529,-0.07023411371,-0.05147928994,-0.03078556263,-0.05424063116,-0.0009624639076,-0.01375515818,-0.01658965897,0.02967898243,-0.03040103493,-0.04462659381,-0.07778969957,-0.05531385954,-0.04743833017,-0.004122354245,-0.02800953516,-0.03005459173,-0.04446820403
-0.02141395056,-0.03570838155,-0.02421608196,-0.006503142458,-0.01039445629,-0.004623791509,-0.06147968044,-0.01428571429,0.004279600571,-0.005099502488,-0.0004296794504,-0.06151832461,0.02177376527,-0.03903040263,-0.005772646536,0.01020408163,-0.02824858757,-0.01355114164,0.02515923567,0.003311258278,-0.004078605858,0.02443991853,-0.02051667651,-0.005503144654,-0.0174060382,-0.01865168539,0.02564102564,-0.003085750102,-0.01966227157,0.001920614597,-0.05830720498,-0.02872062663,-0.0009324009324,-0.005036373811,0.01757066463,-0.01604701197,-0.01103057044,-0.003845213752,-0.008484848485,-0.01592108395,0.01454545455,0.001129943503,-0.0204191295,-0.009735449735,0.002429149798,0.05873436908,-0.02559241706,-0.04413407821,-0.004531722054,0.03024574669,-0.01687388988,-0.02223766505,-0.02266009852,-0.009281678773,0.03999892956,-0.01707317073,-0.01197126895,-0.007137758744,-0.004930331598,-0.01444043321,-0.03329602686,0.01261387526,0.02759562842,0.07983811626,-0.0288970289,0.07168631224,0.0008992805755,0.05801621959,0.01241328952,0.0247653806,0.008670520231,-0.01220362622,-0.04420977269,0.03647058824,0.01467645097,-0.03050524309,0.02385107621,0.03421052632,0.01474103586,-0.008278836789,-0.003678724709,0.005828626367,-0.01096367392
0.004183427192,0.01714383679,0.02290804963,-0.0004393094056,0.05278750337,0.01784206081,0.01369356033,0.01313405797,0.0111053719,0.03600450056,0.02379385821,0.02036262204,0.01871101871,0.01539119282,0.001339883877,0.01073232323,0.06146179402,0.03500188182,0.05063684374,0.01290129013,0.04616530156,0.04208084824,-0.01764544607,0.03320158103,0.0148926164,0.04396610946,0.01079545455,0.02282180253,0.01651722511,0.04345047923,0.01140944767,-0.01505376344,0.04199720019,-0.003374578178,0.01426426426,0.0206004861,-0.01561504143,0.05237109207,0.01711491443,-0.01323481582,0.02969790067,0.03498871332,0.00137136588,0.005129301133,0.007269789984,0.0744452398,0.01945525292,0.04032729398,0.01972685888,0.04525993884,0.006323396567,0.0618336887,0.02217741935,0.033401222,0.07154313946,0.04755996691,0.06892837911,-0.002875629044,-0.01548945753,0.02564102564,0.03096960926,0.02214532872,0.07232119117,0.006814310051,0.007124895222,0.01683501684,0.06558849955,0.05837264151,0.006130544537,0.03128974816,0.02769818529,0.0183551006,0.06493445693,0.002837684449,0.0164365549,0.03539823009,0.04943181818,0.0286259542,0.02434236356,0.01953700456,0.02646153846,0.01200788578,0.0104339049
0.03749399135,0.04786785774,0.04727838258,0.002241462664,0.03734970581,0.01172077585,0.02610441767,0.02592758158,0.04035759898,-0.01339447327,0.03873549454,0.01995626025,0.03137755102,0.005052631579,0.05129348796,0.02435977514,0.0406885759,-0.06890909091,0.05233589592,0.04206161137,0.01494661922,0.0333863275,0.03255336251,0.04055087988,0.01143033673,0.01074797105,0.01011804384,0.05344382252,0.01415970288,0.007960808328,0.05356024576,0.02510917031,0.08329601433,0.03329571106,0.0236861584,-0.1539081243,0.03075428941,0.02514117386,0.005108173077,0.05812852845,0.03331675783,0.03489640131,0.05943577102,0.05124388688,0.03287890938,0.03397734843,0.01526717557,0.03370786517,0.0119047619,0.01053247513,0.002692998205,0.0187416332,0.04733727811,-0.006700827749,0.01579309682,0.02842479274,0.03879093199,0.05695746215,0.03838826774,0.002142857143,-0.03088152723,0.02505077861,0.0347136127,0.02538071066,-0.01622971286,0.07218543046,0.04468802698,0.0573816156,0.0458781362,0.02096694623,0.04182156134,0.02391681109,-0.04193959643,0.01471420487,0.02587322122,0.005698005698,0.03031943692,0.03896103896,0.02453047144,-0.002167406337,0.04976019185,0.03260527351,-0.0122603071
-0.01822393822,0.02380569406,-0.000297000297,0.1063848448,0.02762022195,0.03731802338,0.02597402597,0.03420479303,0.006629020378,-0.001956947162,0.01289985956,0.02385419459,0.023744744,0.03644742354,0.01739499364,0.0243902439,0.03157894737,0.01152118727,-0.006322000562,0.02842524161,0.02384291725,0.04923076923,0.02009903559,-0.008088235294,0.01832620648,0.03146701389,0.04730105732,0.02510253662,-0.04440375372,0.02308626974,-0.002297281015,0.05324813632,0.005374121538,0.007099945385,0.03904555315,-0.01590423974,0.002512562814,0.03730556727,0.01016442451,0.02675676107,-0.01924927815,0.01159114858,0.025336091,0.02245145631,0.02173913043,-0.01192010309,0.02161654135,0.01684782609,0.02794117647,0.0260567458,-0.01611459266,0.01248357424,0.02542372881,-0.0126984127,0.03957415623,0.02917466411,0.01309408341,0.08117326057,-0.0006054521115,0.02019482062,0.007531865585,0.03170409511,0.04001917086,0.09900990099,0.01480541455,0.003705991353,0.05730427764,-0.01685985248,0.08464701851,0.002416042522,0.03657448707,0.02606635071,-0.00713531868,0.02063580591,0.001891551072,-0.00566572238,0.04151339989,0.03333333333,0.04002992892,0.03275410288,0.06396344946,-0.01817939288,0.02023347595
-0.02060720466,0.00879811469,-0.01128936423,-0.03468093539,-0.0307175426,-0.02569677802,0.003294607248,-0.02843901411,-0.02585365854,-0.004044117647,-0.02985071588,-0.03560209424,-0.02802609326,-0.03193209378,0.009591326105,-0.01607142857,-0.02332361516,-0.04305019305,-0.05259437297,-0.1111111111,0.01712328767,-0.03313782991,-0.0005299360897,-0.07042253521,-0.03224355129,-0.0324005891,-0.01009564293,-0.02806193659,-0.01916167665,0.01662707838,-0.04060897358,-0.003033367037,-0.02549342105,-0.02657266811,-0.02853166319,0.0101007953,-0.01848370927,-0.01674929008,0.01894051495,-0.01920623561,-0.03778213935,-0.0265625,-0.01588502269,-0.01107814045,0.01063829787,-0.03586566678,-0.01563937443,0.04061998931,-0.01502145923,-0.05474040632,-0.06915377616,-0.019467878,0.02295684114,-0.04260450161,-0.02719010332,-0.0343155539,0.04786979416,-0.02649842271,-0.03365795891,-0.01537028412,-0.0304772858,-0.001280409731,0.01013824885,0.05705705706,-0.03918299291,0.016,-0.07786259542,-0.05412647374,-0.01169036335,-0.05278380333,-0.01807228916,-0.02012537116,-0.04050837666,-0.00218579235,0.08432976715,-0.03703703704,-0.03935418769,-0.02534562212,-0.04028776978,-0.01465580557,-0.01234567901,-0.04990004464,0.01493333539
-0.01108255702,0.04049213518,0.005108173077,-0.05522479984,0.03070066848,-0.01805640089,0.01071552022,0.01582827407,-0.001126690035,0.002830072598,-0.007179689517,0.007057546145,-0.01292567736,0.007933194154,0.02726146221,-0.00241984271,0.01343283582,-0.02360298568,-0.06297567527,-0.005597014925,0.00202020202,-0.0118289354,0.0005302170709,-0.02631578947,-0.007438400744,0.1078495325,-0.01449275362,-0.04357007704,-0.01660561661,-0.005841121495,-0.003591658625,0.006085192698,-0.01139240506,0.02618384401,0.02005730659,0.04299909476,0.04500478774,0.001000756006,-0.004066221319,0.004901533117,0.003569607343,-0.01230604601,0.03228285934,-0.03680736147,-0.008270676692,-0.03077443355,0.002803738318,0.004622496148,0,-0.02029850746,-0.0009775171065,-0.02713434811,0.01077199282,0.003778337531,-0.07128163571,0.02278872151,-0.007537688442,0.03499675956,0.0003150350476,-0.01253547777,0.00118623962,0.01987179487,-0.01847627737,-0.06676136364,0.01388286334,-0.01150817686,-0.0298013245,-0.02719546742,0.0179028133,-0.02366412214,0,0.02558922559,0.01977265064,0.0147864184,0.006384213581,-0.01814595661,-0.01523109244,0.1063829787,-0.01049475262,-0.02507199729,0.01413043478,0.003901781337,0.02640695096
-0.03037193438,-0.04190989373,-0.02092675635,-0.01781833985,-0.03074705741,-0.01477272727,-0.0389876881,-0.02411953042,-0.004762501567,-0.0245398773,-0.00475201982,-0.04043126685,-0.007554772098,-0.01822700911,-0.02734217933,0.001819284415,-0.00147275405,-0.04524793388,0.01274088231,-0.05253283302,-0.04569892473,-0.03775322284,-0.02503418088,0.001638001638,-0.06416861827,0.01177625123,0.01960784314,-0.007407014879,-0.01539607648,-0.0258519389,-0.0444932919,-0.02822580645,-0.02091335894,-0.003800217155,0.002106741573,0.003835013675,0.0155772755,-0.02402673259,-0.01312335958,-0.03062327843,0.005081300813,0.005958829902,0.02779846116,-0.03156801661,0.01819560273,0.01988834613,-0.02236719478,-0.02914110429,-0.02614379085,-0.003046922608,0.0009784735812,-0.01632653061,-0.01865008881,-0.004182350481,0.02407960533,-0.01850453172,-0.005293440736,-0.008140262993,-0.02791591213,-0.01532934132,-0.07760663507,-0.003771213074,-0.01278178015,0.03592085236,-0.1125374412,0.01491013072,0.008532423208,-0.01281304601,0.01695979899,-0.004951785249,-0.03680981595,-0.03348653972,0.01152492738,-0.01187263896,-0.04440599769,0.008437123343,0.0016,-0.01442307692,0.004545454545,0.006046915725,0.03644158628,-0.01082554993,-0.02185860948
0.01541038526,0.004061865334,-0.02290076336,-0.01703539823,-0.02874845105,-0.01751074761,0.008896797153,0.000656167979,-0.02631910339,-0.01257861635,0.001660953158,0.02219101124,-0.02791169754,0.02362869198,0.002480363787,-0.01452784504,-0.02839233038,0.01298420255,0.002987891178,0.00198019802,-0.025,-0.04401913876,-0.01530617791,-0.0204415372,-0.02118785452,-0.07584869059,0.005876068376,-0.003594711148,0.01765447667,-0.02593486128,0.007967987026,0.01504149378,-0.09459459459,-0.007084468665,0.0336370007,0.03247308152,-0.003007518797,0.009236010979,-0.02364066194,-0.0193777937,-0.0242669363,-0.01884760366,-0.01835305482,-0.02637786833,0,-0.01471091345,-0.02192564347,0.01369141654,-0.01864280388,-0.002444987775,-0.01857282502,-0.04771784232,-0.00814479638,0.03149937001,-0.03159973128,-0.009619084263,-0.03840814438,-0.01641414141,0.007098402454,0.03016297738,-0.003211303789,0.005047318612,-0.07321092279,-0.05113135469,0.0231436837,-0.0688267257,-0.03807106599,-0.05958702065,-0.004014823965,-0.006547930854,-0.01000909918,0.0129076087,-0.03263991035,0.0218459858,0.01991550996,0.01494023904,-0.0404685836,0.005420054201,-0.03129713424,-0.03312722374,0.0005170630817,0.01197259879,-0.04098446057
0.002144506763,0.03796483585,-0.0053125,-0.008327706505,0.01531002807,0.02454642476,0.05643738977,0.02316939891,0.002715985515,-0.04904458599,0.01284998176,0.02280846386,-0.009397024276,0.05564715581,-0.000824742268,0.009828009828,-0.03719165085,-0.002777184362,0.04656632173,0.02437417655,0.004333694475,-0.01735068402,0.01554409865,0.0325542571,0.006988239305,0.001259445844,-0.0302708444,0.02330703974,0.02651796778,0.03715170279,0.04328512216,0.01992846193,-0.01444390948,0.005488474204,-0.00406779661,-0.006475359553,-0.005429864253,0.001014993215,0.03238498789,-0.0139155271,-0.007772020725,-0.002195389682,0.03665436654,-0.00550660793,-0.01712583768,0.06006944444,-0.004873294347,0.04467532468,-0.006079027356,0.05085784314,0.05876494024,0.01307189542,0,-0.07003257329,0.02125193526,0.009324009324,0.001443695861,0.0243902439,0.0480614569,-0.01275088548,0.01836340206,-0.01067168864,0.0477520955,0.006193868071,0.003770028275,-0.02701534472,0.03605980651,0.04830614806,0.01085271318,0.02900079093,0.01838235294,0.03018108652,0.0806603432,-0.02565473009,-0.02366863905,0.03729146222,0.04605993341,0.02533692722,0.01985208252,0.007502679528,0.02480620155,-0.006118756734,-0.0058462882
-0.002139917695,-0.002098635887,-0.02356267672,-0.01225601453,-0.01507916562,0.01010416667,0.0325542571,0.004913480026,-0.00232168193,0.00977896852,-0.01882526337,-0.002955400322,-0.01185770751,-0.009371339321,-0.009492364837,-0.006082725061,0.03941663382,0.03620394173,0.001797752809,0.003215434084,-0.01006832075,-0.01324278438,-0.001641500614,0.002425222312,-0.04096140826,0.02997903564,-0.01807228916,0.04555238816,-0.02076291647,0.05074626866,0.001198578469,-0.0255511022,0.05715681485,-0.001637554585,0.008849557522,-0.003724321781,0.01546860783,-0.01827339557,-0.001465845793,0.05270913148,0.006266318538,0.001650165017,0.01993355482,0.003100775194,0.002272727273,0.01801506715,0.002938295788,0.007458975634,0.01834862385,0.0472303207,-0.03574788335,0.007885304659,0.003649635036,0.0288966725,-0.04011995394,0.02771362587,0.0007208073042,0.01691729323,-0.01895381102,-0.03563740732,-0.0192976906,0,-0.056,-0.002462296091,-0.03802816901,0.03842736562,-0.03565365025,0.01915020946,0.03128834356,-0.001537279016,0.01263537906,-0.04329427083,0.0491345617,-0.003839824465,-0.01151515152,-0.01986754967,-0.02546419098,0.001577287066,-0.05190839695,0.03510638298,-0.04236006051,0.02196678393,-0.01312442062
0.02507423293,0.03680336488,-0.007078507079,-0.02136948529,-0.05715743812,-0.02124368361,0.01018593371,0.009141156463,-0.03400129282,-0.03714513133,0.00792465391,0.03314470493,-0.05013333333,0.04966495861,0.03083333333,-0.004283965728,-0.01441031475,-0.01881331404,0.01929116196,-0.025,-0.03087540865,-0.01445285616,-0.001644199569,-0.01774193548,0.02135545358,0.02788520252,-0.02175125488,0.005185844647,-0.02465483235,-0.02613636364,0.07210487983,-0.01850899743,-0.02310536044,-0.04537998907,-0.008771929825,-0.04766261362,0.01344086022,-0.08221723267,-0.04286553142,-0.03666466707,-0.07939802802,-0.03953871499,-0.009771986971,-0.05784941488,-0.04610733182,-0.006756756757,0.00390625,-0.01826258638,-0.009009009009,-0.0868596882,0.02536585366,0.01778093883,-0.02363636364,-0.06170212766,-0.01006300164,-0.065917603,-0.06602641056,-0.0191004313,-0.03116229737,-0.03348214286,0.05322580645,-0.04378172589,-0.04596815614,-0.06201789571,-0.004880429478,0.03636363636,-0.04929577465,-0.01115678215,-0.06900654372,-0.04028740056,-0.0008912655971,-0.009527050017,-0.01117615753,-0.0313876652,-0.07296137339,-0.06370656371,-0.06042460533,-0.1160104987,-0.05193236715,-0.00376841384,-0.02264349658,-0.008025457311,-0.06175719568
-0.006437077567,-0.01274992756,0.01036941024,0.005635125616,0.02652232747,0.01580444632,-0.01776568502,0.008215715189,0.01217880086,0.02342243042,0.01696734395,-0.04590505999,0.03733857383,-0.01727375141,0.01495553759,0.01290719115,0.01885340516,0.0387694901,-0.03506455399,-0.004273504274,0.01611694153,0.02129888268,0.008223630395,0.03612479475,0.001209607741,0.007920792079,0.01482326112,-0.01289772601,-0.01643073812,0.001750291715,-0.01485975762,0.02304871661,-0.003311258278,0.01317296678,0.0224642614,0.02649601785,0.01679929266,0.03606050042,0.01073619632,0.009622968923,0.0496054115,-0.009719839909,-0.02020676692,0.01827982189,0.02852614897,0.002267573696,0.01848249027,0.0115635998,0.0196969697,0.0262195122,0.01046622265,0.006289308176,0.003724394786,0.01360544218,0.01016529502,0.02606255012,0.04241645244,0.01005025126,0.02637434322,0.03412881704,-0.0382848392,0.02123424021,0.008882907133,-0.002960526316,-0.01226091221,-0.0262125903,0.01944444444,-0.01603325416,-0.0003194888179,0.04545454545,0.01427297056,0.004122294744,0.01937567277,0.01307561114,0.03306878307,0.02,0.04461181924,0.07779097387,0.02675159236,-0.01822558459,0.04148706897,0.0172097246,0.005901617846
-0.0267249757,0.01526269445,0.06029506094,0.02194723325,0.003163722647,0.01306918369,0.0389441095,0.00668616799,0.2340341134,-0.004038772213,-0.01424250562,-0.004100601422,0.004600811908,-0.0007642338556,0.01553166069,0.006674757282,0.004531722054,0.01014198783,-0.0313212711,-0.02443050512,0.06934710439,0.1234188034,0.01033091377,-0.02139461173,0.04366586124,0,-0.008988764045,-0.005490068528,0.03058339758,-0.005241700641,-0.03244267246,-0.06298003072,-0.02088277171,-0.006218202374,-0.001331557923,-0.007527271264,-0.03565217391,-0.0103306395,0.03672230653,-0.01069078947,-0.02040816327,0.06755196305,-0.01678657074,-0.00253164557,-0.01232665639,-0.01809954751,0.01146131805,-0.02982107356,0.02377414562,-0.03267973856,0.03860640301,0.01597222222,-0.01484230056,0.02774049217,0.004643134547,-0.007424775303,0.001479654747,0.02736318408,0.03008268727,0.03796526055,0.0525477707,0.01559454191,-0.0560298826,0.01187726823,-0.01290963257,0.0008478168716,-0.07992733878,-0.04948702474,-0.0230105465,-0.03248081841,0.007915567282,-0.0003421142662,0.0227032735,0.006734006734,-0.02240717029,-0.02344855468,-0.03272323905,-0.06336088154,-0.06782464847,0.02556917688,0.0160372478,-0.01233686382,0.02645451507
0.007988017973,-0.01806880601,-0.01542649728,0.01850582591,-0.001839684625,0.02733695096,0.02007528231,0.05147364051,0.03032251152,0.07623682076,-0.00103262373,0.002195992314,0.01697198276,-0.0034416826,-0.01411764706,0.01084990958,0.02894736842,0.03815261044,0.01930623136,0.1225042301,0.0003449465333,0.05508216677,0.01776307337,0.04129554656,-0.05573011411,0.02750491159,0.007936507937,0.014982266,0.0002493765586,0.01053864169,0.003899465871,-0.03169398907,0.03877847794,-0.002844141069,0.02,0.0009733939001,-0.01172227232,0.003292593454,0.01727166276,0.004156275977,0.01151315789,-0.007571660357,0.04,0.01707429626,0.03120124805,0.03028308097,0,0.03790983607,-0.003628447025,0.007985257985,-0.008159564823,0.01982228298,0.03013182674,0.03482803657,0.02234382517,0.02874015748,0.002216202906,0,0.006390030087,0.01004064069,-0.0278366112,0.01599488164,0.05992085924,0.05771111836,-0.01307847082,0.00360016942,0.07206317868,0.00380952381,0.002289826627,0.01215966164,-0.001745200698,0.00205338809,0.008776458441,0.02173913043,0.02815979044,0.005588904989,0.008027522936,0.02705882353,0.07009760426,0.007855191257,0.02087576375,0.01652743192,0.06479473365
0.0009905894007,0.01825408509,-0.003993855607,0.006953790938,-0.004739336493,-0.0007972892167,-0.01537515375,0.01480457955,-0.04118136439,-0.03290630495,-0.003098959544,0.01999452205,-0.008476821192,0.01534919417,0.05051710422,0.01550387597,0.01680672269,-0.007156673114,0.02864182322,-0.01658124812,0.02827586207,-0.05249495241,0.0375466835,-0.01477449456,0.0295971979,0.01529636711,-0.02305961755,0.008805555556,0.01670406382,-0.01969872538,0.003492623058,0.02652370203,0.06019598693,0.004563605248,-0.01437908497,-0.02144448947,-0.03284671533,0.01587981046,-0.02158273381,0.01407284768,0.01246612466,0.009809264305,-0.02532833021,0.04015426497,-0.01588502269,0.04888178914,0.02455146364,0.02171767029,0.03860160233,0.05423522243,0.0365630713,0.02278820375,0.021023766,0.02187631468,0.02486366577,0.0007654037505,0.02383292383,0.006053268765,-0.00241898524,-0.04615384615,0.04575163399,0.05730478589,-0.001866666667,0.001849568434,0.005096839959,-0.02869803756,-0.0211786372,0.006957621758,0.01860313316,-0.01514755811,0.01748251748,0.04166666667,-0.01432958035,0.02836879433,0.008280254777,0.01996706464,-0.01023890785,-0.008018327606,-0.02155887231,0.02812605896,0.05685785536,-0.002963314171,-0.01059115727
0.0438726703,0.02009541709,-0.0006169031462,-0.03252394743,0.008201058201,0.01555954518,0.01623985009,0.008364131492,-0.06995661605,-0.03909090909,0.05699581845,0.0306122449,-0.008549292012,0.03023431595,0.009087466869,0.0446271286,0.00251527129,-0.06896551724,-0.03443113772,-0.00766400981,0.02984574111,0.02070015221,0.0203905743,-0.03551696922,0.06140500085,-0.03578154426,-0.01093839954,-0.003083955173,0.01324178519,-0.03959810875,0.03212113327,-0.04562946674,-0.01100352113,0.03066439523,0.03978779841,0.01693529186,0.0320754717,-0.04905426284,-0.02470588235,-0.03836734694,-0.07494646681,-0.008634646519,-0.01900866218,-0.01635768811,-0.00384319754,-0.04629911666,-0.0202764977,-0.03043478261,-0.01402524544,-0.08265895954,0.03615520282,0.002621231979,-0.04118173679,-0.0522848909,-0.02573625869,-0.04741873805,-0.05399568035,-0.006016847172,-0.006060606061,-0.01315136476,0.02678571429,0.01012507445,-0.08362276249,-0.1061538462,0.08519269777,-0.01585922225,0.005644402634,0.005025125628,-0.028196091,-0.01670644391,0.0008591065292,-0.02163934426,0.01723779855,0.0175066313,-0.05874921036,-0.03895055499,-0.07126436782,-0.05658198614,-0.07076271186,0.0009887936717,-0.04860783388,0.01890269274,-0.1092668602
-0.02859851477,-0.0035430839,0.00462962963,-0.05042597283,0.1041721333,-0.004124926341,0.02258758451,-0.0569058642,0.00944606414,0.02662521962,-0.0196078038,-0.008858780615,0.04419293991,-0.02274394718,-0.002251407129,-0.01011804384,-0.00752688172,0.03201506591,0.01007751938,0.03367315416,-0.03386519049,0.008350730689,-0.00599195111,0.04664484452,-0.02516025641,0.013671875,0.009895227008,0.002833862726,0.005324298161,0.004923076923,0.005625502277,0.01612903226,0.001780151313,0.02754820937,-0.01466836735,-0.0225266951,0.0003046922608,0.04988614684,0.008443908323,0.02376910017,0.03298611111,0.03211758302,0.01226391955,-0.01729490022,0.01080246914,0.005110188438,-0.01505174036,0.006975585451,0.007823613087,-0.009451795841,-0.03234042553,-0.01764705882,0.01867413632,0.04213727194,-0.003012732582,0.03211561622,0.04616945713,0.01089588378,0.008234156137,0.009806386724,-0.003768115942,-0.002358490566,0.04460641399,0.04509466437,-0.05280373832,-0.005518763797,0.02525724977,-0.00125,0.1226508408,0.04719525351,0.01373390558,-0.03786863271,-0.02735810535,0.003128258603,0.03355704698,0.04787904242,0.03341584158,0.05936352509,0.03009575923,0.02667105696,-0.00248015873,0.03222293526,-0.0181877411
0.01951854262,0.01962736453,-0.02089093702,0.01333656644,0.01568441065,-0.004142011834,-0.01562734786,0.001636326447,0.009819778189,0.01882569774,0.02400036014,0.002628811777,0.03122580645,0.005630630631,0.003760812335,0.0176036343,0.003250270856,-0.00202757502,-0.04221028396,0.03078302451,0.0205594877,0.02987281869,0.004518554063,0.01407349492,-0.011836265,0.01541425819,0.01383285303,-0.0310678756,0.03033220992,0.006736068585,-0.0003760694475,0.03798185941,0.03642825411,0.02144772118,0.01618122977,0.06512819445,0.0258909534,0.05291448803,-0.01016746411,0.01492537313,0.01960784314,0.08333333333,-0.06348437121,0.0160198556,0.01908396947,-0.05211312361,0.02578796562,-0.002474022761,0.01552575865,-0.008269720102,0.03254177661,0.0246174318,0.01558203483,0.008753647353,0.02043538081,0.00427849086,0.01794374394,0.004790419162,-0.01633078105,0.02938247012,-0.01338376491,0.036643026,0.009210159085,0.05434782609,-0.02022693636,-0.02352941176,0.003649635036,-0.001877346683,0.05521292217,0.01004378058,0.01524132091,0.01811215604,0.009026028547,0.02754677755,0.02987012987,0.04308617234,0.01916167665,0.03986135182,0.01814962373,0.01571520205,0.0447538538,0.02204220045,0.0110538102
0.002393107849,-0.01478588367,0.003137747098,-0.004785833932,0.001403837155,0.001386413151,0.0006105938025,0.0085766796,-0.009953094612,0.01847783951,0,-0.008127949659,0.01626626627,-0.00858529302,-0.02472836268,-0.06361607143,-0.006479481641,-0.00548557497,0.01682692308,-0.004928964917,0.009577278732,0.02986789202,0.006508498865,0.002313030069,-0.02146065546,0.01233396584,-0.003979533826,0.009010904047,0.006074766355,0.04257907543,-0.00148916826,-0.00655379574,0.009001285898,-0.003674540682,0,0.007528353539,-0.008610451306,0.01333348179,0.02235649547,0.001633986928,-0.01208791209,0.04673807205,-0.0007761966365,0.008438818565,-0.007490636704,-0.01340931948,0.01955307263,0.01438492063,0.01320361362,0.03143040411,-0.02129471891,-0.03636363636,0.03158844765,0.02438016529,0.02649472256,0.03214562355,0.02739399714,-0.0005959475566,0.01567906074,-0.00290275762,-0.03096431731,0.01881413911,0.03954646018,0.007497656982,-0.02014098691,-0.004319163446,0.03181818182,-0.02068965517,0.000556637907,-0.0005099439062,0.01668056714,-0.005815942525,0.02350738506,0.008598887203,0.02963430013,-0.01056676273,0.004700352526,0.025,0.0347826087,0.0262077676,0.03046168491,-0.02211981567,-0.006367294589
-0.02594302085,-0.004813818491,-0.001876759462,-0.06660254869,-0.02172897196,0,0.04057971014,0.009921036647,0.007164317079,-0.02740421213,0.01367024359,-0.003965107058,-0.05220389067,0.0003765060241,0.0084517864,0.0005959475566,-0.02427536232,-0.03370786517,-0.04649330181,-0.01048951049,-0.01962708538,-0.0139431121,-0.009452431331,-0.003076923077,-0.01785107106,-0.04029990628,-0.0154109589,-0.02048083478,-0.02833255922,-0.04434072345,-0.02278685694,-0.02693787795,-0.04545454545,0.00210748156,-0.003821656051,-0.06163027656,-0.03174603175,-0.0283378567,-0.04580378251,-0.02610114192,-0.02892102336,-0.004651162791,-0.04220611082,-0.03567496146,-0.04603773585,-0.03363914373,-0.05936073059,-0.05427872861,-0.05624142661,-0.1075870647,-0.04351610096,-0.02358490566,-0.0113735783,-0.06938281565,-0.09458076474,-0.03677298311,-0.03361929052,-0.03995229577,-0.04600718976,-0.05240174672,-0.03317102861,-0.005595970901,-0.08539505188,-0.03100775194,-0.03237410072,0.05365296804,-0.08986784141,-0.04161331626,-0.03949930459,-0.0568877551,-0.05660377358,-0.03716448727,-0.01646341463,-0.0110330993,-0.05939987753,-0.02815533981,-0.05847953216,-0.03848238482,-0.04663865546,-0.04153846154,0.02355658199,-0.009425070688,-0.07507688959
-0.009150326797,0.008536064874,-0.01504230649,-0.01339515714,-0.03940769047,0.02848101266,-0.008942970239,0.02325581395,0.003556677375,-0.01578398122,0.003853955775,-0.0241507431,0,0.01016183666,0.02285714286,0.005955926147,-0.006312662458,-0.009302325581,0.03371900826,-0.02826855124,0.02268935602,0.2169117647,0.003513605238,-0.03009259259,0.01090531418,-0.00390625,0.03246376812,0.03913763748,0.01242829828,-0.03601953602,-0.0237037632,0.02598870056,0.008455718736,0.001577287066,0.0121483376,0.04776678146,-0.01330034024,-0.003646952392,-0.01424589656,-0.03098827471,-0.01832760596,-0.01028037383,-0.01270613679,-0.01210321991,0.001582278481,0.0341068917,-0.01650485437,0.007755946225,-0.01744186047,-0.008362369338,0.01819836215,0.006901311249,0.0203539823,0.002600780234,0.02443083715,-0.008959875341,0.05686180422,0.006211180124,-0.04346385763,-0.008960573477,-0.007554296506,-0.005627462015,0.02036067481,-0.0112,-0.009028146575,0.06175514626,0.03194578896,0.04074816299,-0.02693310165,-0.006491750068,-0.02347826087,-0.01250893495,0.02541847489,-0.01470588235,-0.025390625,-0.03476523477,-0.006832298137,-0.03720405862,0.01366240635,-0.02054574639,0.005415162455,0.001902949572,0.001232637814
-0.02226253298,-0.01876146142,-0.00477251034,0.0182767624,-0.0007458975634,-0.009807692308,0.002366863905,-0.003722570533,-0.007545444152,-0.01590457256,-0.02111243338,0.01495784607,0,-0.01229508197,-0.02048417132,-0.005328596803,0.002242152466,-0.0917626974,-0.005916213623,-0.004848484848,-0.005220228385,0.06204973274,0.01699922414,0.01352426412,-0.02671232877,0.0009803921569,0.01516002246,-0.02502601687,0.02195467422,-0.04939835339,-0.06498881064,-0.02973568282,-0.005295675199,-0.01312335958,-0.01010739103,0.01518979846,-0.02006269592,0.04913883608,0.006283380459,0.004321521175,0.03967327888,-0.01888574127,-0.0169769989,-0.01710587147,0.02290679305,-0.0275416525,0.02270483712,0.01436634171,0.03920118343,-0.04075895994,0.03127792672,0.01644962303,-0.006938421509,-0.04539559014,0.04687106331,-0.01493710692,0.0009080590238,0.001234567901,0.02819237148,-0.007749935417,0.0006343165239,-0.001697792869,0.06527936146,0.04401294498,-0.01714898178,-0.005510204082,0.06941838649,-0.02053915276,0.06636904762,-0.01143479445,0.03294746215,-0.005066956207,-0.04312777106,-0.00566134843,0.01803607214,-0.008486855723,0.0243902439,0.02459016393,0.05130434783,0.02130449033,0.02513464991,0.01614434948,-0.01846910358
0.01754090066,0.02788959172,0.00831202046,0.009487179487,0.00248818114,-0.002330549621,-0.00974025974,0,0.02545789656,0.01144781145,0.001959977933,0.0152733119,0.004156923876,0.002640513014,0.01977186312,0.01130952381,0.02759134974,0.01527255639,0.04954157954,0.004567600487,0.02492620531,0.01772428884,0.0236006377,-0.003139717425,0.01759324419,0.0166503428,-0.003318584071,0.05583911975,-0.01501501502,0.01532311792,0.01129834133,0.02440408627,0.00842945874,0.006382978723,0.01531589024,-0.01121946003,0.002239283429,-0.001990544912,0.01529815798,-0.01290877797,0.0202020202,-0.005774783446,-0.02228412256,0.01881467545,0.01544401544,0.05594405594,-0.01640926641,0.01365705615,-0.02277580071,-0.0293040293,-0.004332755633,-0.03641267701,0.01397379913,0.002264492754,0.006282261946,0.008778930567,-0.008618734407,0.01787916153,0.02290452131,-0.002863837542,0.005071315372,0.01133786848,-0.004549103559,-0.003099814011,-0.02235550709,0.0238046378,0,0.06880733945,-0.0008372871895,0.006885155605,-0.01206896552,-0.002546380502,0.00947767481,0.01863354037,0.0282152231,0.01482254697,0.009768009768,0.05885714286,0.0008271298594,-0.005776636714,-0.01313485114,0.01588785047,0.03440735841
-0.006464445549,0.005734265734,-0.01331642359,-0.02413004826,-0.0441796972,-0.0200506132,-0.0172876304,-0.001573254671,-0.01831049202,-0.02596537949,-0.007826577929,-0.01451570335,-0.001034928849,-0.00489089541,0.02125279642,0.00412007063,-0.002177068215,-0.02985420042,-0.006283524904,-0.03152470446,-0.056,0.05418189637,-0.03684451919,-0.03700787402,-0.01642461964,-0.04605009634,-0.01775804661,-0.001005560156,-0.01969981238,-0.01181102362,0.004141687477,-0.05817174515,0.01055873295,-0.01744186047,-0.02954116908,-0.006627139809,-0.02170443664,-0.0234680715,-0.007380073801,-0.02789886661,-0.01540154015,-0.01452081317,-0.03190883191,0.005078485688,-0.009885931559,-0.005629139073,0.0009813542689,-0.005489021956,0.01456664239,-0.06113207547,-0.03481288077,0.006298110567,-0.02842377261,-0.03479439675,-0.02498041318,0.001977848101,-0.03180050332,-0.009085402786,-0.03626611616,-0.0138381201,0.009145380006,-0.01737668161,-0.009946236559,-0.04695273632,-0.01728945901,0.01924233313,-0.007894736842,-0.00122624157,-0.01927374302,-0.02434354486,0.02617801047,-0.02334062728,-0.0235760484,-0.0299796748,-0.02552648373,-0.01049166838,-0.03869407497,-0.03291958985,-0.00826446281,0.01323434474,-0.03948535936,-0.01747930083,0.002666434504
-0.003837170504,-0.026560979,0.0006426735219,0.01197293077,0.002856400935,-0.02254668256,0.02790415529,-0.008075635218,0.004691612313,-0.007655502392,-0.01084870536,-0.02945902517,-0.009583009583,-0.001134215501,-0.03358890106,0.01582649472,-0.009454545455,0.00286259542,0.01465144972,-0.001564945227,-0.04813559322,0.01386905976,-0.007936507937,0.0008176614881,0.01476533661,-0.01454251666,0.02146892655,0.01003880955,0.004784688995,-0.02855245684,-0.006178241844,-0.01941176471,0.02176752286,-0.002151694459,-0.009715025907,-0.01714359243,0.02055464927,-0.02249467188,-0.02726146221,-0.006278026906,0.1413407821,0.01669941061,-0.01559741024,0.008497932935,-0.007680491551,0.0293040293,0.009803921569,-0.005519317612,0.02368987796,0.08118971061,-0.002705139766,0.004172461752,0.01595744681,-0.01779026217,-0.002402178878,-0.0327674694,0.01441398866,-0.01711491443,-0.01079907221,0.003971405878,-0.0053125,0.01597261837,-0.0382840076,0.044045677,-0.01418842225,0.003933136676,-0.00884173298,0.001227747084,-0.01822842495,-0.03139893468,0.02380952381,-0.02912621359,-0.02841880342,0.01781037192,-0.01702685003,0.02286902287,0.001257861635,0.0234375,0,0.003185727939,-0.04849884527,-0.02059925094,0.05661086654
0.05660693351,0.01357142857,-0.091522158,0.03935185185,0.004660797514,0.009755106188,-0.01740926527,-0.0003971405878,-0.006605922551,0.03099600496,0.03788708746,-0.01241721854,0.001569037657,-0.004542013626,-0.007177937287,0.01442585113,0.02569750367,0.03782112274,0.04043167655,0.1034482759,0.01495726496,-0.00583383625,0.008,-0.01062091503,-0.06980772562,0.04119696659,0.0005530973451,0.03104282578,0.0169047619,-0.01913875598,0.01451714156,0.0149970006,0.001278227524,0.04204851752,-0.03793328973,0.02131987875,0.007672634271,0.01359845108,-0.007643312102,0.01083032491,0.007342143906,-0.00193236715,-0.1156950673,-0.004554771123,0.009287925697,0.05661598188,0.01553398058,0.009586276488,0.007713884993,-0.0007434944238,0.0424954792,-0.01592797784,0.06020942408,0.0142993327,0.01846670397,0.01795918367,0.008851618915,-0.0006218905473,0.001653985008,-0.0239978903,0.004712535344,0.005614823133,0.0248447205,0.0565625,-0.008059873345,0.01273261508,0.01070472792,0.03678724709,-0.009283434871,-0.006946454414,-0.01079734219,-0.0007692307692,0.009016934242,-0.01132269686,0.05263157895,-0.002845528455,0.0175879397,0.0185387132,0.03166666667,0.01524293426,0.01844660194,-0.01434034417,-0.01672286874
0.006498652718,-0.03664552502,0.01095793567,-0.0279633754,-0.04072164948,-0.02475596256,-0.04219219219,0.008343265793,0.0003439578078,-0.02004275788,-0.01056732542,-0.01620564403,-0.01409921671,-0.03346007605,-0.03652968037,-0.03924914676,-0.03471725125,0.02658721063,-0.01811541271,0.001420454545,-0.03192982456,-0.009307972481,-0.05803571429,-0.02807597027,-0.06629422719,-0.02834645669,-0.05140961857,-0.02987041852,-0.003512058066,-0.04041811847,-0.002861881967,-0.003546099291,-0.008510638298,-0.02431453699,-0.02107409925,-0.0142288047,-0.02538071066,-0.02167288453,-0.01123234917,-0.04821428571,-0.007774538387,0.02420135528,0.01588911427,-0.03294440631,0.02837423313,-0.02939375383,-0.01051625239,-0.02898550725,-0.02992345164,-0.05133928571,-0.03382480486,-0.007741027445,-0.03703703704,-0.006109022556,-0.01813186813,-0.07618283881,-0.0242438236,-0.017423771,-0.04854620029,-0.011078087,-0.03752345216,-0.04131769961,-0.04986225895,-0.003549245785,-0.02321532211,-0.02417794971,-0.03000882613,-0.04080425784,-0.01142020498,0.004954823667,0.0008396305626,0.0415704388,-0.01809067132,-0.02342529932,-0.09430379747,0.008968609865,0.0512345679,-0.04925053533,-0.02019386107,0.009071004066,-0.001906577693,-0.01842870999,0.01079035902
-0.01433070866,0.009070958303,-0.03671328671,-0.01476578411,-0.009940891994,-0.03209163141,-0.005173224643,-0.005319148936,-0.05088825215,-0.003136078538,-0.01262113548,-0.01846066458,-0.008474576271,0.008261211644,-0.01382306477,0.01124925992,-0.007044864664,-0.0343826747,0.04210682934,-0.03659574468,-0.01594780718,-0.02696078431,0.008952080042,0.03823279524,-0.0175508576,0.004659643436,-0.01048951049,0.01514731739,0.00704887218,-0.01234567901,-0.00123250362,0.06465005931,0.01716738197,0.01325556734,0.01527777778,0.006731952266,0.001953125,0.003693121633,-0.004219409283,0.01594746717,0.01126346719,-0.04631379962,-0.004991680532,0.0004731488053,0.01416853095,0.01104100946,0.0154589372,-0.0144107051,0.0007173601148,-0.01333333333,0.005385996409,0.02907801418,0.007692307692,0.03593380615,0.02087466721,-0.00390625,-0.008755324184,0.01709943002,0.04130365084,0.06010928962,-0.0159194282,-0.0163075131,-0.01275732096,-0.02048085485,-0.008912655971,0.005946481665,0.007279344859,0.01479654747,-0.006220379147,0,-0.003355704698,0.0229120473,-0.05527192009,0.005330490405,0.01187980433,0.01616161616,0,0.02083333333,0.01648804617,0.003099814011,-0.02148997135,0,0.00148422908
0.03211375619,0.02957807742,0.02323049002,0.03359173127,0.0328358209,0.01066098081,0.03923731484,-0.004159239453,0.01473252023,0.01285733826,0.03343199017,0.01359953704,-0.006143162393,0.01794771752,0.01161393672,0.02693208431,0.0571321882,0.01549132948,-0.02569960023,0.03415783274,0.05156537753,0.01931150294,0.001043841336,0.004091653028,0.006699147381,0.02641661625,0.007067137809,0.0112526439,0.02379841344,0.07058823529,-0.002873637611,0.03676880223,0.005063291139,0.01569858713,0.02120383037,0.007650729303,0.02176738142,0.02417082159,0.01857887875,0.02585410896,0.004842615012,0.01585728444,0.001337792642,0.01962638922,0.01617647059,-0.002184087363,0.03901046622,0.02193211488,0.03870967742,0.03418124006,0.01071428571,0.01378359752,0.02798982188,0.04016430853,0.04952493273,0.002614379085,0.03365958463,0.02241594022,0.03766733601,0.02268041237,0.0313634863,0.03493191237,0.05198237885,0.02515151515,0.04916067146,-0.008866995074,0.04697380307,-0.01458080194,0.01192250373,-0.00319025522,0.03114478114,0.0350433526,0.02866541353,0.032873807,0.02002762431,0.006958250497,0.002935995302,0.01213458356,0.0296025953,0.04604449938,0.01268911664,-0.01363636364,-0.01022411788
-0.002786377709,-0.01464582453,0.01418942888,0.02925,0.01918024172,0.02341772152,-0.002426080364,-0.005966587112,0.05152921576,0.02970965564,0.001902165977,0.001998287182,0.02096210696,0.005749329245,0.0190023753,0.009122006842,0.02331331685,0.014571949,-0.005715123095,0.02021640091,-0.01506129597,0.003500823723,0.01876955162,0,0.0002016535592,0.02161100196,0.008187134503,-0.05950372904,0.0006836827712,-0.05288461538,0.001652992696,0.02310585707,0.01259445844,0.01184956208,0.002679169457,-0.03036069971,0.006677265501,0.0410458361,0.02944,0.01350135014,0.007710843373,0.03219512195,0.01736806947,0.0120593692,0.02098408104,-0.02657911194,-0.004578754579,0.003576903424,-0.006211180124,0.01383551115,-0.003533568905,-0.02855200544,-0.0008250825083,0.00526546731,0.009741467313,0.04563233377,0.009930715935,-0.00730816078,0.009636999887,0.004032258065,-0.01888604353,0.02517162471,0.03126744835,0.009459060006,0.01542857143,-0.0254473161,0.01553062985,-0.003699136868,0.01944035346,0.02764038406,-0.01714285714,-0.00872600349,-0.001598903609,-0.007700205339,0.008801624915,0.01283316881,0.018735363,0.03542234332,-0.02441906262,0.001772525849,0.01975903614,-0.02003606492,-0.02166355233
0.005122632723,0.01529226811,0.02133613151,0.004129220306,0.009022944058,-0.004947433519,0.01170390637,0.02200880352,0.03610230874,-0.005245901639,0.009496659554,0.0113960114,0.01500394841,0.0137195122,0.0236985237,0.0197740113,0.0003451846738,0.005834829443,-0.04760501105,0.005581914597,0.01991465149,-0.001846911553,0.008700102354,0.03341483293,-0.09052419355,-0.007692307692,0.02320185615,-0.02006489636,0.03848781599,0.00435097897,-0.00165026482,0.02521008403,0,0.008146639511,0.01469605878,0.007830375756,0.01705622236,0.0142964152,0.01056885297,-0.001776198934,0.04591104735,-0.004725897921,0.01313197636,0.01054078827,0.01842664777,-0.02120141343,-0.007359705612,0.01272912424,0.01319444444,0.01743745262,-0.02039007092,0.003498950315,0.01073492981,-0.01353120908,-0.01112870108,0.008312551953,0.004344843357,0.02024539877,0.01177154576,-0.005773092369,-0.05546492659,-0.02566964286,-0.00162425555,0.07877013177,-0.02363534046,0.03733170135,-0.0212404418,-0.03403465347,0.03033805259,0.002265005663,0.01744186047,-0.00985915493,0.05033173187,0.004655975168,-0.03087248322,0.01656920078,0.004597701149,0.03473684211,-0.03108599112,0.01268062518,0.004725897921,0.03046411777,-0.04502255452
0.02254826255,0.015625,-0.01883561644,-0.006047411708,-0.04113438937,-0.02900352186,0.029296875,-0.005285826155,-0.001201529219,-0.04812129202,0.008466011792,0.02507042254,0.004408713693,0.02556390977,0.01404174573,0.01329639889,-0.006211180124,0.003569834895,-0.004642525534,-0.04940327505,-0.03870292887,0.05571546053,-0.00304414003,0.01813880126,0.03258700953,0.01841085271,0.000566893424,-0.007348966076,-0.01162280702,0.06642599278,0.01730016963,0.00512295082,-0.008291873964,-0.00202020202,-0.02764976959,-0.01456031482,0.00652173913,-0.003402401198,-0.001230390649,-0.03825622776,-0.001371742112,0.01044634378,-0.0129617628,-0.02925170068,-0.009046624913,0.01312766656,-0.007414272475,0.009552538964,-0.002056202879,0.0260804769,0.01085972851,0.05648535565,-0.02614379085,0.05663716814,-0.01650842461,0.005770816158,0.001366120219,-0.01082381239,0.003776110732,-0.01666245898,0.00725388601,-0.008018327606,-0.02169197397,0.002442996743,-0.02017291066,-0.07492625369,-0.04166666667,0.0134529148,-0.00532809871,0.0008474576271,-0.01387755102,-0.00746799431,0.01829666739,0.017507724,-0.02216066482,-0.01821668265,-0.03604118993,0.03967446592,-0.03041666667,0.006115317414,-0.02022577611,-0.01369047619,0.07052587605
-0.00589034889,0.007207207207,-0.0003490401396,-0.01922608907,0.00346389555,-0.0008534243653,0.09181141439,-0.0238142098,-0.005905511811,0.01855955679,0.01865669505,0.01841165155,0,-0.01319648094,0.03443113772,-0.02077638054,-0.01493055556,0.02000889284,0.005907960199,0.01226277372,-0.04533913674,0.0282375852,-0.01577608142,-0.02401239349,-0.01889222842,0.001902949572,-0.008498583569,-0.02590896971,0.01641890393,-0.01895734597,0.001216534663,-0.04383282365,-0.008779264214,0.007591093117,0.005416384563,-0.001976203641,-0.01295896328,-0.01602206143,0.002155836156,-0.03792784459,-0.01556776557,0.01503759398,0.03709783322,-0.004905395936,-0.02106741573,-0.03563330094,-0.01120448179,-0.04631474104,-0.01991758242,-0.01234567901,0.07967770815,0.01584158416,-0.01677852349,-0.002512562814,0.02975140014,-0.004098360656,-0.04433833561,-0.01215805471,-0.01691913791,-0.01668806162,-0.02537722908,-0.009815242494,0.06707317073,0.02870295153,0.03588235294,-0.01530612245,0.007246376812,-0.03729456384,-0.02762898224,-0.03895004234,-0.001655629139,-0.01898960946,0.005347593583,-0.005060728745,-0.01628895184,0.001953125,-0.01008902077,0.004892367906,0.01246239794,-0.01273516643,0.02256361018,0.003621001811,-0.01292404967
-0.0007596475235,-0.004403467731,0.008030726257,0,0.04221986192,0.003523382447,-0.06229946524,0.008064516129,0.007150715072,0.03671471308,-0.02106206,-0.01942795467,0.0113607023,-0.0338038633,-0.004703328509,-0.003908431044,-0.003172365174,0.009808195292,-0.05455950541,0.03720796077,0.023556231,-0.00946969697,0.02171664943,0.01825396825,-0.1115973742,0.01424501425,0.01485714286,-0.06053440805,0.03710980135,-0.0027605245,-0.01334862775,-0.003198294243,0.0054829186,0.005524861878,0.0303030303,-0.009869804758,0.0003125976868,0.02044109736,0.02735095267,0.03942307692,-0.01255813953,-0.01111111111,-0.002849002849,0.01784037559,-0.006456241033,-0.04165267047,0.01510859301,0.00365535248,-0.0007007708479,-0.04117647059,0.01243781095,-0.01819363223,-0.0008532423208,0.02308984047,0.01259126515,0.01193415638,0.01070663812,0.01107692308,-0.005416819978,-0.01566579634,-0.01900070373,-0.01865889213,0.03038961039,-0.01421426691,0.01646791596,-0.07923143351,0.03417266187,-0.03545633618,0.006958538707,0.0046989721,-0.006633499171,-0.03396639883,0.02212765957,-0.01576805697,0.03959683225,0.005847953216,0.02757793765,0.02336903603,0.005942275042,0.004397537379,0.01690140845,0.02625776709,0.07362402134
-0.03451421621,-0.03192812716,-0.01593349498,0.02605459057,-0.0221656051,-0.02893924886,-0.02423723981,-0.0204,-0.02872747133,0.003410283316,0.003742192599,-0.02999449642,-0.02476384989,-0.0153787005,-0.04034896401,-0.006165919283,0.0003536067893,-0.0243902439,-0.002452182442,0.005005561735,-0.04862657758,0.0258126195,-0.004048582996,-0.01870615744,-0.07487684729,-0.001872659176,-0.004504504505,-0.005777695121,-0.01031361819,-0.03598615917,-0.05286817833,-0.01122994652,-0.01887583893,-0.006493506494,0.005882352941,-0.03539639612,-0.04125,-0.002635740643,-0.02572539635,0,-0.005652378709,-0.03277153558,0.0180952381,-0.04197416974,-0.008664259928,-0.02979320014,-0.02604651163,-0.05046826223,-0.01542776999,0.05904907975,0.003276003276,0.001323626737,-0.00170794193,0.01641362331,-0.01755850258,-0.02277348516,-0.01624293785,-0.02008520998,-0.05991597287,-0.01909814324,-0.1129842181,-0.03624480095,0.004285354172,-0.02269692924,-0.05195530726,-0.003751465416,-0.01130434783,-0.02178352621,-0.0233227757,-0.04676995031,-0.0409015025,-0.02948960302,0.008950874271,-0.02997416021,0.03047091413,-0.04186046512,-0.01575262544,-0.007611798287,-0.04599156118,-0.03677758319,-0.01523545706,-0.0302734375,-0.0004894624556
-0.00157480315,-0.006139348943,0.009503695882,-0.003143893591,-0.0341323606,-0.0224608305,-0.01373465809,-0.03144140465,-0.01821862348,0.009150326797,-0.02143500084,-0.0002836879433,-0.01570680628,-0.005076142132,0.01477272727,-0.006204173717,-0.01873453517,0.02787610619,-0.01769911504,0.02905368013,0.030823254,0.01211556384,-0.001016260163,-0.0389197776,-0.05883919063,-0.03001876173,0.01244343891,-0.0261569542,-0.01829008932,0.004307250538,-0.02293144208,-0.04488912926,-0.0303548525,0.002513826043,-0.01624431449,-0.006198236135,0.0009778357236,-0.01849894292,0.006447651213,-0.01202590194,-0.01942207485,-0.000968054211,-0.01371998753,-0.02286952335,-0.03641660597,-0.02601156069,-0.01432664756,-0.007123287671,-0.01994301994,0.0622737147,-0.01306122449,-0.02709847984,-0.007698887938,0.007266855067,0.002234039206,-0.02163961715,-0.009332376167,-0.0006211180124,-0.008181995503,-0.03136830719,-0.06550748079,-0.007398273736,-0.0002510040161,0.01721311475,-0.05480259281,-0.02259355142,0.008795074758,-0.01670146138,-0.01297169811,-0.03986507206,-0.009573542211,0.009349435138,-0.02991541159,-0.001598295152,-0.0376344086,-0.0355987055,-0.02193242442,-0.02876318313,-0.009730207873,-0.03848484848,0.01687763713,-0.02839879154,0.03251126178
-0.001892744479,-0.01867547766,-0.04463040446,-0.0596797671,-0.03830590774,-0.03171934544,-0.03703703704,-0.04321247892,-0.002176403207,-0.03018134715,-0.02476146675,-0.02156640182,-0.02021276596,-0.01452119309,-0.03396789847,-0.01021566402,-0.01657060519,-0.0383125269,0.03103103103,-0.03065340145,-0.05526116578,-0.05340699816,-0.04221770092,-0.05867768595,0.02178217822,-0.03868471954,-0.01675977654,-0.008951038205,-0.03574523397,-0.08363116512,-0.02613113961,-0.06908267271,-0.0171957672,-0.03861584754,-0.009907529723,-0.02547722507,-0.04395962227,-0.02207862143,-0.03965832825,-0.02715355805,-0.04734299517,-0.05377906977,-0.08220044262,-0.05420054201,-0.03401360544,0.0296735905,-0.009689922481,-0.043598234,-0.01453488372,-0.08657123381,-0.05128205128,0.004755434783,-0.0224137931,-0.1362725451,-0.04234427979,-0.0761378137,-0.04251207729,-0.03915475451,-0.05326460481,-0.01591289782,-0.01038511467,0.003726708075,-0.05347727843,-0.04082728982,-0.02805486284,0.05490007224,-0.05841325196,-0.04175513093,-0.04689366786,-0.07377834558,-0.02021089631,-0.03936703975,-0.009783071034,0.009071504803,-0.05237430168,-0.0442533557,-0.01818181818,-0.09674234946,-0.07949977669,-0.003151591554,-0.07468879668,-0.04249585406,-0.05092433319
-0.024494311,0.00600204948,-0.02262773723,-0.02192982456,0.02692847125,-0.02326658178,0.01353846154,-0.03547036792,-0.04270462633,-0.002404167223,-0.0009771596427,0.01450116009,-0.01411509229,-0.008761449622,-0.0158423493,0.0005733944954,-0.01611721612,-0.02260519248,-0.00355987055,-0.02385575589,0.05568910256,-0.2704280156,0.00955921402,-0.01141352063,-0.007198228128,-0.01368209256,-0.02897727273,-0.0009044804083,-0.009660750393,0.01638065523,-0.02137601529,0.03588807786,-0.008075370121,-0.007824726135,0.008672448299,-0.1270006766,-0.003746594005,0.02202643172,-0.0123888183,-0.0009624639076,0.011663286,-0.03174603175,-0.00103341371,0.06069288877,0.01251956182,-0.01693083573,0.02250489237,-0.00346220427,0.0191740413,0.06791044776,-0.008718395815,-0.03245436105,-0.008818342152,0.04222737819,0.05352708318,0.02578268877,0.06659939455,0.0595084088,0.02903811252,0.01021276596,0.06121556624,0.02042079208,0.07427055703,-0.01120134416,0.02501603592,-0.04131476832,0.06759259259,0.005169867061,0.02726418051,0.04137931034,0.01793721973,-0.0128565689,-0.01610824742,0.01322051824,-0.01400147384,-0.01777485188,-0.02222222222,0.02349726776,0.07132459971,0.01201391084,0.04334828102,-0.008876380169,0.003476985897
0.007613802041,-0.01396973225,0.04480955937,0.04299657083,0.03687517072,0.01979141977,0.02990285367,0.04088624943,0.0473677899,0.008702637569,-0.01564184574,0.0154373928,0.01679515419,-0.02490960225,0.01845308206,0.02464183381,0.02010424423,0.01602931074,-0.02987983111,0.0207445297,0.0375711575,0.07866666667,0.02577590742,0.05062166963,-0.05688789738,0.03223174215,0.01521357519,-0.02893077694,0.003629764065,0.0460475825,0.01766377315,-0.04932472108,0.007688828584,0.04626708728,0.0205026455,-0.03623565884,0.003076923077,0.03609913793,0.0273399807,0.03275529865,-0.002506265664,0.03437334744,0.0124137931,0.001719056974,-0.009273570325,-0.04983510443,0.02966507177,0.0660104227,0.02170767004,0.006988120196,-0.0008795074758,0.04751921733,0.02580071174,0.05209260908,0.03240135673,0.02423698384,0.02530747398,0.006715506716,0.01164091994,0.03145183937,-0.009476720231,0.01879927229,0.01580246914,0.07363353158,-0.05068836045,-0.06095238095,0.004336513443,-0.00293901543,0.03416717511,0.007947019868,0.03788546256,0.04436304436,0.01920977952,0.03966597077,0.00822122571,0.04870420018,-0.001262626263,0.05979711692,0.01268115942,0.03342705405,0.02340019102,0.01507208388,0.01613662035
0.009485530547,0.03571428571,0.01072194425,0.04198280223,0.02660695469,0.03126089483,0.027266028,0.00153609831,0.03514998855,0.01937881603,0.02879982768,0.02111486486,-0.005415651232,0.01977750309,0.02814186584,0.02293064877,0.0397810219,0.06828938472,-0.006026113157,0.05846325167,-0.0230431602,0.01928306551,0.03282051282,0.04226542688,0.02749852158,0.02272727273,0.02190201729,-0.0003129765401,0.0345840868,0.01467351431,-0.1402774846,0.08770846201,0.03500897666,0.03316582915,0.01555411536,0.0712016347,0.007157464213,0.04524180967,0.03287413901,0.0223880597,0.02814070352,0.07157464213,0.006471389646,-0.00980632508,0.003900156006,0.01504049364,0.0250929368,0.041281912,0.01983002833,0.06870229008,0.02112676056,0.006671114076,-0.06418039896,0.06474820144,0.03994454031,0.04732690622,0.01130334487,0.01697998787,0.03835422698,0.02096378982,0.01747088186,-0.003571428571,0.00826446281,0.02585069902,0.02241265656,-0.06186612576,0.02158894646,0.02579218865,0.03687315634,0.03843626807,0.02801358234,0.0639127046,0.01863354037,-0.0140562249,0.1037805782,0.03302087772,0.02718078382,0.04080604534,0.008944543828,0.02176541717,-0.02053196454,0.01592425221,0.06372824537
0.01242236025,0.02792818467,0.006718528996,0.008980582524,0.04439312292,-0.0092404778,0.02065997131,0.02366345311,0.0200199093,-0.001822916667,0.01640943799,0.02508960573,0.02123604683,0.02828282828,0.05474315711,0.01640240569,0.01263601264,-0.009493670886,0.01852475581,-0.004471330878,0.1119430925,0.02716468591,0.01688182721,0.01946472019,0.1102158273,0.01352657005,0.001692047377,0.0381884309,0.009394800087,0.001446131598,0.0009598000045,-0.002271436684,0.03339115351,0.01361867704,-0.003190810466,0.0431106626,0.01725888325,0.02189054726,0.03000909366,-0.01459854015,0.004887585533,0.001908396947,-0.00744500846,0.1812329785,0.01320901321,0.03381458967,0.00725294651,0.02190923318,0.01180555556,0.007792207792,0.01982758621,0.007289595759,0.0296570899,0.001589825119,-0.006861821607,0.06778242678,-0.009580291971,0.02623732856,0.03022160487,0.01386666667,0.04129190515,0.03166069295,0.01277724204,0.03137053227,0.09993552547,0.1043243243,-0.008453085376,0.02801724138,-0.01422475107,0.02625751345,0.001651527663,0.007692307692,-0.03952901598,0.004073319756,0.01007387508,0.0228913178,0.03323076923,0.03000968054,0.01241134752,0.01272189349,0.008575512149,0.02711289981,-0.01779247127
0.006764196948,0.02772387025,0.02809975413,0.1019966322,0.02162162162,-0.01626478617,-0.01138599944,-0.01391267123,-0.003144654088,0.007957213671,0.01044690848,0.01586874664,0.001866169022,0.02082514735,0.02239601849,0.01129639591,0.02253032929,-0.002342917998,0.01124338624,0.003963011889,0.03569023569,0.02904368359,0.029296875,0.01591089897,-0.001036806636,0.0142993327,-0.02702702703,-0.002091660946,-0.001298701299,-0.02238267148,-0.00636651503,0.01309049516,0.02727654217,0.01439539347,0.002560819462,-0.02525985441,-0.006653359947,0.008276533593,0.01000588582,0.02037037037,-0.000486381323,0.01523809524,0.01670644391,-0.00859358625,0.01457055215,0.008820286659,0.04230423042,0.01327207759,0.01166781057,-0.005154639175,0.03803888419,0.01973684211,-0.04860486049,0.04444444444,0.03383845385,0.01724137931,0.03201289728,0.004648460198,0.02248889791,0.0273540242,0.04318806439,0.0266357846,0.04689359676,0.03964098728,0.06389214537,0.05702398434,0.07416879795,0.001397624039,-0.002886002886,-0.009556103576,0.01731244847,-0.03307888041,0.005691768827,0.01267748479,-0.009308510638,0.01713709677,0.0244192972,0.0009398496241,0.03546409807,0.0002921413964,0.02125649504,-0.09032790266,0.05940498886
-0.0178125,-0.001348799568,0.004441407585,-0.01746343593,0.03439153439,0.03410798936,-0.007678089009,0.03277621012,0.0249102578,0.01993011518,-0.02631649801,0.01667990469,0.04869611495,0.02270977675,0.002433936022,0.0005319148936,0.02779661017,0.01259607173,-0.02665140615,-0.002894736842,-0.007477243173,0.03143643873,0.009487666034,0.02740798747,0.003632589517,-0.04135338346,0.03587962963,-0.02847020851,0.008235804075,0.09231905465,-0.002244240717,0.007303370787,-0.005310457516,0.01608325449,0.007662835249,0.001186182188,-0.04286671132,0.04876871077,0.02564102564,0.07350272232,-0.002433090024,0.06754221388,0.01877934272,0.006553911205,0.02116402116,-0.01347905282,0.006044905009,0.01309823678,0.01424694708,0.001295336788,-0.007328990228,0.04387096774,0.003784295175,0.01215805471,0,0.007318952234,-0.009819236778,0.01330248699,0.0557858183,0.0273937532,-0.05043281897,0.02650874224,0.02592087312,0.02278177458,0.0303030303,0.02523732345,0.03253968254,0.01256106071,0.03531114327,0.04295051354,-0.004051863857,-0.08383458647,0.009360034828,0.03254882323,0.03825503356,-0.08047571853,0.0226744186,-0.005633802817,0.03974630021,0.01489485981,0.02590194265,0.007027884833,-0.000963524537
-0.005727012409,0.0066180443,0.01394557823,0.009553432571,0.01604278075,-0.0731216458,-0.009886803267,-0.07187894073,-0.0002122691573,0.01103920822,0.01158220323,0.021875,0.04491245877,0.01129092962,0.009018383628,-0.01116427432,0.01649076517,0.01707779886,-0.006887283722,0.0176827659,0.04978709466,0.008453837597,0.03195488722,0.01829268293,-0.04963805584,-0.02078431373,0.03631284916,-0.08451850724,0.0214961307,0.02569303584,-0.01852289214,0.0211935304,0.007802874743,0.03258845438,0.04499366286,0.005295227042,-0.01469559132,0.02302025783,0.028125,-0.04480135249,0.03609756098,-0.03690685413,0.02633311389,0.02856542743,0,-0.03692762186,0.02231759657,-0.03132769766,0.03210702341,0.05627425614,0.006562756358,0.009270704574,-0.005655042413,0.01051051051,0.02872950791,0.02256214149,0.03606040117,0.01598173516,0.01026752558,0.001993521057,-0.08125247721,-0.002197802198,0.02039007092,0.00468933177,-0.0550802139,-0.03658536585,0.02997694081,0.01309441764,-0.02124685491,0.02506714414,0.0146460537,-0.0640131309,-0.02221263748,-0.0101842871,0.006464124111,0.03750808364,0.02103467879,-0.03021718602,0.02968686458,0.01755395683,0.0211902615,0.01643403872,0.02849947627
0.02288,-0.01073393264,-0.0204629319,0.01210387324,0.0471395881,0.006755126659,-0.03039073806,-0.0165307971,-0.003078556263,0.009161646586,0.002864350454,-0.009429153925,0.01141330743,0.009676218831,-0.02853214163,-0.003225806452,-0.005515898767,0.02466832504,-0.02469553451,0.03734439834,0.00655226209,0.009044782705,-0.001821493625,0.008982035928,0.01904243743,0.01521826191,0.01347708895,-0.03167018477,0.00968013468,0.01779828609,0.05224017417,0.05188421628,0.0004074979625,-0.003606853021,0.01394784718,0.04447170311,0.007102272727,0.009450945095,0.01768444322,0.007079646018,0.007062146893,0.005474452555,0.03239255933,-0.01266081274,-0.0133234641,-0.04601226994,-0.009235936188,0.001540041068,0,0.04409063074,-0.01385493073,0.02878138396,0.001895734597,0.0412332838,0.0331133551,0.02543006731,0.00630846204,0.02247191011,0.002391511784,0.1104202935,0.01725625539,-0.01101321586,0.01346655083,0.02123687281,0.04640633843,-0.01875293015,0.01641791045,-0.01156462585,0.0005712653528,0.03027656477,-0.00882117081,0.0149057431,-0.005513895015,-0.02694757472,0.05587668593,-0.003947641803,0.01559020045,0.07497565725,0.01895734597,-0.02149321267,0.08079470199,0.007087486157,0.02857280165
-0.0736743313,-0.09521226095,-0.09109589041,-0.07284192216,-0.09571678322,-0.1055595495,-0.04820895522,-0.08404328805,-0.05217761687,-0.07474194752,-0.05271355561,-0.07126318498,-0.04441776711,-0.06302985625,-0.0516631281,-0.07173678533,-0.06884176183,-0.08881246207,-0.09243843219,-0.09075,-0.06199628022,-0.0284215129,-0.05200729927,-0.05118694362,-0.1201281367,-0.08500986193,-0.08191489362,-0.1120335048,-0.09337223843,-0.07966321244,-0.07442093456,-0.05088265836,-0.04806517312,-0.05701357466,-0.05083732057,-0.09299728273,-0.07581100141,-0.08337048596,-0.04534347,-0.07996485062,-0.05797101449,-0.07531760436,-0.007145076111,-0.04901758014,-0.05101275319,-0.1169614148,-0.05593220339,-0.09584828293,-0.05314322748,-0.0651026393,-0.07603305785,-0.05119047619,-0.05203405866,-0.03068141277,-0.06159403449,-0.08643326039,-0.04150453956,-0.06703296703,-0.05337081174,-0.03762597984,-0.02756573367,-0.002227171492,-0.06836690956,-0.02742230347,-0.08977825852,-0.02197802198,-0.06387665198,-0.0557467309,-0.04025121325,-0.08703023453,-0.05663430421,-0.0717062635,-0.06520292748,-0.03675730111,-0.07907542579,-0.05736337088,-0.03782894737,0.009963768116,-0.0492248062,-0.06820809249,-0.0612745098,-0.0371673631,-0.04170677045
0.03343465046,0.05891170739,0.04747550867,0.05628517824,0.0886901885,0.1082384461,0.06053002979,0.128959276,0.03426581283,0.02916666667,0.0666940705,0.02465373961,0.03266331658,0.04287962234,0.0723880597,0.06507844277,0.06972669937,0.06727353464,0.09401872731,0.06653835579,0.06311962987,0.0495049505,0.06544754572,0.04925723221,0.09830097087,0.06122009054,0.0382387022,0.07209274953,0.08344827586,0.06403940887,0.05599152891,0.06728665208,0.0487804878,0.05182341651,0.02016383113,0.07906061568,0.05799313239,0.09289883268,0.04664391354,0.02101241643,0.05459057072,0.08734052993,0.03285356696,0.04567203132,0.02924901186,0.06827492035,0.05296229803,0.07653061224,0.06639288159,0.04015056462,0.05635062612,0.02885821832,0.08982035928,0.03901361796,0.06697423632,0.08303393214,0.06765899865,0.04711425206,0.07401574803,0.07284151734,0.04491931967,0.03850446429,0.07177363699,0.08294172932,0.04575163399,0.01367855398,0.07058823529,0.07653061224,0.05205234979,0.07087588982,0.05317324185,0.09306654258,0.05622775801,0.06534239415,0.06935270806,0.01792431954,0.05242165242,0.05381165919,0.01467590705,0.04962779156,0.07963446475,0.04751027867,0.03386269162
0.01290849673,0.006228765572,0.005755395683,-0.001776198934,0.002663706992,0.01051613683,0.008871802455,0.01736806947,-0.009993482511,-0.004179182447,0.004816955684,0.01108407678,-0.01338199513,0.006035458318,-0.008002783577,0.00632842335,-0.002292826728,0.008737258165,0.03615720524,0.0149523073,-0.0018650917,-0.02658662093,0.009936766034,0.01713859911,0.04116022099,0.001015640869,0.01171875,0.028513398,0.009123700403,0.02513227513,0.02651692404,0.02101486417,0.01223990208,0.006386861314,0.008029647931,0.005717445267,0.03209520375,-0.002670226969,0.009510869565,0.002806361085,0.01694117647,0.07671480144,0.01181460164,0.004991680532,0.0007680491551,0.034938219,-0.0136402387,0.01527119537,0.003209242619,-0.009650180941,0.005927180356,0.007926829268,-0.003663003663,0.03790294013,-0.01004058678,0.0007371913011,-0.001689902831,0.007874015748,0.0005888657268,0.01735357918,0.02671118531,0.003224073079,0.002790298347,0.002820568453,0.03977272727,0.02265060241,-0.0007326007326,0.02234258632,0.001413627368,0.01358381503,-0.008143322476,0.0110685398,-0.00516621743,0.001472031403,0.00679431748,0.01391304348,-0.003789929616,0.0008510638298,0.01084773001,0.008569739953,-0.004836759371,-0.001962494549,0.03565347678
-0.02581061462,-0.0396736072,-0.02038626609,-0.03714412811,-0.02058888643,-0.06770334928,-0.05569397626,-0.06828627708,0.005815229318,-0.02137704918,-0.006711409396,-0.02620320856,-0.03230579531,-0.0352455943,-0.01613468958,-0.01366149843,-0.03906762968,-0.03196535368,-0.02781523938,-0.03987807976,-0.03581438804,-0.01167400881,-0.03756708408,-0.0293040293,-0.03634916423,-0.04464285714,-0.04247104247,-0.06432084175,-0.02859545837,-0.03032258065,-0.02149043784,-0.009036144578,-0.02216848045,-0.0199456029,-0.02941176471,-0.02845980185,-0.06289308176,-0.01651048639,-0.02099596231,-0.02611940299,-0.03100416474,-0.01508801341,-0.01766467066,-0.05463576159,0.03453568688,-0.07245780156,0.004321521175,-0.04616182573,-0.01919385797,0.0371498173,-0.02356902357,-0.02782819117,-0.01838235294,0.01706484642,-0.01522033308,-0.02983425414,-0.008040626322,-0.02232142857,-0.007621323226,-0.002558635394,-0.05081300813,-0.0230316015,-0.02183219178,-0.01774123756,-0.03551912568,0.06880301602,-0.01906158358,-0.04370860927,-0.01129305477,-0.04761904762,-0.006568144499,-0.04168421053,-0.02619101377,-0.02596766291,-0.03312883436,-0.01372212693,-0.0152173913,0.005102040816,-0.02027027027,-0.03369469675,0.004860267315,-0.03910858641,-0.0046069021
-0.001987083954,0.03193671257,0.03139832055,0.04781704782,-0.02848101266,0.01757762381,0.04066428682,-0.0009396288466,0.01941747573,-0.01407129456,0.02895752896,0.01235584843,0.01401630989,0.04080839487,0.0577540107,0.01198197208,0.01024940212,-0.01406050277,0.01421883128,-0.02513227513,0.003552971576,0.0476933363,0.03066914498,0.04150943396,0.126376652,0.0282497876,0.02534562212,0.02620621094,0.01774891775,0.01596806387,-0.02744193269,0.01114488349,0.008656224237,0.01757631822,-0.05113636364,0.01757850125,-0.02684563758,-0.00499092559,0.007423700852,-0.02298850575,0.01480420248,0.004255319149,-0.01127704968,-0.01860770578,0.03041543027,0.0119840213,0.02667814114,0.03752039152,0.02283105023,-0.04227833235,0.02155172414,0.034847542,0.003745318352,0.02785234899,-0.0547339492,-0.004935459377,0.0183447099,0.04394977169,0.03101000457,-0.005985463873,0.02912205567,0.04166666667,-0.07308533917,-0.008810572687,0.002266288952,0.10670194,-0.07174887892,0.007617728532,-0.009137635637,0.04341317365,0.03140495868,0.0514059754,0.01089728727,0.04175050302,0,0.03260869565,-0.008278145695,-0.05499153976,-0.06125760649,0.01819284415,0.007255139057,0.01000454752,-0.08578978398
-0.0106188817,0.0215786485,0.01876106195,0.01168430335,0.02140530479,0.03114361367,0.009395973154,0.01904537973,0.01123595506,0.0146798967,0.007504690432,0.0309194467,0.03493340035,0.01904406273,-0.007414897203,0.0008689984793,0.02164355766,-0.006050129646,-0.02342280732,0.001356852103,0.00193112327,0.01255052117,-0.0009017132552,0.01449275362,0.0823759472,0.05556703161,0.04269662921,0.01257791718,0.03934495959,0.01964636542,-0.01053832117,0.01903807615,0.03718839395,0.01272727273,-0.009314703925,0.001147711676,0.01455938697,0.04149566803,0.0114628821,0.01274509804,0.05788235294,0.01016949153,0.01048088779,0.03345973678,-0.006479481641,-0.04429824561,0.0385582565,0.01467505241,0.02232142857,-0.01164929491,0.03628691983,0.004209260373,0.01865671642,-0.01403852432,0.01294654423,0.01297214804,0.006702974445,0.0224166211,0.006016611831,0.008602150538,0.07157719517,0.01263157895,0.02337110482,-0.007777777778,0.08253250424,0.08067729084,0.0305958132,-0.04673539519,-0.004610951009,0.0487804878,0.04647435897,-0.0004178854994,0.02775229358,0.02704007726,0.01903553299,0.02589473684,0.0306065665,-0.06803939123,0.01296456353,0.02680166766,-0.008003201281,0.0004502476362,0.06117141218
0.05165185309,0.0504446915,0.04134815844,0.04009588146,0.05148063781,0.07361213011,0.02689125296,0.06322104292,-0.005291005291,0.01808439384,0.02420856611,0.0349907919,0.03448275862,0.0597288384,0.04957555178,0.0112871717,0.07282356835,0.04673913043,0.01102941176,0.03821138211,-0.0003212335368,0.02268907563,0.02707581227,0.05071428571,0.03884372177,0.05772994129,0.01077586207,0.0464244544,0.04767751177,0.06807964033,0.03818756051,0.03244837758,0.04885736801,0.039497307,0.01813297515,0.03852835853,0.0249244713,0.05297723292,0.06853750675,0.000968054211,0.03069395018,-0.005033557047,0.05704697987,0.02741204403,0.03913043478,0.02569986232,0.03793381759,0.06404958678,0.03930131004,0.08933002481,0.09609120521,0.0622754491,0.004578754579,0.0298013245,0.05043515328,0.09943502825,0.05389096962,0.02780748663,0.01622945946,0.02345415778,0.04233009709,0.03742203742,0.05351787774,-0.03717805151,0.02819843342,0.004608294931,0.05625,0.005046863735,0.05529820498,0.03392612859,0.06431852986,-0.02550167224,0.03659897344,0.005641748942,0.07347447073,0.06197414324,0.04481641469,0.0739673391,0.02175767918,0.06728538283,0.0709963695,-0.002250225023,0.03378279873
-0.02344123744,-0.003307315783,-0.02535869203,-0.02011313639,0.007582322357,-0.002961275626,0.04330935252,-0.05794270833,-0.003829787234,-0.03065789474,0.02363636364,-0.008642602949,-0.03028169014,0.007607192254,0.01261727596,0.002361021678,-0.006170934897,-0.02035306334,0.02545454545,-0.04594100757,0.0006426735219,0.006573541495,0.01845342707,-0.008837525493,-0.007173913043,-0.02127659574,-0.01279317697,0.03666844026,-0.009765625,0.03307276007,-0.06901375612,-0.009523809524,0.004507888805,-0.0008635578584,0.06662269129,-0.02104173068,0.0806927045,-0.0261954262,-0.04797979798,-0.02417794971,-0.04359085024,-0.001686340641,-0.0329004329,0.004201680672,-0.0006973500697,0.00581655481,0.006220839813,0.01844660194,0.007202881152,-0.007972665148,0.01263001486,-0.0174746336,0.01640838651,-0.06077170418,0.006404967062,-0.002398081535,-0.01618953603,-0.01768990635,-0.08349719951,-0.00625,-0.004098360656,0.003006012024,0.003284431793,-0.003256571296,-0.07110208228,0.02660550459,-0.01331360947,-0.03586800574,-0.02880658436,-0.01693569727,0.005035971223,-0.02187902188,-0.02755651238,-0.01542776999,0.007540603248,-0.008695652174,-0.01033591731,-0.04919499106,0.009185803758,0.003804347826,-0.01393596987,-0.03112313938,-0.01231140751
-0.002939255389,-0.0430050438,0.04484765491,-0.02159503956,0.01333046657,0.04432259538,-0.0318576748,0.04676341857,-0.04602733874,0.01696755803,-0.01687388988,-0.02769230769,0.05688695231,-0.0377487989,-0.02651757188,-0.04700214133,-0.005898789196,0.07547169811,0.04525498143,0.04240766074,-0.03339755941,-0.03244897959,-0.0284728214,-0.01303155007,0.02211517407,0.005671077505,0.02807775378,0.03942688604,0.01479289941,0.02211874272,0.06629458696,0.01442307692,-0.0003739715782,-0.00172860847,-0.004947433519,0.02036640937,-0.00068189567,-0.00341588386,0.009549071618,0.01883052527,0.02030685921,0.008445945946,0.002387347061,-0.005230125523,-0.01186322401,0.05338078292,-0.0170015456,0.01668255481,-0.01728247914,-0.03846153846,0.002201027146,0.01835915089,0.03587443946,-0.01335159192,0.00954294662,0.004464285714,-0.02588801927,-0.002648305085,0.002446346135,-0.001886792453,0.001870557426,-0.03846153846,-0.005674378001,-0.03383897316,-0.02679059595,-0.03217158177,0.008245877061,0.0662202381,0.05960451977,-0.001076716016,-0.01932712956,0.07368421053,-0.0281160062,-0.02659069326,-0.004029936672,0.001949317739,0.01305483029,0.02351834431,0.02854778651,-0.007579859231,-0.01298701299,0.2069366853,-0.01504089274
-0.01555846708,-0.002912621359,0.01048492792,0.005244755245,-0.001485253554,-0.01137606651,0.003846153846,-0.01936619718,0.0004477779022,0.0108115323,0.0135501355,-0.02979957806,0.003206596427,-0.01961483595,-0.0164095832,-0.01179642737,-0.000624609619,0.02030356791,0.02213247173,0.008398950131,-0.02790697674,0.07361316178,-0.009769094139,0.004169562196,0.03856041131,0.01785714286,-0.01943277311,0.03014201661,0.01263362488,0.03986332574,0.01202299468,0.005687203791,0.008230452675,0.002597402597,-0.04474829086,0.03824507838,-0.04878880928,0.02485004284,0.0176037835,0.03501945525,0.01503759398,-0.03266331658,0.02113724323,0.03785488959,0.02118644068,0.0308277027,-0.02279874214,0.01500234412,0.006670709521,0.03641791045,0.002196193265,0.04281690141,-0.01731601732,-0.00346981263,0.05229628348,0.008888888889,0.03213844252,-0.003717472119,0.04879527479,-0.01197227473,-0.002240477969,-0.02285714286,0.0636523266,0.02173913043,0.03370786517,-0.06001846722,0.05724907063,0.04675505932,0.007731271661,0.01185664241,0,0.02450980392,0.009339407745,-0.01365853659,0.03988439306,0.0359922179,0.01958762887,-0.001838235294,0.02172164119,0.02209492635,0.0290247678,0.05882352941,-0.03787440399
-0.03976043919,0.03700097371,-0.004539559014,0.01173913043,0.0412239694,-0.01615401638,0.03873988931,-0.01570915619,0.00324493678,0.04344381355,0.02406417112,0.04022832291,0.01095890411,0.03383048381,0.04704704705,0.02035015916,0.01375,0.01564914992,-0.00410937253,0.03800104112,0.04511278195,0.01964636542,0.03049327354,0.06020761246,-0.008250825083,0.01200369344,0.03802892341,-0.02643127194,0.02495201536,0.001642935378,-0.02377137047,0.06503298775,0.02300556586,0.02590673575,-0.001301236174,0.01441848727,-0.1036585366,0.04765886288,0.03459850245,-0.04135338346,0.002178649237,0.02251082251,0.001166180758,0.01195542047,0.02213001383,-0.0184350676,-0.004827031376,0.01662817552,-0.01144578313,0.03571428571,0.03214024836,0.037817396,0.04052863436,0.009052924791,0.02395035331,0.04168078617,0.01497005988,0.039445629,0.01192029779,0.01849489796,0.01160179641,0.0101010101,0.03796945935,0.04964539007,0.03695652174,-0.03320235756,0.02180028129,-0.02333333333,0.02142857143,0.02796271638,-0.02335766423,-0.0187400319,0.01579778831,0.01730959446,0.004446914953,0.007511737089,0.02730030334,0.05248618785,0.0311023622,-0.02321857486,0.02030838661,0.005464480874,0.01998522561
0.009875259875,0.007780013414,0.01237785016,-0.03437902879,0.01428571429,0.00461088619,-0.001775956284,-0.01527587779,-0.001672986839,0.01227537332,0.008703220191,0.001829108963,0.03003613369,0.01161154117,0.01880178458,-0.01292479109,-0.0003082614057,-0.0003804451208,0.001110934772,-0.05140421264,0.008829300196,-0.005780346821,0.004351610096,0.003916449086,0.0262063228,-0.02189781022,0.03715170279,0.03135120141,-0.005617977528,-0.008747949699,0.05592284007,0.04601769912,0.01632208923,-0.04882154882,0.01693811075,-0.01631204907,-0.01360544218,-0.02234636872,-0.004242575493,-0.02549019608,-0.009565217391,0.01524132091,0.07658707047,0.02122547056,0.01623815968,0.002504173623,0.03314470493,0.02089959109,0.02985984156,-0.04171301446,0.007784854919,-0.01509630401,0.02201524132,0.02691511387,0.03450448836,-0.001301236174,0.05113077679,-0.02564102564,-0.0218373494,0.0106449593,0.006289308176,-0.005263157895,0.03876739563,-0.0204954955,0.04192872117,0.03637472059,-0.002752924983,0.04436860068,0,-0.05880829016,0.02541106129,0.04104022755,-0.03510331038,-0.01507049101,0.05478693968,0.03821062442,-0.00344488189,0.03324584427,0.01374570447,-0.0237704918,0.01584961297,0.001811594203,-0.03418226774
-0.02813518614,-0.0001331026221,0.001287001287,-0.02492211838,-0.01670020121,-0.002126945035,0.01614889832,-0.00856679787,-0.02558373366,0.004750593824,0.006039689387,-0.006781429317,-0.004604253453,-0.01634782609,-0.007194244604,-0.01918952478,0.02590194265,-0.0001902949572,-0.07720355105,-0.02775574941,-0.005186385737,0.009689922481,0.003466204506,0.01365409623,-0.02594244021,0.04757462687,-0.01293532338,-0.03259013219,0.003766478343,-0.04743519029,0.06531154852,-0.002538071066,0.01320485368,0.001769911504,-0.02754644459,0.06527452468,-0.01054766734,0.001632653061,0.01378446115,-0.01961770624,0.08516242318,-0.06088407006,-0.02677846903,-0.01078431373,0,-0.05245628643,-0.03051643192,0.004450378282,-0.02366863905,-0.01218804411,0.01896067416,-0.01849894292,-0.01242750621,0.01982526882,-0.01582580861,0.00651465798,-0.01590271282,-0.02157894737,-0.01321971809,0.003717472119,0.01286764706,-0.02380952381,-0.02200956938,0.0004598758335,0.04728370221,-0.1054901961,0.02001380262,-0.01633986928,0.03885003885,-0.01238645747,-0.03571428571,0.0031225605,-0.05042597283,-0.0009871668312,-0.009968520462,0.003590664273,-0.02765432099,-0.07027942422,-0.008286252354,-0.03974251329,-0.01959361393,0.01175406872,0.08956072372
-0.007943512798,-0.01264643237,0.01349614396,0.01597444089,-0.007980356047,-0.06304689253,-0.00202020202,-0.05394675385,0.06271497363,-0.01269130272,0.01200686106,-0.005777310924,-0.005286343612,0.02050919378,-0.001575299307,-0.0203705835,0.02284340246,-0.04130186525,-0.02147397354,-0.04431756389,-0.006842619746,0.06142034549,0.01640759931,-0.0006414368185,0.004369538077,-0.0231522707,0.01008064516,-0.08260413264,0.009380863039,0.002316155182,-0.0840109492,0.02205258694,0.02465656921,0.01148409894,-0.03227931489,-0.02511483871,-0.0188601886,0.03504482478,0.02719406675,-0.04207285788,0.03276699029,0.01776198934,0.02001111729,0.002973240833,0.005992010652,-0.07249560633,-0.004842615012,0.005759858219,0.01333333333,0.01880141011,0.02067539628,0.01777059774,-0.01677852349,0.05238879736,0.001146858578,0.05760517799,0.02376425856,-0.002151694459,-0.01548017229,-0.02427983539,-0.02504537205,-0.02818428184,0.01956947162,-0.01034245001,-0.01152737752,0.01446733889,0.01826792963,-0.06046511628,0.04238344552,0.04292084727,0.003779289494,-0.005447470817,0.01721629486,-0.03063241107,-0.001589825119,0.0313059034,-0.01218892839,-0.0009107468124,-0.01557159134,0.009618187117,0.0236861584,0,0.05181843136
0.02971530249,-0.001348254011,0.02441344325,0.02268643306,0.04166666667,0.07255747126,-0.001754385965,0.09355714638,0.0443413529,0.01424070573,0.01661016949,0.02456418384,0.03055801594,0.006583506584,-0.001262227832,0.04769736842,0.02350866882,0.02104427238,0.03318117978,0.007396870555,-0.01213910761,0.006329113924,0.01359388275,0.009627727856,0.02175264139,0.0291704649,0.02594810379,0.123588951,0.003717472119,0.06990179087,0.1931443639,-0.001659751037,0.006531454108,0.02183406114,0.06739278421,0.01700514602,0.08148767238,0.009842519685,0.01323706378,0.06320299946,0.009400705053,0.01483420593,0.01553133515,0.05928853755,-0.0443414957,0.05542396968,0.03406326034,0.01850220264,0.03887559809,0.07727797001,0.006752194463,-0.0328042328,0.01535836177,-0.01346274264,0.01523150309,0.01499388005,-0.006499535747,0.007008086253,0.03053938029,0.009278785323,0.01600893522,0.06860011154,0.02399232246,-0.01346957733,0.0009718172983,0.06633535004,0.02724252492,0.02828854314,-0.008371203061,-0.01843933725,0.02635542169,0.008998435055,0.04362336114,0.06116207951,0.03450106157,0.003469210755,0.02262210797,0.02005469462,0.02932098765,0.03348729792,0.01229211858,0.03306523682,0.01299851237
0.007948850873,-0.02943161874,-0.01918910554,-0.01449593675,-0.02910891089,-0.004018754186,-0.02514532919,-0.02934537246,-0.02345041322,-0.01354373757,-0.01600533511,-0.01933488012,-0.03685002149,-0.006196213425,-0.03064770932,-0.008297824624,-0.02555268447,-0.03636010111,-0.04282073067,-0.019768427,-0.05181002989,-0.02425876011,-0.005867560771,-0.009535918627,-0.02291159773,-0.02657218778,-0.02237354086,-0.04966050153,-0.025,-0.03509719222,-0.01840699816,-0.08063175395,-0.03346994536,0.009401709402,-0.02295918367,-0.02584124604,-0.006955177743,-0.03469785575,-0.04655581948,-0.02972292191,-0.009701202949,-0.0154772141,-0.02119667293,0.003731343284,-0.01662049861,-0.04847396768,-0.00862745098,-0.01816608997,-0.02705814623,-0.0005353319058,-0.007377598927,-0.0306345733,-0.05630252101,0.03903522691,-0.01671641791,-0.02773590594,-0.02056074766,-0.01766595289,0.0002946054791,-0.02005850397,-0.04067423965,-0.01409185804,-0.01405810684,-0.03225047081,-0.04660194175,-0.02451874367,0.0006468305304,0.01719394773,-0.02749638205,-0.007895453308,-0.01467351431,-0.03838697169,-0.01667428049,0.00144092219,-0.04155977424,-0.03111495246,-0.02463549522,-0.01608579088,-0.00712143928,-0.01452513966,-0.035,0.008650519031,0.0288799793
-0.001714383679,-0.004868549172,-0.009466708741,-0.009583240472,-0.01244136243,-0.007285362026,0.002912217446,-0.01093023256,-0.01724320322,-0.003904773901,-0.01186038631,-0.006046267087,-0.01193530396,-0.01073779009,0.0205345502,-0.008480325645,-0.01031231585,0.02804681195,-0.02325581395,0.007202535292,0.003852889667,-0.04972375691,-0.002529510961,-0.01219512195,0.01390329944,0.006369426752,-0.007960199005,-0.0532346639,-0.003798670465,-0.01398992725,-0.03883640866,-0.006329113924,-0.006360424028,-0.02116850127,-0.01566579634,-0.01872475044,-0.01478599222,0.003231017771,0.001245640259,0.02284527518,-0.01645768025,0.001746724891,-0.00548245614,0.02973977695,-0.006338028169,-0.05943396226,-0.003955696203,0.001762114537,-0.007692307692,-0.01231922871,-0.02972972973,-0.03216704289,-0.007123775601,0.01099572389,0.001821493625,-0.0006201550388,0.00286259542,0.01089918256,-0.004108536036,0.001918976546,-0.005347593583,-0.006881948121,-0.005703422053,0.01216249088,-0.003564154786,-0.004985459078,-0.009696186167,-0.02907369844,0.03571428571,-0.01015367728,-0.005956813105,0.01975806452,-0.005342624855,0.005755395683,0.02355460385,0.04995539697,0.01237113402,-0.01725703906,-0.001887504719,-0.008786848073,0.02405625463,0.001715265866,0.008656046903
0.06130860381,0.02376292983,0.04109589041,0.03150315032,0.05638166047,0.06356554138,0.005392699115,-0.02868563367,0.01582346609,0.004046535154,0.04286694102,0.02644802962,0.0295777828,0.01995798319,0.03257745129,0.02942182689,0.01012206014,0.01844946026,0.02290076336,0.01029748284,0.04326587579,0.1007751938,0.02451394759,0.0383365822,0,0.01537070524,0.05315947844,-0.01082891808,0.02287893232,0.01589103292,0.02740554943,0.05823475887,0.01386913229,0.01903114187,0.03580901857,0.02703291437,0.03515007899,0.03582930757,0.01542672307,0.02335025381,0.07768924303,0.03748910201,-0.002205071665,0.02346570397,-0.002126151665,0.001705115346,0.02621127879,0.03474054529,0.02564102564,0.02603036876,0.004874651811,0.03673469388,0.02869955157,0.01329305136,0.06727272727,0.05181507912,0.02568981922,0.02749326146,0.03799882889,0.01638646521,0.05568356375,0.04371002132,0.05640535373,0.03340543139,0.02299437915,0.01565762004,0.07245430809,0.005571030641,0.01101532567,-0.01330745772,0.02397003745,0.03756425465,0.01588042971,0.03338102051,0.03974895397,0.01189464741,0.01985743381,0.0101663586,0.03441754917,0.03603088361,0.06432959884,0.0102739726,0.04246056384
-0.007605177994,0.02812670672,-0.03243574051,-0.000872600349,-0.03128054741,0.02632696391,-0.004263512584,0.038731542,0.01790823355,-0.01020151134,-0.02334758303,-0.03607317702,-0.006578947368,0.03329900446,0.007732755954,-0.008640744433,-0.02151488358,-0.008479475814,0.02132196162,-0.003963759909,-0.04247491639,-0.03433098592,-0.02887788779,-0.0337922403,-0.03806794924,-0.03472840606,0.001904761905,0.04625210237,-0.05032618826,0.03910614525,-0.04114221661,-0.01117798796,-0.0213960014,-0.03820033956,0.005121638924,0.01341520319,-0.01373521557,-0.02914885348,-0.01053663318,0.03571428571,-0.01256931608,-0.0268907563,-0.02872928177,-0.006172839506,0.02556818182,0.0393511565,-0.00773993808,0.005949851254,-0.00988372093,-0.04122621564,-0.04781704782,0.0146231721,-0.03487358326,-0.04919499106,-0.02555366269,-0.03038348083,-0.02133580705,-0.02938090241,-0.02241937827,-0.01005025126,-0.001091305929,-0.0188968335,-0.03438914027,0.02581395349,-0.01098901099,0.03288797533,-0.01460742544,0.03462603878,0.02297489342,0.02837875808,-0.01024140454,-0.000381097561,-0.02942528736,-0.01061375173,-0.07142857143,-0.03526448363,-0.008487269096,0.04666056725,-0.02559414991,-0.02815346398,-0.007470288625,-0.01101694915,-0.02470830688
0.05869884233,-0.01155378486,-0.01201771031,0.01572052402,0.0312815338,-0.01344642118,-0.0179558011,-0.02004194826,-0.02029981262,0.0007634559104,0.01212121212,-0.002138465651,0.02505518764,-0.01029900332,0.01933701657,0.006816404067,0.005120481928,0.02526724976,0.04871259569,0.01165434906,-0.01886133426,0.01549680948,0.003398470688,0.02655440415,-0.06042553191,-0.01199261993,0.04467680608,0.05906632199,0.00883218842,0.02580645161,0.05186352018,0.0347826087,-0.05519713262,-0.01765225066,0.01146496815,0.08795429098,0.04100580271,0.03883106485,-0.01584943041,-0.01915708812,0.005615874204,0.008635578584,0.009101251422,-0.02839396628,-0.0006925207756,0.06310211946,-0.008580343214,-0.02661596958,-0.009395184968,0.01653803749,-0.01455604076,-0.00110864745,0.02619692864,-0.009720915648,0.02564102564,0.01490721022,0.03127962085,-0.0005405405405,-0.008708272859,0.04018612521,-0.03131828114,0.03019260802,0.006560449859,-0.00861482657,-0.02373737374,-0.007960199005,0.04014823965,0.08099062918,-0.009029868025,0.003825136612,-0.0022172949,0.02058711399,0.00923732828,0.01212686567,-0.01787648971,0.003481288077,0.04884189325,0.0201048951,-0.01500938086,-0.003124112468,0.04413274034,0.001713796058,-0.01538287566
-0.004620360388,-0.0218997716,-0.03233034571,-0.01117798796,-0.02563600783,-0.01740406794,-0.02109704641,-0.002140309156,-0.05185421315,0.05365543547,-0.03526280772,-0.02759174926,-0.009798643265,-0.03491104397,-0.02770249925,-0.01631520533,-0.03386275097,-0.03563981043,-0.005640345056,-0.04523742624,0.02313990744,-0.03859964093,-0.02286198137,-0.03028391167,0.01902173913,-0.0233426704,-0.01819836215,0.02453916421,-0.02042801556,-0.03668763103,-0.04258144726,-0.06050420168,-0.02389984825,-0.004492362983,-0.02392947103,-0.01043610411,-0.05388331475,-0.02774566474,-0.0294413689,-0.021484375,-0.05323901713,-0.02140410959,-0.001127395716,0.001826484018,0.01663201663,0.05573176257,-0.03304484658,0.01128472222,-0.02608180202,-0.02331887202,-0.01255539143,-0.04328523862,0.02552816901,-0.04749841672,-0.03920454545,-0.02877697842,-0.04044117647,-0.00811249324,-0.02840351156,-0.005693371289,0.02142857143,-0.03183425973,-0.04376163873,-0.0439057855,-0.02741852043,0.003009027081,-0.01722090261,-0.01857585139,-0.01962616822,-0.0511703865,-0.01481481481,-0.01905117669,-0.002346866933,-0.03963133641,-0.02261445119,-0.03555941023,-0.01344215074,-0.01713796058,-0.03542857143,-0.03447293447,-0.01900393185,-0.01368691189,-0.0002710569924
-0.02166176698,-0.00521978022,-0.02249421105,0.02065217391,0.03534846355,-0.02326077678,0.03347701149,-0.006196377502,0.01490530091,0.04501025703,-0.0001724137931,-0.01680440771,0.02218355807,-0.006956521739,0.008671415299,0.02166309376,0.02202233251,0.02535875762,0.01101101101,0.05267804591,0.00173973556,-0.02054154995,0.02079722704,0.001951854262,0.03333333333,0.034416826,0,-0.02208949248,0.01290963257,-0.0005440696409,-0.01873057097,0.02325581395,0.04352895453,-0.02075812274,0.05612903226,-0.02204488681,0.1021209741,0.005548949663,0.03033445683,0.08383233533,0.04168305151,-0.006999125109,0.04571106095,0.02825888788,0.007498295842,-0.03175965665,0.02522375915,-0.001287553648,0.02799756543,0.01776790672,-0.01421091997,0.03016241299,0.069527897,0.02792553191,0.04553518628,0.04228395062,0.001915708812,0.03271537623,0.0180831717,0.1370143149,0.03606919396,0.04331941545,0.0847127556,0.09351829706,-0.02712765957,-0.0598,0.09003021148,-0.01261829653,0.03908484271,0.01835915089,0.008270676692,0.01142421935,0.01740766878,0.02447216891,0.06151241535,0.02877697842,0.03649635036,0.02615518745,0.08609794629,0.005016228976,0.04241816967,-0.01300954033,-0.04051041596
-0.02166693025,-0.007042253521,-0.03079526227,-0.002768903088,0.04558680892,-0.01179812104,0.009870707632,-0.03549160671,-0.0304770318,0.01778290993,-0.006035523366,0.005043429532,-0.01840425532,0,-0.01136014737,-0.01159580342,-0.006373292868,0.00134202454,-0.03465346535,-0.01789208834,0.0114623133,0.02478551001,-0.02716468591,0.01298701299,-0.0447311828,-0.01109057301,-0.004633920297,-0.001603712424,-0.01568627451,-0.01143168209,0.004300838112,-0.02884615385,-0.009310986965,0.01474654378,0.01832620648,-0.009809865524,0.0003563791875,-0.0299566417,-0.008555611475,0.02302025783,0.0003775009438,0,-0.04209390178,0.03014184397,-0.004736129905,-0.04521276596,0.04047619048,-0.01246239794,0.03670811131,-0.08456082924,0.00531107739,0,0.01364365971,0.02554980595,0.05995475113,0.0002961208173,0.01147227533,-0.001055966209,-0.005329188079,0.009892086331,-0.05435168739,-0.00100050025,0.04667863555,0.03412073491,-0.0224166211,0.04403318443,0.0376940133,0.01341853035,0.006880733945,0.00676056338,0.02684563758,0.004141566265,0.006473988439,0.01826697892,-0.004784688995,-0.01486013986,0.01830985915,0.005097706032,0.06254545455,0.008220786847,-0.008330663249,-0.003514938489,0.05856452244
0.003233107016,0.007092198582,0.02269553073,0.08393848783,0.03803339518,0.01204952465,0.0004129955947,-0.005221282944,0.01902050114,-0.001815293851,0.01839000694,0.01115137998,-0.02232578303,0.009106830123,0.02422360248,0.02625698324,0.01038485034,0.03446295233,-0.007692307692,0.01081696556,0.007554945055,0.03069767442,0.001745200698,0,-0.01215668618,0.005607476636,0.004655493482,-0.03725222146,0.02689243028,0.00936123348,0.006648232628,0.01080108011,0.01240601504,0.00272479564,-0.000599880024,0.008913335876,-0.0007125044532,-0.0008126777733,0.03045685279,0.008100810081,0.009433962264,-0.0008810572687,0.02929577465,0.02237521515,0.01291638341,-0.01346332405,0.006864988558,0.02393385553,-0.007424328955,-0.05184743743,0.01056603774,-0.03772522523,0.01029295329,-0.009145380006,0.03308431163,0.01332149201,-0.01512287335,-0.005285412262,0.03422619048,0.01869991095,-0.01840721262,0.003505257887,0.02144082333,-0.01015228426,0.01062639821,-0.02628361858,-0.01495726496,-0.02395964691,0.1753986333,0.03301622832,-0.01525054466,-0.01499812523,0.001148633127,0,-0.003739316239,0.007098491571,0.01798063624,0.006762468301,0.03832991102,-0.006988934188,-0.01292407108,0,-0.02454810915
0.005800837899,-0.007870753935,-0.005804028679,0.002167487685,0.001787310098,-0.0226105953,-0.04775010321,-0.02949262684,-0.02391863194,0.007729029325,0.001533219761,0.002481389578,-0.01662786831,-0.002429711906,0.002425712553,0.01219379423,-0.02569528416,-0.01388117712,-0.02342807924,-0.0385806815,0.02283571915,0.01263537906,0.007839721254,-0.005128205128,-0.04375569736,-0.03252788104,-0.0250231696,-0.03478878239,0.00193986421,-0.01582105837,-0.02926331029,0.03116651825,-0.02562198292,-0.01811594203,-0.003601440576,-0.02110153809,-0.01319073084,0.002846685645,-0.01009852217,0.005357142857,0.0138317757,0.02380952381,0.001642036125,-0.0202020202,0.008724832215,-0.056,0.002272727273,-0.07139821504,0.003452243959,0.01382778127,-0.02240477969,-0.009362200117,-0.02037617555,0.007638446849,0.01962809917,-0.0160677768,-0.01535508637,0.008501594049,0.006330357401,0.002622377622,-0.05089934941,-0.003992015968,0.0008396305626,0.03568376068,-0.06253458771,-0.004812722327,0.004880694143,-0.04005167959,0.01647286822,-0.005958829902,-0.007374631268,-0.03920822231,-0.02019274897,0.01609935603,-0.01286863271,0.02026431718,0.0004528985507,-0.0335852225,0.03295978906,-0.02082111437,-0.0124386252,-0.01675485009,-0.001678381286
-0.007529637937,-0.04495476688,-0.04807692308,-0.04050334251,-0.01962533452,-0.01229324989,-0.0274566474,-0.01467937162,-0.007672048551,-0.02515226709,-0.02993706413,0.03410341034,-0.01070905197,-0.02331245651,-0.03327283727,-0.0758309132,-0.02327024511,-0.01651651652,-0.005644734521,0.03075571178,-0.02032655781,-0.05436720143,-0.03802938634,-0.0418814433,-0.03002859867,-0.01729106628,-0.0247148289,-0.03788157411,-0.04394966118,0.009977827051,-0.005832958771,-0.02849740933,0.000762195122,-0.02029520295,-0.03915662651,-0.03207545252,-0.04515895954,-0.04339010543,0.006718089077,0.01687388988,-0.02691740413,-0.04306632214,0.03770491803,-0.04295532646,-0.03526280772,0.002492522433,-0.0582010582,-0.04530892449,-0.0625,-0.02541847489,-0.003819709702,-0.02185469581,-0.02,0.006317119394,-0.03850050659,-0.03681710214,-0.03099415205,-0.01844046365,-0.06405379255,-0.05056669573,-0.002822580645,-0.03557114228,-0.008389261745,-0.04085001032,0.02007083825,-0.03448275862,-0.005396654074,-0.01749663526,-0.012392755,-0.02506811989,-0.04977711738,0.0118858954,0.01451990632,-0.02489814396,-0.03965236285,-0.04058721934,-0.02580353101,-0.01216333623,-0.01978302489,-0.05630428272,-0.07126284388,-0.0008968609865,-0.01226273986
-0.03147699758,-0.005683474206,-0.02525252525,-0.05245901639,-0.02911737944,-0.01550124463,-0.01946508172,-0.01698902248,-0.04246480498,-0.0005785028347,-0.01928809399,-0.002925531915,0.03133546035,-0.0106875668,-0.006570713392,-0.01233705773,0,0.01125954198,-0.004257583821,-0.003978402955,0.02482993197,-0.01790763431,0.001796945193,-0.01546738399,0.0515970516,-0.01173020528,0.005847953216,0.009556574924,-0.0238963143,0.004390779363,0.01516630532,-0.01955555556,-0.006854531607,0.003766478343,-0.005015673981,-0.02123124416,-0.008702232312,-0.0118694362,0.01779535344,-0.03930131004,0.01212580523,-0.02160216022,-0.01579778831,-0.01077199282,0.004137931034,-0.01103928394,0.01926163724,-0.02253116012,0.01896024465,-0.01399491094,-0.0268404908,-0.004830917874,-0.01551020408,-0.02448210923,0.01527924131,-0.01233045623,0.01388050694,-0.008588298443,-0.06141273839,0.001836547291,0.04811969268,-0.01454545455,0.008460236887,-0.01785330179,0.02488425926,0.007404181185,-0.004883342377,-0.002739726027,-0.02702702703,-0.004192286193,0.01407349492,-0.03641346907,-0.02585410896,-0.01764159703,-0.008484162896,-0.02340234023,-0.007899628253,-0.008795074758,0.013671875,0.0180894954,0.02069950036,0.01256732496,-0.01259679054
0.003333333333,0.05334896673,0.0192450037,0.03503460208,0.0121836926,0.009998850707,0.0307622367,0.01169901622,0.02241503977,0.008103727715,0.02056141606,0.01733795679,0.02751077229,0.0280878646,0.02267716535,0.01461230262,0.0206480305,0.02830722778,-0.01300552289,0.0122681883,0.02688350481,0.02207293666,0.0008968609865,0.01775956284,0,0.02571711177,0.04069767442,0.01968951155,-0.00622406639,0.04590163934,0.02311811087,0.02719854941,-0.009202453988,0.00469043152,0.03402646503,-0.03280587888,0.06832061069,0.0531960532,0.02355512385,0.01818181818,0.01048296518,0,-0.01123595506,-0.003629764065,0.02335164835,0.0007039420756,-0.01102362205,0.02452182442,-0.01020408163,0.02258064516,-0.003152088258,0.009708737864,0.0464344942,0.05791505792,0.06434872859,0.02808988764,0.04265873016,0.02382241473,0.02636851205,-0.009165902841,0.02507716049,0.0405904059,0.07382550336,0.01401664477,0.006775832863,-0.04604409857,0.06488549618,-0.01717032967,0.009920634921,0.0008419870895,-0.01156515035,0.00243803332,0.001184834123,0.02835538752,0.03593839133,0.0267281106,0.03419203747,0.01508429459,0.1082209377,-0.01059850374,0.03041958042,0.004432624113,0.008709858809
-0.04136212625,-0.03283706693,-0.02287581699,-0.02716255746,-0.03796296296,-0.02696859354,-0.02278741547,-0.03232588699,-0.03429985856,-0.01389526872,-0.02452697968,-0.02700576822,-0.01139784946,-0.03467600701,-0.03818909763,-0.0331010453,-0.03921568627,-0.03009726555,-0.02833935018,0.007891770011,-0.05397543633,-0.03474178404,-0.03853046595,-0.03288590604,0.02219626168,-0.0362584378,-0.0251396648,-0.03341997772,-0.03402922756,-0.05485893417,-0.03484334346,-0.07325684025,-0.02708978328,-0.0233426704,-0.04996953077,-0.02406912386,-0.03608431583,-0.02240325866,-0.02325029656,-0.02678571429,-0.002964060763,-0.002759889604,-0.0441017316,0.00364298725,0.002684563758,-0.04682946438,-0.03025477707,-0.0253709909,-0.02607640995,-0.02586750789,-0.02845849802,-0.04627403846,-0.0118858954,0.001824817518,-0.04144319844,-0.02610807529,-0.04567078972,-0.06980433633,-0.02505421301,-0.02590194265,0.03199096726,-0.0623100304,-0.0359375,-0.01382289417,0.02411665732,-0.002945841831,-0.04045058884,-0.01467505241,-0.01178781925,-0.05468311834,-0.03276131045,0.002026753141,-0.05207100592,-0.02481617647,0.006607929515,-0.02513464991,-0.03532608696,-0.03496503497,-0.03998840916,-0.02142407057,-0.005429250085,-0.009708737864,-0.0426342541
-0.01559521747,0.002733419652,-0.002601263471,-0.007302405498,-0.01347449471,0.004560870074,-0.01038062284,-0.02199891363,0.01281581838,-0.02003027833,0.003771551724,0.01212611156,-0.02806177942,-0.01197387518,-0.009606147935,-0.01021021021,-0.004535147392,-0.0206244087,-0.0421697938,-0.03104026846,-0.005124701059,0.01750972763,-0.008387698043,-0.008327550312,-0.06171428571,-0.02541524915,-0.01146131805,-0.05993084902,-0.01815431165,-0.01603095633,-0.0004817597556,-0.01333333333,-0.01034208433,-0.003824091778,0.009621552277,-0.1003443691,-0.008895478132,0.004166666667,-0.02963322808,-0.02201834862,-0.02341137124,-0.00184501845,-0.01018964053,-0.007259528131,0.008032128514,-0.0688455456,0.009852216749,0.0004911591356,-0.00498132005,0.0207253886,-0.005695687551,-0.03276622558,0.007217321572,0.005464480874,0.02187182096,-0.04582294264,0.001994017946,-0.01250710631,-0.02602467249,-0.03418803419,-0.04048140044,-0.0529443544,0.04700162075,0.005256241787,-0.04326396495,-0.02795454545,0.02027748132,-0.05106382979,0,-0.0338178582,0.006451612903,-0.04733009709,0.007490636704,-0.01979264844,-0.003829321663,-0.0009208103131,-0.009389671362,-0.04800724638,0.02475098098,-0.0009658725048,-0.004094165814,-0.003565062389,0.02628587242
0.01249779968,0.03787661406,0.03315946349,0.02358286456,0.06634146341,-0.001629802095,0.05275159623,0.02193835046,0.04386599181,0.01366607249,0.04276256933,0.02715654952,0.02987914056,0.05802423797,0.05334626576,0.03288834951,0.06182883176,0.05757341577,0.008727695888,0.01471861472,0.07657967033,0.05640535373,0.0469924812,0.0510846746,0.0353227771,0.08829568789,0.04154589372,0.02411115652,0.06603565926,0.04775280899,-0.008788661908,-0.01737451737,0.07395498392,0.04126679463,0.02160101652,-0.03052123601,0.03141361257,0.07261410788,0.062077597,0.03658536585,0.05098934551,0.05083179298,0.03803259937,0.0009140767824,0.003320053121,-0.005661231884,0.0593495935,0.07118311242,0.04881101377,0.06472081218,0.02291325696,0.05081433225,0.02388535032,0.04861111111,0.002488800398,0.03887618425,0.04179104478,0.02187679908,0.01870202513,0.04818092429,0,0.01369081574,-0.006965944272,-0.00348583878,0.0188895249,-0.02408230068,0.003661087866,-0.002989536622,0.04373757455,-0.003684372122,0.0608974359,0.0144373673,0.02998760843,0.03269230769,0.05766062603,0.03963133641,0.02464454976,0.002854424358,-0.01296023564,0.0625201418,0.007879410757,0.01431127013,0.02348477859
0.0199930459,0.009400055294,-0.004688063469,0.01035721835,0.03110704483,-0.02845149254,0.009386281588,-0.001086956522,0.003809743708,0.02684642438,0.02796842828,0.001296008294,0.04129088341,0.003818118709,0.02148557397,0.009752085536,-0.008274593932,0.02612349288,-0.003653143626,0.0247440273,0.02137161085,-0.002714932127,0.00987432675,0.007323568575,0.02870588235,0.004716981132,0.05844155844,-0.01037509976,-0.005575056783,-0.001608579088,0.01083234183,0.01178781925,0.01983532934,0.02211981567,0.006218905473,0.006424122384,0.02610587382,0.03868471954,0.02262550082,-0.01085972851,-0.002534395366,0.01671064204,0.009090909091,-0.02465753425,0.01125082727,-0.01241175131,0.01304681504,0.004582951421,0.0107398568,0.02562574493,0.004,-0.007439553627,0.03110419907,0.003167290527,-0.01489572989,0.006289308176,0.007640878701,0.01971830986,-0.02065639608,0.005628517824,0.03496769289,-0.01406865504,0,0.01880192392,0.03258426966,-0.08552946814,-0.005211047421,-0.03898050975,-0.02,-0.04930662558,0.004531722054,0.00795311846,0.03681424447,0.0004655493482,0.02128764278,0.008865248227,0.04255319149,0.01328273245,-0.01850193972,0.01819836215,0.04418762746,0.0008818342152,-0.00169169205
-0.03852053861,-0.03807176116,-0.03405797101,-0.01380753138,-0.04081632653,-0.070331253,-0.05250357654,-0.04270946681,-0.03611270845,-0.03162461468,0.0003338340845,-0.05798602123,-0.03620995513,-0.01348547718,-0.02524038462,-0.02757737957,-0.07354758962,-0.01442050917,-0.07603241992,-0.03663613655,-0.02592129919,0.002722323049,-0.03911111111,-0.05551883675,-0.01967063129,-0.0338028169,-0.01928133216,-0.08830645161,-0.04754983389,-0.01181525242,-0.05435917381,-0.03349514563,-0.05504587156,-0.03516681695,-0.07107540173,-0.08301935651,-0.03286219081,-0.05512104283,-0.04240608435,-0.03019213175,-0.04283121597,-0.02941176471,-0.01501501502,-0.02902621723,-0.01832460733,-0.1091894385,-0.02878787879,-0.04744525547,-0.02833530106,-0.02789076119,-0.07490039841,-0.05309181761,-0.03770739065,-0.03846153846,-0.03578629032,-0.05125,-0.03981042654,-0.01049723757,-0.08101712576,-0.02891791045,-0.04517076754,-0.00399543379,-0.05300077942,-0.03240343348,-0.01305767138,-0.006025674614,-0.04243059193,-0.1060842434,-0.04373177843,-0.04376012966,-0.03759398496,-0.02117940199,0.01601299605,0.003722661703,-0.03152008134,-0.04657293497,-0.03371783496,-0.1221910112,-0.0136819702,-0.0199582961,-0.0380859375,-0.03524229075,-0.005483209116
0.03049104769,0.07773348519,0.05026256564,0.02418328384,0.01665124884,0.01071520785,0.04303185867,0.05115089514,0.03615320367,-0.02063192643,0.0362089104,-0.01236603462,0.01602425292,0.03049421661,0.04223181258,0.01986358741,-0.003669112742,0.0411849711,0.01608187135,-0.02736963411,0.04007694774,0.0371040724,-0.05735430157,0.03009097271,-0.01259916006,0.008746355685,0.009830205541,0.005749668288,0.03793328973,0.04456521739,0.003506835081,-0.002009040683,0.008932038835,0.05046728972,0.01064537591,0.1713144035,-0.02995981001,0.01734331888,0.0202166065,-0.06037735849,0.06067500948,0.05882352941,0.006097560976,0.04918032787,0.06133333333,0.008283717318,0.01404056162,0.02107279693,0.0255164034,-0.002988643156,0.0241171404,0.05606860158,0.01724137931,0.0423880597,0.06116048092,0.03326745718,0.02270483712,0.02735901731,0.04918032787,-0.008645533141,0.01307692308,0.01489971347,0.03950617284,0.01663339987,0.002205071665,-0.002108592514,0.06126914661,-0.00872600349,0.02642276423,0.07220338983,0.034375,0.154433602,0.1946094107,0.02132591562,0.01942257218,0.1050691244,0.03764921947,0.02933333333,0.02990135635,-0.01063829787,-0.002707275804,0.01552511416,0.009379289229
0.004816789954,0.009907529723,0.04107142857,0.0118061309,-0.02092811647,-0.01519989782,-0.01766068327,0.02351987024,0.003684937817,-0.02130733117,0.006763285024,0.01808569839,0.005115089514,0.004421768707,0,0.009269036724,0.008704385671,-0.01943095073,0.08324768756,0.01866113744,-0.005240443896,-0.06108202443,0.03042198234,-0.01902173913,0.005434782609,0.004816955684,-0.03362831858,0.06332453826,-0.006301197227,0.02029136316,-0.05862050369,-0.04177151485,0.06351039261,-0.02580071174,0.02172481896,-0.03982834274,0.02561205273,0.005036807439,0.008020759613,-0.009036144578,-0.05863425098,0.001683501684,0.02782369146,0.01102941176,-0.002512562814,0.0377406932,0.02692307692,0.07363977486,0.0355450237,0.02038369305,0.00252312868,0.003747657714,0.001540832049,0.009163802978,0.03743842365,-0.002868983105,0.009652509653,0.008152173913,0.02708403057,0.01841085271,0.003796507213,0.001693958216,0.03562945368,-0.001527050611,0.006600660066,0.0382989963,0.04020618557,0.04577464789,-0.007920792079,0.01580777743,0.03474320242,-0.004042631386,-0.034416826,-0.003631411711,0.01338825953,-0.01668056714,-0.0610619469,0.00414507772,0.05716851242,0.03870967742,0.01696640652,0.01169064748,-0.008966655457
-0.04536894367,-0.02511445389,-0.03224699828,-0.02108495394,-0.01951672862,-0.01906614786,-0.02829354553,-0.04278922345,-0.01835704452,-0.0159901599,-0.04158669226,-0.03142935228,-0.03424512299,-0.0518117169,-0.03164744159,0.02208788654,0.01626286094,-0.03060863411,-0.07210626186,-0.01163128817,0.01549426712,-0.04089219331,-0.01333333333,-0.01454293629,-0.04958871915,-0.02205177373,-0.007326007326,-0.06244830438,-0.009088987529,0.004079551249,-0.07033684693,-0.03413865546,-0.03510676801,-0.0100456621,-0.01030927835,-0.01362175463,-0.01248622842,0.009252120278,0.006318745612,0.01823708207,-0.01443220661,0.0008403361345,-0.008308764406,-0.02909090909,0.006297229219,-0.06580900544,-0.009737827715,-0.05591961555,0.003432494279,0.01351351351,-0.02516778523,-0.07156191661,0,-0.004256526674,0.007122507123,-0.04092071611,-0.01625239006,0,-0.05070990472,0.0009514747859,-0.04160363086,0.01240135287,-0.001529051988,-0.02162988857,-0.03989071038,0.01322818621,0.01585728444,-0.03451178451,0.001996007984,-0.06660441955,-0.002919708029,-0.01771217712,0.005940594059,-0.005011389522,-0.01930894309,-0.004240882103,-0.001413760603,-0.01754385965,-0.02151755379,0.007985803017,0.001001001001,-0.008888888889,0.01027018631
-0.12526901,-0.09955722528,-0.09110244594,-0.1026767043,-0.1072985782,-0.1245537485,-0.127236882,-0.1247240618,-0.08754090697,-0.08175,-0.08044058745,-0.07449209932,-0.09056976617,-0.09857142857,-0.08643860721,-0.06881255687,-0.1116917048,-0.1067713086,-0.1188139059,-0.09355692851,-0.0747635032,-0.08817829457,-0.04343629344,-0.08362614195,-0.1043521266,-0.09941176471,-0.06826568266,-0.1464490516,-0.07849829352,-0.1183341798,-0.1261014777,-0.07721587819,-0.0832708177,-0.06273062731,-0.08854166667,-0.09668181297,-0.1056154704,-0.09434682964,-0.07930232558,-0.07860696517,-0.08208092486,-0.1007556675,-0.07864864865,-0.07752808989,-0.06508135169,-0.1257944915,-0.07942511346,-0.1476168441,-0.08836944128,-0.0684057971,-0.07573149742,-0.1012064343,-0.09307692308,-0.1188372756,-0.07260726073,-0.1253333333,-0.0814382896,-0.09919137466,-0.09116945619,-0.06901140684,-0.08484609313,-0.07349665924,-0.09647779479,-0.09111210362,-0.06772908367,0.04142606076,-0.09317073171,-0.0706190061,-0.0796812749,-0.07369123041,-0.0980966325,-0.08978211871,-0.02559055118,-0.06639194139,-0.1098445596,-0.07495741056,-0.09060877773,-0.0724789916,-0.09143518519,-0.09330985915,-0.101,-0.04573991031,-0.03168207359
0.06345463865,0.03680524512,0.04563182527,0.05663015614,0.0443830962,0.0889593717,0.06133796699,0.07597730139,0.05546304598,0.05336237408,0.04482758621,0.05487804878,0.05589087397,0.03922345483,0.05616850552,0.05056797362,0.04264705882,0.06845116469,0.1083778139,0.09315157416,0.05606860158,0.06801275239,0.04439959637,0.03604294479,0.05659856433,0.05334204224,0.03267326733,0.1700258398,0.04675925926,0.1071428571,0.02683721389,0.1001767826,0.03396072013,0.02854330709,0.05071428571,0.03336574094,0.01122661123,0.06284268241,0.06264208133,0.0464362851,0.05037783375,0.08590102708,0.04488119683,0.0586682907,0.06358768407,0.1223871554,0.02875924404,0.08686210641,0.02564102564,0.04729309272,0.05493482309,0.05219985086,0.04834605598,0.07373868047,0.06914082359,0.08155487805,0.0150232755,0.04069419509,0.05995381208,0.05268531754,0.04657179819,0.02764423077,0.08389830508,0.05995085995,0.02869352869,-0.04556412729,0.08284023669,0.1425891182,0.05173160173,0.05003599712,0.01948051948,0.04663640116,0.03838383838,0.01863658656,0.065774156,0.06629834254,0.06279190451,0.07078142695,0.07388535032,0.04530744337,0.09380793474,0.01221804511,0.2774991877
-0.04761904762,-0.02270767462,-0.01976874301,-0.004631671813,-0.03761691745,-0.06796116505,-0.03110674525,-0.05654849106,0.02402912621,-0.02209873352,-0.006948063227,-0.01791907514,-0.02629472962,-0.01258101411,0.001899335233,-0.0108126962,-0.0398448519,-0.03231975521,-0.05737018425,-0.03622327791,-0.02779512804,-0.03084577114,-0.02222222222,-0.00962250185,-0.02822053828,-0.04278627532,-0.02109300096,-0.05874558304,-0.0258735073,-0.02445369407,-0.08313190133,0.02088912694,-0.008310249307,0.004784688995,-0.008837525493,-0.03295654427,-0.04029605263,-0.0253968254,-0.005229379605,-0.008771929825,-0.01798561151,-0.005159071367,-0.0148792813,-0.03163950144,-0.04153555695,-0.08542510121,-0.0231629393,-0.07342657343,-0.02134146341,0.04753416518,-0.007943512798,-0.03614457831,-0.02265372168,0.001807228916,-0.01378982406,-0.02501761804,-0.01792787159,-0.004025301898,-0.02698780334,-0.02327837051,-0.03007828595,-0.00350877193,-0.008600469116,-0.04149281409,-0.004154302671,-0.05885324577,-0.01589667163,-0.00328407225,-0.00185223297,-0.07610558793,-0.02627388535,-0.03509463722,-0.02042801556,-0.006259027443,-0.06007646095,-0.01468048359,-0.03076171875,0.03754627181,0.002372479241,-0.02105263158,0.002372881356,-0.01114206128,0.01872754544
0.01376518219,0.006764705882,-0.02207001522,-0.01949922446,-0.008028734418,-0.0119047619,-0.008617776276,0.002173913043,0.01552500593,-0.01559402669,-0.008570928809,0.01471453796,-0.005518375015,-0.01583011583,0.02812006319,-0.006464503996,0.01689313257,0.005928853755,0.0650821857,0.002464571781,-0.02023771282,-0.02607802875,-0.0009881422925,-0.001494768311,-0.04033342296,-0.001943424746,-0.009794319295,0.00281557954,0.0227014756,0.005333333333,0.002711244926,-0.005246589717,0.004389465283,0.00380952381,-0.008230452675,-0.002777699444,-0.0235646958,0.009771986971,-0.006929510155,-0.02082248829,-0.001221001221,-0.006914433881,0.02678825876,-0.02415841584,0.003939592909,0.05784270326,-0.009811937858,0.02156334232,0.001869158879,-0.002836074872,0.004448398577,0.01029411765,-0.008278145695,0.02826217679,0.01253616201,0.03903144199,-0.01761834006,0.003464203233,-0.01063525427,0.004965243297,-0.02463891249,0.004694835681,0.03548895899,0.0169286578,-0.05959475566,-0.02710681696,0.0131246845,-0.02388797364,-0.009278350515,0.01892393321,-0.001635322976,0.01062525541,0.01191658391,0.001937984496,0.00987797792,0.003505696757,0.02166246851,0.0122324159,0.03402366864,-0.004427577483,0.02942171119,0.020657277,-0.005870206062
-0.01138178914,0.03958515922,0.003501945525,-0.01740112994,0.003833865815,0.004668674699,0.2188512016,-0.01084598698,0.02205624927,-0.003490401396,0.03016937191,0.02581206497,-0.02361275089,0.0309925461,0.0307314075,0.01159351709,-0.003250270856,0.001571709234,-0.05130344108,-0.01813153042,0.04098360656,0.0109635252,0.0178041543,0.02245508982,-0.01092743065,-0.01341410645,0.008902077151,0.007019185774,-0.02752497225,-0.01220159151,-0.01592470869,0.004219409283,-0.01470003973,0.01328273245,0,-0.02858960764,-0.007459412023,-0.01451612903,0.01612127045,-0.03455608719,0.01426242869,0.01392515231,-0.03524840411,0.0002029220779,-0.005232177894,-0.03068768308,0.02146985962,0.01583113456,0.01305970149,-0.005119453925,0.0008857395926,-0.009461426492,-0.006677796327,0.02514619883,-0.007142857143,0,0.004969749352,0.004602991945,-0.03149302704,0.01482213439,0.008710801394,0.03971962617,-0.00761614623,-0.002853745541,0.009505703422,0.05379310345,0.004982561036,-0.04556962025,0.005827263267,-0.008375819374,-0.004095004095,-0.01617468662,-0.2084396467,0.01837524178,0.01035673188,0.004366812227,0.004930966469,-0.02870090634,-0.0217453505,0.00540025413,0.02726675427,-0.01011959522,0.04907497106
-0.01242173298,-0.0008430518477,-0.03024428073,-0.04691812328,-0.0002121790791,-0.0314795383,0.01650118864,-0.05106516291,-0.04544416533,-0.001886029907,0.01078951875,-0.01894260673,0.007134220073,-0.007610350076,0.02564102564,0.05016957081,-0.01702898551,-0.03805413888,-0.07188393053,-0.03098591549,0.02393700787,-0.04588112617,-0.00583090379,-0.02196193265,-0.05835694051,-0.0399122807,0.02058823529,-0.1039962825,0.01460853686,-0.05531686359,-0.09290463612,-0.01260504202,-0.03911290323,0.03558052434,-0.00622406639,-0.05241401394,-0.02652519894,-0.01554828151,-0.01041913332,-0.01486784141,0.006428284452,-0.01888412017,0.008918296893,-0.002028809089,-0.005259697567,-0.2046337603,0.01374292643,-0.04363636364,0.02148557397,0.01257861635,-0.01592920354,-0.01910360029,0.01764705882,-0.03850541928,0.01151079137,-0.03686956522,0.004300150505,0.01718213058,-0.04242588309,0,-0.02374784111,0.02808988764,0.01304681504,-0.004531361793,-0.02385436284,0.007853403141,0.008924144769,-0.1494252874,0.002689840679,-0.05655526992,0.009046052632,-0.04315659679,-0.01016612943,0.01946818613,-0.03701594533,-0.03304347826,-0.01079489696,-0.03525142561,0.01199181047,0.01769352291,0.005756315958,-0.02602230483,-0.001244170641
0.06616218427,0.03487554493,0.04958016793,0.02557915058,0.03310696095,0.1391425476,0.03563076076,0.1264443711,0.01614832536,0.04292077203,0.03388681803,0.04351585014,0.03325729379,0.06518404908,-0.01831395349,0.04053452116,0.09362329525,0.04486133768,0.09687351966,0.06201550388,0.05505998154,0.006338797814,0.05278592375,0.06062874251,0.12244284,0.08679762449,0.03458213256,0.1046571932,0.0335208099,0.005116543491,0.129330254,0.02446808511,0.05119597146,0.03254972875,0.08002783577,0.1037909742,0.04450499546,0.05901911887,-0.1036133046,0.0743432085,0.006786427146,0.02274715661,0.04106073567,0.04696076438,0.03172504957,0.04848923467,0.04146730463,0.09016838675,0.03064903846,0.02089215133,0.06834532374,0.0531835206,0.03055326177,0.02046870365,-0.0275011854,0.04442036836,0.0166987797,0.03941441441,0.03933747412,0.007789678676,0.1791242813,0.05956284153,-0.02272727273,0.07139434595,0.08167202572,0.09766233766,-0.01916461916,0.1174636175,0.05035080479,0.09420007785,0.0358598207,0.1052405498,0.03006012024,0.04983698184,0.063867534,0.02428057554,-0.01785714286,0.03868887695,-0.02485549133,0.04687985098,0.01748807631,0.01812977099,0.01908455525
0.01975829657,0.02282918875,-0.004952380952,-0.008,-0.02341824158,0.04565217391,-0.037858661,0.0633059789,-0.01671571513,-0.01773003753,-0.002130449033,0.009389671362,0.01173599814,0.01403887689,0.01895173231,-0.02729023973,0.02123356926,0.001366120219,0.09565968473,-0.001520681265,-0.01486880466,-0.04800173762,-0.001857010214,-0.006351446718,0.08201554543,-0.009878100042,-0.004642525534,0.1056338028,0.007618633,-0.001131221719,0.07575353428,-0.006230529595,0.002395209581,-0.008756567426,-0.003865979381,-0.003437286909,0.03869565217,-0.0521978022,-0.005872931127,0.02237252862,-0.02854877082,-0.03934987169,-0.03095042454,-0.0413592233,-0.02049967969,0.1936151855,-0.01990811639,0.05032386647,-0.01807580175,-0.05696902655,0.01515151515,0.04907539118,0.005608974359,-0.03081395349,-0.05607020965,-0.01901798064,-0.01410823331,-0.004875406284,0.0334685355,0.01256038647,0.01725431358,-0.008251676122,-0.02945736434,-0.0313059034,0.06420927467,0.04306672977,-0.04458917836,0.07255813953,-0.04381139489,0.03770900036,-0.03304484658,-0.003109211038,-0.009484435798,-0.01464063886,-0.02890494719,0.01316944688,-0.005555555556,0.04604242111,-0.04860699467,0.002372479241,-0.0403125,0.001874414246,-0.054502973
-0.02689992476,0.01620831673,0.02986217458,-0.01138519924,0.009465713084,-0.01962058212,0.1027198675,-0.007993384785,-0.004788698671,-0.005665349144,0.009853834784,0.01067031464,-0.01653841737,0.03691870785,0.01365882011,0.01848388162,0.00396039604,-0.00740596375,-0.0382341348,-0.01462077368,-0.02811482687,0.05544147844,-0.002790697674,0.02201704545,-0.0408719346,-0.008915304606,-0.0009328358209,-0.06921443737,-0.0259235256,-0.02265005663,-0.03724825743,0.01933124347,-0.006770211071,0.02208480565,0.005174644243,-0.07782215271,-0.01004604437,0.01946169772,0.00402792696,-0.01679389313,0.01836734694,0.0249332146,0.02459016393,-0.005671460401,0.003270111184,-0.09570623103,0.02421875,-0.004743833017,0.02137767221,0.02463343109,-0.01492537313,-0.1437288136,0.004780876494,0.03449310138,0.01756198347,-0.008107155446,0.009184109355,0.0005443658138,-0.05782561745,0.00286259542,-0.02802359882,0.01924076963,0.009584664537,-0.007617728532,-0.03407821229,0.01792196007,0,-0.02948829141,0.05917402918,-0.07096331848,0.0146460537,0.01091617934,0.004910385465,0.01170643854,0.009158557527,0.009532062392,-0.02082275267,-0.07220573689,0.003115264798,0.02189349112,0.1227613155,-0.008419083255,-0.008299418401
-0.008119079838,0.001438096483,0.01784386617,0.03934740883,0.0410502188,0.01895294897,-0.01226993865,-0.02750764101,-0.0156381571,0.02689810521,0.02211741747,0.01705468327,0.05535443186,0.007189318726,0.002006880734,0.01436750567,0.006903353057,-0.01452974671,0.01946721311,0.01236476043,0.03380024361,-0.003674881107,0.02611940299,0.006254343294,-0.01575413223,0.020561148,0.02987861811,0.03193430657,0.006431581282,0.0382387022,0.005050794105,0.07739620707,0.0292702486,0.009507346586,0.01544401544,0.0342373446,-0.01987315011,0.02761982128,0.009895694036,0.01449275362,0.01843687375,0.003475238923,-0.0115862069,0.05011203911,0.03780964798,-0.0553157474,0.01830663616,0.01954242135,0.01162790698,0.01602747567,-0.2382154882,0.04829770388,0.004758128469,0.03421281531,0.03147208122,0.0486851457,0.0455026455,-0.01686615887,0.05114553678,0.03139866794,0.0284522003,0.01887755102,0.02215189873,0.06117701791,0.01792943898,0.01136616893,0.02988987939,0.01429848079,0.01648884578,0.07121771218,0.0376904571,0.007327419977,0.00757390667,0.009345794393,0.0555870675,-0.00686695279,-0.008298755187,0.06396588486,0.0248447205,0.01997683845,0.01450116009,0.01226415094,0.03184115116
-0.01870980316,-0.002610966057,0.02045288532,-0.00784856879,0.005804643715,0.01001560874,0.01280263658,-0.02057142857,0.01576438959,-0.03225806452,0.000477326969,-0.005057226511,0.02600420494,-0.02277362339,0.0005722460658,-0.01682641108,-0.001958863859,-0.05937437737,-0.06673366834,-0.0134351145,0.01148748159,0.05988283793,-0.01545454545,0.01933701657,-0.03463657833,0.01909758657,-0.00725294651,-0.09283819629,-0.02181577788,0.009486607143,-0.03307091098,-0.01807802093,0.02298402805,-0.008561643836,-0.03738910013,0.01244509517,-0.0198446937,0.01106719368,0.01721398305,-0.01428571429,0.00196772924,-0.04329004329,-0.007814680435,0.008729388943,0.001256281407,-0.07886275173,0.001498127341,-0.006077606358,0.002298850575,-0.03492957746,-0.04806629834,0.0083081571,0.0134175217,0.00784973367,-0.03149606299,0.01050491359,-0.01234817814,0.03486441616,0.01362394625,0.0009225092251,-0.01475470306,-0.0150225338,-0.05572755418,0.0149057431,-0.03238636364,-0.05156456589,0.00916496945,-0.08017621145,0.001908396947,0.006889424733,-0.02472952087,0.001531393568,0.01794374394,-0.01278659612,0.03600214938,-0.01037165082,0.0219665272,0.02404809619,0.001515151515,-0.02128867443,-0.006003430532,0.02143522833,0.008157846445
0.04786494538,-0.01230366492,-0.0211166786,-0.002093997208,-0.01671641791,-0.01455247907,-0.007509386733,-0.004084014002,0.0006015399423,-0.02666666667,-0.01622137405,-0.001872659176,-0.006686798965,-0.02017391304,-0.01229625393,-0.0294627383,0.01406607785,-0.00847278119,-0.01313805729,-0.01083255958,-0.007280139779,-0.03991811668,-0.02308402585,0.009485094851,-0.02935580321,0.001235584843,-0.01917808219,-0.07173489279,-0.006082451002,0.006080707573,-0.1428003534,0.02519379845,0.01637471439,-0.002590673575,-0.03291639236,0.01012292119,-0.04709507042,0.00977326036,-0.009372559229,-0.002587991718,0.008641005499,-0.01176470588,-0.004219409283,0.03269230769,-0.01254705144,-0.051993386,-0.04412864622,-0.05174035748,-0.05676605505,0.04144775248,-0.04643064423,0.02921348315,-0.01479750779,-0.01835883171,-0.05538617886,0.0114017438,-0.04119696659,-0.003743315508,-0.009986158182,-0.0009216589862,0.02321228004,-0.04829689883,-0.06393442623,0.002159827214,-0.03816793893,-0.08619888476,-0.09889001009,-0.02394636015,0.02,-0.002736914129,-0.05784469097,-0.02102446483,0.02453549309,-0.04957570344,-0.01037344398,0.02969432314,0.01893551689,-0.005870841487,-0.06323751891,-0.05858468677,0.0284728214,0,0.00800656037
-0.03089461713,-0.008481314604,-0.03912248629,0.03170902308,-0.02894150982,-0.03646105593,0.01298865069,-0.06971294669,0.02392689672,-0.004383561644,0.004849660524,-0.009916912356,0.04125950054,-0.02094426695,0.0390851187,0.01796875,-0.05161290323,-0.0412305063,-0.03055434308,-0.03504380476,-0.001173364623,-0.04157782516,-0.02646502836,-0.01006711409,-0.0691683002,-0.003496503497,-0.008379888268,-0.07843343133,0.05326382593,-0.02087912088,-0.05869016334,-0.01606805293,-0.01611090296,-0.006926406926,-0.02110279101,-0.2440944882,-0.03648960739,-0.03329461866,-0.05755584757,-0.01401141671,0.03154205607,-0.02014652015,-0.04378531073,-0.052141527,-0.01842439644,-0.1201550388,-0.03755868545,-0.0496031746,-0.003039513678,-0.0005605381166,-0.06877662812,-0.08806404658,-0.05138339921,-0.04137149334,-0.01775147929,-0.04310344828,-0.05964087217,-0.00590445518,-0.07447550133,-0.006457564576,-0.1101353824,0.004273504274,-0.01576182137,-0.01443965517,-0.06166056166,0.02415458937,0.01287793953,-0.06712463199,0.07096171802,-0.02778730703,-0.01682085786,0.0007809449434,0.01511276447,0.009398496241,-0.008385744235,0.001696352841,-0.04570567554,-0.0250984252,-0.008720930233,-0.02341343192,0.0008389261745,0.003649635036,0.0524959565
0.04615685508,0.03421545041,0.02321156773,0.004293785311,0.03272196749,0.03282246033,0.0008714054525,0.03337531486,0.05354626585,-0.01238304898,0.01705276705,0.03573362209,0.02335766423,0.03372008702,-0.008916132627,0.03212367065,0.03163265306,-0.01715686275,0.02656461054,-0.01297016861,0.01908957416,0.04538375973,0.04563106796,0.02237288136,-0.006618531889,0.04437564499,0.0441314554,-0.007291785348,0.06950720895,0.07575757576,0.02182322458,0.04130643612,0.02056359482,0.01918047079,0.006954102921,0.07765151515,0.01773729626,0.0412494994,0.05131065254,0.05789473684,-0.00906002265,0.04299065421,0.01949778434,-0.0009823182711,0.005177993528,-0.02830396476,-0.00487804878,0.08246346555,0.01097560976,-0.07683679192,0.06732026144,0.003990422985,0.03666666667,0.02837718002,-0.00547645126,0.02217602218,0.01091157081,0.02159827214,0.154233608,0.04921077066,0.02631578947,0.03617021277,0.01957295374,0.01858736059,-0.009108653221,-0.01787487587,0.009950248756,0.04397222807,0.02789886661,0.06104446013,0.03592814371,0.007023019899,-0.01969766377,0.0270018622,0.03488372093,0.03471634208,0.04105263158,0.0681474003,-0.0003258390355,0.01892744479,0.01536742107,0.03090909091,0.05034286775
-0.01009534492,-0.0002584647196,0.008181480104,0.009225922592,0.0141271443,0.01181877873,0.002860696517,0.006703229738,0.003678109675,0.01643911953,-0.01455235685,-0.001568217459,0.01171795394,-0.005962820063,0.008715209446,-0.01657106437,0.01516650181,0.01201541601,-0.03135964912,-0.006570302234,0.02190201729,-0.01127899553,0.07149489322,0.01790450928,0.0127195639,0.01086956522,-0.005395683453,-0.08538964765,0.03923541247,0.01982263954,-0.005,0.036900369,0.01305970149,0.0248075278,-0.009668508287,0.06590509666,0.02731983043,0.01923076923,0.02228116711,0.06567164179,0.03238095238,0.008064516129,0.02405099971,-0.01179941003,0.0199613651,-0.07367108693,0.005718954248,0.007714561234,0.006031363088,0.0042527339,0.01163502756,-0.01033386328,0.02250803859,-0.004024144869,0.0545154185,0.01559322034,0.02271194063,0.01479915433,0.02759397592,0.03805309735,0.01682692308,-0.007700205339,0.04886561955,0.04057535423,0.001313197636,0.02173913043,0.06513409962,0.02277307537,0.01272264631,-0.0006651147323,0.008257638315,0.09531189461,0.02780373832,0.02085222121,0.03779366701,0.02045826514,0.02780586451,0.03497164461,0.04661016949,0.001547987616,-0.01706108971,0.02204585538,0.008259532971
-0.0149197356,-0.008402275078,-0.0236075249,-0.02787068004,-0.02865671642,-0.09772874757,-0.0003720699492,-0.075968523,-0.004219877846,-0.006578947368,0.01123595506,-0.00497382199,-0.03212810958,0.006351446718,-0.008361204013,-0.01393389501,-0.01006820396,0.02150537634,-0.06452343219,-0.00958994709,0.001128031585,-0.03034868704,0.009532062392,0.000651465798,-0.06100478469,-0.001955034213,-0.002712477396,-0.03977914418,-0.01548886738,0.009207161125,-0.0592246949,-0.01957295374,-0.01141804788,-0.004173622705,0.009065550907,0.006595218467,-0.05089408528,-0.001509433962,0.01530877011,-0.03734827264,-0.00258302583,-0.008,-0.02348613469,-0.01532338308,-0.01073232323,-0.09702679555,-0.0105605199,-0.04019138756,-0.02517985612,0.03145795523,-0.05750605327,-0.02329317269,-0.03301886792,0.008946608947,0.02924281984,-0.02870493992,0.005496921724,-0.0015625,-0.04628762399,0.04688832055,-0.04767533491,-0.0160372478,0.02579034942,-0.0008252527336,-0.04459016393,0.04329539832,0.02569373073,-0.05832512315,-0.01423785595,-0.01164725458,0,0.01414927485,-0.001591270743,-0.02975133215,-0.01181102362,-0.016840417,-0.003443187408,-0.03835616438,0.1211460604,-0.03183925811,0.01035834267,0.0008628127696,0.04015239454
-0.05262653374,-0.06400730022,-0.03286739705,-0.06536697248,-0.07518951035,-0.05264672037,-0.006203473945,-0.06452669505,-0.04416192707,-0.05242825607,-0.03365079365,-0.05498553012,-0.04921956296,-0.04628330996,-0.04440697021,-0.02048417132,-0.05544619423,-0.08289473684,-0.105517909,-0.05642737896,-0.05690140845,-0.0923418424,-0.04806866953,-0.044921875,-0.08885350318,-0.05582761998,-0.03082502267,-0.125326712,-0.04936086529,-0.04967055246,-0.09156810378,-0.055353902,-0.0566318927,-0.04694048617,-0.02764340014,-0.1195741196,0.005314009662,-0.0604686319,-0.06644518272,-0.05383123181,-0.0329263781,-0.05017921147,-0.07331208345,-0.079021827,-0.0650925335,-0.2390243902,-0.06403940887,-0.2133599202,-0.06273062731,-0.03284457478,-0.1072575466,-0.07976973684,-0.06910569106,-0.01744851259,-0.03450025368,-0.07972508591,-0.04614038924,-0.0584246218,-0.06595094877,-0.05618892508,-0.01985932975,-0.02891692955,-0.03487429035,-0.04088374974,-0.0377487989,-0.04149869576,-0.03106212425,-0.1372672107,-0.03738317757,-0.05589225589,-0.04586404586,-0.07185211022,-0.06079234973,-0.0347826087,-0.07669322709,-0.04730831974,-0.04935834156,0.02279202279,-0.02194444444,-0.03735632184,-0.09282349681,0.02155172414,-0.0294599332
0.06668015785,0.01880222841,0.040234375,0.03018404908,0.03234381923,0.0179167932,0.006242197253,0.01575630252,0.01820091005,0.0330518346,0.002956636005,0.005011135857,-0.003940024078,0.02775735294,0.02205882353,0.02404383807,0.02987148315,0.03491152559,0.008116883117,0.04281670205,-0.03345280765,0.07067742724,0.02795311091,0.02999318337,0.01572876617,0.04668049793,0.01777362021,0.07082025997,0.02068680182,0.01866666667,0.1528769425,-0.01633045149,0.03949447077,0.02286719437,0.052594172,0.05953488372,0.01009130226,0.07642799678,-0.005201204489,0.008713480267,0.03863810252,0.07830188679,0.01969981238,-0.01777485188,-0.01433447099,-0.001068376068,0.01842105263,0.0937896071,0.01902887139,0.03517283202,0.07769784173,0.06523681859,0.02707423581,0.08355167394,0.02154492906,0.08215085885,0.007336084365,0.01108033241,0.03212766635,0.01725625539,0.09582102153,-0.001082837033,0.01680672269,0.04198062433,0.05278174037,0.006432459179,0.01034126163,0.03128789716,-0.02206531333,0.05420827389,0.01802575107,0.01691093574,0.0383030303,0.01280227596,0.04153182309,0.02654109589,0.009345794393,0.01671309192,0.01079238853,0.03648424544,-0.003665241295,0.004219409283,0.04442197452
0.02693985961,0.03376623377,0.03342095381,0.03215817056,0.02961373391,0.09173627685,0.0111662531,0.08307480179,0.0404491807,0.03594080338,0.01965280052,0.02853185596,0.02637072849,0.03416204615,0.01971223022,0.02107677187,0.03878583474,0.02449168207,0.07702630166,0.03427214116,0.03182941904,0.0527638191,0.01754385965,0.01786896095,0.03854094976,0.02874132805,0.01011029412,0.08343797963,0.007904337252,0.01884816754,0.07285974499,0.013671875,0.02317629179,0.01461736887,0.03511141121,0.0447761194,0.03805899144,0.009715994021,0.01320858558,0.03963414634,0.01289134438,0.02624671916,0.01103955842,0.01295799821,-0.005540166205,0.1695187166,0.02153316107,0.0527230591,0.02189311011,0.00820152314,0.02536715621,0.01426174497,0.03996598639,0.02095647501,0.01491769547,0.02173913043,0.01046882112,0.02465753425,0.03881786857,0.01102629347,0.02619414484,0.01517615176,0.01818181818,0.02830578512,0.05013550136,0.04105211406,0.009211873081,0.08795860771,0.01444043321,0.03247631935,0.02023608769,0.0310421286,0.006070511324,0.01825842697,0.03158984982,0.01584653878,0.01594650206,0.01552511416,0.01517280135,0.03136,0.01134273452,0.01260504202,0.0001650366528
-0.03861075189,-0.02525786829,-0.00835755814,-0.003000230787,-0.02959566486,-0.05028009291,-0.00490797546,-0.02100572884,-0.01365638767,-0.02897959184,-0.0183103116,-0.02127659574,-0.01530885344,-0.02421307506,-0.003104275434,-0.009732620321,-0.05357142857,-0.03360396933,-0.05183154747,-0.03707349081,-0.01886792453,-0.03384682144,-0.02068965517,-0.01300390117,-0.05732273028,-0.04123314066,-0.01091901729,-0.05215711526,-0.007641262819,-0.01490236382,-0.08030560272,-0.03275529865,-0.03787597475,-0.008474576271,-0.01826484018,-0.05882352941,-0.02795600367,-0.02109548483,-0.025801195,-0.03225806452,-0.01890909091,-0.003410059676,-0.02365787079,-0.03992059991,0.00139275766,-0.1530254534,-0.01686340641,-0.07870115575,-0.02898550725,0.009296920395,-0.06184895833,-0.0570719603,-0.03270645953,0.001578947368,0.009123162696,-0.03242147923,-0.03265765766,-0.01550802139,-0.03810652294,-0.009228187919,-0.04166666667,-0.003737319808,-0.001623376623,-0.01004621258,-0.05483870968,0.001889020071,0.01064908722,-0.03653264159,-0.0231316726,-0.03473132372,-0.01900826446,-0.01505376344,-0.04850313298,-0.01103448276,-0.01907630522,-0.009031198686,-0.01974683544,-0.02877697842,-0.0005535566012,-0.03443996277,-0.02667474992,-0.007468879668,0.02317588281
-0.04342813221,-0.01003934337,-0.01245877611,0.02222222222,-0.0412371134,-0.05610703496,-0.001233045623,-0.1189856957,-0.04968736043,-0.03418803419,-0.02208769634,-0.006329113924,0.006740595782,-0.02056008508,-0.005944798301,0.01630845664,-0.06449399657,-0.06791131855,-0.1080157687,-0.04463373083,-0.07326007326,-0.1185717494,-0.00264084507,-0.04281949934,0.02249560633,-0.04803054662,-0.0009199632015,-0.1357336957,0.06686930091,-0.03599374022,-0.06479601255,-0.05079681275,-0.05519104593,-0.008547008547,-0.01993355482,-0.01428571429,-0.02781706742,-0.04196597353,-0.04544187343,-0.04848484848,-0.01371386212,-0.02651839179,0.02702702703,-0.02871582816,-0.05632823366,-0.1705956451,-0.04116638079,-0.07048984468,-0.03828682674,-0.01093839954,-0.05274115198,-0.04912280702,-0.02282333052,0.008145034157,0,-0.07609075044,-0.02235157159,-0.00597501358,-0.04232313871,-0.004233700254,-0.04700352526,0.003751339764,-0.03333333333,-0.05845341993,0.03959044369,0.02545368843,-0.02207727045,-0.130132376,-0.02641165756,-0.05397148676,-0.02695871946,-0.02147016012,-0.008780487805,-0.009762900976,-0.07164790174,0.003314001657,-0.003099173554,-0.05555555556,-0.02021600665,-0.04498714653,-0.003425724073,0.001672240803,0.01954195946
-0.03635998393,-0.01000411128,0.0133580705,-0.03328804348,-0.04547491039,0.03795153178,0.01802469136,-0.01291512915,-0.01057455058,-0.0721021326,0.004684624394,-0.01440044309,-0.00777537797,0.02895403547,0.01608999003,-0.01594048884,-0.01246791346,-0.06034051077,-0.03800824985,-0.07203994294,-0.01119894598,0.08280254777,0.008826125331,-0.02271163111,0.1106909591,-0.02237703188,-0.04972375691,-0.04291778022,-0.03323836657,-0.05140692641,-0.03454401895,-0.004197271773,-0.02369281046,-0.01379310345,-0.04203389831,-0.02445652174,-0.004849660524,-0.03867403315,-0.03767523364,-0.01008492569,-0.03231867719,-0.03075571178,-0.009376890502,-0.01324503311,-0.02063375092,0.009546539379,-0.04472271914,-0.02442159383,-0.03913630229,-0.0681024447,0.01391941392,0.03413284133,-0.01730103806,-0.04717227,-0.05374183827,-0.04684548546,-0.07120743034,-0.03825136612,-0.03467741935,-0.05612244898,-0.01561857789,-0.03310197544,-0.04709840202,-0.0469928864,0.04858831254,0.004826476672,-0.07747562853,-0.09724013412,-0.06361085126,0.01004664514,-0.01558441558,-0.01264410562,-0.01820866142,-0.02769953052,-0.008269018743,-0.01899256813,-0.06528497409,-0.06862745098,-0.03052572075,-0.03095558546,-0.0928125,0.01001669449,-0.02386465438
-0.01302897644,0.01245847176,0.02526547052,0.02365893652,0.02229523586,0.02834067548,0.01612903226,0.04822429907,0.05462534141,-0.01282051282,0.02314737719,0.03484124754,0.02525032651,0.03781217024,0.005044843049,0.02192224622,-0.03416264389,-0.03090860645,-0.01439509954,-0.03420445811,0.006329113924,-0.0007058823529,-0.01837270341,0.03028169014,-0.03621169916,0.001943424746,0.01744186047,0.05091984231,-0.02593320236,0.05476326298,-0.0223880597,0.06427818757,-0.0179916318,0.03933566434,-0.01981599434,0.01021355617,0.004873294347,0.009031198686,0.03975720789,-0.01340482574,0.02097087379,0.02538531278,-0.01099236641,0.001438159156,0.02332580888,-0.02600472813,0.02434456929,0.01910408432,0.03230337079,0.01873828857,0.09320809249,0.05084745763,0.02552816901,-0.01531728665,0.03397027601,0.04676971859,0.007435897436,0.02443181818,0.01879699248,0.02342342342,-0.03298538622,0.01987852015,0.02118270079,0.05654829224,0.001878522229,0.05123513266,0.02169076752,0.03771428571,0.01598401598,0.01243339254,0.007915567282,0.04708097928,0.005012531328,0.0280057943,0.01056142301,0.02946127946,-0.008314855876,0.02105263158,0.03411078717,0.021875,0.004822597313,0.004958677686,0.07765455135
0.02312810223,0.05660377358,0.02464285714,0.03180778032,0.00987144169,0.04797943738,0.00119345984,0.06990014265,0.01430019142,0.01662971175,0.02067057292,0.03746945425,0.04925690021,0.04100999831,0.06051310653,0.0458628342,0.01999231065,0.005224085785,0.05407085146,-0.008754476721,0.04270109235,-0.0765246056,0.06862745098,0.03622693096,0.1030828516,0.02478448276,0.04476190476,0.05986245702,0.02662363856,0,-0.03795879954,0.0009900990099,0.02300809544,0.03280067283,0.03393501805,0.02022058824,-0.005334626576,0.001220504475,0.007297139521,-0.0125,0.02890833016,0.01945181256,0.001852423588,0.01675442796,0.01176470588,0.2093998235,0.01005484461,0.07950872657,0.01836734694,-0.01839362354,0.04296100463,0.009337860781,-0.005150214592,-0.02361111111,0.06108829569,0.02234002272,0.03105115806,0.03605102607,0.009840098401,0.1012323944,0.05613126079,0.04710341094,0.05617977528,0.02012417041,0.090625,0.09769364665,0.06260206859,0.02973568282,0.05506391347,-0.02421052632,0.02617801047,0.005755395683,0.03840399002,0.03851573509,0.04070407041,0.0482420278,0.01732811627,-0.07886597938,-0.005920496194,0.01155283724,0.01679808022,-0.01398026316,0.1106351933
-0.09485962015,-0.03442028986,-0.05019170443,-0.1119982258,-0.07956353717,-0.06281509742,-0.01537727977,0.01433333333,-0.1327708703,-0.07524536532,-0.04480944028,-0.06725987961,-0.07972480777,-0.04297574475,-0.0719169077,-0.04051732848,-0.1243874859,-0.1033916849,0.0852004717,-0.0738659173,-0.03333333333,-0.1081081081,-0.006672226856,-0.117414248,0.004949053857,-0.1297581493,-0.1084776664,0.0433564371,-0.0815324165,-0.1146565711,-0.07173913043,-0.0900098912,-0.1545189504,-0.08306188925,-0.04888268156,-0.07207207207,-0.06435884934,-0.1072734661,-0.06403940887,-0.05118326912,-0.123844732,-0.0841283608,-0.03020030817,-0.04166666667,-0.06540697674,0.3723773034,-0.0778280543,-0.06526946108,-0.09285237141,-0.08244846971,-0.02661596958,0.009251471825,-0.08886971527,-0.1587482219,-0.1006289308,-0.1092592593,-0.09824734633,-0.04871520343,-0.07551766139,-0.08153477218,-0.006950122649,-0.06153050672,-0.09983633388,-0.1099685205,-0.004584527221,0.189296333,-0.1275614754,0.2122994652,-0.1092264678,-0.07766990291,-0.06632653061,-0.02789699571,-0.08477425552,-0.05970149254,-0.121564482,-0.08268330733,-0.07252747253,-0.0733072188,-0.1125921724,-0.05643265032,-0.07147673635,-0.02085070892,-0.1349712812
0.01813205611,0.01179308496,0.03559633028,0.0462037962,0.01827611756,-0.03227682466,0.001937046005,0.01248767663,0.06272401434,0.008086253369,0.06360601002,0.01515151515,0.001429199648,0.02466405851,0.02918260377,0.003159224937,0.02798105898,-0.019219036,0.005704971475,0.06762028609,0.02430213465,0.08547741567,0.01175482788,0.07025411061,0.0359212051,0.03455775737,0.01738241309,-0.01964664311,0.03037433155,0.05314599878,0.06100702576,-0.02934782609,0.04482758621,0.03197158082,0.003671071953,0.1941747573,0.00260552371,0.06144742831,0.08513931889,0.04060324826,0.02742616034,0.03693181818,0.05243088656,0.04347826087,0.06687402799,0.04506780112,0.004906771344,0.06213965407,-0.000736377025,0.02654867257,0.01302083333,0.0075,0.03409090909,0.06493067298,0.03711672942,0.007484407484,0.03722967424,0.03263927968,0.01712779974,-0.01392515231,0.01770275834,0.0132231405,0.004545454545,0.03065314784,0.02763385147,0.005,0.007633587786,-0.02337891487,0.1268047709,0.0350877193,0.01912568306,0.003311258278,0.04329572291,0.01539201539,0.02888086643,0.09608843537,0.04265402844,-0.007850241546,0.01022690956,0.008187967248,0.1281771968,0.01533219761,-0.04006410256
-0.001120071685,0.02344370861,-0.01381998583,0.02960133683,0.02740722775,0.07166466346,0.009062348961,0.04803635183,-0.001927246447,0.05481283422,0.03311881965,0.02763957988,0.02634756834,0.02324037185,0.0246386786,0.02351459164,0.04983249581,0.02737169518,0.1080497029,-0.004466098254,0.05642834242,0.02185936265,0.03319502075,0.03910614525,0.03271812081,0.01424900724,0.02814070352,0.1461937716,0.0587502595,0.05394431555,-0.03697163668,0.05767077268,0.06176331919,0.05938037866,0.03877103146,0.07073170732,0.1237006237,-0.008147512864,0.04022824536,0.02898550725,0.03737166324,0.0602739726,-0.00211352657,0.004708097928,-0.003644314869,0.2307594454,-0.0107421875,0.0687575392,-0.01105379514,0.02453580902,0.05269922879,0.06617038875,0.0173992674,0.08510638298,0.02334024896,0.03301692117,0.02744787543,0.03978201635,0.0902417962,0.02471315093,0.03236245955,0.03371397499,0.01357466063,0.007092198582,0.03585434174,0.05638474295,0.01981351981,0.168699187,0.04921077066,0.08813559322,0.001787310098,0.06930693069,0.03848088531,0.03315963998,0.0514619883,0.04344453064,0.007386363636,0.06999391357,0.01328693451,0.01942090395,0.02961055681,0.01677852349,0.1485809683
0.03083651043,0.01604762521,0.00574919152,0.01878043125,0.03423040604,-0.01458012057,0.0005987306909,0.01889129762,-0.008689355539,0.1470215463,-0.003342449104,0,0.04075302171,0.003244646334,0.0001343363783,-0.01179487179,0.003191065018,0.04178019982,-0.07167235495,-0.08686786297,0.03368740516,-0.02371134021,0.01686746988,0.02352150538,-0.02301651774,0.009212344542,0.01955034213,-0.08427672956,0.005882352941,0.01485965878,-0.01340820536,0.05452620434,0.007992895204,0.008935824533,-0.02464788732,0.03113135915,-0.03792784459,0.1578037181,0.01645639057,-0.008667388949,-0.01583531275,0.01033591731,0.01149773071,-0.003748828491,-0.01024140454,-0.007235142119,-0.003948667325,-0.03893905192,-0.01788375559,-0.02524271845,0.04884004884,0.02404965089,-0.09810981098,0.0471173544,0.1069437405,0.04514582501,0.007192396609,0.01310272537,0.01267326733,0.02756244617,-0.003134796238,-0.02630194634,0.05357142857,-0.01022262608,0.07625743645,0.0180533752,0.064,-0.04541062802,-0.001769911504,-0.04811353409,-0.01962533452,0.002057613169,0.05425042383,-0.02063273728,-0.04560622914,0.02156133829,0.01071630006,0.05119453925,0.01436153606,0.03983373744,0.01562988434,0.008250825083,0.04651162791
-0.02023278582,0.02114380334,-0.01750625223,-0.006372325899,-0.002054325496,0.04011950491,0.008975586405,0.01975683891,-0.02203554906,0.004834254144,-0.01890243902,0,-0.04275436793,-0.001617076326,-0.01665547347,-0.02387130254,0.05487077535,0.009590235397,0.174894958,0.02858418937,-0.01849677041,-0.00580781415,-0.03633491311,0.01641497045,0.06319290466,0.05408489274,-0.02780441035,0.2332417582,-0.02436647173,0.03091106291,0.1191776048,0.01004016064,0.04581497797,-0.01449275362,0.03249097473,0.06259204713,0.08461538462,0.05899925317,0.03669724771,0.03825136612,-0.05913113435,-0.02983802217,0.03140891415,-0.003998118532,-0.0310421286,0.3078604893,0.03171456888,0.1280093952,0.02276176024,0.01792828685,0.009313154831,0.03863636364,0.01696606786,-0.0441587479,-0.086996337,0.01337920489,-0.05075235909,0.009829280911,0.02111849824,0.0008382229673,0.06328616352,-0.01836844949,-0.06610169492,-0.0105577232,0.05226130653,-0.01079414032,-0.05531686359,0.1993927126,0.001773049645,0.05709090909,-0.001819836215,0.06502395619,0.009878244889,-0.02247191011,0.03496503497,0.003639010189,0.001674107143,-0.0303030303,-0.06802092952,-0.004996668887,-0.01569713758,0.008183306056,-0.1092592593
0.004885089375,0.02307596358,0.02545454545,0.00595510765,0.005946935041,-0.05498563808,0.00343968687,-0.001192250373,0.008838541018,-0.0335395189,0.031230578,0.01613770845,-0.007945028989,0.007612568837,0.02499658517,0.02870813397,0.01470033924,-0.06016119747,-0.1052749218,0.003907946157,0.008076577924,0.01699415826,-0.004098360656,0.01744186047,0.007038581856,0.04503139208,0.002958579882,-0.09088883939,-0.005994005994,0.02840610205,0.003736377789,-0.01689860835,0.02611625948,0.02532679739,0.02797202797,-0.05544005544,0.008421985816,0.02256699577,-0.008328995315,0.005263157895,0.02265925609,-0.01054481547,0.01653132251,-0.0347107438,0.02059496568,-0.1299156185,0.03362151777,-0.01613742842,0.03709198813,0.007175472929,0.01211072664,0.01969365427,0.02453385672,0.01666666667,0.02006018054,0.01961523953,0.05642127888,0.01946721311,-0.0126388357,-0.001675041876,0.03733826248,-0.004953219593,0.00998185118,-0.0002319647414,-0.04727793696,-0.03351519875,0.04036384309,-0.09282700422,0.03716814159,-0.02304781562,0.05195989061,-0.004820051414,0.02752502275,-0.01149425287,0.01745495495,0.001450326323,-0.003342618384,-0.09040178571,0.02377807133,0.03983930365,-0.06191369606,0.003246753247,-0.04833679834
-0.007844437079,-0.03048037064,-0.01808510638,-0.01206739526,0.0193269668,0.03111883051,0.001063829787,0.01760668457,-0.03714215202,-0.007395818518,0.001356034353,-0.01138168343,-0.0275974026,-0.003375663077,0.01146055437,0.01250645995,0.01820208024,-0.01684532925,0.006245316013,0.01859861592,0.01216617211,0.003133159269,0.008230452675,0.005714285714,0.02226249029,-0.01553760099,-0.0009832841691,0.004043126685,0.0002010050251,-0.01381074169,0.01034019233,0.02022244692,-0.0119047619,0.005577689243,-0.001360544218,0.03081438004,-0.003076923077,-0.02655172414,0.01417322835,-0.01518324607,0.007107023411,-0.009769094139,0,0.00831702544,-0.007473841555,0.0054894785,0.02044609665,0.02169312169,0.01001430615,-0.02784974093,0.03247863248,-0.03862660944,0.002873563218,0.01006614898,0.02212389381,0.008139104698,0.004069175992,-0.007035175879,0.008145849496,0.02684563758,-0.01461154669,0.01935840708,0.02156334232,0.0162412993,0.00350877193,0.03790322581,0.0218579235,-0.07776744186,0.004266211604,0.01795774648,-0.003466204506,0.005166289958,0.0371928271,0.04748062016,0.0409518539,-0.007241129616,0.005589714925,0.07055214724,0.02935483871,0.02833226014,-0.013,0.009708737864,-0.01419989077
-0.02383073497,0.004904426559,0.003611412062,0.006453099793,0.01070711577,-0.008001122965,0.003896563939,-0.009677419355,0.001409714212,-0.02493193867,0.007372855853,0.0008032128514,-0.03628269338,0.01322580645,-0.006587615283,0.001224989792,-0.06931776724,-0.0492211838,-0.03798411122,-0.05053078556,-0.04280269716,0.01119208745,-0.0106122449,0.007575757576,-0.03874398582,-0.04124579125,0,-0.05015253203,0.001808681672,0.01037344398,-0.09824992324,-0.006937561943,-0.03988367262,0.0118858954,-0.005449591281,-0.03416370107,-0.0119047619,0.003188097768,0.004917184265,-0.006379585327,-0.01328352013,0.003587443946,0.06333808845,-0.04779233382,-0.1483433735,-0.08862602366,-0.03278688525,-0.006214396686,-0.02549575071,0,-0.02538631347,-0.01785714286,-0.01241642789,0.001423690205,-0.000962000962,-0.02422018349,-0.01266464032,-0.0005060728745,0.03462870335,0.007352941176,-0.003254972875,-0.002712967987,-0.01231310466,-0.04680365297,-0.000999000999,-0.01165501166,-0.001069518717,-0.05305628404,0.02633814783,-0.02040816327,-0.02434782609,0.002891101831,-0.002774813234,-0.01017576318,-0.03242955875,0.003646973012,-0.01889938855,-0.05444126074,0.0003133813851,-0.02817783344,-0.001013171226,0.005608974359,0.03047091413
-0.01733972165,0.02565386059,0.02734796689,0.006182734142,0.009048775105,-0.02447997736,-0.00223476829,0.001776724904,0.01638085488,0.00396767083,0.005825242718,0.01257356875,0.01316549255,0.011779688,0.01923076923,0.005097879282,0.01176009408,-0.01539973788,0.01961290323,-0.03354203936,0.03920367534,0.08108108108,0.02805280528,0.0350877193,0.005795574289,-0.02502194908,-0.003937007874,-0.01117677287,0.006018054162,0.01437371663,0.02610373397,0.02594810379,0.002596278667,0.01957713391,0.02123287671,-0.02800294768,0.01160196341,-0.01483050847,0.01957249549,0.02407704655,0.02524190156,0.04289544236,0.009122618728,0.04560509554,-0.06100795756,0.09325079872,0.0329566855,0,0.01090116279,0.01798800799,-0.02378255946,-0.007575757576,0.0164410058,0.07534830822,0.01444390948,-0.006769462204,0.006926629041,0.02025316456,0.006693938267,0.02108678021,0.00435413643,-0.006528835691,0.009795191451,0.01341317365,0.0055,-0.02437106918,0.02194860814,-0.05368555603,0.0298013245,0.006355932203,0.02941176471,0.02242152466,0.01134417808,0.01028037383,-0.003846153846,0.01962209302,0.02209631728,0.02424242424,0.002819548872,0.00837628866,0.00338066261,0.007171314741,0.04946236559
-0.02948688182,0.0224499756,0.03082311734,0.03550295858,-0.01093613298,0.01639106469,-0.005776258399,0.02896837127,0.04419541677,-0.03542154567,0.006534006534,0.01030383091,-0.002735666249,0.01903713027,0.001951854262,0.0149117468,0.01549786904,0.002995008319,0.006074411541,-0.02128644146,-0.007368110816,0.0119047619,0.01444622793,-0.007869249395,-0.001833420639,-0.03489419181,0.005928853755,-0.01195270885,-0.006779661017,0.0237854251,-0.01880322973,0.01750972763,0.009063444109,0.00153609831,0.01006036217,0.01137225171,0.02470224967,0.01362007168,-0.002273301339,0.01097178683,-0.02174805088,0.006855184233,0.004520074448,0.08235867446,0.0395480226,-0.0005479452055,0.02187784868,-0.03699843669,0.01797268152,-0.04842931937,-0.03248259861,-0.0106870229,-0.013320647,-0.004759386568,-0.02040816327,-0.05338886785,-0.0323566879,0.01786600496,0.004802364241,0.0007942811755,0.04226878613,0.04874041621,-0.03527336861,-0.00259985819,0.001491795127,0.06929895246,-0.02462022001,-0.0236380009,0.008038585209,-0.009824561404,0.02164502165,0.0119047619,-0.005079365079,0.03561517114,-0.02371759515,0.01211689237,0.01219512195,-0.005917159763,-0.02405498282,0.009265175719,-0.007412398922,-0.02294303797,-0.01793032787
