0.01580722395,-0.06454918033,0.09565916399,0.07139987054,0.02324580284,0.01250171031,-0.02103154732,-0.02444323737,-0.002164862614,0.01397058824,0.02306296968,-0.01964701965,0.03957578893,0.005797975141,0.01138674258,0.07573756055,-0.02731788079,0.003233629749,0.01175250605,0.03409823385,0.03288742086,0.1079404467,0.006448190133,0.0374010374,0.01319332256,0.04459861249,0.04327438903,0.05526021521,0.06306639541,0.003875968992,0.1874737032,0.001784917448,0.008610662359,0.1395348837,0.02379499695,0.03215329652,0.0219845514,0.01428571429,0.04082383229,0.04561717352,0.06863157895,0.03966244726,0.03028620463,0.03555219365,0.04677754678,-0.003280644199,0.1294416244,-0.03920061491,-0.007941032741,0.01349527665,0.03344779874,-0.004702864472,0.03794871795,0.05332182916,0.07005649718,0.1447028424,0.03535528596,0.02543443918,0.04426481909,0.01422594142,0.01756311745,-0.006077348066,0.05048746518,0.02973661852,0.006814026924,0.07832999418,0.05512249443,-0.02502818489,0.04679029957,0.05233219568,0.02406857896,0.007331762241,0.05964653903,-0.03883715648,0.09651934967,0.04879938033,0.09193717897,0.02780395853,0.0694239291,-0.007407407407,0.03412927502,0.02153689392
0.1106014142,-0.02701715955,-0.06945463438,-0.1069400928,0.01388304586,0.02502502503,-0.02046035806,-0.03674832962,0.007510013351,0.02411167513,-0.0311550152,-0.09578804348,0.01990544912,-0.002882276205,-0.01688781665,-0.02496930004,-0.02740425532,-0.01087832393,0.01571574991,0.007105902886,0.003997356415,-0.02015677492,0.003314192145,-0.02157894737,-0.03135795908,-0.01280834915,-0.002247276605,0.0005515456306,-0.02811847599,-0.01771519419,0.001265438348,-0.04276169265,0.007207726683,0.05034013605,0.01907032181,0.04688483323,0.08430232558,0.004251926654,-0.02438162544,-0.07100085543,0.02836879433,-0.009943181818,0.06151911551,-0.04066228391,-0.06951340616,0.00329144225,0.3415730337,-0.056992,-0.01269913535,-0.01940270116,0.003947821101,0.04338487973,-0.008893280632,0.00131061599,0.02111932418,0.0158013544,0.008034817543,0.004313665075,-0.007740508662,-0.05775577558,-0.02858683927,-0.03752084491,0.0641365595,-0.02268976898,0.02426543414,0.02437318949,-0.01319261214,-0.01364477336,-0.08694467157,0.003243243243,0.04346426272,0.005458799064,-0.02640722724,0.01606805293,-0.04583898925,-0.06794682422,0.01616893504,-0.03805593764,-0.03084714549,0.172427337,0.003850443299,0.0233433296
0.1155838525,0.004502814259,0.02339027595,0.09660765266,-0.04315352697,-0.01595214844,-0.01096605744,-0.01271676301,0.006128871956,-0.001416179855,0.005490196078,0.02554470323,0.01463771652,0.004919337017,0.01083844581,0.009235936188,0.03080154008,0.0008146639511,0.02152707703,0.009717150461,-0.07166594116,0.032,-0.004625101305,0.04238838085,0.04581618656,-0.02691013936,-0.005611757969,0.02895103499,0,-0.01387283237,0.07613366362,0.02233597022,0.01246759856,0.003886010363,-0.009356725146,0.04809137361,-0.01662198391,0.03810531887,-0.002173125679,-0.04051565378,0.009379310345,-0.01701168272,-0.001538461538,-0.04390862944,0.00462113127,-0.002684163436,0.1206030151,0.03688621942,0.003522723837,0.0193986421,-0.002918524061,-0.01687937423,0.03190428714,0.006380890052,0.02171664943,0.1177777778,0.01328462305,0.002454364166,-0.02080237741,-0.02014010508,-0.000555247085,0.004909038406,0.02398380315,-0.01055297594,0.03464947623,0.01627498781,0.01122994652,-0.02180539273,-0.02059701493,0.01185344828,-0.0206726319,-0.004912099276,0.04639543183,-0.01744186047,0.006675421318,0.01030110935,0.005702984562,-0.02573879886,-0.02897862233,0.008710217755,-0.007671348506,0.007728092661
-0.03886593299,0.02091893911,0.01412429379,-0.02629098759,0.04119687771,-0.02745456079,0.0464625132,0.04947306792,0.03490286467,0.0413047332,0.01222048882,0.03956043956,0.04207742246,-0.00115234229,-0.02326522355,0.03161397671,0.04227504244,0.0293040293,0.02043134672,-0.01924727228,0.07119411691,-0.01328903654,0.01327437355,-0.02492517288,0.01888772298,0.1066666667,-0.000569461507,0.0327597771,0.1151462263,0.01899179367,0.03438718467,0.001365498407,-0.00314134481,-0.01161290323,0.05430932704,0.02552337253,-0.0147219193,0.003313790466,-0.02468239564,0.07677543186,-0.01346755337,0.1150959133,0.1155624037,0.01884788957,0.00283641231,-0.01046650718,0.2092675635,0.1180128289,0.01685875706,0.02207421503,-0.01132734745,0.04857621441,0.02512077295,0.003901804585,0.1042510121,0.1153081511,0.03310390036,0.02938026014,0.1153262519,0.04468275246,0.1188888889,0.03936781609,0.02174904943,0.07039249147,0.03894080997,0.04109615329,-0.01110523533,0.001438159156,0.02560195062,0.1544195953,0.004725897921,0.04027020005,0.1596180082,0.06769230769,0.005652788347,0.04862745098,-0.03492586709,-0.02641878669,-0.008806262231,0.1215543009,-0.001100804964,0.03358958899
-0.01323798578,-0.002927186242,0.008609774626,-0.03312686656,-0.05747605165,0.04421938776,-0.02774974773,0.03542538354,0.0173401209,-0.0008512087164,0.005137426149,0.02748414376,0.01292108906,0.01180972343,-0.02485501243,-0.05201612903,0.07981755986,-0.06326611309,0.01256836773,0.1410625,0.03576690654,0.01683501684,-0.01528388514,0.05213019317,-0.0193099897,0.02588130299,0.01074270642,-0.002924537935,0.05249112105,0.005062126093,-0.05763204505,-0.007272727273,0.008398065136,0.0365535248,-0.039193729,-0.01426174497,0.01438848921,-0.008892276423,0.007815407518,0.004456327986,-0.0005848403232,0.07647718773,0.04374309392,-0.05158936946,-0.01236228814,-0.01511030523,-0.006180469716,-0.004742111118,0.06630959789,-0.05715881586,0.01493337196,-0.001996805112,0.005183788878,0.0004858299595,-0.05132905591,0.05169340463,-0.01078680203,0.03225806452,-0.03095238095,-0.0128314799,-0.03972194638,-0.05170030412,0.0261982733,-0.0003985651654,-0.01469265367,0.03235885053,-0.01069518717,0.01029200574,0.02585438336,-0.05904059041,-0.07525870179,-0.04270729271,-0.01294117647,0.03702061627,0.01221489569,-0.06881077038,-0.01082396116,0.01180904523,-0.01085883514,-0.02635475274,0.002761306643,-0.02260822537
-0.03373306876,-0.01100917431,-0.02209389907,0.08547997426,0.003093239063,0.01400323452,-0.01141670991,-0.05684267241,-0.01563721658,0.001022320668,-0.01354459494,-0.1008230453,-0.02186788155,0.01366941854,0.01423109601,-0.03955763505,-0.006788354201,-0.01224145209,-0.03154875717,-0.006244180314,-0.02563600379,0.008830022075,-0.01419016452,-0.001257545272,-0.03754266212,0.08394954328,0.03243664372,-0.01163824357,0.01769202905,0,-0.0313253012,-0.01327838828,0.01640625,-0.01133501259,-0.02331002331,0.02127659574,-0.02673213312,0.02127659574,0.003323485968,-0.03194321207,0.004435067835,0.04116727462,0.006166712983,-0.006868131868,0.01179839756,0.02454740718,-0.008706467662,-0.09411764706,0.02105058393,-0.03475513428,-0.02841403719,-0.02961184474,-0.06704172527,-0.01133052768,-0.05314009662,0.05762711864,-0.02918537524,-0.005760368664,-0.01228501229,-0.0164644714,-0.02275077559,0.03644314869,0.04453147665,0.001196172249,-0.2684114425,0.02467570728,0.01621621622,-0.03174603175,0.02114716107,0.004901960784,-0.01186842998,-0.02217584138,-0.02920143027,-0.03484395041,-0.01292182828,-0.03212851406,0.04283863258,-0.03749689595,-0.007984031936,0.03984184915,0.04410295477,-0.02602218927
0.007008928571,-0.003710575139,0.08472400513,0.03723874134,0.0295154185,0.04048030916,0.01312335958,-0.02142245073,0.01016679905,0.04510638298,0.0002590673575,0.0122044241,0.01164415463,-0.01797582044,-0.006073298429,0.05314437555,-0.004404617254,0.01709401709,0.0251727542,-0.08664498705,0.007405448294,-0.00875273523,0.0008991162971,0.02039788466,0.0294599018,-0.02367576244,0.005957128308,-0.01561334284,0.03319533167,0.008470695971,0.06965174129,0.007192575406,0.01588009224,0.1949044586,0.002983293556,0.1063888889,-0.008408071749,0.005020080321,0.02613176297,-0.01466544455,0.01341510157,0.03203203203,0.002630436784,-0.00193637621,0.003890473111,0.01347708895,0.01631116688,-0.1241883117,-0.003963420857,0.06464811784,0.0189306698,0.01484536082,-0.003015075377,0.0006548788474,-0.007142857143,-0.01923076923,0.02444664685,-0.01709154114,-0.01492537313,0.03964757709,-0.02645502646,0.02812939522,0.04068879322,-0.01911589008,0.0503327787,-0.002814152661,0.0170212766,0.002202104233,0.008226950355,0.03024390244,0.005833905285,0.009871931697,0.02025782689,0.01240310078,0.03245699448,0.07302904564,-0.0128912769,0.01625386997,0.07444668008,-0.07312079555,0.005807034226,0.005566265368
0.002061444341,-0.004096834264,0.05372781065,0.05627597006,-0.01283697047,0.0148147119,0.00103626943,0.0137186223,0.0108507627,-0.004234527687,0.04584304584,-0.009042954032,-0.02578268877,-0.002290840572,0.009270965023,-0.002102607233,0.0112890923,0.01596638655,-0.009950248756,0.02763864583,-0.00210028879,-0.002207505519,-0.01460678323,0.03232971372,0.01165871754,0.00164406083,0.007544108947,0.01107784809,0.001015357279,-0.02610669694,0.068,0.03870076019,0.004297625713,-0.01172707889,0.0005948839976,-0.05272407733,-0.007348784624,-0.0004995004995,-0.005738880918,-0.04744186047,-0.008895612708,-0.01584222438,0.03104954547,0.008592017738,0.004572333685,-0.01300236407,-0.07654320988,0.0546802595,-0.004139725999,0.008070714835,0.01012270646,0.009752133279,-0.02822580645,-0.005235602094,-0.07605344296,0.02287581699,-0.006127055788,0.002947244327,0.002525252525,0.01694915254,-0.002173913043,0.002462380301,-0.001067520683,-0.02151847341,0.03762376238,0.003914236287,0.002615062762,0.007568359375,0.04220596511,0.01704545455,-0.001364721938,0.006869220608,0.04632972323,0.006344344782,-0.01802368228,-0.008507347254,0.005466822797,0.01320132013,-0.01123595506,0.03187125276,0.007872423922,-0.001844093189
0.08958789568,0.002243829469,-0.06019766397,-0.03773854572,-0.008235804075,0.01095681618,-0.03105590062,-0.03368845379,-0.009956440572,-0.05413804383,0.03120356612,0.07984790875,0.01961247637,-0.01290022917,-0.006680584551,0.05478297514,0.007995172726,-0.06492969396,-0.04652293727,-0.05455399612,0.0121020784,-0.06305309735,-0.02782046496,-0.05522352379,-0.04871660555,-0.02215839146,-0.08444608549,-0.05959222428,-0.04941223351,-0.03473193473,-0.0650204686,0.002439565314,-0.01431434297,-0.05933117584,-0.03864447087,0.07606679035,-0.01879271071,-0.01224387806,0.03354978355,0.052734375,-0.05360849921,-0.02496714849,-0.06361323155,-0.02693047541,-0.03188168144,-0.04610778443,-0.114973262,-0.0553602812,-0.0111949129,-0.01162790698,-0.07674787002,-0.06800804829,0.002074688797,-0.01151315789,-0.04115684093,0,-0.0739779364,0.01160740523,-0.06801007557,-0.0475,-0.02941176471,0.04203056769,-0.08522575474,-0.05560165975,-0.09694656489,-0.06458547284,-0.01460615545,-0.05766900897,-0.02672786177,-0.05772811918,-0.06457123334,-0.03384938336,-0.01150086256,0.07086956522,0.00917724896,-0.05382215289,0.0006041221266,0,-0.03077651515,-0.06024464832,-0.07031019551,0.002216364209
0.01798729115,-0.02537313433,0.06477055449,0.02517193412,0.006118881119,0.01022867822,0.008547008547,-0.02651966627,0.002671275927,-0.02801314197,-0.0002401536984,0.05105633803,-0.02178447277,-0.005810830607,0.01450189155,-0.04554534559,-0.003591739,-0.006191950464,-0.01003060184,0.005341614907,0.005063685989,-0.08736717828,-0.005397054096,-0.03719635628,0.01046255507,-0.04951741502,-0.01576807378,-0.01966150331,0.1720241611,-0.04056991065,0.08323629419,0.01969026549,-0.02063683752,0.01720183486,0.02226345083,0.008620689655,-0.001160766106,-0.01340753858,0.006282722513,-0.0241187384,-0.01693548387,0.008086253369,-0.02581521739,0.006495340299,0.01737242128,-0.02259887006,-0.02567975831,0.04930232558,0.02409667808,-0.0131147541,0.0111294541,-0.005613126079,-0.07039337474,0.006988352745,-0.02668213457,-0.04632587859,-0.01892081289,0.01190994916,0.05019305019,-0.01924759405,-0.008978675645,-0.004976427449,-0.07476635514,-0.009666080844,0.03592561285,0.01228124041,0.01323451562,0.02597068655,-0.01276005548,0.03260869565,-0.03140978817,0.002444323737,0.03664921466,0.01299228583,0.003383736914,0.03380049464,-0.003622544301,0.03157103483,-0.008304836346,0.04262935242,-0.01680965556,-0.033565373
0.00797718525,-0.01722817764,-0.0936026936,-0.09626406347,-0.04474370113,-0.01697944593,-0.05985169492,-0.01254973982,-0.02648487698,-0.04091798612,0.001681479702,-0.06264656616,-0.1343283582,-0.02424540096,-0.03832608245,-0.05650899958,-0.05376990087,-0.0756564308,-0.0487721106,-0.01680464599,-0.04241584076,-0.09055627426,0.02004722981,-0.04730617608,-0.07547683924,0.04944812362,-0.0005911197689,-0.21701403,-0.03840088442,-0.04027183489,0.02850877193,-0.008895638967,-0.03772613046,0.07328072153,-0.08227465215,-0.05030525031,-0.04997094712,0.01153846154,-0.006243496358,-0.03041825095,-0.02482362592,-0.03626336898,-0.04323570432,-0.04461279461,-0.03521878335,-0.01252408478,-0.05581395349,-0.1376241135,-0.02226632887,-0.1651358218,-0.0622351452,0.04038211029,-0.03340757238,-0.008757435558,-0.1346841478,-0.07537688442,-0.015,-0.0325821731,-0.06102941176,-0.1025869759,-0.07191392978,-0.007107133456,-0.1294191919,-0.0230700976,-0.08200734394,0.03890589241,-0.0329153605,-0.04335839599,-0.04748524867,-0.03349282297,0.01282051282,0.0008127878624,-0.05274971942,-0.02204408818,-0.04373485088,-0.03349282297,-0.02969840399,-0.03084770464,0.01034482759,-0.0443196005,0.002284770135,-0.004960652928
0.08677759531,0.02376314764,0.07033184745,0.08244764654,0.02091859936,-0.02454545455,0.01633802817,0.02603843769,0.00193174501,0.001669449082,0.02182254197,-0.02287348106,0.01915708812,0.0173660367,0.01831107281,0.002218278616,0.03111111111,0.1174771305,0.02726123849,0.03236144275,0.001890624662,0.02418207681,0.005319695196,0.04551724138,0.03772472738,0.04080774085,0.008905647189,-0.01056311621,0.07464452973,0.02281667978,0.06869016263,0.001094570928,0.08056772101,0.01785714286,0.04812129202,0.02597068655,0.01712538226,-0.03041825095,-0.001047120419,-0.002941176471,0.04626747649,0.1156580544,0.1137026239,0.05403817915,0.004059734513,-0.008455284553,0.08702791461,0.05625231301,0.02035195898,-0.01334269663,0.02390850018,0.01335559265,0.03225806452,0.002333722287,0.04545454545,0.09601449275,-0.01414068165,0.009792284866,0.04776820673,0.03479125249,0.04453935326,-0.01007423118,0.06490210297,-0.02588555858,0.03777777778,-0.002424049401,0.05078336035,0.02200681163,0.05604719764,0.06633663366,0.08674609084,0.02165674066,0.002369668246,0.05389344262,-0.01454705753,0.08085808581,-0.0471566209,0.00977443609,0.02437835202,0.03984323971,-0.0005731101853,-0.003454465069
0.02652515065,-0.004566210046,-0.1742248959,0.002095911441,0.02048997773,-0.01211556384,0.006651884701,-0.01752265861,0.01462082262,-0.05555555556,0.02393804271,0.04096561814,-0.03383458647,-0.01559878556,-0.02475142797,-0.03408587871,0.01831896552,0.06419646704,0.116344464,0.002556455049,0.02062822822,0.03611111111,0.005519201919,0.001319261214,-0.0210167566,0.05375909458,0.0005862484761,-0.07251556779,0.06461407759,0.0007692307692,0.1611376262,0.05182593483,-0.01552156356,0.1052631579,0.05157232704,0.01278195489,-0.03126879134,0.01777777778,0.002445842068,0.09341199607,0.05407882676,0.04693814113,0.1116884817,0.04541655057,0.01909284211,0.01049524434,-0.06948640483,0.05403511504,0.05254545146,-0.01138790036,0.03170256397,0.02635914333,0.01785714286,0.01114252453,0.00790513834,-0.01983471074,0.02868701729,0.02850426095,0.07249626308,0.08741594621,0.08294392523,0.007230851634,0.08239700375,0.02331002331,0.01070663812,0.002873359347,0.06066838046,0.04691104845,0.2675977654,0.05385329619,0.0116478246,0.007154213037,0.03309692671,-0.007194244604,0.03399686871,-0.09236641221,0.001310811647,0.001985604368,-0.01332698715,-0.008793969849,0.005122290663,-0.001539536285
0.07207462845,-0.005733944954,0.009526478005,-0.01550808734,0.06110868616,-0.01540566038,-0.01046255507,0.01537515375,0.001583531275,-0.02254901961,-0.03162961265,-0.01335207309,0.03307392996,0.006575069566,0.008893709328,-0.01970669111,0.0126984127,0.05060728745,-0.0007871536524,-0.03205634145,-0.003961965135,-0.07908847185,-0.02676241535,0.208168643,-0.004061502756,-0.04104334484,-0.01175804787,0.1154893098,-0.1097252804,0.02690238278,-0.09474074324,-0.02453222453,0.003308784289,-0.06909430439,0.0245215311,0.1754516209,-0.009931719429,-0.01515540714,-0.03276402928,0.007194244604,-0.01011441648,-0.06116389549,0.004709594622,0.002132196162,-0.009005405405,0.01071080818,-0.03409090909,-0.02515235457,-0.02255646373,-0.03863690905,-0.008231481481,-0.04293739968,-0.05153508772,-0.02055921053,-0.02091503268,-0.08600337268,-0.05041115481,-0.007428571429,0.05226480836,0.04328621908,-0.09600862999,-0.02871576708,-0.06259830135,-0.03462414579,-0.06483050847,-0.01915390329,0.0004847309743,0.04064642507,-0.04781842221,-0.01233480176,0.005756857433,0.03209681663,-0.02402745995,-0.09576968273,0.07668180835,-0.03952901598,0.01440005236,-0.02600941293,0.05836951278,0.07715462611,-0.00905775037,0.02544317481
0.02575682382,-0.02037677816,-0.01998334721,0.02570075558,-0.01192924722,0.04662872364,-0.03728436283,0.01605087826,-0.01976284585,0.001604814443,0.0149112426,-0.02101139601,-0.06806564434,-0.00653212042,-0.01526553429,0.06965871903,-0.0002985520227,-0.02427745665,-0.01008350402,-0.04390641661,0.0189551843,-0.06986899563,-0.01386548481,-0.0239912759,-0.02126420041,-0.0348,0.003570730787,0.00711781878,0.005129141491,0.02170658683,-0.06747552942,0.03772378517,0.02025835866,-0.03510531595,0.01576182137,-0.001052631579,0.01253918495,-0.01356285863,-0.009009009009,0.02053571429,-0.02599904449,0.01265022138,0.1042972824,-0.03457446809,-0.06800702543,-0.005780346821,-0.01344537815,-0.09070243237,-0.01892228137,0.0002496255617,-0.01369296026,-0.03815513627,-0.04855491329,-0.03173803526,-0.02269692924,-0.0221402214,0.007906626506,0.05310880829,-0.005960264901,-0.02624894157,0.06205250597,-0.00930741856,-0.02986577181,0.01651722511,0,-0.008312447033,0.02180232558,-0.01552941176,-0.01457995834,0.005352363961,-0.02087542088,-0.02447106806,0.02872215709,-0.01234567901,0.02983425414,0.06917688266,-0.04420721325,-0.03636826043,-0.03099361896,-0.08810119135,-0.005712030844,0.005639504991
0.03352847259,-0.0125588697,-0.003681676579,-0.05031543035,-0.001248959201,-0.009461383184,0.006936416185,0.02980625931,-0.006290322581,0.0376527138,-0.001166044776,-0.004176064023,0.04070438799,0,0.0172489083,-0.01791958042,-0.4228759146,0.04541864139,-0.01718924081,0.002820967001,-0.02029938998,-0.04381846635,0.02383227883,0.05541899441,-0.03958333333,-0.03232490676,-0.01363462429,0.008947707115,0.0153254174,0.04517704518,0.09179438059,0.04538919696,0.02557609521,-0.1392931393,0.002873563218,-0.006322444679,0.08978328173,0.003172924379,0.01818181818,0.009623797025,0.03045886076,0.007026858214,0.02546878482,0.01157024793,0.05150234687,0.03133074935,-0.05110732538,0.003916666667,0.005173312703,0.05540304467,0.05539341123,-0.03530950305,0.06075334143,0.01387443635,-0.008196721311,0.01320754717,0.01195367949,-0.01134344677,0.0473017988,0,-0.02247191011,-0.03564520586,0.02801798686,0.04456824513,-0.002718622565,-0.02128259209,-0.008060692271,0.02820267686,0.0002348520432,-0.0008873114463,0.03851444292,0.02064280115,0.02393162393,0.008333333333,0.002926258291,-0.09828009828,0.004388152738,-0.009765109528,0.05973659454,-0.03193548387,-0.0114831851,-0.01719663913
-0.04704615673,0.01232114467,0.03240477544,0.004361957439,0.04668611922,0.0298844732,0.04707233065,0.01562952243,0.008115565655,0.06446631924,0.04202661686,0.2376165288,0.03717059639,-0.0008955619423,-0.04400085855,0.03382287494,-0.02742561449,0.03400075557,0.05376518219,-0.01027083606,0.1500871302,-0.02782324059,0.009311008968,0.02667795892,0.02541059808,-0.1002141328,0.05468664924,-0.02217366226,0.0768530115,0.03481308411,0.03586050592,0.0163064833,0.04793028322,-0.05193236715,-0.01719197708,-0.01166489926,0.02727272727,0.03189246178,0.08392857143,-0.09618717504,0.004222648752,0.0700883858,-0.03932404044,0.008986928105,0.05306513197,0.02630754776,0.05745062837,0.07391881796,0.0572560594,0.09316623315,0.03414761024,0.02214188884,-0.1947308133,0.003763256928,-0.01239669421,-0.1061452514,0.03026947213,0.105612386,-0.04961832061,-0.04956521739,0.08850574713,0.008595988539,0.001009421265,0.04577777778,-0.03180372558,0.05019738981,0.00621414914,0.02394235239,0.01667057995,0.06394316163,0.05695364238,0.01868919611,0.04785754035,0.01652892562,0.03005251897,0.04268846503,0.02285686546,0.03624733475,-0.01242787395,0.0253248917,0.04590030144,0.03803784153
-0.05683548656,-0.01413427562,-0.04735682819,-0.07319522607,-0.03345280765,0.01674990016,0.01644736842,0.01738387005,-0.02704878441,-0.0262919311,-0.006497871387,0.002656434475,0.001872158331,-0.006882800316,0.02514593624,-0.05036590616,0.04841713222,-0.04055535258,0.004149377593,-0.1029810298,-0.01940186812,0.005050505051,0.01268453154,-0.03485254692,-0.05349048051,0.04188481675,-0.01196414628,-0.1291504543,-0.02081382352,0.004741476631,0.2035854184,-0.01759133965,-0.01063063063,-0.03949044586,-0.0361516035,-0.0330472103,-0.01603982301,-0.007407407407,-0.01614497529,0.02396931927,-0.01567278287,-0.01405593392,-0.07109540788,0.004318488529,-0.01127906977,-0.007934086054,-0.09507640068,0.0309178744,-0.0126889977,-0.03071598529,-0.01426378462,-0.02961980548,0.09103840683,-0.02266530334,-0.02649930265,0.002083333333,-0.0007165890362,-0.0512628157,-0.04049531459,-0.0494053065,0.0232312566,-0.02784090909,0.004705882353,0.009774755631,-0.006569685594,0.02775541974,-0.004750593824,-0.02497162316,-0.01362586605,-0.0141903172,-0.03759398496,0.00251319427,0,-0.01133932392,-0.02322726844,-0.05052264808,-0.06079556656,-0.02417695473,0,-0.06564835879,-0.0155557793,-0.02748141167
0.08383680556,-0.03624054162,-0.02687861272,0.03365954974,-0.03172641121,-0.0002912621359,-0.03236245955,-0.01652661064,-0.03905345027,-0.02849162011,0.02097428958,-0.03032087136,-0.02482648158,-0.03163624307,-0.05321944809,0.08431550317,-0.02892666836,-0.0396039604,0.02081420263,-0.01996905165,-0.01989881003,-0.07537688442,0.02254559117,-0.04102564103,0.009578544061,-0.02055733212,0.03171596706,-0.009593841184,-0.002606898254,-0.01235955056,-0.01595027268,-0.04053522235,-0.01120715016,-0.01657824934,-0.03145795523,-0.01486906347,-0.001686340641,-0.01544004117,-0.07300736772,-0.05524344569,-0.009708737864,-0.02483833039,-0.03362981689,-0.04031174415,-0.01139704703,-0.04337127038,0.01125703565,-0.06747891284,-0.02914398559,0.009149743361,-0.04692105333,-0.03006833713,-0.05606258149,-0.0008718395815,-0.09598853868,-0.004158004158,-0.006095374686,-0.05429625725,-0.02720613882,-0.01636188643,-0.04643962848,0.05873758036,-0.02643024423,-0.01052188552,-0.03164855928,-0.0227200358,-0.02911694511,-0.034225844,-0.008897213767,0.02032176122,-0.056640625,-0.04086237152,0.05310674456,-0.02012551396,-0.02532624456,0.1064220183,0.01259790488,-0.05666842383,-0.003146067416,-0.06191304348,0.03611608284,0.004145195268
-0.02678242483,0,-0.008316008316,0.002984718506,-0.008510638298,-0.003240131724,-0.002787068004,0.001708914839,0.006888238333,0.0001916810427,-0.003534349459,-0.02094717668,-0.00930741856,-0.00124592222,0.02822114272,0.09573578595,-0.004442121766,0.01070578906,0.006146926537,0.05045112782,0.008411439558,-0.05253623188,0.009355277253,0.01648841355,0.01992409867,0.009328358209,-0.04359826544,-0.006089581292,-0.06277548369,0.003412969283,0.08810559561,0.004101722724,-0.001416771744,-0.04989885367,0.02748282324,0.03784636179,0.003941441441,0.005227391532,0.03901734104,-0.04459861249,0.03234509804,-0.1858327054,-0.006000024,-0.00140016802,0.03820822564,0.05434083601,-0.02040816327,-0.03240201005,0,0.03560371517,-0.0221553459,-0.009863785815,-0.04419889503,-0.02495636998,-0.001584786054,-0.02505219207,-0.01479076479,0.01365663322,0.0003585514521,-0.004892367906,-0.03138528139,-0.03615788021,-0.01786941581,0.003402807316,0.04,-0.03442324119,0.03244837758,-0.00675024108,0.03756201276,-0.05145228216,0.001725327812,-0.003920543649,-0.03832576904,-0.02274734982,-0.007438262422,0.03233830846,-0.01313213515,0.008941044985,-0.02434625789,0.01520207638,-0.04030476896,0.003750455897
-0.03385618118,0.001239669421,0.04821802935,0.02133196766,-0.01587982833,-0.01860053144,-0.01229737283,0.001137332954,-0.01949717804,-0.01475661173,-0.01773442696,0.04496124031,-0.003039513678,0.02305450806,0.01597300337,-0.03700877528,-0.09160104987,-0.02510788545,-0.007897481746,0.1206785484,0.02001906578,-0.06692160612,-0.009708194141,0.01841297676,0.08744186047,-0.07208872458,-0.02571519348,0.06265838279,-0.04826732673,-0.02108843537,0.03628248309,0.01491013072,0.004497538414,0.1369765791,-0.02431610942,-0.004124158889,-0.01626472238,0.02964118565,-0.01425591099,-0.08402489627,-0.005318179055,-0.02406516105,-0.0587447032,-0.001682557487,-0.01909375,-0.01494358036,0.03162878788,-0.01246416552,0.01523891918,0.03587443946,-0.001680418405,0.04269449715,-0.05346820809,-0.01503490245,-0.006349206349,0.06209850107,0.008421823508,-0.0002749518834,0.004659498208,-0.007866273353,-0.02569832402,0.00744558992,0.09587123863,-0.03221704112,-0.004221388368,-0.04724208376,0,-0.02354368932,-0.02243169399,0.1373578303,0.00516706855,-0.005510364734,0.004719454641,-0.004519774011,-0.001199040767,0.0313253012,0.01295680417,0.02409304902,0.01802218115,0.009130752374,-0.01986410126,-0.01121254313
0.0202044293,0.03054065208,-0.01142857143,0.04285118116,0.008286088094,-0.003610108303,0.01810979061,0.04970178926,0.03488574917,-0.07586072748,-0.002933874972,0.09554896142,-0.04406873614,0.001521878752,0.02524357839,0.04635499208,0.03293845709,-0.006036217304,0.003304295584,0.08488216133,0,0.008196721311,-0.004903097378,-0.02798105898,-0.01340176789,0.02290836653,0.007799283933,-0.1098021879,0.01430429129,-0.00162149641,-0.03485360956,-0.0008049909439,-0.005889830508,0.11360799,-0.003115264798,0.1039668701,-0.004561003421,0.009848484848,-0.006349206349,0.1359003398,0.08879960893,-0.0472306525,-0.01710980287,-0.007303370787,-0.1207110771,-0.005572755418,-0.003120984028,0.01337877067,0.02850795881,0.02205730777,-0.01652986345,0.002274795268,0.0641221374,0.001272033436,-0.08146964856,0.03024193548,-0.01125635439,0.002750275028,-0.01498394577,0.01288404361,0.04587155963,-0.01364411597,0.07662835249,0.04073587385,-0.01318888366,0.0128651836,-0.0119047619,0.01988565747,0.01968566291,0.06923076923,0.01233721727,0.02137203166,-0.01356993737,-0.0006810442679,0.008203281313,-0.02570093458,0.01279107275,0.0746349378,-0.01044030867,0.0325732899,0.008690405137,0.009827514439
-0.1502855425,-0.01281537845,-0.04624277457,-0.03239625804,-0.03935986159,-0.02989130435,-0.0539188438,-0.04761904762,-0.005056463846,-0.01073458219,-0.02942507922,0.0005417118093,-0.05711800522,-0.04378395208,-0.04319654428,-0.06096175691,-0.0005594405594,-0.07206477733,-0.1800898204,-0.0470976098,-0.002336448598,-0.03861788618,-0.02910888838,-0.08835252436,-0.05924855491,-0.005842259007,-0.04166750932,-0.04032957502,-0.02629059829,-0.04013921114,-0.06929500342,-0.05337361531,-0.08192319168,-0.07511210762,-0.07125,-0.06436327739,-0.03837342497,0.002500625156,-0.01810436635,-0.04785643071,-0.03490705016,0.004778021103,-0.0778515783,-0.05602716469,-0.006437198068,-0.02117061021,-0.06445672192,-0.02308299082,-0.07341970698,0.008067769262,-0.04672435897,-0.02995914662,-0.01147776184,-0.04174228675,-0.09217391304,0.05088062622,0.001101726037,0.01919912233,-0.04491126403,-0.05870841487,-0.04769736842,-0.02132564841,-0.06020166074,-0.06144781145,-0.09116945107,-0.0105848108,-0.1190361446,-0.05532537168,-0.07583371402,-0.118705036,-0.03012863913,-0.03823301472,-0.1126984127,0.0258973194,-0.02966858504,-0.0007993605116,-0.02047795804,-0.04001006543,0.03577981651,-0.08937960042,-0.04535346442,-0.02246188725
0.03818339032,0.01379310345,0.01606060606,0.1955390128,0.05402971634,0.008095238095,0.02702702703,0.1167613636,-0.01694053871,0.009574468085,-0.006296641791,0.07823497564,0.06611316113,-0.00762984094,-0.06455981941,0.01209677419,-0.01063532046,0.07417102967,0.0962205587,0.01501297418,0.02376580796,0.1099365751,0.02698462871,0.02671848433,0.09032258065,0.04211557297,-0.01366769837,-0.03220704634,0.006583336259,-0.00120860527,0.1430252397,0.02127659574,0.03842642029,0.103030303,0.008748317631,-0.08208482802,-0.005955926147,0.05412821152,-0.01193058568,0.04293193717,0.08940642854,0.04715672677,0.0655610115,0.01019184652,0.01580220502,-0.01590330789,0.01161417323,0.105732863,0.0332552917,0.04401760704,0.0240600897,-0.01591015442,0.02031930334,0.02518939394,0.05938697318,0.0800744879,0.006969919296,0.01103336921,0.03375047402,-0.004158004158,0.03972366149,0.04151943463,0.04007573367,0.00269058296,0.001575630252,0.002378405227,0.0284463895,-0.04437564499,0.03979238754,0.03346938776,-0.0572425829,-0.03276927209,0.1061419201,0.0006643046944,0.001124859393,0.0328,0.02787347201,-0.01808650066,-0.09433126661,0.05042340262,-0.006014289898,0.007273901255
-0.0148781919,0.009603841537,-0.01282433642,-0.005547341906,0.005980350278,-0.007414302518,-0.01258581236,-0.03841261765,0.01223505084,0.04973656481,0.02605022295,-0.03991965855,0.01096048457,0.03524468538,-0.004102316602,-0.002390438247,0.05572842999,0.02071486596,-0.04813457695,0.006086797736,0.02939965412,0.1542857143,-0.01594489535,-0.001656020819,-0.03127641589,-0.02960526316,-0.02770705407,-0.0009488880689,-0.03727087221,-0.00435624395,-0.005301626518,0.075625,0.02309985097,0.08461538462,0.006004002668,-0.02482758621,-0.01857399641,0.014197823,-0.01792901573,-0.05421686747,-0.01450551797,-0.00756859035,-0.0327622842,0.004451038576,-0.02234135484,-0.01486748546,-0.0289939677,0.03289903532,-0.05605284889,-0.05270218475,0.008900839851,0.008083689967,-0.01137980085,0.001108442638,-0.07414104882,0.05172413793,-0.01347905282,0.006388075592,-0.04695524578,0.008350730689,-0.06312292359,-0.01187446989,-0.01638349515,0.0156529517,-0.008390141584,-0.03251350759,-0.04787234043,0.008369330454,-0.02115521749,0.01263823065,-0.01703072936,-0.01138572619,-0.04690026954,0.0993582651,0.01450459653,-0.1037955074,-0.01661099542,-0.006406833956,-0.02444987775,-0.01135947233,-0.02661477106,-0.007983411772
0.01481467248,-0.004756242568,0.04652567976,0.01678070125,0.05307855626,0.00529083249,0.0550405562,0.02830687831,0.02706843718,0.04858462156,0.01623970723,-0.003661087866,0.02824536377,0.008973594831,0.05015749939,0.06389776358,0.03697749196,0.05013927577,0.02659667542,0.003448484482,0.03299555556,0.1369636964,0.00273963875,0.04265402844,0.006108202443,0.1176755448,0.020083326,0.06472135744,0.05163043478,0.02430724356,0.1256403622,0.04164245594,0.01286234523,0.05775075988,0.03978779841,0.01791607732,0.0006105006105,-0.0006999533364,-0.02347242921,0.1878980892,0.05517941774,-0.008007626311,0.08010105309,0.02067946824,-0.02325581395,0.01312335958,0.07414829659,-0.02790697674,0.0220239345,0.01840987255,-0.01041364969,0.04858490566,0.1669064748,0.009411330504,0.025390625,0.04918032787,0.03434268833,0.02935731288,0.02386451116,0.04658385093,0.2163120567,0.01430615165,0.05922270204,0.002201673272,-0.019566367,0.0762836234,0.006703910615,0.03480589023,0.02525497814,0.04836193448,0.01129943503,0.03286516854,0.02036199095,-0.02093397746,0.09232782924,-0.0008643042351,-0.02619707738,-0.004298764105,-0.02957393484,0.04633061527,0.0142907427,0.003066089055
-0.03839890938,0.01513341298,-0.002886836028,0.0222543023,0.02137096774,-0.01887528021,0.0483250961,-0.0002572678158,0.04409083375,0.02986789202,0.009678145397,0.01443569554,-0.01942286349,0.006137040249,-0.002076603599,-0.1021021021,-0.003875968992,0.02159909056,0.02113516277,0.2790305077,0.01075620418,-0.1262699565,0.001366076818,-0.01977272727,0.02486267707,0.03076256499,-0.02984108722,0.05423124031,-0.007751937984,0.03535832938,-0.04164942767,0.01264410562,-0.02516790589,-0.04214559387,0.02487244898,0.02918017601,-0.04026845638,0.003735699276,-0.008775276612,0.1599642538,-0.005453962143,0.009225446858,0.07710984275,0.05412445731,0.02464912281,-0.02752590674,0.0223880597,0.1303732057,-0.0122914056,-0.03098927294,-0.02104646995,0.01124606388,-0.009864364982,-0.01188299817,0.06285714286,0.1046875,0.00428418422,0.04136690647,0.03270676692,0.0296735905,0.006802721088,-0.03469675599,0.04834012813,0.04217926186,0.05987055016,-0.06084704504,0.012763596,0.0005174644243,-0.03173851255,0.04092261905,0.007448789572,0.008702746804,0.06319290466,0.007195723684,0.01364181031,-0.009515570934,0.008140152185,0.02644360496,0.01911157025,0.04179950407,-0.02082870627,-0.02024992769
0.1184184618,0.01412318556,0.03300521135,0.1056045162,0.0461902882,0.01166982025,0.02409638554,0.0486361297,-0.0139704715,0.02100762223,0.03232278199,0.01319534282,0.05234861347,0.001831279939,0.02913294798,0.04933110368,0.01452658885,0.01557863501,0.04690368887,0.047138682,-0.002869012957,0.08139534884,0.01249711583,0.07883143983,0.03808180536,-0.04581757041,0.01897420694,0.04889629097,0.01302083333,-0.005959202384,0.078980189,0.04957767169,0.03344496408,0.03,-0.002489110143,0.0796579658,0.04322949777,0.007676203768,0.08198614319,0.07858243451,0.05483870968,0.02056751095,0.05861942809,0.003020318506,0.02648990424,-0.01598401598,0.03467153285,-0.00318309573,0.0636707755,0.05986059861,0.06151050257,0.01601423488,-0.01245330012,0.05846438483,0.03225806452,-0.01272984441,0.04088162105,0.03898346904,0.04514015289,0.02689721422,0.08590733591,0.03594389246,0.0005555555556,0.0413153457,0.1134860051,0.04076979294,0.02849315068,0.02017067494,0.05577299413,0.03216583274,0.04436229205,0.01428956592,0.07090719499,-0.005715452133,0.065108666,0.09781659389,0.02914594426,0.03759200841,0.02280790674,0.03604216253,0.01314157316,0.04796921704
0.02012323944,0.008510638298,-0.005044843049,0.04130031623,0.03358490566,-0.001561718264,0.01227621483,0.006380368098,0.01191434552,0.01292789512,-0.01705895055,0.05209397344,-0.0008066684593,-0.003046554138,0.01774882049,-0.03625498008,0.01355152135,0.01351351351,0.05771683673,-0.064283785,-0.009178228388,0.01843317972,-0.0006722631625,0.01826778423,0.01277173913,0.01321585903,0.05009455921,0.03206392296,-0.01156812339,-0.002305741296,-0.01222575411,-0.02974107768,-0.01117773019,0.0145631068,0.03867747973,0.03459774906,0.01462522852,-0.01361957525,0.01067235859,0.005,0.006116207951,-0.02873670461,0.02266443701,0.004379961675,-0.02303027415,0.001015228426,0.05291005291,0.05628970343,0.02461447212,-0.008704061896,0.01392405063,-0.003064798599,-0.03530895334,0.001048767698,0.1041666667,-0.04441260745,-0.06762295082,-0.05010686298,0.03622431209,0.03554724041,-0.002666666667,-0.01466854725,0.05913381455,0.01821862348,0.01691042048,-0.007003155165,-0.02610548748,0.01039290241,0.01274328082,0.03462603878,-0.004247787611,0.002392344498,0.01996105161,0.01005953603,0.02049005379,0.09705648369,-0.008872902588,0.0240689131,0.01337958375,-0.05021332458,0.04446838729,-0.0576850435
-0.06509845883,-0.02685078634,0.007605633803,0.09375861476,-0.008032128514,-0.006242594821,-0.02071753411,0.01731285052,-0.0292760541,0.002876145964,0.006370826011,-0.02961165049,0.01695371367,-0.01556391188,0.01059602649,-0.009921455147,-0.1077194753,0,-0.02170636117,0.04604060425,0.02714347264,-0.05882352941,-0.01639601274,0.007809202195,0.03353903944,-0.0271826087,-0.01039711291,0.008877391499,0.06371911573,0.005315461058,0.1022571281,0.03461954562,0.0151587336,0.000956937799,0.01021021021,-0.01248992748,0.01921921922,0.0276152586,0.04435058078,-0.07675906183,-0.03875987842,0.01902017291,0.01853204408,0.02998092123,0.003256097561,0.01588911427,-0.01340033501,0.03518363671,0.02772856666,0.1055609756,-0.01512172285,-0.0202020202,-0.07189542484,0.02584250044,-0.006289308176,-0.0179910045,-0.01575091575,0.01,0.0487394958,-0.04245709124,-0.007130124777,-0.0303464071,-0.004456094364,-0.1168986083,0.0004494382022,-0.009155108852,0.001094091904,-0.003010536879,0.05261953786,0.0006693440428,0.006398862424,0.01113762928,-0.007159904535,0.04959349593,0.007780473521,0.01160261059,0.02065423563,0.02993567541,-0.02053789731,0.00794747754,-0.01064378487,-0.02527465808
-0.05325727788,-0.002364998029,-0.02516074923,-0.02814963969,-0.006256900994,-0.005028275212,-0.004127966976,0.05441035475,-0.01639075561,-0.008603692418,0.005675616678,-0.001750875438,-0.04392696481,-0.02480972105,-0.001092179991,-0.00375782881,-0.01639807747,-0.01441441441,-0.02465331279,0.09460516028,0.0196057047,-0.003205128205,-0.0205526495,-0.01214659686,-0.04205607477,-0.02032643867,0.02967116039,-0.04218241743,0.05745721271,0.04229885057,0.03139993059,0.02317880795,-0.002616721419,0.08986615679,0.009512485137,-0.007751937984,0.04301708898,-0.006376679572,0.006740815639,0.02386451116,0.005223748451,0.09351432881,0.02033542753,0.004233924319,-0.007293325392,0.008652246256,0.01697792869,-0.00972412079,-0.01601557302,0.01111895517,0.01577537989,-0.03675481847,0.02253521127,0.0245106383,0.05379746835,-0.01679389313,0.009304056569,0.001485148515,-0.01923076923,0.02358490566,0.01885098743,0.00679067021,-0.02580305424,-0.004952723998,-0.04941599281,0.03862403654,-0.01366120219,-0.01383995974,0.03325364051,0.04682274247,-0.05051218651,0.001311303436,-0.01298076923,0.03001549187,-0.05113730699,0.007168458781,0.005399086539,0.003122748018,0.2431352971,0.02468289338,0.03467163169,-0.01418135687
0.04763483212,-0.007902015014,0.02351591626,0.01396911362,-0.003703703704,0.012319249,0.01554404145,0.02546033189,0.01883019497,-0.01591032363,-0.01041892772,0.06113755951,-0.02546360365,0.01844283208,0.01377651432,-0.0410729254,0.01753377407,0.01060329068,-0.01769352291,0.03180672269,0.06510774497,0.3890675241,-0.008394161664,0.03943184227,-0.01219512195,0.06295620438,0.0137996669,0.006214409984,0.01734104046,-0.01080723423,0.002711850987,0.01175268268,0.03755721272,0.1096491228,-0.01825677267,0.03186677632,0.1107344633,-0.01856520743,-0.0234348845,0.2022556391,-0.001107266436,0.02068965517,-0.04474840821,-0.001054018445,-0.0187835968,0.01484658529,0.003338898164,0.02782745098,0.01671342484,0.007854773957,0.002080908986,-0.01395998139,0.005509641873,0.04070443595,0.1531531532,0.1118012422,0.01733038348,-0.02323282254,-0.01307189542,-0.01751152074,0.08017621145,-0.02346041056,0.0002702702703,0.0004524886878,0.03071833648,0.06867676296,0.01662049861,-0.0214340393,0.02797644089,-0.1226837061,-0.01897321429,-0.01466736511,-0.04627374574,-0.02350065802,0.02703412073,0.001423487544,0.009391141024,0.05627394636,-0.01285140562,0.004683840749,0.02079557129,0.02342526436
-0.01356809172,-0.00238948626,-0.03334267302,0.06069106343,-0.03866171004,-0.02838575051,-0.02908163265,-0.06849922412,-0.0009813542689,-0.04537938637,0.005703005045,-0.04557260921,-0.04600965635,-0.01685865074,-0.03559102675,-0.01267482517,-0.03983050847,-0.003979739508,-0.07237053715,-0.06979679928,-0.03398995751,-0.0462962963,-0.03291797957,-0.05812767693,-0.02112482853,-0.003433476395,-0.02545344822,-0.09694069608,-0.04659090909,-0.0004459308807,0.02542640556,-0.02693602694,-0.04513034755,-0.07826086957,-0.02639472106,-0.08328352261,-0.02950152594,-0.005838393274,-0.01576962633,-0.01876172608,0.03180621512,-0.03462837838,-0.0164713892,-0.01661830652,-0.001659740681,-0.02405721717,-0.003327787022,-0.03299554362,-0.02321646219,-0.01801177693,-0.0520267746,-0.06134969325,-0.02739726027,-0.05156449553,-0.05598958333,0.03212290503,-0.009061254078,0.03744939271,-0.05960264901,-0.04596622889,0.04730831974,-0.03243243243,-0.08268035666,0,-0.004585052728,-0.006189720948,-0.0408719346,0.01251629726,-0.01862083078,-0.03860160233,-0.02692453546,-0.01329080276,-0.07558733401,-0.04659222179,0.002044467161,-0.0618336887,-0.01296251172,-0.06075719791,0.04759967453,-0.03263403263,-0.02037192546,-0.01967645768
-0.01616981132,-0.01357285429,-0.04608695652,-0.04225562181,0.01353441609,-0.02247347918,-0.002101944298,0.05021418372,-0.003601833661,-0.0175134719,0.005016357688,0.03389411183,0.0002977076511,0.0149247936,0.004920599418,0.02921646746,0.002647837599,0.01816200509,-0.01352288488,0.03502166966,-0.00299880048,0.04611650485,0.02796016094,0.02273711563,-0.03475336323,0.01636520241,-0.02004967696,-0.02229742619,-0.02264600715,0.00356903859,0.02117665178,0.02283737024,0.02950361959,0.05488850772,-0.005545286506,0.01564877201,-0.001048218029,0.01338971106,-0.0006966213863,0.0407903123,0.03342611583,-0.01644794401,-0.001116482633,0.001341201717,0.0054125,0.09027315123,0.09348914858,0.003756194565,0.01417229072,0.006349206349,-0.004962412435,0.01809954751,0.03661971831,0.03299107894,0.03172413793,-0.03112313938,0.0007315288954,0.002682926829,0.02253521127,0.002949852507,0.06853582555,-0.001241464929,-0.00265095729,-0.03211216644,-0.02257024413,0.001500996351,0.03863636364,-0.01776976565,0.02272727273,0.04242424242,-0.007014809041,-0.0150862069,-0.04143646409,0.0246365105,0.006290912182,-0.00303030303,0.01649915653,-0.0004827419744,0.007766990291,-0.02994836489,-0.02773179079,-0.00983131715
0.04384097578,0.02347227843,0.08143421452,0.00720948532,0.0568485311,0.01247783251,0.0289626119,0.04328121459,0.1332566546,0.01919686582,0.02604166667,0.02177554439,0.04761904762,-0.01626910496,0.01580235923,-0.04516129032,0.06572769953,0.09347128077,-0.01616871705,0.03988495538,-0.0144375376,0.1171693735,0.002365187324,0.03070082575,0.03832752613,0.0563559322,0.008060382658,0.08120099722,0.07133333333,0.05267837297,0.1193537441,0.01860622463,0.02354158221,-0.0325203252,0.06567534077,0.1320350952,0.03200419727,0.03198887344,-0.03729522482,0.04164115126,0.03721204962,0.03593666607,0.064079493,0.08143584249,0.0385413947,0.05285670639,0.08549618321,0.1120125786,0.02664006096,0.04276200491,0.03461637479,0.06864197531,0.1644021739,0.02118298843,0.1016042781,0.05167597765,0.0456871345,0.01508148869,0.01721763085,0.15,0.1282798834,0.01491609695,0.006202008269,0.04813084112,0.06550424128,0.02295494285,0.0306345733,0.08232826429,0.01834862385,0.05813953488,0.09340659341,0.05689277899,0.1002881844,0.005518328735,0.04055081524,0.08814589666,-0.005630009052,0.06061337841,-0.00655105973,-0.008161816891,0.01722942732,0.0268899668
0.08895992945,0.01028074338,0.04495644844,0.0211010699,0.01913357401,-0.01556927598,0.005629477994,-0.0106429192,0.02218355807,0.006150297905,-0.008037225042,0.07236533958,-0.002272727273,0.01463253381,0.0166520596,0.05990990991,0.04900881057,0.01109298532,0.03036798857,-0.05405515334,-0.006307222787,-0.02388369678,0.007551938291,0.0002054231717,0.02293064877,0.01684717208,0.01906347294,-0.01828608092,0.02561962147,0.03209459459,0.05989052632,0.01162404517,0.01797396779,0.1848739496,0.001162790698,-0.02741020794,-0.06558210473,0.001572327044,-0.01448225923,-0.01116990006,-0.007835990888,-0.007556242487,-0.08193277311,-0.003220213029,-0.01795697509,0.005803830528,-0.03797468354,-0.08446920423,-0.04778518264,-0.07865546218,0.0388495084,-0.0009242144177,0.03150525088,0.007659167066,-0.01334951456,0.06905710491,0.001048584411,0.008866522885,0.03622207177,0.01534526854,-0.06266149871,-0.01163502756,0.02876430878,0.001337494427,0.04201680672,-0.01425540156,-0.01326963907,0.01526162791,-0.02562562563,-0.02403846154,-0.01328068916,0.03959627329,-0.004714510215,0.09878479028,-0.00219209223,0.01222067039,-0.006331690276,0.02071948998,0.09115593483,0.02647584973,0.01927975493,-0.004026989842
0.05592954396,0.005479452055,0.02043560097,-0.01231896432,-0.06057739993,0.0052734848,-0.04071246819,-0.05927552141,0.149929078,-0.03629417383,-0.01130063966,0.02424110068,0.1187357631,-0.04044251519,-0.01034482759,0.01699957501,0.01049868766,-0.01258470474,0.02808599168,0.04179386851,-0.006552006552,0.01276595745,0.02575815214,0.003080714726,-0.07463094587,0.02169625247,0,0.1713505712,0.02163522013,-0.009615384615,-0.1038756734,0.01280367695,0.01744193847,-0.02553191489,0.05574912892,-0.03381924198,-0.03917301415,-0.04126485759,-0.02057310801,-0.02675386445,0.06227615024,0.07111957086,-0.009153318078,0.006709741551,-0.007716406812,0,0.02339181287,0.02007722008,0.01712489578,0.05691353521,0.01528663203,0.06151711378,-0.1606334842,-0.008709422011,-0.0393603936,0.06211180124,0.006284916201,0.02589073634,-0.06337798105,-0.01595298069,0.01309441764,0.005266418835,0.01569186876,-0.01113089938,0.0004244482173,0.02509631072,-0.01936525013,0.01837270341,0.1144442161,-0.008444757213,0.04292469989,0.01120238984,-0.02526315789,0.01623260792,-0.03026851098,-0.002414625733,-0.02815836614,0.02922150346,-0.02915037327,-0.05681422098,0.006874079075,0.0262951867
-0.02420669159,0.008952899961,0.1839262187,-0.01433121449,0.02228892266,0.003279252704,0.02175066313,0.0707117853,0.006907610707,0.03448959366,0.03407375458,0.02153518124,-0.00738101298,-0.0003245537386,-0.005879790941,0.03886335144,0.04987012987,0.04215686275,-0.006408094435,0.1403277065,0.1011953833,0.03571428571,0.01278600464,0.006732186732,-0.0153648449,0.01312741313,-0.008447816281,0.0667809712,0.09342816171,-0.01260070233,0.05773663865,0.03987034036,0.003296717788,-0.1848617176,0.003300330033,0.3544357272,-0.01132502831,0.02830409357,0.006376594149,-0.01588271228,0.0348509245,-0.05300484653,0.0573556582,-0.0357936312,0.01925061425,0.00577034045,-0.007,0.05659348978,0.003514292713,0.04401104591,-0.02675260569,-0.02135076253,0.09029649596,0.04440894569,-0.0576184379,0,-0.04302567661,-0.01319749942,-0.01674223927,0.03924914676,0.1054421769,0.0218798151,-0.04971910112,0.07068887888,-0.08990241833,-0.0151491163,0.0263302249,-0.01572164948,0.0383480826,0.06742370476,-0.01883153122,-0.03865091088,0.03023758099,0.0261541162,0.132656486,0.06362378976,0.004134796671,-0.01170351105,0.07103625046,-0.03880266075,-0.01138502798,0.01497891154
-0.002325162516,0.04668209877,0.01624749611,-0.001234014679,-0.01479104423,0.03005385486,-0.0005192107996,-0.08217088056,-0.01506798971,-0.02299291052,-0.01397288843,-0.03819661866,0.005128205128,0.006208481095,-0.05147864184,-0.02131938858,-0.04948045522,-0.01128880527,-0.09232858113,0.1251221543,0.02844843721,-0.130831643,-0.008113149252,-0.03149965018,0.0183048854,-0.01905487805,-0.02373960875,-0.009174861751,0.01838727198,-0.01548117155,0.01173512154,-0.04831670823,-0.01401101429,-0.008035714286,-0.03344298246,0.03595775966,0.01947308133,0.03753412193,-0.01900857249,-0.0260707635,0.001702136547,-0.004077176342,0.03203119028,-0.0427547363,-0.02370822134,-0.006310958118,-0.05020860308,0.01074683327,-0.004816403939,0.2192097867,-0.02541200894,-0.0213713268,-0.1038318912,-0.01376567758,-0.07472826087,-0.05497076023,-0.01776649746,-0.006100422337,0.03263568641,-0.05090311987,-0.1224615385,0.0343787696,0.06532663317,-0.02186711522,0.02466085497,-0.01074550085,-0.02993051844,0.04263372135,-0.07599431818,-0.02526595745,-0.02275498487,-0.01254801536,-0.01467505241,0.01590831338,-0.01607526483,-0.007152145644,0.00962466846,-0.04802631579,-0.04205128205,-0.08727412534,-0.01726768829,0.01048215228
0.1179241412,0,-0.01357862462,-0.02489258491,-0.006739049045,0.01807802093,-0.08,0.01828544289,0.00236318408,0.02451461071,0.02157360406,0.03211805556,0.05765306122,0.01266796722,-0.007159353349,-0.06987258529,0.08563248308,0.02124960355,0.00411368736,0.009650646593,-0.001819836215,0.03733955659,0.01272496539,-0.03191936161,0.01944608132,0.06371406371,0.06608769329,-0.04582070922,-0.0102504065,-0.003187420314,-0.0867937034,-0.01342941369,0.004438993828,0.09720972097,0.0005672149745,0.09189964158,0.02584269663,0.02631001973,0.007218844985,0.08540471638,0.01120667188,0.0399109284,0.08324867725,0.004814121423,-0.01028395062,0.006351039261,0.01332929415,-0.03756840285,-0.00600954735,0.04677966102,0.002126913265,0.02138307552,0.01379310345,-0.01287220844,0.01027900147,0,-0.000369139904,0.01841359773,0.00171762281,-0.01816608997,0.01928471248,0.03177842566,0.0474472808,0.008598452279,-0.01683348499,0.03834278432,-0.006060606061,-0.0200913242,0.03920061491,-0.0006821282401,-0.02000727537,-0.01919087137,-0.01861702128,-0.003535948813,0.01965065502,-0.05173542895,0.06362712005,0.003455425017,-0.008208422555,0.00800336984,0.05741131505,0.0499629757
-0.03795108201,-0.008109104313,-0.02819715808,-0.03517783447,-0.01771579344,-0.01869158879,-0.001129305477,-0.02052238806,-0.01737188237,-0.03062787136,-0.03126293996,-0.009041211102,-0.02194886638,-0.002568564496,0.02884391719,-0.05435262925,-0.03692160153,-0.007763975155,-0.02495344507,-0.02367297521,0.03919781222,-0.0303712036,-0.01122085142,-0.0305856833,-0.04046242775,-0.02775748722,-0.02748526392,-0.05044719008,-0.01478570584,-0.02408868045,0.03924735085,-0.01892430279,-0.001765096218,0.01312551272,0.04988662132,0.003545168067,0.01369112815,-0.03524887844,-0.06035458318,0.07457428068,0.01443298969,-0.02750782408,-0.0569910225,-0.02129358531,-0.02162984769,-0.01893287435,-0.02391629297,-0.003682535942,-0.01489798566,-0.05155440415,-0.0175392262,0.004899777283,-0.04081632653,-0.02812254517,0.09447674419,0.01361386139,-0.01698670606,-0.02573018081,0.03155006859,-0.008810572687,0.01823185415,-0.02006216445,0.07046357616,-0.0004262574595,-0.02915316983,-0.00205103705,-0.01718403548,-0.01164958062,-0.07488905325,-0.02866894198,0.006310319228,0.006874669487,-0.005420054201,-0.01182832038,-0.02163479288,0.03798342541,-0.01407654856,-0.03971533517,0.02734796689,-0.009193480986,-0.02714710644,0.01866707806
-0.0006561980192,0.008918617614,-0.02238976468,0.05270031508,-0.01266308519,-0.01904761905,-0.002826455625,0,0.01136507135,-0.0282385466,-0.009617439624,0.03755569701,-0.01430332922,0.008359502853,-0.01853945286,-0.002336448598,0.02041324371,0.01752738654,0.04278074866,0.02284371635,0.01035087719,-0.09164733179,-0.01157572755,0.02371895279,0.01445783133,0.06235912847,-0.01684146009,0.00816876449,0.07103599157,-0.02031454784,0.006756874727,-0.06260575296,0.01084861135,-0.02348178138,-0.02159827214,-0.04945701949,-0.01674770394,-0.008857395926,-0.003211561622,-0.02021857923,-0.004959349593,-0.01270325203,0.000352211161,-0.01686157193,-0.009766297349,-0.006432748538,0.03981623277,0.03492119814,-0.02530397528,-0.01993990713,0.004463085618,-0.008865248227,0.04539007092,-0.01099256385,-0.003984063745,-0.02197802198,-0.01126972201,-0.03949559838,0.03723404255,-0.008,-0.01959459459,-0.01441753172,0.02474634991,0.02729211087,-0.03384175405,0.01295056664,-0.002820078962,0.01131541726,0.002398560863,-0.02319044273,0.01696790852,-0.003413865546,-0.04795640327,-0.01744186047,-0.01056603774,-0.07717897538,-0.02271211733,-0.02725316758,0.03852889667,0.006326444538,-0.02107361251,-0.03197989782
0.008291848639,-0.004788213628,-0.0299135312,0,-0.01748931209,-0.01780097087,0.004535147392,0.01404761905,0.002996628793,-0.01849217639,-0.02611135088,0.05010224949,-0.0002501876407,-0.01817410884,-0.005759041695,-0.008899297424,0.0348865577,-0.0003075976623,-0.02417582418,-0.01824968893,-0.01059211669,-0.006385696041,-0.02479798819,0.008306010929,-0.01514251781,0.01025459689,-0.022013341,0.00557428365,0.0630612677,0.0231884058,0.07153758108,-0.03249097473,-0.03506372233,0.04228855721,-0.02317880795,-0.02133516862,0.008241758242,-0.003351206434,-0.01570680628,-0.001673173452,0.006005392597,-0.01492537313,0.04210548117,0.01161825726,-0.04206419715,-0.01324308417,0.0117820324,0.008942857143,-0.05806355953,0.006828316611,0.004730228644,-0.0008944543828,0.02170963365,0.006538084341,0.002666666667,0.04119850187,0.01975683891,0.03393609116,-0.03429487179,0.04569892473,0.05237767057,-0.009069631363,0.02849553248,0.0008302200083,0.0439072521,0.0322599045,0.01244343891,-0.008857808858,-0.04546360917,-0.02230215827,0.002901704752,-0.01027667984,-0.08643388666,0.005917159763,-0.02173913043,0,0.009294502965,-0.02138117474,0.02765598651,-0.01969823973,-0.02094082142,0.02412835249
0.1120719684,-0.01517394523,0.07203083594,0.0738081071,-0.01147151899,-0.01186163404,0.04288939052,0.06527353839,0.03784389394,0.0033126294,0.003323731442,0.08432327167,0.06481481481,0.004869622195,0.01760889713,-0.01039697543,-0.01272984441,0.01876923077,0.0228978979,0.1703877027,0.06247806248,0.09897172237,-0.006827764049,0.04508996315,0.02230931565,0.04375218761,0.01938536288,-0.01889299953,-0.01011130639,-0.006101547178,-0.02487578293,0.1085820896,0.02794171767,0.08750994431,0.004519774011,0.01898734177,0.002179836512,0.02062317866,0.005319148936,0.04525139665,0.06636548223,0.02908394288,0.06260371846,0.04757998359,0.04211021505,0.02087682672,0.06986899563,0.09095800413,0.01516757441,0.1591695502,0.01740051348,0.05550581916,0.0770252324,0.03069178305,-0.01462765957,0.1342925659,0.04545454545,0.04120747484,0.04148689014,0.07883461868,0.01899148657,0.02243873634,0.03827189481,0.0506014102,0.04820415879,0.01345900332,0.04245810056,0.03010348071,0.09546688949,0.01177336277,0.01880650995,0.02476038339,0.01629072682,0.006055363322,0.05263157895,-0.0173035328,0.05460664796,0.02661978905,-0.003281916639,-0.005985463873,0.02792378671,-0.002537746643
0.02411853627,-0.02292371289,-0.0393258427,-0.01921039968,-0.01240496198,-0.007002345786,-0.01677489177,0.01741238704,0.0335852225,-0.04003301692,-0.01634275618,-0.001795977011,0.003760282021,-0.005493148384,-0.03802367942,-0.03629417383,-0.03796561605,-0.01026880097,0.05394495413,-0.07694230022,0.002808060786,-0.01286549708,-0.01090625733,-0.05745695914,-0.03420819817,-0.04896042924,-0.01840529161,-0.05136371957,-0.02440612165,-0.01819776365,-0.05684647303,-0.04308313699,-0.03049710278,-0.05267008047,-0.01743532058,-0.03726708075,-0.0163132137,-0.02547770701,-0.02971102971,0.03046499198,-0.01713681845,0.02369267219,0.02182675133,-0.03236752806,0.00473346833,-0.02804557406,-0.08843537415,0.02221933809,-0.02168781809,0.009432835821,-0.01836465608,-0.008057675997,-0.06781750925,-0.0285174098,-0.06477732794,-0.07505285412,-0.009265858874,-0.005522319374,-0.03632887189,-0.01032565528,-0.03084832905,-0.01703725094,-0.05857078245,-0.02921437031,-0.01758340848,-0.01166014986,-0.03751339764,-0.01666666667,-0.03775743707,-0.06254545455,-0.04437344693,-0.01247077163,-0.07459926017,-0.02304385211,-0.01311111111,0.01540719002,-0.07049422886,-0.04109589041,-0.05037866315,0.03956989247,-0.02196658199,-0.00726691942
0.02279255319,-0.02807692308,0.01380116959,0.03453054481,-0.01863857374,-0.02383986541,-0.01375894331,0.0236135182,-0.04781246373,0.04557179708,-0.0682532555,-0.03418495862,0.03956918754,-0.03705009885,0.01230769231,-0.05896927651,-0.04542069993,0.03051571559,-0.01984679666,0.03008152092,-0.01696590348,0.007109004739,0.005752038765,-0.01144366197,-0.01740458015,-0.02538787024,-0.03750079631,0.04818874138,-0.09691234456,0.002233139795,-0.07060272767,0.003165670067,0.007289686393,-0.002316602317,-0.03434459073,0.001577060932,-0.01050304035,-0.005634437683,-0.01006711409,0.007780082988,-0.0244582853,-0.04909902463,0.006095161394,-0.02643647154,-0.05690629012,0.02464682898,-0.01044776119,0.05190320205,0.01100329324,0.08540335936,-0.02313624679,0.01111586148,-0.02248677249,-0.01929938372,0.002886002886,0.02857142857,-0.002877697842,-0.009254974549,-0.04166666667,-0.02889245586,-0.03514588859,-0.02350176263,0.02618304108,-0.03456689711,-0.0426801285,-0.005319610053,-0.07683741648,-0.03413048526,-0.03289734443,-0.01163692785,0.006686478455,-0.03472770324,0.005996002665,-0.004928709734,-0.02424378894,0.0274566474,-0.02348954508,0.0375,0.00346740638,0.0008274720728,-0.04491320618,-0.0333104547
0.01114231479,0.009101701622,0.06160590678,0.01400068535,0.0156895128,-0.004473684211,-0.01004464286,0.01333333333,-0.02961608775,0.03618421053,0.04072289157,0.01676602086,0.01463963964,0.02193817283,0.001636661211,0.03212216956,0.03796151846,0.00325732899,0.08703374778,0.1113804281,0.0563002681,0.1411764706,0.02502389277,0.01914514693,0.04940957116,0.01410998553,0.0006471587525,0.07954517562,0.04182059997,-0.004679144385,0.1192698767,0.007363253857,0.06133061779,0.01547987616,0.006520450504,0.05782994561,0.08268156425,0.03218495014,0.01737288136,0.2511580031,0.07471800778,-0.02225312935,0.06792318958,0.03518980327,0.009065294622,0.08477559402,-0.01508295626,-0.03997585999,0.02403506144,-0.02255884917,-0.0008782894737,0.03086680761,-0.3640054127,0.02794774268,0.01294964029,-0.06555555556,0.005772005772,-0.01144325082,0.07004830918,0.1272727273,0.07491408935,-0.007821901324,0.0941011236,0.06613310868,0.09395973154,0.02447430554,0.007237635706,0.03581730769,-0.05737704918,0.01177394035,0.03800738007,0.02452984464,0.07086092715,0.0038917389,0.02553846154,0.1722925457,0.01718293083,-0.00958937792,-0.08845888044,-0.01818933444,0.00804665377,-0.02423152835
-0.07475794319,-0.04078431373,-0.04890241252,-0.02519773409,-0.04796747967,-0.01865932733,-0.01409244645,0.00313283208,-0.03667420246,0.01825396825,0.01968048159,-0.1139611579,-0.03041065483,-0.0194835349,0.06535947712,-0.02295918367,-0.06012024048,-0.1127508855,-0.04934640523,0.07696350212,-0.03140862944,-0.03195876289,0.0002330947309,-0.01965923984,0.02250518211,-0.05565465573,-0.03114642051,-0.03205875164,-0.06818826564,-0.02193866129,-0.07336919746,-0.02227636617,-0.05352642419,-0.009146341463,-0.00765606596,-0.05778078484,0.04127966976,-0.01537110233,0.08121615993,-0.1242287125,-0.03095059915,-0.0869487909,-0.08517887564,-0.1161670236,-0.02562961164,0.0170362358,0.009188361409,-0.02562297267,-0.01776224918,-0.05251421563,-0.0517987838,-0.118949959,-0.07021276596,-0.01415701416,-0.06107954545,-0.0903686088,-0.03192252511,-0.02055279943,-0.02321831667,-0.0637829912,-0.02429667519,-0.03577926016,-0.06653829696,-0.03674436981,-0.02936021034,-0.02799625685,-0.02574850299,-0.06196333256,-0.06456521739,-0.05585725369,-0.1905439033,-0.04017025805,-0.02226345083,-0.01215859031,-0.02467746775,-0.03599280144,-0.01925711305,-0.04568023833,-0.01213040182,-0.008,-0.03192273461,0.02134193152
0.06095306919,0.002861815209,0.02879341865,-0.01818741976,0.00170794193,-0.04401240143,-0.01829616924,-0.00624609619,-0.01694915254,0.03448947779,0.008401453224,0.05831265509,-0.03411172161,-0.003032081377,0.02125328659,-0.01462140992,0.02958422175,-0.009647371923,0.04468889653,0.01427316645,0.02751392073,-0.00851970181,-0.0144131069,-0.009581105169,-0.01071532001,-0.01813373631,0.001342648431,0.009395902212,0.06279925825,-0.01281757839,0.01162939297,-0.05161979352,-0.01440871552,0.06769230769,0.03086053412,-0.03073387908,-0.01189296333,-0.007805530776,-0.01694915254,0.06294034758,0.03742122475,0.04284323272,0.003724394786,-0.0006056935191,-0.02215054061,-0.03243818133,-0.06676783005,-0.02418064516,-0.02389883519,-0.05660155331,0,0.005121042831,0.09153318078,0.1023172324,-0.1709531014,-0.01699346405,-0.009262689885,-0.02604920405,0.09078903929,0.01879404855,-0.007863695937,-0.02358490566,-0.01054320422,-0.0118949959,0.004514672686,-0.0595227676,-0.0639213276,-0.002721425037,0.0006971880084,-0.02711585867,0.0008783487044,0.0008314855876,-0.008855154965,-0.01890831252,-0.007998154272,0.05476042315,-0.03927046182,-0.01742976067,-0.0003837298542,0.1082342954,-0.002535464177,-0.02393526628
0.06269075095,0.02323685283,0.04242558863,0.1431143173,-0.01534526854,0.02025966851,-0.0005824111823,0.001047559187,-0.001193633952,0.05066867583,0.02319297456,0.04415787417,0.08319506992,-0.04053865656,0.03411285132,0.07313195548,0.02640434895,0.03862949278,0.06449489964,-0.07317601212,0.01450430347,0.2040816327,0.02806851615,0.03779527559,0.03278688525,0.03501346672,-0.008696574398,-0.03477284495,0.05907552083,0.06677486668,0.07603046272,0.01013513514,0.00685711151,-0.02017291066,-0.01842256765,0.05511927693,0.05817452357,-0.04270622612,0.03996865204,0.03800265135,-0.01435503437,0.07787114846,0.01453617811,0.05909090909,0.01463904974,0.04451772465,-0.01463414634,0.01237669585,0.02498074992,0.02781589123,0.02530902778,-0.002779064382,0.035639413,0.02205773501,0.01459854015,0.08909574468,0.03777112939,0.04036651808,0.03904358354,-0.0384319754,0.05482166446,0.003542673108,0.07482047718,0.1382316314,0.05123595506,0.04205512597,-0.01050558109,0.01339617961,0.126335346,-0.02280405405,0.03466432646,0.00526170036,-0.08870453095,-0.002909090909,0.08326226839,0.02064896755,-0.01254710142,0.05692348425,-0.0207293666,0.02834163156,-0.01144219137,-0.01323543198
0.01407634755,0.02390438247,-0.1506499041,0.06737480945,0.01731601732,0.003969306915,0.0168997669,-0.01109250733,0.004116319214,0.01398350663,-0.0002200704225,0.0497754491,-0.1299781182,-0.003524992466,0.003526970954,-0.06320987654,0.02471626734,-0.07664941785,-0.003091190108,-0.02076358068,0.1847604085,0.1159678858,0.0704272917,-0.04660741383,0.04790249433,0.01821561338,-0.03846153846,0.004821891387,-0.0305764904,-0.001738752445,0.05911949686,0.04793756968,0.03994987537,0.1448529412,-0.04046920821,0.2460328606,-0.08957345972,0.02559286217,0.01883948757,-0.03150276713,-0.01573892774,-0.01455301455,0.02254793493,-0.004864091559,0.003251147669,0.01973164957,0.02805280528,-0.06073509051,-0.03776609187,-0.07439320388,0.05388280634,0.03855085927,0.01012145749,0.01578794902,-0.03597122302,0.02564102564,0.007927927928,-0.05641513925,-0.01718613458,0.03836930456,-0.07514088917,-0.006097560976,-0.0275862069,0.003646973012,0.01966652416,-0.02899986198,-0.02123424021,-0.1510403917,0,0.04580812446,0.01569126378,-0.08512396694,0.01470588235,0.04959883297,0.03148930079,0.002312138728,-0.02432796566,0.01703406814,0.05527244218,0.01787709497,-0.03151154914,0.03589908895
0.04584847638,0.05097276265,0.03838434521,0.06150855971,0.04255319149,-0.04854368932,0.0229226361,0.05544973545,0.05646654324,0.07531824611,0.02773497689,0.05971479501,0.1227364185,0.00106393895,0.02563572462,0.2920400633,0.02978095004,0.08756567426,0.007441860465,0.05300962125,0.05238032091,0.04636290967,-0.001071583986,0.02796725784,0.02512848255,0.0281124498,0.01824756606,0.05705716514,0.1039949271,0.04136729806,0.10253365,0.08794326241,0.0261951539,0.00899165061,0.04645476773,0.04068522484,0.03800104112,0.01717032967,-0.05621301775,0.07648351648,0.04227847142,0.05362165963,0.01073028534,0.05319148936,0.09874826147,0.04334365325,0.1091492777,0.01218155523,0.03304215177,0.03894060574,0.02027956298,-0.008050089445,0.03206412826,0.06730357907,-0.07276119403,0.07857142857,0.03217733286,0.02951564077,0.06164789567,0.06851424172,0.03926878808,0.04262189215,0.03014184397,-0.002543604651,-0.2071278826,0.02058511216,0.05423728814,0.06199538639,0.06845360825,0.03388429752,-0.01670146138,0.02137910268,0.08143547274,0.009381514941,0.01741483383,-0.03748558247,0.0018604805,0.04581280788,0.03751857355,0.008049762166,0.009296238634,0
0.0202573132,0.0125879304,0.02754288475,0.004911320569,0.03551020408,0.004914965986,-0.02801120448,0.04251052737,0.02203029165,-0.003288391976,0.00385521525,0.007569386039,0.01993727599,0.03352971007,0.003829873009,-0.03671970624,0.04541108987,0.0267310789,0.01662049861,0.04349467643,-0.02620967742,-0.1680672269,0.01930920318,0.03118779031,0.01453864218,-0.01242897727,0.02066796232,0.03964317736,-0.01838024124,0.03052477525,0.2330341113,-0.00260756193,0.005743458839,0.0203691916,0.04672897196,0.1354775828,0.007522567703,0.008327706505,0.02978056426,0.0694160882,0.01113383322,-0.01401635241,0.02507232401,0.02975702976,0.02658227848,0.007665677547,0.01013024602,-0.04827718855,0.03507097781,-0.2246340232,0.002377870373,-0.008115419297,-0.03106796117,0.05811623246,-0.01810865191,0.02207505519,0.001385521302,0.02156334232,0.04438860972,-0.03962536023,0.1055374593,0.01951068442,0.000430292599,0.005100182149,0.03860391327,-0.001187911161,-0.01864951768,-0.02497963617,-0.01485912775,-0.02158273381,0.04670912951,0.01680424528,-0.002552648373,0.04027538726,-0.02898254228,0.04014379868,-0.05386612084,-0.009656146962,0.02434658074,0.02722323049,0.01973277295,-0.04227059074
0.05711616887,0.02961608775,0.1283799671,0.03121088196,-0.004729996058,0.02030834842,-0.01671469741,0.04250817465,0.03392529088,0.05245793468,0.006614038831,0.03388981636,0.01207994729,0.003419062185,-0.008032128514,0.01228293096,0.03155006859,-0.002509410289,0.009082652134,-0.0106857708,0.05848861284,0.03489439853,-0.00168279119,0.04032604033,0.09934980494,0.071197411,-0.000672942364,0.06111086852,-0.1304856641,0.09048488537,0.07920792079,0.007843137255,0.02072335025,0.02620087336,-0.02845982143,0.04396757272,0.03782976605,0.03839285714,0.005327245053,0.0003818251241,0.06213033708,-0.006261634794,0.05955103696,-0.0007953340403,-0.03411837238,0.05104294479,0.02148997135,0.03808066518,0.01129198323,-0.01041666667,0.006425442869,0.0009090909091,0.1743486974,0.04318181818,0.0512295082,0.13174946,-0.009339328952,0.03741904533,-0.01095963646,0.06526631658,0.07955215085,0.02187120292,-0.1243010753,0.01341065603,-0.08553971487,-0.02494299447,0.02293577982,-0.0008354218881,0.01606268364,0.1070261438,0.07342799189,0.02638445926,0.08957133717,0.02167438782,0.01797879065,-0.01785714286,0.03062764426,0.01355529132,0.03809856693,0.02544169611,0.003230026089,-0.1379732549
0.07234913793,-0.01455965909,0.007501562826,0.03449363134,0.06376237624,-0.001846660806,0.02461899179,-0.03837638376,-0.03660270078,-0.02413793103,0.009537939805,-0.01873082513,-0.0008680555556,0.01327069938,0.01720647773,-0.005857740586,-0.03767730496,0.006289308176,-0.003600360036,-0.03935241625,-0.02334963325,-0.04702750665,-0.02340346972,-0.001030927835,-0.02744263071,-0.3346760658,0.02094413113,-0.01775683628,-0.04441453567,-0.005581395349,0.03426875337,-0.01621271077,0.01243270797,-0.08875379939,0.03963239518,0.01781472684,0.000479616307,-0.02386070507,0.02573807721,-0.03244274809,0.008361402143,-0.01055858311,0.02850928996,-0.01326611833,-0.007659607062,-0.01937894,-0.01823281907,0.0003615530092,-0.0113222739,-0.03536184211,-0.001941862752,-0.009536784741,-0.02730375427,-0.03243766642,0.03898635478,-0.07347328244,-0.009427374302,-0.01502890173,0.001621621622,0.01267605634,-0.01855895197,0.01753864447,0.01006876228,-0.03540772532,0.0005567928731,-0.02963567385,0.07623318386,0.008082497213,-0.02159244265,0.07011070111,-0.01965230537,0.01553672316,0.03405754551,-0.01263157895,0.008692652639,0.1583577713,-0.001904423341,-0.00422336931,0.01885521886,0.01516195727,0.01800659951,0.002769313782
0.03101071206,0.003603603604,0.009927611169,-0.04163194861,0.001489203276,-0.001107830701,0.00114416476,0.04355333845,-0.007869174966,0.02666238355,-0.03527188747,-0.003949317097,-0.03366637706,-0.007054148548,-0.01313432836,0.01767676768,-0.01543067711,0.0378125,0.06142728094,0.004340101523,0.08987357617,-0.0260707635,0.01187394007,-0.0004127966976,-0.01556798832,0.02674066599,0.002653315145,-0.003744396498,-0.07112676056,-0.01421889616,0.09639446908,0.01285431773,-0.009001264843,0.04469646431,0.02430939227,0.04622565299,-0.009587727709,-0.02532481832,0.03357933579,-0.006706114398,0.0003105329417,-0.03184165232,-0.05200883841,0.05297122882,-0.003421970077,0.005476190476,0.02,-0.04292585282,0.05381366627,-0.02404092072,0.003612886274,-0.01696469509,0.05789473684,0.004253189892,0.04315196998,0.08341915551,0.009517095523,0.0007042253521,0.009983810038,-0.005563282337,0.05394883204,0.007303534911,0.04424993922,0.01001112347,0,-0.06610954106,-0.03154761905,0.03677080453,0.09399014778,0.0324137931,0.0200462606,0.07287899861,0.07836456559,0.02033787108,0.03836946857,0.06379746835,-0.004965188558,0.01932139491,-0.008922670192,-0.02342158859,-0.002533004186,-0.001380832931
0.0430214425,-0.01436265709,0.004915011264,0.01666143992,-0.01040892193,-0.01700187986,0.001142857143,-0.04982533554,-0.04002974346,-0.03347934919,0.01501632209,0.006112671403,0.01595864239,-0.00101341744,-0.01835249042,0.007857733664,0.04701754386,0.0108401084,0.0002836879433,-0.09385661217,0.02423337545,0.1051625239,-0.01301528423,0.02457154656,-0.009636767976,-0.02702702703,0.04488233711,-0.01703664377,0.04018195603,0.05143290947,0.03164797929,0.03416856492,0.01074349442,-0.01851851852,0.03074433657,0.04830130405,0.01016456922,-0.02846814279,-0.02749018208,0.04249404289,0.01531207263,-0.02115555556,0.02673350042,-0.01864147089,0.01333471026,-0.01870708027,0.04481792717,-0.03140159768,0.011464301,0.01240391335,0.00221603022,-0.05690298507,-0.01824212272,-0.005979073244,0.01978417266,-0.02851711027,0.01082402235,0.05160684964,-0.01175527652,-0.03496503497,-0.02480211082,0.004930394432,0.006984866123,0.008810572687,-0.02893711742,0.01299569286,0.03011677935,0.02986666667,-0.03260086455,0.02271209085,0.01360544218,-0.01011148561,0.02474986835,-0.02700530461,0.01666447108,0.007615421228,0.003839417738,-0.02981969487,0,0.02676399027,0.05573130752,0.04375646303
-0.04712467528,-0.02258652095,-0.01426533524,0.02905436162,-0.03155522164,0.0015005613,-0.002796803653,-0.02128482972,0.002194681126,-0.007769504694,-0.02294168096,-0.06272577997,-0.03340707965,-0.04063475304,-0.0004087929515,-0.0402133771,-0.01496872207,-0.04587429252,0.09047078843,0.02072119809,-0.01368019735,-0.01038062284,0.002378418119,0.01471180975,0.02420159681,-0.01818181818,0.002525469322,0.004278166378,-0.03571428571,-0.05198555957,-0.09237270152,-0.004719949654,-0.004094793237,-0.09433962264,-0.03558346415,-0.05777886897,-0.01197891711,-0.002790697674,0.04185022026,0.032,-0.1025683403,-0.05103523429,-0.01708706265,-0.04293520687,-0.0101910828,-0.01158301158,-0.1058981233,0.1006477927,-0.01442526268,-0.00483175151,-0.03372362426,0.001483679525,-0.04560810811,-0.02481203008,-0.06525573192,0.009784735812,-0.02245250432,-0.0225295561,-0.06190862395,-0.01086956522,-0.06006493506,-0.02568542569,0.04624277457,-0.0007278020378,-0.04813753582,-0.018574518,-0.026849642,-0.05152770585,-0.01042636381,-0.01175702155,-0.02199850858,-0.04112100576,0.005138746146,-0.03056335701,-0.002656300615,-0.07982994804,0.03056814902,-0.01906123421,-0.002000666889,-0.02064996615,0.009601141537,-0.05427780793
0.02760588795,-0.007081625047,0.01757287575,0.01490829196,0.007370054306,-0.00337965336,-0.006925762692,0.07868722815,0.0417364421,-0.002936378467,-0.01206934387,0.02662929222,0.01602197299,-0.008826163424,0.0271270037,-0.01838392475,0.03243365843,0.02809865751,-0.03485045514,0.08234972678,-0.01944065484,0.2027972028,0.002805183432,0.02264150943,-0.01023142509,0.05967078189,-0.008820444019,-0.000223646936,0.02116402116,0.02779893374,0.08754256671,0.01580777743,0.04719756749,0.1041666667,-0.001627780792,0.06201685052,-0.01551891368,0.02215485075,0.04369274137,0.06275378368,0.0773480663,0.0214354067,0.0358692053,0.006253398586,0.03175032175,-0.02026367187,0.023988006,0.01959128065,0.007467157003,-0.0009918501821,0.009867690555,0.04,-0.003539823009,0.01978925726,-0.001886792453,0.105620155,0.00777385159,-0.005476951164,0.05273775216,0,0.04087507196,-0.01244075829,-0.005966850829,0.06482155863,0.03913305238,-0.01622767294,-0.01900674433,0.0374010374,0.01599247413,0.2458691342,-0.01334349981,0.0150232177,0.03936605317,0.002726653033,-0.004936988437,0.0318275154,0.01557421954,-0.1124605295,0.01904443702,-0.03145523678,-0.00415929144,-0.0009352096395
-0.01990723952,-0.01839339339,-0.04205607477,-0.03729146768,-0.03889102811,-0.02335912464,-0.01325648415,-0.03647360704,-0.02485470508,-0.0179973822,-0.01688138605,0.1058020478,-0.02951115116,0.0032059307,-0.01020408163,-0.02787456446,-0.005272407733,-0.02611600364,-0.004042037187,-0.02415812592,-0.0284057971,0.1555232558,-0.01290595492,-0.02369392115,-0.03568791533,-0.01699029126,-0.01144046136,-0.0311631177,0.01702442635,-0.01259725824,-0.07921523176,-0.003734827264,-0.005289947923,-0.08262849707,-0.025,-0.04089310542,-0.01674876847,-0.01277663701,-0.02430790007,-0.03890239667,-0.02874358974,-0.01986134533,-0.02610022936,-0.03080248581,-0.004577943543,-0.05008721655,-0.01903367496,-0.03540981854,-0.007265546999,-0.02521661853,-0.01940231438,-0.04748338082,-0.05150976909,-0.0138608871,-0.03780718336,-0.05521472393,-0.01157082749,0.001376778339,-0.0232685464,-0.02490842491,-0.009955752212,-0.02219556089,-0.04557581147,-0.01744186047,0.01390498262,0.03069388685,-0.01125,-0.04631578947,-0.01962962963,-0.01273209549,-0.02588871716,-0.02933261572,-0.01672405312,0.0006798096533,0.01044522784,-0.008457711443,-0.007669719412,-0.01067323481,-0.007868852459,-0.03640256959,-0.008948062042,0.002804237693
0.05786757546,0.02715105163,-0.001484623542,0.125439722,0.06049679487,0.05902777778,0.113317757,0.1015788473,0.001521683997,0.04298567144,-0.007907817442,0.1092592593,0.1042246982,-0.02307512845,0.01172427734,0.03629032258,0.05013250883,0.06579357655,0.03842261905,-0.07613110174,0.07219570406,0.07736477987,0.01024078564,0.03938730853,0.1082184788,0.02320987654,0.01864475907,0.07797562437,0.07350800582,-0.003001876173,0.1436373234,-0.005310840362,-0.01299975182,0.1510638298,0.08807134894,0.0548307325,0.04058116232,0.04344811648,0.0446366782,0.1962378027,0.07545077748,0.07283502198,0.148243577,0.08475048787,0.04260651629,-0.002623294858,-0.01940298507,0.1390258769,0.03464301615,0.1931980057,0.0364003913,0.08923230309,0.03370786517,0.03245591618,0.09626719057,0.1187384045,0.03015253636,0.03551787351,0.105941704,0.1044327573,0.0530726257,0.3036809816,0.01653855113,0.04142011834,0.1085657143,-0.01866534066,-0.0208596713,0.09326710817,0.02304495655,0.1359484148,0.1539071797,0.06293318547,0.1150575288,-0.0005095108696,0.003101175863,0.1103863522,0.05997228841,-0.006915629322,0.03866490416,0.07555555556,0.01022906281,0.07638407577
0.1254383623,0.01228592703,-0.05692438403,-0.001391668136,-0.02568945977,0.01821311475,-0.007345225603,0.02572958038,-0.01747277792,-0.0003194888179,-0.01184240492,-0.07289927657,0.02249527013,0.04287507359,0.01898101898,-0.03545179421,-0.02818086225,-0.03364540667,0.01198277232,0.0224001792,-0.01925431274,-0.05838261306,-0.01337183048,-0.05550239234,-0.08106863197,0.0111003861,0.0214637076,-0.01331041833,0.01016949153,-0.02502822732,0.1573290018,-0.005025125628,0.01336254894,0.168823167,0.03227971311,0.03435731609,-0.01011073664,-0.02945736434,0.01026830076,0.02266169988,-0.05348127419,0.01906628653,0.01262747172,0.002827036751,-0.004411057692,-0.02814308259,-0.04414003044,-0.04514496984,0.003751985116,-0.0074615729,-0.01700591742,0.005034324943,-0.01086956522,-0.007920792079,-0.02329749104,-0.02404643449,0.01101928375,-0.007523788449,-0.02965027876,-0.01292517007,-0.01538461538,-0.007529411765,-0.0174152154,0.02139037433,0.002582487539,-0.002721216102,-0.0161394448,0.01640585563,-0.02861890694,0.01939451277,-0.01031282228,0.02373500261,0.08703454464,-0.01954120646,-0.05551977328,0.03027564392,-0.031241324,0.03871866295,-0.04677060134,0.1060606061,0.01847564145,-0.02423019805
-0.09253216216,-0.03089371092,-0.01509009009,-0.08311035041,-0.1721597518,-0.01645441226,-0.04016913319,-0.05067340067,-0.03479381443,-0.03355704698,-0.02235538142,0.01290516206,-0.03536382532,-0.000692306873,-0.03666666667,-0.0412371134,-0.0296472625,-0.04026642446,-0.02703398558,-0.08919866353,-0.02224239673,-0.056416615,-0.007866655201,0.002431610942,-0.1436090226,0.0491646778,-0.003086808618,-0.04937537795,-0.0610738255,-0.01351090523,-0.1239540752,-0.008838383838,0.03151253057,0.05587770163,-0.05806919072,0.01273935131,-0.02869649805,-0.001141031492,-0.06393442623,-0.01152141802,-0.01015776961,-0.04109109984,0.03646436133,-0.02947206561,-0.02333611,0.001082543978,-0.02707006369,-0.09073772162,-0.04255785049,0.02796571944,-0.005528510269,-0.0218579235,-0.05677655678,-0.03268463074,0.003669724771,-0.02888700085,-0.0136239782,-0.002229654404,0.1089057195,-0.02274293591,0.01885775862,0.02299668089,-0.01935634328,0.02617801047,-0.04370179949,-0.01407602559,-0.02296587927,-0.03153712441,-0.07241969207,-0.02877030162,-0.0329975686,-0.0298089172,0.05530334296,-0.001906412478,-0.003409710857,-0.01140350877,-0.01253811188,-0.03218020917,-0.06875834446,-0.03611457036,-0.006435663251,-0.0439039834
-0.03437367629,0.06261859583,0.02812714384,-0.001590971656,0.01405152225,0.01163875657,0.04019823789,0.02677779748,-0.0344459279,0.0539021164,0.00942951438,0.03659259259,0.03516624041,0.0460223397,0.01119478933,0.01683029453,-0.002453166815,-0.05205047319,0.04128076211,0.1855849896,0.06371866295,-0.002628120894,-0.01057669995,0.04083282798,0.02575358502,0.3284804368,-0.02541688608,-0.01396228877,0.0007147962831,0.02230483271,-0.036664478,0.03694267516,0.02997709049,0.04692960559,0.03161222339,0.04939033802,-0.008012018027,0.02330363263,0.00945709282,0.04064554692,-0.02751091703,0.02753464624,0.03789823446,0.05624504885,0.01606922126,0.0005406866721,-0.04091653028,0.1097663473,0.009760277282,0.04490273512,0.0610201679,0.001396648045,-0.01747572816,-0.02192416817,-0.03839122486,-0.04111986002,-0.04247237569,0.03262569832,0.103626943,0.05289139633,0.08937070333,-0.01390498262,-0.03329369798,-0.01020408163,-0.02204301075,-0.01106084898,0.06111484218,0.07743589744,0.06331967213,0.05064500717,0.03520114943,0.00393907563,0.003519749707,0.01910053829,0.005200492678,-0.01109139308,0.002176682092,0.04017733444,0.03297491039,0.03036175711,-0.02296757323,-0.01113092602
-0.1026665298,-0.02964285714,-0.1559163701,-0.09774601167,-0.0480369515,-0.0312837109,-0.05611434621,0.0366148532,0.01631637168,0.08220897396,0.02218589444,0.0004287551808,-0.05435453984,-0.04099671904,-0.008252818035,-0.01195402299,-0.01095461659,0.01630615641,0.004320203304,-0.04783281341,-0.02062193126,0.04677206851,-0.01892678516,-0.01340066032,-0.0607703281,0.03082191781,0.008904578365,-0.05383885838,0.02571428571,-0.01377990431,-0.08451702609,-0.01167076167,-0.02595727171,0.05388650453,-0.02553626149,-0.2153993234,0.08833922261,-0.03996427774,-0.05794587092,-0.01493394601,0.01032779524,-0.03779946761,-0.010273366,0.0045,0.09448905109,-0.01675222913,-0.06313993174,0.01640916894,-0.006542849122,0.01119820829,-0.08653535094,-0.01720130172,0.07312252964,0.04456751055,-0.01901140684,0.02737226277,-0.02271907681,0.005193681021,-0.0002134016219,0.07233757535,0.01747572816,-0.01574618096,-0.1316113161,-0.01868556701,-0.07971412864,-0.05635705669,0.03860759494,-0.04378867206,0.2204663712,0.04047294225,-0.05031228314,-0.0614700497,-0.02766952455,0.01976486625,-0.02042205582,-0.0152534769,-0.00760184053,-0.02583910495,-0.09403192228,-0.03354231975,0.006028785231,-0.04174483485
-0.03848434103,-0.02870813397,-0.002371541502,-0.1023105615,0.02523047065,-0.02746659243,0.09646662928,-0.01399533489,-0.03210884354,0.002319512902,-0.008910212474,-0.01242857143,0.0004354452428,0.003819652884,0.01704891415,0.01395998139,-0.0119801085,-0.001964636542,-0.03365384615,-0.03995418587,0.02083333333,-0.05663939585,0.03064010691,0.07381889764,-0.02673147023,0.1196013289,-0.003784605937,-0.02943610425,-0.08983286908,0.0300795653,0.02208721721,0.03915475451,-0.01559663405,-0.03574660633,0.04088050314,-0.05314462461,0.02272727273,-0.05139534884,-0.001473296501,0.005539358601,-0.03911111111,-0.0001844337883,-0.02673878317,-0.02065704331,0.004068158325,0.02253366309,0.0218579235,-0.0530773434,0.0314365441,-0.01121262458,0.01721096338,0.02175969726,-0.05156537753,0.04216107044,-0.005813953488,0.01154529307,-0.00405904059,0.006243272336,-0.008537886873,0.01124297314,-0.03148854962,0.02125119389,0.0566572238,-0.003939592909,0.01911589008,0.01185253362,0.0365630713,-0.01543056247,-0.06016106111,0.0270979021,0.01315308732,0.005016722408,0.04048096192,-0.02589807853,-0.106323836,0.1357630979,0.02918527645,-0.01285206453,0.08579088472,0.01946156341,-0.005395427121,0.01810825376
0.0862261069,0.01174687382,0.03512942419,0.06667583721,-0.02460955987,0.004196556877,0.01585677749,0.03852652923,0.05271296036,0.02371998843,0.05832180728,0.01692463475,0.0513601741,0.02320116853,0.01736180403,0.07434603029,0.0766415008,0.03280839895,-0.01021209741,-0.00990483589,0.01331441668,0.006671114076,-0.01255065254,0.01264894592,0.02247191011,0.06617210682,0.01328927468,0.04397715878,-0.06809487376,-0.07215523738,0.1073211476,0.006578947368,0.05219388288,0.1421867668,-0.007049345418,-0.04058602257,0.02403628118,0.01740622702,0.003688675765,0.09394027254,0.009019426457,-0.04058291828,0.07763922279,-0.01423125794,0.0542437426,0.01827465735,-0.0623885918,0.1103213115,0.00551662303,0.009379812404,0.01026899161,-0.03148148148,0.1165048544,0.02156007752,0.0350877193,0.0447761194,0.003334568359,0.03915275995,-0.03939720129,0.02841260037,0.08325123153,0.003507131167,-0.02252010724,0.0349373764,0.02696365768,0.005366672057,0.01704879483,-0.001769464105,0.02956989247,0.02893617021,-0.02127659574,0.02717692734,0.05123266564,0.04493996569,-0.01088646967,0.07180104292,0.008506113769,-0.01523545706,0.05114638448,0.05122494432,0.01566679404,0.04856151553
0.009958770689,0.01310861423,-0.03010972187,0.05864468789,-0.004366812227,0.02014253136,0.0055387714,0.03595834689,0.007878221391,0.03701610624,-0.005009801786,0.09388335704,0.0008279859242,0.02199751733,0.01235778737,0.05809483127,0.06459838504,-0.0584498094,0.03677248677,0.06204113658,-0.05094238018,0.1597084162,0.03166647327,0.05720492397,-0.0006105006105,0.06763150571,0.01561914194,-0.0007304517873,0.04679802956,0.004263959391,0.0316896467,-0.003267973856,0.03159275549,0.03533278554,-0.06693711968,-0.02682624845,0.04827280779,0.008192771084,0.04630650496,0.1714815796,-0.01604400642,0.01941934243,0.0008468524265,-0.008249548853,-0.03744500331,0.048033782,-0.005703422053,0.08223287898,-0.0004334593462,0.2298196949,0.007871454383,0.05544933078,0.05913043478,0.06948067346,0.003766478343,0.09327731092,0.004800590842,-0.03603047148,-0.04997758853,-0.06006006006,0.03001364256,-0.064305685,0.05595172792,0.02356687898,-0.02054794521,0.01455642121,-0.02023121387,0.001012914662,0.02806788512,-0.06658395368,0.002210759027,-0.004589632829,-0.04727006229,-0.007222586999,0.005974842767,-0.0123502994,0.04815400535,0.0123769339,0.05302013423,0.01392251816,0.01660754595,-0.1031669033
-0.07761255842,-0.005175600739,-0.030255196,-0.05706099339,-0.01072124756,0.008198599476,0.05408112168,-0.0654939532,-0.02556968733,-0.02152588556,-0.04049912434,0.04863459038,-0.02295760083,-0.02384193772,0.0416585933,-0.0327008478,-0.09161676647,0.09075573549,-0.01939270222,-0.03430079156,-0.03370403995,0.02857142857,-0.005404248782,-0.03270547945,-0.03573610263,-0.06152241919,0.01352622011,-0.03561109256,-0.0462745098,-0.01758997169,0.09776833156,0.05126676602,-0.01068570146,0.01507936508,0.008695652174,-0.04802798982,-0.03041825095,-0.01218929254,-0.01159114858,-0.01764705882,0.03400885162,-0.03545831762,0.03262043229,0.006238627502,-0.001821811557,0.001259128683,-0.06118546845,0.0277001659,-0.01212973489,-0.04465997519,-0.0178952044,-0.05163043478,-0.006568144499,-0.04523281596,0.03377110694,-0.01998462721,-0.01176038221,-0.01003844511,0.01745694739,-0.003194888179,-0.03222958057,-0.03809760956,0.02207792208,0.01991288114,-0.03671328671,-0.04256710562,-0.02182890855,-0.02377940804,-0.009682539683,-0.008861320337,-0.02389705882,-0.01057770545,0.05846153846,0.0462962963,0.0009377930603,-0.01288366806,-0.02313850693,-0.005279244235,0.05130656469,0.005074626866,0.0151665345,0.1196344783
0.003057417444,0.007432181345,-0.01817688551,-0.08432571508,-0.02807881773,-0.0354767184,-0.009026128266,0.03344537815,0.0005438477226,-0.02450570872,0.03650467716,-0.0285218254,0.02053344623,0.00983502867,0.008742559524,-0.02045075125,0.05295539442,-0.0445406743,-0.03356752537,-0.02030054645,0.03440986494,-0.09444444444,0.03390629913,0.002655337228,-0.04497941083,0.04972222222,0.01699481153,-0.04847479275,0.03700657895,0.08417369829,0.07357212004,0.01842925999,0.0005400559498,-0.001172791243,-0.03394396552,0.04766677804,0.00348583878,0.01137188483,-0.009950248756,-0.1483187471,-0.008785762559,0.01036370747,-0.02241749372,-0.04572461896,-0.02768306011,-0.01559356137,-0.06313645621,0.0552239757,-0.01067328887,0.0166450242,-0.004047726733,0.004775549188,-0.01487603306,0.05294937297,0,0.004705882353,0.01487541837,0,-0.03292371899,-0.05256410256,-0.02417883212,0.004400724825,-0.03862770013,0.03325198292,-0.04537205082,-0.01947695779,0.04342581423,-0.06245141228,-0.01121974675,-0.1493071077,-0.03917137476,-0.02192982456,-0.1308139535,0.03286978508,-0.04341036852,-0.02610364683,-0.002745827867,0.01089385475,-0.04728705668,-0.01752301752,0.01666503922,0.03013676033
-0.02573831118,0.02877167097,0.001105277701,0.03302146558,-0.005575266092,0.03064942529,0.0393096836,0.02488209465,-0.01005571409,0.05309734513,-0.008364516839,0.08348225683,0.0435594275,0.02318011695,0.03263876083,0.02300809544,0.02775459098,-0.02492716089,-0.01588583737,0.07889672867,0.03587647593,0.01165644172,-0.01450442976,-0.01253531073,0.009618573798,-0.02090500132,-0.01312944293,0.01372397744,0.1165741475,0.002467729689,0.03642921551,0.003897550111,0.07178867142,-0.01956947162,-0.0245398773,0.1152333369,0.05210594876,0.02296650718,0.001794687724,0.08680367766,0.0725,0.01935359009,0.009170122664,0.01543042772,0.02622320636,0.04931016863,0.1108695652,0.02578450514,0.02024258136,0.1168137483,0.03470232514,0.02186311787,0.003355704698,0.01411557124,0.06896551724,0.09289617486,0.01648955661,0.02891046386,0.03308559099,0.002706359946,0.1266947172,0.005154639175,0.01876817341,0.05727782699,-0.01077313054,-0.05603461924,0.006936416185,-0.01050304035,0.06094991084,0.0373095113,0.01450411603,-0.01793721973,0.04515050167,0.01820685435,0.0582761998,0.1426882144,0.01136155046,0.03039513678,0.06363347121,0.05562273277,-0.01073795422,-0.009310695862
-0.07001115803,-0.03155252779,-0.02704940657,0.06174833786,0.006625891947,-0.006691462252,0.0004612546125,-0.009203427483,0.003431708991,-0.008132285172,-0.0006659267481,-0.02379830349,-0.01192605844,0.007877808665,-0.02196428571,-0.01416076635,-0.04203045685,0.03818061089,-0.02079343365,0.06682003826,-0.02740026304,0.02425712553,-0.003199662168,0.03093152154,0.03318002628,-0.05945945946,-0.0006025540073,-0.03255226864,-0.003551136364,-0.01779965916,0.05385070472,-0.007487520799,0.0008460662953,0.0746506986,0.02058319039,0.1352587933,-0.01485761453,-0.01660430309,0.0336796847,-0.1152027868,-0.01101928375,-0.007214733245,0.1022729386,0.006931484937,0.01387732749,-0.0194789384,-0.01956947162,0.01226403987,-0.002749215619,-0.03503846954,-0.001262981077,-0.06651162791,-0.001672240803,-0.01609395389,0.1460101868,-0.04357142857,-0.02198990627,-0.01425875446,0.001856579253,-0.003373819163,0.003734439834,-0.007179487179,-0.03995848469,-0.01005305781,0.0269058296,0.07284538665,0.03329506315,0.02653631285,0.01894576012,-0.03748733536,-0.0170015456,0.0005707762557,-0.0344,-0.01337340346,0.00185099491,0.007933770266,-0.001361228433,0.03593456691,-0.04367334729,0.00372279496,0.00571528434,-0.04473958674
0.05276777942,0.02036282858,0.02524822695,0.05412640394,-0.02025316456,-0.01272083219,-0.004610419548,0.0168161435,-0.01668946648,0.03826182017,-0.04709018214,0.03427468018,0.02957151479,-0.01368089852,-0.008216176739,0.0443599493,-0.0178041543,0.03261912376,-0.002514668902,-0.02628964648,-0.01250845166,-0.05506216696,-0.01262519281,0.03329864724,0.01392686804,-0.005172413793,0.01088676802,0.04979661797,-0.01781895937,0.0316175053,0.04928935619,0.01173512154,0.03170066521,-0.1315007429,-0.002801120448,-0.04282115869,-0.03686635945,0.004994054697,-0.001386481802,0.008155230596,0.01992714806,0.05201759419,0.08528788245,0.01562086312,-0.001804098653,0.03724857214,0.00998003992,0.01599240119,0.01655322794,0.05721366232,-0.00955388842,-0.01195814649,-0.4003350084,0.04885057471,0.06666666667,-0.03734129948,-0.008846295614,0.007870665816,0.002779708131,0.04603926879,-0.02811078958,-0.006714876033,0.006756756757,0.07672778561,0.05988771054,0.04829548415,-0.02444444444,0.005714285714,-0.0400359874,0.04368421053,-0.01100628931,0.001996577296,0.08616404308,0.03274444106,0.003849114704,0.1358658453,0.04124086071,-0.0176028993,0.01908038786,0.02910128388,0.006815505113,-0.01311781864
0.09608938547,-0.009796806967,0.01300498063,0.06846220499,0.0005167958656,0.04890058965,-0.02779064382,-0.02551582926,-0.01585976628,-0.0005264543301,0.01911421911,-0.1008168028,0.00781555295,-0.01749984857,0.002025036819,-0.02063106796,-0.03431160984,0.01455558997,0.05042016807,0.004255213258,-0.05329225151,-0.09711779449,0,-0.03575025176,0.02076016056,-0.01935297516,0.01735729874,-0.02333345518,-0.04571843251,0.005793309662,-0.03218253344,-0.01049433858,0.02584937132,0.1035072712,-0.006179775281,-0.02877192982,-0.01174423662,-0.007335541884,0.02950364457,-0.05941422594,-0.03445378151,-0.00199963643,0.03626943005,-0.007038581856,-0.02453463203,-0.02513765861,0.04743083004,0.03590780737,0.02085867763,-0.05381165919,0.01276776395,-0.06354009077,0.08379888268,-0.01707060063,-0.002777777778,-0.0705973623,-0.005950167348,-0.0246939637,0.03118503119,-0.03495145631,-0.02126754573,-0.001560062402,0.1457718121,0.004453759497,-0.01236021189,-0.009603817667,-0.001708428246,-0.009199134199,-0.03139643861,0.001008572869,0.04610492846,0.02504981497,0.008771929825,-0.01518950007,0.005521472393,-0.09520940042,-0.01244004524,0.05849802372,-0.04696132597,0.01247574161,0.01636410125,0.04224023906
-0.05619775739,-0.01648955661,-0.03660202131,-0.02295963661,-0.008780991736,0.01481565809,-0.006193425441,-0.01099078713,-0.01597398926,-0.002897023966,-0.03110704483,-0.02283934596,-0.01085692129,-0.02352953265,-0.009920999449,-0.01652209831,0.005586592179,-0.002442002442,-0.01626666667,0.03362489779,0.0243490839,0.01249132547,-0.01062205879,0.08598781549,-0.04854070661,-0.02002945508,-0.009999533666,-0.001571934727,-0.01901140684,-0.01356373096,0.03861812411,-0.02009489255,0.02662432132,-0.02868217054,-0.0022611645,-0.05744219653,-0.0264084507,-0.02216924911,-0.005057316251,0.05189798339,0.00500435161,-0.009289617486,-0.010665,-0.01522709373,-0.03808815861,-0.006139489194,-0.03396226415,-0.01117987255,0.001960101577,-0.009909521758,-0.01961303417,-0.008616047388,-0.01288659794,-0.01372212693,0.02367688022,-0.004173622705,-0.01159745604,-0.007790521532,0.01097670251,0.01408450704,-0.006084311169,0.001822916667,-0.02389878163,-0.0117370892,-0.02324195471,-0.004356598641,-0.05019965773,-0.0193883124,-0.004999193678,0.009571788413,-0.009878419453,-0.009719522355,0.01512287335,-0.02665468703,0.001067724222,0.0293040293,-0.004308154563,-0.03783918347,0.01578099839,0.006845564074,-0.005547169811,0.02459430559
0.01449447547,0.01005961252,0.014743408,0.08278931197,-0.01459093278,0.01246260684,-0.02732502397,0.03840496813,-0.04122970838,0.01980982567,-0.003777148253,0.05683930943,0.02508820071,0.07263151803,0.01094822787,0.03275934481,-0.005555555556,0.07190942472,0.008403361345,0.06988061562,-0.006707460579,-0.004797806717,-0.008323117082,0.01586792755,0.06587019696,0.04478509167,-0.008324024602,-0.08151318256,0.04573643411,0.04407609719,0.09619286162,-0.005411563657,0.05433141608,0.2190742219,0.01359773371,0.04426983519,-0.03933092224,0.01974646514,-0.003727549983,0.08175923315,-0.08118640398,0.009009009009,-0.02526949921,0.02346041056,-0.006147635525,-0.002223869533,-0.060546875,0.1103619126,0.01857405205,0.0008703220191,0.03471932002,0.04834329169,0.09921671018,0.03260869565,0.03945578231,0.01508801341,-0.03444360333,0.02224645583,0.04431641923,0.08465608466,0.03760384784,0.01403691188,0.01728276524,0.0670361573,-0.003050640635,-0.005353632102,0.01561561562,0.01988304094,0.02512155592,-0.05389221557,-0.001534919417,-0.0005608524958,-0.07001862197,-0.001384615385,-0.03915892123,0.1006146878,0.02330182539,-0.008279430789,0.005707038681,0.01142235518,-0.006703854084,0.005776391342
0.05855486591,-0.1040206566,-0.03352891869,-0.0944386763,0.03067160233,0.06014783705,0.03302119271,-0.08892036512,0.001798022176,-0.03522403522,-0.01374407583,0.05101784368,-0.03154875717,0,-0.006607929515,-0.006506710045,0.01519553073,-0.01855552384,0.02607526882,-0.05249949584,-0.1209572326,-0.02134986226,-0.01943783341,-0.02035342379,-0.02817328082,-0.03970080552,0.0245709749,-0.01746784298,0.001482579689,-0.002164892657,-0.02120391633,-0.03608247423,0.02913917757,-0.004582651391,-0.0150922303,0.1557166453,0.04141176471,0.05952665551,0.04115646259,-0.07088871514,-0.04264844486,0.0003644314869,0.0680935567,-0.03256056265,0.002321074193,-0.008420009906,-0.0395010395,-0.05619673891,0.0063059009,-0.06956521739,0.007043303735,0.01088082902,-0.004750593824,-0.03810526316,-0.05628272251,0.007431874484,-0.006664053312,-0.01024109238,0.02567366858,0.02073170732,0.06489675516,0.006664957703,-0.02147239264,-0.001978728667,0.02570379437,0.001956332232,-0.021289178,-0.0377894277,-0.00395256917,0.1223628692,0.06610299769,-0.005892255892,0.06928313977,0.002310892004,-0.02537266096,0.03409758965,0.004878771561,-0.007044090791,0.01733921816,-0.02231782737,0.02304880999,0.05479431228
0.0328978467,-0.02305475504,0.002891008962,-0.01032841556,0.03181118522,0.0305275888,0.03816793893,-0.02366557264,0.01779838468,0.05395973154,0.007448342143,0.02534672406,0.03968410661,0.01989464081,0.05044345898,0.2161277118,0.01606867709,0.004363001745,-0.117369662,0.01350328714,0.01900269542,0.0872624912,-0.01194134817,0.1082299887,0.02462593516,-0.01288196525,0.03859195973,-0.08741043304,0.07179866765,0.02151509673,0.1062853808,0.005050505051,0.04325224072,-0.028280171,0.0732122588,0.004763795157,-0.006778129236,0.00428700361,-0.01992812806,0.01851332398,0.01427516613,-0.1367941712,0.007766990291,-0.02854065697,0.06174812139,0.000999000999,0.02164502165,0.07443745334,0.04074319802,0.02990654206,0.05964526907,0.01896463352,0.03818615752,0.06040709127,-0.02219140083,0.05409836066,0.01539068666,0.02974779047,0.07488622259,0.02986857826,0.05856747131,0.01222307105,-0.03785869303,0.1192069393,0.0369928401,0.02881220472,-0.01570996979,-0.006526674234,0.02063492063,0.01597744361,0.04109589041,-0.00395145357,-0.003745318352,0.02167230249,0.1770257078,0.02387720296,0.03722950885,0.00683131897,-0.01704369383,0.02255225523,0.03131729297,-0.01801383018
-0.057030185,-0.02444163506,-0.05505909484,-0.04706364061,-0.03928393834,0.03702183351,-0.05514705882,0.009907997169,0.02615723733,-0.07539480387,-0.03171953255,-0.05666977612,-0.07652867452,-0.01887654499,-0.02286719437,-0.02928306967,0.0212305026,-0.04691572546,-0.04452359751,-0.0516601722,-0.01983864568,-0.159223301,0.006611383732,-0.04025577678,-0.05597809553,-0.03884673748,0.05011574,-0.002875154568,-0.07458563536,-0.0582300885,0.2856585181,-0.01714454626,-0.0305522145,-0.05549915398,-0.06134320465,-0.04701698933,-0.03867151956,-0.008088070097,-0.038,-0.0853759295,-0.1084688182,-0.0576070901,-0.1422591522,0.0044345898,-0.02363140676,-0.01172654691,-0.1016949153,-0.05004135649,-0.01688932075,-0.0004537205082,0.005954010004,-0.03521126761,-0.1195402299,-0.06769865841,-0.1219858156,-0.03499222395,-0.0862806063,-0.007326774126,-0.08391070054,-0.08178654292,-0.08448598131,-0.04025157233,-0.03032581454,-0.09698848539,-0.02646720368,0.07071144107,0.007366482505,-0.07369323051,-0.03950233281,-0.09111933395,-0.04709141274,-0.03598753188,-0.1052631579,-0.07777944938,-0.03207077689,-0.09883398112,-0.03682938584,-0.01931106472,-0.02742749054,-0.1040882195,0.05061251584,0.002557704304
-0.06505374679,-0.01166306695,0.06253813301,-0.01395562519,-0.06780538302,-0.02731764563,0.001945525292,-0.04204625088,-0.02921380495,-0.001928374656,0.01600985222,-0.05562422744,-0.04112687641,0.01892110487,-0.02592259226,0.01560332871,-0.04433602036,-0.03919781222,-0.07082945014,-0.01582068253,-0.00620698961,-0.08391070054,0.02197176783,-0.06087219867,-0.01836932001,-0.03347016104,0.00321844106,-0.04675136945,-0.09925373134,-0.001879345988,-0.08529329701,-0.0384962406,-0.06216925635,-0.05876030097,-0.04957746479,-0.057960199,-0.02035021297,-0.0006795016988,-0.02772002772,-0.11321891,0.01306477953,-0.03985669503,-0.1014618093,-0.04277041943,-0.01972457083,-0.02246907347,-0.06603773585,-0.007627340009,-0.03529018565,-0.0653654108,-0.02636963801,-0.04953076121,0.0365535248,-0.05202568076,-0.1227786753,0.02820306205,-0.06125053169,-0.01855757065,-0.01743697479,-0.01705622236,-0.158840343,-0.02096985583,-0.04962522616,-0.04708190289,-0.04905437352,0.02836912,0.006093845216,-0.02682701203,-0.04808937824,0.06361323155,-0.04033430233,-0.005291005291,0.04663865546,0.07177814029,-0.06141102542,-0.02957486137,-0.0191188276,-0.04257583821,-0.0794165316,0.01891323927,-0.0020276053,-0.05616986388
0.002661718741,0.03671328671,0.03560149297,0.02803534946,0.01166018878,0.03032073042,-0.0140776699,0.04535479151,0.01504646703,-0.02208114822,0.001212121212,0.08534031414,-0.01286725284,0.03493613643,0.005913879135,0.07203823831,0.04328523862,0.0006325110689,-0.03109327984,0.02965,0.0004073319756,0.01596638655,0.01906087837,-0.03240890035,0.08404464872,0.07285200915,0.01549580524,0.1488088112,0.05550952775,0.01449821126,0.02713917237,-0.004066312168,0.009899475328,0.0833650552,0.00237107291,-0.007481735763,0.0115942029,-0.009519492294,-0.006414825374,0.1460101868,-0.01638903815,0.03194962687,-0.00125,-0.02565580859,-0.004944910957,-0.01523760331,0.05555555556,0.07700001755,0.009661993101,0.06022340942,0.03012187872,0.0630828305,0.02518891688,0.003035964503,0.05156537753,0.04467084639,0.004077933847,0.01396648045,-0.03485140047,0.05205655527,0.1558252427,0.009638554217,0.01006255099,-0.006948018528,-0.006215040398,0.001723599018,0.008479709267,-0.02154626109,-0.01905085899,-0.01674641148,-0.004165088981,0.001477541371,-0.02810116419,-0.01248097412,0.01719415703,0.005396825397,-0.001321207584,-0.02112284603,0.04154929577,-0.002946375958,0.01524656967,0.004960036609
-0.05584684526,-0.05143338954,-0.07152758525,-0.01811905912,-0.01317233809,0.01022304833,-0.02117183653,-0.01172148355,-0.01932858596,-0.001411233418,0.01355932203,0.002411963338,-0.007603736693,0.004257949955,-0.03417233143,-0.002866242038,-0.03425531915,-0.01295828066,0.01690821256,-0.05378041082,-0.02049402823,0.06865177833,-0.01261584999,0.01949675054,-0.0666262871,0.003349573691,0.01000202663,-0.04970821175,-0.01648351648,0.02078693393,-0.0173599738,0.03423366834,-0.01277881248,-0.07695010541,-0.01774098167,-0.02562965591,-0.01193887297,0.004576659039,-0.00824964132,-0.06844444444,0.01912045889,-0.06937853107,-0.04755944931,-0.02781065089,-0.02480162138,0.001573564123,0.01913875598,-0.01384928717,-0.0005484224789,-0.05497022446,-0.01821182975,-0.02012383901,-0.0171990172,-0.006752037253,0.02101576182,0.02475618905,-0.02752707581,-0.02500529773,-0.00841825432,-0.02076970067,-0.04409911802,-0.01750198886,-0.05411954766,-0.04068411506,-0.02126328956,-0.006882533343,-0.004204204204,0.02363989637,-0.02184844807,-0.04671532847,-0.01140684411,0.02183534966,-0.04997934738,0.02127003699,-0.03709798055,-0.0445216293,0.01058731874,0.003691084611,0.02501690331,-0.06353427896,0.01050495201,0.03948058964
-0.04999183331,-0.03511111111,0.003284562556,0.01896088401,-0.06229143493,-0.004291628335,-0.02012072435,-0.005841741901,-0.008743331357,0.00113058225,0.009316770186,0.01515880654,-0.09829246935,-0.05481316219,-0.00494578657,-0.06387735548,0.006168759639,-0.07268651937,-0.02137767221,-0.007313130276,-0.06553969794,-0.06424148607,-0.0154185453,-0.03236351749,-0.03374432187,-0.007587253414,-0.0239725219,-0.07353876522,-0.07501995211,-0.06472727273,-0.13328,-0.05162465837,-0.08544632299,0.01180053293,-0.02287778447,0.005734049331,-0.02658289029,-0.007744874715,-0.03001808318,-0.03276081425,0.009112838381,0.03011170471,-0.1165111695,-0.02617163725,0.002348327404,-0.03115998953,-0.03521126761,-0.03862866584,-0.01313121532,-0.02956858943,-0.03683771185,-0.03844128489,0.01,-0.1148616971,-0.07032590051,0.001464128843,-0.006032482599,0.001304064334,-0.06903485255,-0.05552089832,-0.04833040422,0.009986504723,-0.01110162254,-0.06158833063,-0.001277955272,-0.002163452907,-0.01447527141,-0.0173995571,-0.1457188442,-0.02399183257,-0.04884615385,-0.006352873231,-0.03304347826,-0.005885904014,-0.03013826317,-0.05816259088,-0.01244004524,-0.01697312588,-0.05112137203,-0.01230672136,-0.02327681968,-0.07034907247
0.003499981579,0.03869184708,0.04375,0.0172988491,0.08185053381,-0.004619641793,0.01745379877,-0.0008903133903,-0.01704290626,0.01524562394,0.01704142012,0.008058781702,0.05341102209,-0.003844251497,0.02370483655,0.007847151143,-0.008320560543,0.03591160221,-0.002080443828,0.03450860777,-0.009193357058,0.02150537634,-0.003577157296,0.05084459459,0.01914036266,-0.002140672783,0.00907595748,0,-0.03882657463,0.07251166407,0.01757840543,0.002241434518,0.04770176772,-0.06207674944,0.004929143561,-0.09683257919,0.01936444886,0.003902662994,0.005219985086,0.02137454785,0.002390438247,-0.028524281,0.04164590569,0.0140625,0.001944545316,0.04675675676,-0.03163017032,0.05327650506,-0.001941626328,0.001498501499,0.03539941835,-0.01369112815,0.002475247525,0.01694915254,0.0036900369,0.01754385965,-0.005135387488,-0.01606251357,0.07007439405,0.04953764861,0.02631578947,-0.0312667023,0.0400115141,0.04663212435,0.01151631478,-0.00477711304,0.009791921665,0.02479072762,0.01577090683,-0.05857740586,-0.0432672867,-0.01046207498,-0.02787769784,-0.04721420981,-0.0174595547,0.05719298246,0.002651172039,0.04661870504,0.005561348627,0.09169329073,0.01470444637,-0.02135603643
0.03129206745,0.01197339246,0.04847447961,0.04142888177,0.002192982456,-0.02289909824,-0.01109989909,-0.005703083229,-0.01368821293,0.01473859844,0.0262974168,0.07335998119,-0.07605439041,-0.002895544107,0.05135387488,0.03622207177,-0.00640317951,0,0.06636553162,-0.01124409685,0.01331936546,0.008906882591,-0.001347674336,0.06638804051,0.03953871499,0.08581060374,-0.01004895645,-0.01294919748,0.02064631957,0.03298894327,0.0925821407,0.05335463259,0.03674046161,0.1873245086,-0.005518087063,0.06963927856,0.01022893327,0.0297278756,0.02262611276,0.03509336768,0,0.005095850522,-0.0423654394,-0.02989214176,0.02494943472,0.02039762458,0.1809045226,0.04609460408,0.008332762324,0.1172069825,0.02554164739,0.00333148251,0.05925925926,0.02604166667,0.03492647059,0.03304597701,-0.01454716096,-0.00463269358,-0.01681991478,0.04971680302,0.04363472785,0.005517241379,-0.05175754221,0.0302530253,-0.006325110689,-0.04319135088,0.003636363636,0.001570845115,0.1186925434,0.004444444444,-0.0122569738,-0.01468428781,-0.01526364477,0.02629063098,0.0120639061,0.1705940923,0,-0.06048941435,0.09955063947,0.01287679251,-0.01948974567,0.002370722193
-0.0176217204,0.03856266433,0.05004079413,0.0469540958,0.0590809628,0.0370488237,0.02040816327,0.06219752644,0.01449498843,0.0419292957,0.02585034014,0.03967141292,-0.01571464206,0.001612211392,0.02273534636,-0.004573668736,0.04511111111,0.02366666667,-0.001629195178,-0.0166030679,0.06424457244,0.06099518459,0.02248204005,0.03180584866,0.05546751189,0.02286198137,0.02886093725,-0.01750009993,0.02814423923,0.05632567117,0.1427504013,-0.0415529269,0.0687596547,0.02972972973,0.01911220715,0.09929742389,-0.03616200579,0.004441483455,0.005803409503,0.1374805599,-0.01960784314,0.04852728151,0.07356131601,0.03240152478,0.02547138604,-0.01366396761,-0.01914893617,0.02905852259,0.04876203983,0.01339285714,0.05786380423,-0.006640841173,0.05361305361,0.04289340102,-0.02664298401,0.008344923505,-0.02238095238,0.04654255319,0.07801094891,-0.07673860911,0.08318965517,-0.007956104252,0.0198482195,0.0755472504,-0.01782304265,-0.02508361204,0.003019323671,0.01160602258,-0.01570489408,0.1039823009,-0.0243902439,-0.004470938897,0.05824330672,0.03151684521,0.05331829897,0.03997731783,0.02677948424,-0.02487562189,0.0458975165,0.01473562554,0.02956458485,0.0255562702
-0.05091440582,-0.008438818565,-0.07303807304,-0.01181462967,-0.06095041322,-0.02717408729,-0.0515,0.03948700641,0.0123119015,-0.06286165176,0.03293545535,0.008196203198,-0.04206791688,-0.02705336838,-0.02205626954,-0.05973088284,-0.01573463747,-0.05828720287,-0.04503916449,-0.02898699697,-0.01235081876,-0.03252647504,-0.0239660474,-0.06617969321,-0.01351351351,-0.02731788079,-0.009872098086,-0.07602362974,-0.08212147134,-0.02624584718,-0.06704821563,-0.07943037975,-0.03727352339,-0.06332020997,-0.04476709014,-0.05513421389,-0.020010005,-0.02277249613,-0.07104219257,-0.03691550451,-0.006756756757,-0.02555836979,-0.1421319444,-0.05846153846,-0.006674082314,-0.03412006157,-0.0715835141,0.006062902615,-0.01444653542,-0.02643171806,-0.03525777733,-0.02228412256,-0.02876106195,-0.06424920905,-0.09489051095,0,-0.02191914272,0.01905972046,-0.1007194245,-0.05649350649,-0.01432550736,-0.01991150442,-0.1350887235,-0.1161578555,-0.0259235256,0.007481272592,-0.009632751355,-0.0992248062,-0.03153988868,-0.04659318637,-0.075,-0.05688622754,-0.02485574789,0.01068633353,-0.04618443187,-0.09978189749,-0.03090954612,-0.02611044418,-0.05740907725,-0.103929385,-0.005943869683,0.01245971135
-0.04781662445,-0.04340425532,-0.05923442302,-0.02465375523,-0.01870187019,-0.0006261770245,-0.05271481286,-0.03571428571,-0.03063063063,-0.03901206848,-0.004921891718,-0.05621734587,-0.0328042328,0.0052970282,-0.0417332623,-0.08376963351,-0.09310866278,-0.01901798064,-0.05707450444,-0.09982533213,-0.007025432064,-0.08678655199,-0.02343100062,-0.02988110138,-0.03074581431,-0.06354609929,-0.01993511432,-0.01556982202,0.04473438956,-0.0242238144,0.01990049751,0.01168786525,-0.06019446628,-0.008056042032,-0.02089930336,0.03589466089,-0.01174068402,-0.02601809955,-0.01630434783,-0.04855195911,-0.06340136054,0.06687145558,-0.03885601418,0.03071895425,-0.04367301232,-0.02974767596,-0.02570093458,-0.06177024482,-0.02372254428,-0.06380090498,-0.02828411398,-0.02108262108,-0.08428246014,-0.1071521456,-0.05443548387,-0.01655172414,-0.04880478088,-0.00540315877,-0.005882352941,-0.02202339986,-0.08518368995,-0.06602708804,-0.005294506949,-0.02611625948,0.0126413839,-0.01716956994,0.06990881459,-0.0230636833,-0.08199233716,-0.02627430373,0.01232811759,-0.02476190476,0.04233045061,-0.07326880119,-0.05531505532,-0.01907934585,0.08039919099,-0.03174114022,-0.02232142857,-0.1391801716,-0.02639402059,-0.07156046748
0.1728152485,0.06761565836,0.01900801901,-0.04165321611,-0.0201793722,0.02857721643,-0.001112966055,0.017003367,0.03578066914,0.01372663551,0.01892473118,0.05403011515,-0.03227571116,0.004282730681,-0.01111934766,0.032,-0.01858027632,-0.01868170603,-0.007611453425,-0.002087375786,0.06820432998,0.03510273973,-0.008070913972,0.01757781003,-0.1538944724,0.01090578613,-0.002679746091,-0.05383548777,0.05976806423,0.06818181818,-0.04644750795,-0.02956167176,-0.005017995245,0.3347457627,-0.0213454075,0.06120494515,0.003615702479,-0.004181184669,-0.0134175217,0.04595643092,0.1147588611,0.01262458472,0.0982624881,-0.02029169309,0.01717798595,-0.04133588831,-0.0551558753,-0.03144118828,0.0040961887,-0.1333977767,0.01648375533,-0.03259604191,0.0447761194,0.01194290708,-0.132196162,0.009817671809,0.04293193717,0.009193480986,-0.07763313609,0.009852216749,-0.002206531333,0.008459214502,0.04158349967,-0.09169550173,0.02496714849,-0.005196813404,0.01704545455,-0.009866102889,-0.06302170284,-0.04155423637,-0.06323185012,-0.009114583333,0.02663755459,0.01960469227,-0.02936184657,-0.03365236184,0.03228550346,0.05028644176,-0.002609262883,0.1048357327,-0.004090477184,0.04811289682
0.1064814287,0.0025,-0.21626348,-0.0110003348,0.02974828375,0.04977259507,-0.003899721448,0.01837444132,0.04247046508,-0.01382886776,-0.01266357113,0.006092436975,-0.00339174675,0.06229329111,-0.01124437781,-0.007751937984,0.02063106796,0.06968390805,0.04127100073,-0.1292166279,0.02040005299,0.1298593879,0.01767205761,0.03787638669,0.007423904974,0.0296673659,0.03274184038,-0.04218707158,0.005892255892,0.01047463175,0.02290925267,-0.007352941176,-0.04486083696,0.01137566138,0.04163912756,-0.2189679219,0.1302110139,0.01842780499,-0.0044,-0.04365192582,0.05499087829,0.03040244969,0.1319018405,0.04627831715,0.02072133261,-0.02398629355,0.06598984772,0.04894142613,-0.04350082814,-0.0351366425,0.02318997591,0.01083032491,0.01428571429,0.02389176742,0.07862407862,0.01458333333,0.05220883534,-0.01842650104,0.06748781114,0.08641114983,0.05616983636,0.04403834632,0.08942829767,0.008571428571,0.1121794872,0.03751217449,0.00782122905,0.04555160142,0.01870824053,-0.01238738739,0.0155,0.06274638633,-0.01318587835,0.05878644602,0.005595383808,0.2661341853,0.04408917775,0.01454545455,0.0160235448,-0.009355162045,0.03338181395,-0.1114772855
-0.01104175679,0.006650041563,-0.004090740052,-0.02237458356,-0.03777777778,0.007565445026,-0.02628635347,0.00666449935,-0.02639506527,-0.100204499,0.03484395041,-0.0576320735,-0.01871809416,0.01018458679,-0.02445034117,-0.01748511905,-0.001902497027,0.006715916723,0.1150473518,-0.0004736610617,0.02414643645,0.03147877013,0.04296344844,0.02931745305,-0.002210759027,-0.01309662398,-0.01350913853,0.002082819209,0.04686192469,-0.03530936184,-0.3509458578,0.02222222222,0.01615694185,-0.03478943238,-0.02284263959,0.02048319328,-0.09289617486,-0.009390746679,-0.06629168341,-0.05519093079,0.03458498024,0.01146253449,0.07091463415,-0.002783792144,0.07029672821,-0.002047981276,-0.09285714286,-0.101060551,0.02302312678,0.07601156069,0.028111756,-0.004166666667,-0.03051643192,0.02614562834,0.004555808656,0.04859685147,0.03959923664,0.000632777895,-0.04975961538,-0.005131494548,0.003350083752,-0.01635581062,-0.03078276165,-0.05162102613,-0.01383285303,0.02288071307,0.01274944568,-0.06569094622,0.01202448623,-0.03021664766,-0.02264894141,-0.02071097372,-0.07543103448,-0.02366775826,-0.1107633455,-0.01690638405,0.00941345014,0.03912783751,0.05246218217,-0.0107925801,-0.01789132344,0.01614658432
-0.04864915533,0.01279933939,-0.009335324869,-0.02254250675,0.0317551963,-0.007508638832,0.1539345204,-0.006458905216,-0.03212022985,-0.02727272727,0.005164222268,-0.04121426989,-0.02919075145,0.04247102444,0.003497182825,0.1980310488,-0.003335715988,0.03068712475,0.02264863165,-0.03723386251,0.02814044873,-0.02058197303,0.01051598391,-0.01068090788,0.006646971935,-0.07225007372,-0.0163374903,0.003309823082,0.0207833733,0.02081934184,-0.01340033501,-0.01794340925,-0.03828077106,-0.07615176152,0,-0.05280494081,0.0125502008,0.02265895954,-0.01893287435,-0.03283864856,0.07043935053,0.02665267576,-0.01813787824,-0.1442307692,0.02458377239,-0.001759014952,-0.02099737533,-0.01494505495,0.0005572607802,0.003491807682,-0.01584105285,0.03765690377,-0.002421307506,-0.02876712329,-0.01133786848,-0.02088772846,-0.0009178522258,0.001264755481,0.002782696686,0.01805286912,-0.01585976628,0.06271878646,-0.02147610405,-0.04779289744,0.03682057276,0.05727105022,-0.02900930487,-0.01967213115,-0.06956146036,-0.05467372134,0.01057934509,-0.01136363636,-0.05268065268,-0.02042994359,-0.004497457959,-0.04491786448,-0.05907195519,0.0005748778385,-0.0003058103976,0.02182066144,-0.01669819433,-0.06355113497
0.0409774148,0.06481858948,0.06030908406,0.02130300534,0.02126468942,0.01076352531,0.04081632653,0.03412969283,0.02009438271,0.02403204272,0.003699136868,-0.007395424081,0.1044953855,-0.03194753652,-0.004259438529,0.04077117573,0.0279703562,0.05857605178,0.02060904337,-0.0195830257,0.0182468253,0.08333333333,0.01344431451,0.04498425551,0.06016140866,0.1013986014,0.007503700289,0.1049660291,0.0626468285,0.02302631579,0.002037351443,0.01475755446,0.01585502818,0.02640070402,0.01363636364,0.04792436427,0.04065443728,-0.003617454217,0.03684210526,0.05582761998,0.009591791211,0.02187244481,0.131875,-0.006161652773,-0.01439840383,0.05403817915,0.04289544236,0.09659973226,0.01915968989,-0.08404710921,0.04369473444,0.008064516129,0.1529126214,0.03018335684,0.04357798165,0.028,0.08635737253,0.009473684211,0.0274974773,0.03356554782,0.03519932146,0.001372495196,0.04420401855,0.09759498083,0.02649379932,-0.0008504967076,0.02593010147,0.06317354143,0.06384954725,0.1169154229,0.1181455633,0.03959131545,0.04576771654,0.03813229572,0.04969554115,0.04084923408,-0.04055222033,0.01350186728,0.03732028143,0.1091091091,0.01595574133,0.01066420154
0.006310077193,-0.006508422665,0.02772840384,0.009674161653,0.06191780822,0.02071939465,0.02391200383,0.01320132013,0.01865393225,-0.006844850065,0.003276003276,0.0009313154831,0.002156334232,0,-0.04413766284,-0.000607348922,0.04046511628,-0.02904310608,-0.009644364075,-0.01384207129,-0.008475602373,0.00602006689,0.01112375139,0.02166738413,0.0003460207612,0.05194805195,-0.003191060215,-0.03553308513,-0.03463522476,-0.006430868167,-0.006099627245,-0.005540166205,-0.002320717131,-0.0774507002,0.04612427931,-0.03339209789,-0.03382563125,-0.007488087134,0.005499153976,0.08070500928,0.01414052143,-0.000600120024,0.03946671828,0.09445660102,-0.004173927561,0.003900808025,0.05655526992,0.04660058271,-0.004088371957,-0.005844535359,-0.03342216359,0.002285714286,0.02526315789,-0.004107338445,0.01098901099,0.03566796368,0.000422832981,0.03649635036,-0.01890498404,0.01409313725,-0.002458009013,0.004111842105,0.003256364713,-0.02476976818,0.05381658429,0.009319549994,0.02912087912,0.005941978329,-0.05979921432,-0.02561247216,0.006687472136,0.01136363636,-0.016,-0.000299850075,0.0181511976,0.005422153369,0.008451850538,-0.05640589569,-0.04335004423,0.02888086643,-0.009123564043,0.02589828335
0.02090169931,-0.004238921002,0.0985818056,-0.006169106529,0.0257997936,-0.005920487848,0.04016814573,-0.01768264309,0.00190448286,0.04233672465,0.01734693878,-0.005350081414,0.03146853147,0.02997098686,-0.03681855167,0.007292616226,-0.01095216808,0.005352644836,-0.01612903226,0.04,0.02833068751,0.05186170213,0.01565755838,-0.02050561798,0.02006226219,0.03017832647,0.02773029554,0.09151127653,0.001526717557,-0.003236245955,-0.06273440164,0.0508356546,0.01131111045,0.0594795539,0.03123086344,0.0197403712,0.002958579882,0.01188843164,0.04795961296,0.03605150215,0.01067538126,0.0256204964,0.01825301205,0.00866377874,0.01257426676,0.004440743825,-0.002433090024,0.004852255054,0.02298476192,0.02645502646,0.01146497859,0.06898517674,0.01026694045,0.007148748969,0.06739130435,0.0344395742,-0.00338123415,0.009054325956,0.0518018018,0.04652567976,0.04517453799,0.009282009282,0.002950722927,-0.008759361771,-0.02344971339,0.0004173332406,0.01601708489,0.00382209868,-0.005803156917,0.08228571429,-0.003100088574,0.02976009718,0.08034433286,-0.001799640072,-0.01598970777,0.04340010272,0.002793671816,0.02883748874,0.01048088779,0.005263157895,0.0255669315,0.02197231516
0.06024404725,0.002708978328,-0.03054156171,0.01450099877,-0.02414486922,-0.01531478259,-0.01392007185,0.00189483657,-0.001462202076,-0.007871536524,0.03269809428,-0.04115996258,-0.04015645372,-0.007345475457,0.02703273495,-0.05761689291,-0.005423728814,-0.004697776386,-0.01515620167,0.02996503497,-0.02125638285,0.01011378003,-0.01083177568,-0.0017206768,-0.02984062394,-0.0655126498,-0.04099324126,-0.002489934755,0.009146341463,0.01331168831,-0.03055656602,0.002319416832,-0.01480750247,-0.04210526316,-0.02434679335,-0.01146764861,-0.001966568338,0.04089471306,0.01605780811,-0.03838718586,-0.0239275706,0.01971116315,0.008605250278,0.00660720185,0.02622292592,-0.03122409505,-0.0487804878,-0.00105243608,0.01256941576,-0.01202749141,-0.02860743847,0.0032,-0.0325203252,0.007917007917,-0.02851323829,-0.07324455206,-0.01060220526,0,-0.06376397811,0.07217090069,-0.01689587426,-0.05004057344,-0.013239188,0.08373575113,0.01707577375,0.05411770841,0.007882291119,0.03115264798,-0.0098062106,-0.131467793,-0.06041759218,-0.02447655559,-0.09783089863,-0.017578125,0.02670900261,0.06793010091,0.04086658343,0.04934306569,-0.05887736425,-0.02036067481,-0.04586135438,-0.01738070719
0.01917525176,0.03396372057,0.04189671971,0.07966916921,0.01288659794,-0.01555297299,0.04007285974,0.02159180457,0.02152584566,0.06759758807,-0.04001554002,0.02756097561,-0.005704971475,0.009472688515,0.01871272877,-0.01056338028,-0.009997727789,0.01793580868,0.1780778894,0.08293444682,0.008250424654,0.03942428035,0.00273692876,0.04208560758,0.01363159734,-0.04930179538,0.03300750728,-0.04415223977,0.05211480363,0.05479013137,0.2457786116,0.03966942149,0.07882765531,0.08913308913,0.08216676811,0.09078331205,0.03842364532,0.01562839158,0.0272619518,-0.0637564618,0.007508833922,0.02985645933,0.09065071214,0.02428618313,0.01982514344,0.02395892755,0.05384615385,-0.0398023054,0.0216596885,0.004057971014,-0.00111131794,0.01382243488,0.01050420168,0.06283856988,0.1090146751,0.01241018942,0.01200171453,0.01894317049,0.05667090216,-0.02369413032,-0.01278976819,0.03872437358,0.08199165176,0.04880266747,0.04302203568,0.01630788764,0.01511991658,0.05303793219,0.09431737798,0.003039513678,0.0609929078,0.01995163241,0.0897939156,0.02064535862,0.05493905767,0.07029269417,-0.03717704282,0.03811908737,0.01199351702,0.03978622328,0.04075110814,0.01722133743
0.0251712345,0.005972377753,-0.009039900249,-0.02582655131,-0.01221374046,0.0705060408,0.01707530648,0.02082690528,0.02092889908,0.024078478,-0.1001618778,-0.008070258723,0.05655737705,0.03549523861,0.03451756157,0.168877386,0.02616479229,0.01205564142,0.01812849907,0.03448275862,-0.07352587244,-0.0656231186,0.001681922136,0.02922122674,-0.1279310345,0.001798561151,0.009948920569,-0.02310470592,0.05958363245,-0.008505467801,0.06506024096,0.04546899841,-0.05139922167,-0.05381165919,-0.02418447694,0.01746511855,-0.04838709677,0.01175464843,-0.005384615385,-0.02914110429,0.008548882069,0.0639286378,0.006522174906,-0.03364306312,0.01450565097,0.01169916435,-0.03892944039,-0.1026704316,0.004910550891,-0.1045034642,0.02670130419,0.04142632407,-0.1164241164,0.001019367992,0.04347826087,-0.01419354839,-0.006776789496,-0.003718199609,0.08321308321,-0.0137892995,0.03846153846,0.03015350877,0.009644530174,0.05549132948,0.05482897384,0.01331234941,0.002568053416,-0.08543194135,0.04761904762,0.03090909091,0.02361853832,-0.05097806758,0.01755965781,0.01947857357,0.03793757544,0.05490956072,-0.01791805945,0.04341999464,0.03139013453,0.05339805825,0.007528587594,0.01281768652
-0.01174524553,0.01521335807,-0.02893991821,-0.006287283139,0.05306543019,-0.008198972669,-0.01076194576,-0.02856279281,-0.01291771974,-0.02409288824,-0.02361142343,0.01890404403,-0.1036979571,0,-0.0487804878,0.01716025464,-0.01051218967,0.006719609041,-0.03115998953,-0.01254545455,-0.01818417976,0.009664948454,-0.01362969901,-0.02732020892,-0.01621194148,0.04248952723,0.00363608595,0.04767384961,-0.00406504065,-0.01960784314,-0.1083144796,0.003345498783,0.07539189097,-0.023992891,0.01498559078,-0.0169735328,0.009471585244,0.003168567807,-0.004253673627,0.07614533965,-0.02195174962,-0.06200873362,-0.0660620692,-0.02785145889,0.01722222222,0.009636563877,0.005063291139,0.03080270445,0.00591849855,0.06382978723,0.02835563334,-0.05790533736,-0.01411764706,-0.0333503055,-0.08333333333,0.01112565445,0.01066098081,-0.02376743272,-0.01132326821,-0.02125279642,-0.06549707602,-0.01383714742,-0.08515283843,-0.04189485214,-0.01192179304,-0.004251060764,-0.004098360656,-0.03206692227,-0.009666803784,0.0429159318,-0.03265128428,-0.0231105559,0.01460176991,0.01366843034,-0.02575178601,0.0171463564,0.00943524799,-0.009247367069,0.02888198758,-0.00108430469,0.01146246621,0.02756307747
-0.003076405188,0.01315789474,0.08130871396,0.06865301543,0.008806262231,0.03775425428,0.05787641427,0.01400124456,0.05149359886,0.1421772754,-0.007600184247,0.09088774072,0.04558568956,0.01189811267,0.02174358974,0.06448979592,0.03028933092,-0.04641990291,0.01054054054,0.05216964341,-0.08771001455,0.07019783025,0.01020300803,0.04240671899,0.006028938907,0.0622847302,0.04185956677,0.07353717078,0.04353741497,0.071875,0.009831906121,0.03546529251,0.0230713902,0.07101669196,0.0488358887,0.05589698566,0.03604938272,0.008843967151,0.1184466019,0.09072225484,0.05066666667,0.0005586592179,0.141469935,0.03956343793,-0.001283930744,0.0444505045,-0.02518891688,0.04666375927,0.02761899015,0.01212121212,0.04179926238,0.0577231427,0.1050119332,0.04924940743,0.3913043478,0.04401294498,0.004219409283,0.01670020121,0.0689422861,-0.1245714286,0.09303295786,0.03885590934,0.05220763723,-0.01943412404,-0.01544401544,0.02289775605,0.05452674897,0.02736766295,0.02762201454,-0.04002254791,0.06165616562,0.02109974425,-0.05538595726,-0.01174423662,0.05030695771,0.004615693357,0.04487279349,0.03681617838,0.01931783882,0.02469470828,0.03201687331,0.03297957419
0.01031759431,0.02633477633,-0.0233672858,-0.01690015421,0.04801163919,0.01460168003,0.01151789387,0.03574716171,-0.02015692641,0,0.02900905082,-0.0142088267,0.09878587196,0.003358877921,0.06364183899,0.05035787321,-0.0004387889425,0.05186127903,0.02300080235,-0.03252056233,-0.004930394432,0.06499701849,-0.01199336639,0.03539823009,-0.0339592489,0.02728992164,0.03422298873,-0.01152944399,0.0110821382,0.02827988338,0.05496231156,-0.004683840749,0.06496569277,0.01671861717,0.02761234434,0.03159645233,0.02716873213,0.009601335838,0.06319444444,-0.01022880215,-0.02284263959,0.04429555183,0.02399449576,0.02001312336,0.004796945305,0.01723237598,-0.007751937984,-0.04583333333,0.02140471977,-0.01137724551,0.03506234401,0.02627589692,0.05183585313,0.07128514056,0.02414772727,0.03905765654,0.005882352941,0.002374826836,0.09411764706,-0.002610966057,0.04122137405,0.004935064935,0.0008505812305,0.03147770329,0.06029411765,-0.006067894393,0.03902439024,0.0483701367,0.02142279709,0.07105108632,0.05680373039,0.0582341891,0.01569713758,0.0005868544601,0.05893813931,0.01218537755,0.01968372192,-0.04051012753,0.0239857862,0.04952330508,0.04391314691,0.03022757518
0.08037023971,0,0.008588957055,0.1399648,-0.007403979639,0.006544106967,-0.006506710045,0.02769960006,0.01297804777,-0.002604166667,-0.01465944971,-0.007643590304,-0.04369663486,0.01283614933,-0.005473763684,-0.004867364322,-0.005926251097,-0.03569267998,0.00862745098,-0.006029362998,0.06645292918,0.09854423292,0.02023158885,-0.005485393545,-0.03349875931,-0.008153603367,0.01199341666,0.08885284385,-0.01547388781,-0.01190813723,-0.02530515034,0.02441176471,0.007236748644,0.2065217391,-0.08271865121,-0.01146337095,0.0162412993,0.03039073806,0.005225342913,-0.08376393799,0.008441558442,-0.004811976475,-0.06318609194,-0.03473785783,-0.006043940305,0.02156057495,-0.01041666667,0.01068995633,0.02046746948,0.03210175651,-0.00651303462,0.02806499261,0.00205338809,-0.02881911903,-0.05963938974,-0.03878281623,0.04051796157,0.02013820336,-0.04339477727,-0.05693717277,-0.05021994135,-0.002843111915,0.01756373938,-0.1621927098,-0.02912621359,-0.01946937646,0.05023474178,-0.05081912404,0.05599525129,-0.0586622807,0.01885278781,-0.08698224852,-0.025,0.001026392962,-0.001073290402,-0.06552200513,0.01579456987,0.04222048475,-0.1388085599,-0.05652283624,0.0009167279545,-0.0008246099351
-0.01276091122,0.002811950791,0.1602798054,-0.008757260314,-0.008857808858,0.04758190328,-0.02169463774,-0.005909484001,0.04266048794,-0.004177545692,-0.00595101854,0.09705105634,-0.03518907563,-0.04380136756,0.007781362687,-0.02103203717,-0.0304703025,-0.0539523212,-0.01425609124,0.2092748173,-0.1207980322,-0.01121304791,0.02338316762,-0.002565418163,0.1103979461,-0.0007955449483,-0.002844736432,0.01575003556,0.0137524558,0.00631276901,-0.04276114844,-0.07952914154,0,0.0261030261,-0.003446295233,-0.08769704657,-0.04885844749,-0.01364365971,-0.02371669916,0.1849213416,0.03477141017,-0.03796561605,0.03768055364,0.04998333889,0.002238232469,0.0002512562814,-0.002631578947,0.05639279665,0.002389317982,-0.02582159624,-0.02459014378,-0.002873563218,-0.02459016393,-0.007237635706,-0.01179941003,-0.0086902545,-0.006824568446,-0.01257983356,0.002007226014,-0.000693962526,0.02277113084,0.02384655262,0.03368596882,0.01989881956,-0.06380952381,0.005064802045,0.02548055431,0.05917576611,-0.08188120667,0.04542807222,0.01181102362,0.01458198315,0.05734265734,0.03500805625,-0.003837298542,-0.03252375924,0.0123822471,0.00400100025,-0.04231027535,-0.01150040118,-0.001371245246,0.05459113565
-0.008834844977,0.01086575535,0.001572739187,0.0007978500394,-0.02081373471,0.01390171258,0.03263598326,-0.002174858634,-0.01816993464,-0.01730466702,0.001381533502,0.05656970913,-0.01633097441,-0.01642441028,-0.01299435028,-0.001249063203,0.1024823503,-0.01392572944,0.01341046542,-0.02327506208,-0.03978862294,0.1969072165,-0.02080890138,-0.016718107,0.0246628131,0.02919320594,-0.006653066278,0.01582271484,0.0142118863,0.003136583975,-0.1110402042,0.001247660636,-0.0008296483121,-0.01350742909,-0.003458213256,-0.008440913605,-0.00624099856,0.03275020342,0.04059900166,0.00876753507,0.01534951255,0.1029411765,0.02502448894,0.01015550619,-0.007025581551,-0.02185380558,0.06068601583,0.00899795501,0.01715033174,-0.01686746988,-0.00235461987,-0.005283381364,0.01890756303,-0.08140947752,0.01492537313,0.06199123356,-0.06750202102,0.004704037632,-0.005608974359,-0.005555555556,0.03849056604,-0.0007594936709,-0.02935631565,-0.04861111111,0.03865717192,0.02014106772,0.01307759372,-0.01496508148,-0.01571428571,0.05125348189,0.005836575875,0.01501117854,0.01851851852,-0.008349844325,-0.2842835131,0.04889762061,0.004265456751,-0.02316313823,-0.01998597475,-0.01406926407,-0.005948494741,0.00235156244
0.05821499767,0.01768377254,0.0465846637,0.008554026433,0.008766662664,-0.009793121681,0.08103727715,-0.02542865446,-0.03208627347,0.02561366062,-0.03265118418,0.04423770647,0.001660210293,0.0193355449,-0.005342491891,0.03426713357,-0.00289196447,-0.0262273033,0.04021795537,0.0818118789,0.06765943671,0.04565030146,0.01604276661,0.004446769553,0.03046257992,0.1028880866,0.03014473592,-0.001530782513,0.03375796178,-0.02785673678,-0.05635319454,0.01962616822,0.0224191044,-0.1120492926,0.04684788895,-0.04636955433,0.005314009662,0.02422690565,-0.00319795331,0.05487956295,0.01368743616,-0.01451476793,0.07174913925,0.01162425385,0.007075289575,-0.008474576271,0.0223880597,0.1704580462,0.0433246093,-0.04901960784,0.06957721494,0.05649444713,0.02268041237,-0.02248677249,-0.01323529412,0.01886792453,0.01040312094,-0.03199375732,0.07272360999,-0.007681564246,0.002906976744,-0.02305548518,-0.01942286349,0.0385818561,0.005386875612,0.04138251095,-0.003872633391,0.06279540851,-0.0020733983,0.02808691044,0.05338491296,0.0003146633103,0.002164502165,0.01198801199,0.06523143165,0.03121748179,0.03823235152,0.009433962264,-0.009660107335,0.0296377607,0.02438986249,0.01525698814
0.02513692946,0.01839863714,0.06126531633,0.02914621999,0.06047619048,0.008402956239,0.01611694153,0.0272849262,0.003026134801,-0.04396462019,-0.004753981459,0.006,0.02624309392,0.02155123194,0.03184346825,-0.04425634825,0.06215040398,0.04178176796,0.03043152906,-0.01390965843,0.01546391753,-0.01771004942,0.0125082291,0.04270833333,-0.02481751825,0.05845218611,-0.01997306766,0.01376183452,0.02341343192,-0.06637426901,0.03651578547,0.001222120379,-0.01353008535,0.02801336417,0.00773480663,0.04442344045,-0.005285920231,0.003653846154,-0.02726981072,0.06214689266,-0.01753325272,0.001712622024,0.01833333333,0.04689440994,0.01437704274,0.04636104636,-0.02189781022,-0.02857815703,0.02536454308,0.08634020619,0.03606706878,0.006398537477,0.07661290323,0.02246278755,0.04023845007,0.0150462963,-0.04375804376,0.03607416364,0.06291079812,0.01900070373,0.01847826087,0.01270746888,0.1544991511,0.01305220884,0.004383828544,-0.008021632727,0.007343412527,0.041613723,0.03095782256,0.07164948454,0.02276900477,0.06071091538,0.1157667387,0.02044845579,-0.006669361358,0.01654894046,-0.01663949478,0.006314725941,0.03684971098,0.06556503198,-0.01796754545,0.009633342046
0.03549773737,-0.01371696219,-0.03746465598,-0.02080599729,-0.05612932196,-0.03285000349,-0.04832165253,-0.05370101597,-0.01426220516,-0.02557823129,-0.04227370432,-0.01771191036,-0.01884253028,-0.02813019944,-0.007436326455,-0.0149291498,-0.003510825044,-0.02618495194,-0.02638586299,-0.003779216715,-0.003433860854,-0.07756813417,-0.01782254044,-0.02972027972,0.02058383234,-0.04925999558,-0.02985899769,-0.03046853162,-0.01264298615,-0.003131850924,0.01944954128,-0.01953005798,-0.01070249533,-0.05375,-0.01425438596,-0.002212166918,-0.02946859903,-0.02069361947,-0.02638522427,-0.04809397163,-0.024,-0.02786801163,-0.03682487725,-0.02877484426,-0.04818912815,-0.02945544554,0.02487562189,-0.01514438503,-0.01685531756,0.0640569395,-0.02219445287,0.02406902816,0,-0.03626257279,-0.01432664756,-0.01881413911,-0.0134589502,-0.01089282241,-0.06219081272,0.005524861878,0.01245108502,-0.03457106274,-0.006617647059,-0.0307234886,0.002424830262,-0.02094723216,-0.04545454545,-0.03720646539,-0.04453849254,-0.02645502646,-0.039497307,-0.03321470937,-0.0135501355,-0.01630735213,-0.02238046796,-0.05459598968,-0.01636636498,-0.01907630522,-0.05818815331,-0.01375687844,-0.0201253951,-0.01335724631
0.01764466751,-0.005088195387,-0.04283965728,0.000206091997,0.009514747859,0.03498098859,0.05620155039,0.03711656442,-0.03797996661,-0.001675509634,0.05586034913,0.06586936523,0.02880658436,0.01968113814,0,0.03544824043,0.01350557839,0.008849557522,-0.02312282447,-0.00137727734,0.04599250936,-0.01772727273,-0.001648442222,0.05804375804,-0.01393472681,0.01394052045,0.02735883505,-0.002173430916,0.06585365854,-0.01476594408,0.03419726422,-0.006535947712,0.01386403921,0.02351387054,0.01946607341,0.03083744835,0.02538576406,0.009978477793,0.04640921409,0.02887077998,0.01639344262,-0.01143158635,0.04729396771,0.01496640195,0.001657847974,0.01198673808,0.01213592233,-0.01196009441,0.03495964083,0.04570791527,0.02611940299,-0.00399113082,0.02808988764,0.00933809393,0.0886627907,0.03544450901,-0.0022737608,0.05781710914,0.0131876413,0,-0.008784258609,0.02334217507,0.0384900074,-0.005453306067,0.02322206096,0.03940767933,-0.002246181491,0.02977510295,-0.00759333474,0.0523715415,0.007476635514,-0.01656441718,0.02119309262,0.02950266929,0.02747138398,0.03212935741,0.04314903696,0.005373592631,0.02145763966,-0.001014455998,0.02240542341,0.03791042052
-0.02600425594,0.007159904535,-0.0104859335,-0.001897304089,-0.02450518379,0.04555473916,-0.005137614679,-0.02765454008,0.01070137383,0.02461538462,0.04180444025,-0.008458484378,0.03813333333,-0.00794783582,0.01254916651,0.02381543041,-0.008497489378,-0.01147098516,0.01756172054,-0.01592102398,-0.006158693784,-0.03655714947,-0.003716429607,-0.03113976402,-0.01487541837,0.02406049496,0.01616664243,-0.005304646752,0.02631578947,-0.0162627551,0.1503654716,0.007832080201,0.004383048928,0.06401652039,0.003818876159,0.04096197087,0.0004854368932,0.005811700891,-0.0197474911,-0.0690201403,-0.02026468156,-0.07045009785,-0.02217553025,-0.01083358411,0.001318136769,-0.01058467742,-0.08633093525,0.1273209549,-0.0120494994,-0.02878464819,0.02893863636,-0.04274265361,0.06921675774,-0.03863945578,0.006675567423,0.004489337823,0.02233363719,-0.06246514222,-0.01264410562,-0.02335164835,0.02339595888,-0.009849663038,-0.02209550962,-0.01062371487,-0.03498817967,0.02383909732,-0.01080594327,-0.0415256844,0.0178533475,-0.01220657277,-0.08608534323,-0.02089831566,0.005764796311,-0.01037117904,-0.014178651,0.1064089522,0.01459895666,0.00992618987,0.03802969938,0,0.02054897255,0.009691094086
-0.03695991671,0.01184834123,0.01473248902,-0.04366355532,0.006763285024,0.01007378777,0.01844337883,-0.02980988593,0.002289311776,-0.009828009828,0.02584447971,0.02332869081,0.003596198305,0.02288877908,-0.004624491306,0.01381148534,-0.02162056876,0.01126279863,0.03276638319,-0.06427183989,0.008358553106,-0.03650336215,0.02445998879,-0.007532956685,-0.007172517931,-0.06310136496,0.002337129623,0.01630418591,-0.05518394649,-0.002593192869,0.00756429652,0.007460366801,-0.04522461121,-0.03081028627,-0.005434782609,-0.0416040571,-0.003881610869,0.01097842835,-0.005944517834,-0.06271268838,0.01055297594,0.01071770335,0.05503472078,-0.00030422878,-0.002632803144,0.02852776363,-0.005249343832,0.02794930127,-0.001088385802,-0.02908891328,-0.03342588236,0.01395348837,0.03236797274,0.007076139258,-0.001326259947,-0.06592178771,0.004012483281,-0.01189767995,0.0065913371,-0.04852320675,-0.02009005888,0.004712041885,-0.0128765792,-0.005888465535,0.03184713376,0.01234360384,0.03095129722,-0.01219512195,-0.05825850908,-0.006653992395,-0.00365408039,0.001911436763,0.02025219717,-0.02716492002,-0.005753030614,0.01305627069,0.01225764438,0.02444556452,-0.02477320307,0.03198781417,0.005818078615,0.04060585828
-0.03825552826,-0.008364001338,0.02496179317,-0.01560068801,-0.03646833013,-0.01600183673,-0.0246287577,0.0111302712,-0.01912919343,-0.01213123794,0.03160220994,-0.01837359646,-0.03224980804,-0.0005600564332,-0.0299200892,0.02222753346,-0.02389010551,-0.03644954438,-0.01307822717,-0.01650156344,0.03372874089,0.0109670987,-0.008296762696,-0.03782416192,-0.02851711027,-0.01265822785,0.005139213468,-0.06786418369,-0.00412979351,-0.01527461813,0.02702702703,0.003085467448,-0.03195158902,-0.002002503129,-0.007650273224,-0.04928956394,-0.02143205066,-0.007239474186,-0.01495016611,-0.02723029046,-0.03863826232,-0.03313766332,-0.02935914726,-0.02008520998,-0.005626842121,-0.01238236751,-0.02638522427,-0.004906734113,0.01722271453,0.007348784624,-0.005027422303,-0.00504587156,-0.01320132013,-0.01658234963,-0.07569721116,-0.01375598086,0.009325044405,-0.01545253863,-0.06828811974,0.0303030303,-0.03145987982,0.03335070349,-0.01452128969,-0.05958188153,-0.01092117759,-0.003133098953,0.007505518764,-0.008447043535,-0.0199556541,-0.01818181818,-0.04319478403,-0.05023847377,-0.005992509363,0.03330970943,-0.01467245299,-0.03049555273,-0.006319249293,-0.06420664207,-0.0228980322,-0.02656826568,-0.003562358916,-0.01667212989
0.03211302149,0.007422402159,-0.01938369781,0.01075562616,0.008466135458,-0.002357998635,0.01485332343,0.006666666667,-0.005821568913,-0.01144292492,-0.01692373608,-0.00294627383,-0.0005289605924,-0.0008384165904,0.01283524904,0.01963993453,0.003263308179,0.008756567426,0.009079754601,-0.01298458415,-0.010092631,-0.01035502959,0.004896452079,0.01446226663,-0.0003913894325,-0.02298016449,-0.002325018674,-0.004961120852,0.02132701422,0.006930693069,-0.01520467836,-0.0138418948,0.01473916888,-0.01404564836,0.015969163,-0.01154401154,-0.006470881035,0.005948954135,-0.01180438449,-0.002399360171,-0.01151422985,-0.01370936154,-0.0005387538179,0.02080745342,0.001327345309,-0.00852557673,-0.0406504065,-0.009213720182,0.02271656358,0.04882154882,-0.006276986679,0.01060396496,-0.02341137124,0.02543583881,0.01724137931,-0.006064281383,-0.003519577651,-0.001630656339,0.01646586345,0.00143472023,0.003649635036,0.03454362078,0.01048951049,0.002223045572,0.0009601536246,0.0188721603,-0.007011393514,0.003276539974,0.01153846154,-0.002923976608,0.01405451448,0.01506528289,-0.001507159005,0.03566529492,-0.01572986577,-0.005429694814,0.00741590889,0.001577287066,0.009886488466,-0.007328784433,-0.006250094813,0.002163235633
0.007425742574,0.002344273275,-0.04967055246,0.05016503712,0.0375308642,0.00330616584,0.04756677644,-0.01078084091,0.03835456009,-0.01157538114,-0.004358247984,-0.003997914132,0.01243715269,-0.02100797164,0.01437488179,0.003439578078,0.01687334824,0.003472222222,-0.01629377432,-0.07849930975,-0.03938547486,0.05381165919,-0.009338064207,0.01490409539,0.0931871574,-0.02574894776,0.001397207694,-0.01230265965,-0.002900232019,-0.05506391347,0.009501187648,-0.01185277604,0.006970644872,-0.01933350293,0.02384823848,-0.04900938478,0.03456913828,0.003243037009,0.07815699659,-0.1034206307,-0.004395604396,0.05003971406,-0.08376260978,0.01277760876,0.06345868259,0.01416287304,0.06214689266,0.044739745,-0.04379691644,0.002140181915,0.005237284101,-0.003193430657,0.08904109589,-0.008918617614,-0.02401129944,0.004881025015,0.07682119205,-0.01653736219,0.01303832477,-0.01575931232,-0.008363636364,0.02875944431,0.03311913,0.06395563771,0.02541966427,0.006517737201,0.02471315093,0.03167864141,0.04383806755,-0.02688172043,0.0121797564,0.01781002639,-0.0241509434,-0.03072847682,-0.01470274877,-0.002070783133,0.02419303012,0.04225721785,0.04604786077,0.02418533605,0.006742281995,0.03095950035
0.1070515971,0.04276645506,0.01866666667,0.04429510236,0.0533079486,0.03814814946,0.01012923507,0.03004826405,0.0329902721,0.0254213082,0.01116217991,-0.02478184991,0.03554626242,0.02431878113,0.04325936976,0.01691042048,0.01899240304,0.00553633218,-0.01211372064,-0.04699938313,-0.05742948532,0.07517730496,-0.001846722068,0.03996935257,0.05479942693,0.0457433291,0.04695438822,0.01009591923,0.05177428738,0.05064169268,0.1220588235,0.02651515152,0.0008652989175,0.02438391699,0.0322922181,0.03103070175,0.007263922518,0.007035558091,0.05381449826,0.1266766021,0.0348785872,-0.02118003026,0.03892668513,0.019525383,0.002811621368,0.01421446384,0.09042553191,-0.006605279312,0.03396849946,-0.01601708489,0.05272996071,0.07139588101,0.1509433962,0.06327334083,0.08248914616,0.07285974499,0.0192701927,-0.03944363712,0.0635725429,0.03566229985,0.07187385405,-0.009713338072,0.04641148325,0.05767894371,-0.04209541628,0.04840053669,0.006029285099,0.06457739791,0.055496036,0.0567553993,0.02946058091,0.06189241737,0.03712296984,0.03375239136,-0.01189446367,0.0307489153,0.03927988774,0.04734323848,0.005199306759,-0.01068854089,0.05577570434,0.02199461805
-0.08274703894,-0.01570009612,-0.03272251309,-0.04784189598,-0.06055128784,0.01587431192,-0.0826417704,-0.0288694075,0.03521222874,-0.01699164345,-0.008658008658,-0.03060128848,-0.02801615346,0.003073875474,0.006970509383,-0.0395505618,-0.01549931332,-0.01617343427,-0.0533033033,-0.03566254662,0.02066944316,-0.04573438874,-0.02833578716,0.00221021611,-0.06893039049,0.02454434994,0.01154656595,-0.02266697291,-0.0342920354,0.02443050512,-0.01887287025,0.02429274293,0.01152446247,0.02684223854,-0.07897435897,0.03243645645,0.01105769231,-0.01888217523,-0.03664764193,-0.04894179894,-0.03391638225,-0.04424265842,-0.09508826309,-0.04625810253,-0.01869158879,-0.02630931891,-0.06097560976,0.01730274867,-0.007206101317,0.03309820944,-0.03407102936,0,0,-0.05368950013,-0.114973262,0.002263723826,-0.01528559936,0.04171169224,-0.1400806747,-0.08151791989,-0.01881628464,-0.00956937799,-0.03017832647,-0.05683311432,-0.1455078125,-0.01007651687,0.01070205479,-0.07047279215,-0.003451075924,-0.04752851711,-0.05965336558,-0.08574916082,-0.01267710664,-0.0181097158,-0.03282994091,-0.03605417277,-0.01531625977,-0.003125751383,0.02344827586,-0.08291457286,0.007607202187,0.006491979903
-0.009799493491,-0.006184895833,0.01299052774,0.02418667194,0.00481000481,-0.02143335566,-0.01206181681,-0.01649805447,-0.07752142386,-0.02068574667,-0.008733624454,-0.01070703341,-0.03531550247,-0.02060846471,-0.01899183529,-0.003977538606,-0.04982064568,0.08219657223,0.04017975152,0.02966182957,0.04473326281,-0.08571428571,-0.0006329096951,0.02903700074,0.01641137856,-0.01968690702,0.001754970344,0.09140930787,-0.01030927835,0.006123106671,-0.0002671653754,-0.006304413089,0.001991452991,-0.02786683107,-0.01948775056,0.004532344458,0.03423680456,-0.001539645881,-0.003118178983,-0.01780250348,-0.003311989402,-0.01071356378,-0.05332348388,0.01606425703,-0.007304761905,0.0101010101,-0.03896103896,0.1025123919,-0.0006388313279,0.07142857143,-0.007086217149,-0.001281503631,0.01639344262,-0.005869200671,-0.004531722054,0.07735742518,0.002450980392,0.04066390041,0.002558635394,-0.003060443764,0.0460251046,-0.02439613527,-0.005186232909,0.0916057123,0.001142857143,-0.02397800882,0.01524777637,-0.002879078695,-0.01385210837,-0.02295409182,0.03386198028,0.0220293725,0.03700906344,0.02584814216,-0.02127178095,0.04689576609,-0.01053502897,-0.006271104679,0.02358490566,0.01123287671,0.004613484107,-0.01561306038
-0.0232709679,-0.03013429414,-0.007213465135,-0.05139369783,0.01866921972,-0.02737850787,0.04959938955,0.1080867226,-0.001857939117,-0.015625,-0.01101321586,0.02351184923,0.02045760431,-0.04577376038,0.01700741813,0.04674653512,0.02831375839,0.02100840336,-0.02312579416,0.002235053083,0.03110082453,-0.01915322581,0.03848434837,0.1066793666,0.02475780409,-0.01040406484,0.00744927939,0.007811049814,-0.01446759259,0.01121076233,0.03714591128,0.02205438066,0.07734170413,-0.1073059361,0.02952867689,0.177707137,0.02988505747,0.03122590594,0.001251172975,-0.0790144435,0.1096588392,0.02247650184,0.07256461233,0.009121313469,0.01055327967,0.0125,-0.01621621622,-0.04613774105,0.0544751361,-0.001960784314,0.05222563551,0.05389221557,-0.01344086022,0.05454034299,0.03641881639,-0.003144654088,0.0847595762,0.0245215311,-0.01318587835,0.006907137375,-0.01866666667,0.01510274821,0.05971563981,0.0191448628,0.01484018265,0.01178160118,0.04797663746,0.04010266282,-0.04069407147,-0.01991828396,0.01907131012,0.03527106466,-0.03860160233,0.02244094488,0.04901734104,0.05513239028,0.03955236703,0.001941747573,0.01909150757,0.01652668653,0.01085882114,0.009654040935
0.01119969311,-0.02262749071,0.04547900969,-0.01898748795,-0.02255639098,-0.06216045039,0.001090512541,0.01128249072,-0.01932989691,-0.03968253968,0.004454342984,-0.01075660893,0.003692957003,0.02234751363,-0.007294075787,0.03074506284,0.005710789313,-0.03418803419,-0.009105098855,0.02344669516,0.0484006734,0.04162384378,-0.001018124687,-0.005379236148,0.02135854342,-0.03080684597,0.004349817978,0.01705554287,-0.04521432766,-0.01805511562,0.07987632054,0.01566656813,0.001322248614,-0.007388462631,-0.01323772752,-0.01175446234,-0.01026785714,-0.003738317757,0.02467978757,-0.01568265683,-0.002395687762,-0.006594724221,0.03089434662,-0.008436275987,0.04399381011,0,-0.01923076923,-0.1299631482,-0.009319212919,-0.05206286837,-0.002021351882,-0.005681818182,-0.0340599455,-0.0418555052,-0.02635431918,0.006309148265,-0.003756574005,0.006032302004,-0.06400862069,-0.06478658537,-0.02683423913,-0.03463414634,-0.07245080501,-0.02442078898,0.002249718785,-0.02528008599,0.04179936306,-0.06909315238,0.02239448751,-0.02709744659,0.01261187958,-0.02365930599,-0.01401515152,-0.004749069439,-0.01035926824,-0.05293915435,0.01707287334,0.01429263566,-0.0100129199,0.006396588486,0.01817186542,0.008537739967
-0.0005855332063,-0.006910850035,0.0380952381,0.02542080995,0.02067307692,0.04126678022,-0.0007262164125,0.01765287389,-0.02569718207,0.01040710132,0.02017738359,-0.01511242167,0.1172141919,0.01865166337,0.03584229391,0.1293272371,-0.02149665382,0.008849557522,0.05723286952,-0.01125805768,0.04067978054,0.08534780464,0.0387281682,0.01330448891,0.09393212204,-0.01513622603,0.01949185796,0.02499855123,0.06273062731,-0.001290322581,-0.1195418754,0.008731082654,0.0719555299,0.05382192957,0.06316377865,0.008017621145,-0.005412719892,0.02664165103,0.0612804878,-0.04623555139,0.04602761657,0.006035003018,-0.01948154108,0.002127013066,0.03576527504,0.02666666667,0.03641456583,0.02472348731,0.008996738627,0.03886010363,0.05320373949,-0.007755102041,-0.02820874471,0.02170283806,0.01203007519,0.0684430512,0.01093514329,0.01373307544,0.04144600507,0.004074979625,0.0003490401396,0.02248610409,0.01759884282,0.008664955071,0.007295173962,0.01979288163,0.007260221628,0.02186878728,0.03138163437,0.009641135512,0.0405785456,0.008400646204,0.01959277756,0.01870002579,0.03407572383,0.01615245009,0.01990590517,0.0174349176,0.005872756933,0.05958686441,-0.0004043727398,-0.01049943908
0.04502995396,0.0114822547,0.01363501116,-0.01066080947,-0.01789919925,-0.04623954629,-0.0101744186,0.02761587566,-0.007942454668,-0.03029385035,-0.01064985873,0.07073353293,0.003295695131,-0.04806905992,-0.006920415225,0.03643724696,-0.02238341969,0.03216374269,0.01489942886,0.01138624468,0.01350135014,-0.03727272727,0.005886981901,0.003736122972,0.006581009088,-0.01075819672,-0.004676359368,-0.005950572089,0.01736111111,-0.002583979328,0.00108401084,-0.00461627236,-0.02975650416,-0.0423797881,0.003680336488,-0.01013897387,-0.009523809524,-0.009868421053,-0.02642918702,0.03570258762,0.03194949302,0.03899220156,-0.01742056452,0.1091570649,0.0002897278314,0.01707551708,0.01081081081,0.0003239390994,-0.005471203904,0.08827930175,0.01427521326,-0.01851090086,0.04644412192,0.006263616558,0.04903417533,-0.1207823961,-0.0003729951511,0.02385041023,0.02874198541,0.001623376623,-0.004187020237,-0.002223869533,-0.000710732054,0.03308940503,-0.04122562674,-0.0053512633,0.009104704097,0.0742542153,0.04186236471,0.0700265252,0.01698841699,0.09163729574,0.06103993971,0.003671350804,0.0833512815,-0.009108769423,-0.001410518287,-0.003521126761,0.03081414207,-0.008997750562,0.0004045363232,-0.01231988642
-0.02628649037,-0.05229102167,-0.09368662839,-0.05158869829,-0.08345803357,-0.04420098224,-0.06534508076,-0.05482781904,-0.06102870091,-0.08122461731,-0.03536906854,-0.1163928696,-0.08229992427,-0.04959137078,-0.03745644599,-0.04538690476,-0.07971168115,-0.02738432483,-0.05745045265,-0.08948945314,-0.06876427303,-0.1142587347,-0.05442801687,-0.09082207806,-0.05635118306,-0.07379596064,-0.07255343626,-0.09162004024,-0.06825938567,-0.07545336788,-0.108012994,-0.06985507246,-0.1008568192,-0.1550638298,-0.06809848088,-0.07964679912,-0.09981684982,-0.05186415652,-0.06285039835,-0.08697027198,-0.05283648498,-0.05792917629,-0.1053780799,-0.04045926736,-0.01345527635,-0.06597304327,-0.09893048128,-0.0942357513,-0.05319018727,-0.1232813932,-0.08268980918,-0.08549874267,-0.1664355062,-0.07875507442,-0.1161473088,-0.1262513904,-0.05634328358,-0.04528512859,-0.06537717602,-0.05429497569,-0.08899789769,-0.03392768697,-0.07942152679,-0.03911302741,-0.03021499128,-0.0003414800722,-0.01240601504,-0.0440688198,-0.008036064289,-0.1001487357,-0.05922551253,-0.068153801,-0.1253551136,-0.02964177598,-0.077972167,-0.1380227109,-0.004710984625,-0.07820965842,-0.0673379484,-0.07187894073,-0.07099039155,-0.09320766671
0.04113077185,-0.003989125187,0.04750337382,0.03130824161,0.019366925,0.03438735178,0.02788688138,0.01185883698,-0.02380795336,0.02244134648,0.02004099294,0.02590981013,0.02503832397,0.009483575337,-0.02895927602,0.03059236165,0.01566459341,0.05469255663,0.02902237682,0.0009306654258,0.09795640327,0.01492537313,0.01795032243,0.07345888408,-0.01055757176,0.0483645513,0.04739618079,0.02114737419,0.05494505495,-0.01506129597,0.06130500759,0.03209722655,0.06397388959,0.05089981198,0.04384485666,0.05766094215,0.01322482197,0.008175978197,0.03400503778,0.05299618982,0.0524564494,0.04167517875,0.0545145426,0.03874643875,0.0871886121,0.007341772152,0,0.09402931713,0.04240152173,-0.01881860951,0.05384991602,-0.01099908341,0.04991680532,0.03143360752,0.07211538462,0.03437301082,0.01700276789,0.01249268007,0.06397167035,-0.02313624679,0.06192307692,0.01435529351,-0.009528714911,0.03782051282,0.01917315758,0.04105434874,0.05557670346,0.04262709189,0.05888164394,-0.005509641873,0.05528652139,0.0602242661,0.0004060089322,0.0252177304,-0.01871577041,0.09948246118,0.04755096624,0.0260669563,0.006747638327,0.03885869565,0.04715786558,0.03477238493
0.01402022027,0.01421282799,-0.009275959804,-0.0165363478,-0.01899383984,-0.01031715705,0.004967520061,-0.0007060152499,-0.02537903757,0.03225806452,0.03884795713,0.02737613264,0.06954137587,-0.03195177308,-0.007642124884,-0.01058801286,0.007031072806,-0.0420374348,0.01513622603,0.01328285847,0.0497580345,-0.02258403361,-0.02229429602,-0.01307616868,0.001333777926,0.04,0.0008807459968,0.02290146545,0.0150462963,0.03129445235,0,-0.0202294686,0.0582835981,-0.06134185304,-0.005385029618,0.03619375907,-0.02008032129,-0.009075111025,-0.01065773447,-0.09046052632,0.02138739074,-0.03941949402,-0.06066765579,-0.02550740538,-0.01691489362,0.003015833124,-0.0237388724,0.07107189542,-0.002889981398,-0.02876931273,0.0438198236,0,0.02694136292,0.001993733979,-0.03886397608,0.03138461538,0.00233281493,0.01002506266,-0.02636697644,-0.01140350877,-0.01231437885,0.03613848875,-0.01638065523,-0.02223594812,-0.009994121105,0.006783497285,-0.002524341868,-0.0396729255,-0.04590408658,-0.01495844875,-0.02562141491,-0.007724301842,-0.006493506494,0.004437682262,-0.0316413975,-0.01007987828,-0.02167891819,-0.01245330012,-0.01608579088,-0.0486528904,0.008757427754,0.01661862826
0.0517951239,0.01401365433,0.01456436931,0.03973337146,0.009419152276,0.01544401544,0.001520912548,0.0640101738,-0.03381805884,0.02931701031,0.01654846336,0.0133233252,-0.01141924959,0.03203691888,0.02404207363,0.0244601567,0.02792792793,-0.002242152466,0.07256461233,0.08897555221,-0.01146572104,0.02901665771,0.04042290684,0.0446063818,0.05427905428,0.1225641026,0.007899852344,0.04762475648,0.03078677309,-0.05620689655,0.04060623391,0.03667180277,0.003499365458,0.005786249149,0.02219815918,0.08010154951,0.03586065574,0.04851909587,0.06586642044,0.009403254973,0.01729788784,0.02776643528,0.06528617986,-0.003377427526,0.05799405659,0.01854171887,0.006079027356,0.02868057166,0.03064707777,-0.001097092704,0.01072893594,0.06904541242,0.001543209877,0.01023308698,-0.06065318818,0.02267303103,0.03995345229,0.03416682573,0.06725860155,0.03016858917,0.0861752842,0.00487804878,0.005551149881,0.02684775742,0.04572446556,0.04687188219,0.03868402025,-0.01387574898,0.03403090162,-0.01012373453,0.03218210361,-0.01497005988,0.01184640523,0.03799545569,0.02949852507,-0.01171950048,-0.005308386481,0.02017654477,-0.00408719346,0.05911465494,0.01116313916,0.01380457915
-0.02295350145,-0.01700921332,0.03614457831,-0.01391510001,-0.008294453084,-0.02129277567,-0.03568716781,0.0160690571,-0.02782639132,-0.02190923318,-0.03150105708,-0.003703703704,0.01555869873,-0.03260963336,-0.01118855466,0.01734750979,-0.02914110429,-0.04012841091,-0.03498609824,0.009449577177,-0.01925146479,0.1441253264,0.01080412746,-0.09259063524,-0.01200252685,-0.02055733212,0.01437365586,-0.006622990216,0.04037610619,-0.009134088418,0.08381423468,-0.01516052319,0.009728136014,-0.01082910321,-0.02754237288,-0.01167125952,0.03808110781,0.002415907824,-0.008951775917,0.001074883554,-0.01378199391,0.01946762018,-0.05271507861,-0.0296526405,-0.004193548387,-0.07749077491,-0.04833836858,-0.00177963387,-0.00261176501,-0.03020318506,-0.01499402866,-0.0329432163,0.02927580894,-0.02138435566,-0.05463576159,0.003500583431,-0.0358075345,0.02344038391,-0.01227121464,0.04478897502,-0.004388926401,-0.004854368932,0.005520504732,-0.0006151953245,-0.03236797274,0.02238346051,-0.01705534285,-0.07291333547,-0.01948174768,-0.04545454545,-0.0247148289,-0.0452887538,-0.07428340735,-0.008269488021,-0.007934758651,-0.03732503888,0.01044140054,-0.001236093943,-0.008891928865,-0.06775700935,0.01226706924,-0.02508118541
0,0.02992069214,0.03067788224,0.02111185286,0.05070569786,0.02797202797,0.03149606299,0.01555352242,0.0295229523,-0.00352,0.01724514298,0.09479553903,-0.009285051068,0.01490740466,0.01687998516,-0.006050605061,0.001805461521,0.03076923077,0.02521008403,0.03660972483,0.04706169227,0.09356458238,-0.02216274358,0.002213162493,0.01150895141,0.0265858209,0.007726870447,0.02242062064,0.02126528442,0.0383480826,-0.01901622718,0.007244189556,0.03409099331,0.04276428327,0.01579520697,0.01500738068,0.01000476417,0.006117908788,0.001456876457,0.12956335,0.01778584392,0.003507404521,0.05530425164,0.05238649593,0.00210165367,0.004266666667,-0.009523809524,0.03922174549,0.004230385315,-0.0181200453,0.005522695997,0.008516360377,0.05089820359,0.02357676826,0.03852889667,0.0273255814,0.01508704062,-0.006131650135,0.03874499895,-0.07831821929,0.01661580197,0,0.0154248366,0.03108648815,-0.005281690141,0.04709289319,0.03682719547,0.005519144533,-0.007137345679,0.0130952381,0.01208576998,0.01305316778,0.02311382468,0.004537093807,-0.00444345701,0.04321486268,0.03674900301,0.0245049505,0.05797101449,0.004455583403,0.01049896383,-0.007716846642
-0.02370950623,0.005600280014,0.08497359578,0.01294274237,0.02935323383,0.05404383976,0.01603053435,0.02574002574,0.04301451303,-0.00289017341,-0.01008583691,-0.01986417657,0.01663542643,0.0463108052,-0.007661437432,0.03855377237,0.02410452805,0.0223880597,-0.007025761124,0.007419976417,0.02002794597,0.02629382304,0.001795809777,0.02045560205,-0.0009481668774,0.01885506588,0.01150384829,0.0403087237,0.06038521603,0.03728693182,-0.01680020677,0.0005993407252,0.03511714075,0.06233595801,0.03163538874,0.01389674396,0.02830188679,0.004422332781,0.01105615362,-0.05164765526,-0.01283880171,0.0467961165,0.002635130792,0.0171460177,0.02155590422,-0.01035581519,-0.02564102564,-0.001429600741,0.0250753012,0.02249134948,0.0004019292605,0.012,0.1282051282,0.1306179775,0.06913996627,0.009054895303,0.008765243902,0.01433496643,0.06203121833,-0.009838998211,0.0260173449,0.001707317073,0.02239958805,0.02388059701,0.03421828909,0.002575759374,-0.04030054645,-0.003773584906,0.08529240334,0.0223266745,0.01309707242,0.001257071025,-0.03921568627,0.03332519531,-0.004909618389,0.05032907472,0.03921177756,0.006764919063,0.01272015656,-0.006653728861,0.009991488899,0.03666337776
0.02275406924,0.001740341107,-0.009513274336,0.01014176479,0.05896568391,-0.008605234851,-0.001502629602,0.04378920954,0.04258172674,0.01674718196,-0.005636245393,0.07257924822,-0.01152339249,0.01373972437,0.008823529412,-0.03534635879,0.07479102508,0.02856236116,-0.005660377358,-0.11379143,0.01484018265,0.05693371289,-0.002464173723,0.005239179954,-0.1180006327,-0.01962095875,-0.01937324384,-0.045015163,0.0147275405,0.0157480315,0.04652996845,0.0434261755,0.03923618564,-0.008647313156,-0.003638253638,0.06980635907,-0.007339449541,0.009356081453,-0.007482014388,0.05379218176,-0.01463150289,-0.03413095901,0.03122781065,0.0386079391,0.01466422777,-0.007244432519,-0.07894736842,-0.02762506872,-0.06066470076,0.03214890017,0.05517677782,-0.01756697409,0.01136363636,0.004472049689,-0.02365930599,-0.07122826697,0.007177937287,-0.04543828265,0.01107081504,0.01264679313,-0.01690507152,0.02946189433,0.001762780156,0.009037900875,0.01312036509,0.002000852434,0.01921708185,0.08126721763,0.00179018976,0.007471264368,0.02699619772,0.1880100439,-0.04392191659,0.004725339634,0.07131643866,0.008477699963,-0.007249002404,0.003599712023,-0.04734299517,-0.01618755233,-0.01582733813,0.02215073174
0.06726004222,0.04030576789,0.3698905517,-0.01607233196,-0.01871291648,-0.03580470163,0.006019563582,-0.01767039308,0.0313555234,-0.01742160279,-0.04294746021,-0.01227390181,0.02121706692,0.007828356045,-0.02387026239,0.02448904437,-0.03376995497,0.06047516199,-0.01423149905,0.02023000354,0.07480314961,0.04655636783,0.005163229207,0.01291638341,0.005738880918,-0.04798726404,-0.03823251832,0.01253207446,-0.03241412675,-0.0411189754,-0.04044209997,0.02181400689,-0.04130579614,0.01651090343,0.002608242045,-0.03418994413,0.01340110906,-0.03362413668,-0.03885184111,-0.02536461636,-0.02401466544,-0.03188016132,0.04845720188,0.0109947644,-0.003042588634,0.002702702703,0.05714285714,0.04416961131,-0.05812521925,-0.01202185792,0.06587126166,0.0527492177,-0.03745318352,0.01706653475,0.113085622,-0.02415458937,0.02250562641,-0.02305097451,0.01529167453,0.02319357716,-0.02711640212,-0.02436140019,0.03745600804,-0.05807570066,-0.009009009009,0.02338331384,-0.01187150838,0.0101910828,-0.07541100786,0.00855675984,0.091447612,-0.01136063408,0.02784222738,0.02457378013,-0.02051496755,-0.1944444444,-0.0008587704316,-0.02582496413,0.04597701149,0.05560283688,-0.03498296624,0.004195328445
0.04128469324,0.02571810287,-0.00831566933,-0.008719532924,0.02139534884,0.002625656414,0.04001495886,0.01517376407,-0.005924540069,-0.02159896841,0.02619589977,0.0276324395,0.003424657534,-0.01404186531,0.009520253873,0.1240115025,0.004448210125,0.02414896712,-0.006015399423,0.002273373117,0.01936159079,0.03529411765,0.03976937025,-0.08993288591,0.08345221113,0.1000955566,-0.0133991573,0.001176091735,0.0085,-0.003514938489,0.05811518325,0.008707865169,0.06323835997,0.02758197977,0.0296566077,0.03694277341,0.02097583219,-0.01561030656,0.01085972851,-0.01040988939,0.01408715252,0.01904384051,0.004560649801,0.0378042465,0.0144964026,0.0269541779,-0.03040540541,0.002538071066,0.01039529152,-0.01603982301,0.03619788271,0.02547770701,-0.02983138781,0.008511673152,0.01015965167,0.0198019802,0.03448275862,0.04392863994,0.02491632577,0.04272013949,0.04146838885,0.0176969697,0.0152653259,-0.0236196319,0.1085227273,0.04234978987,0.01872791519,0.01355611602,-0.004638577503,0.03846153846,0.00644504749,0.01843933725,0.008577878104,-0.008033050264,-0.03440906177,0.0108892922,0.04040406452,0.001227295042,0.03167420814,0.01881214727,-0.006248731611,0.01079179769
0.05235185946,0.008466297623,0.0144689247,-0.01174883425,0.007285974499,-0.005611672278,-0.05465659835,-0.01518804243,-0.120608532,-0.04777594728,-0.01820199778,0.02832140016,0.006825938567,-0.01515425194,0.01146449704,-0.1084106172,-0.01729228174,0.04914772727,0.01210360687,-0.01171911918,-0.02125256674,-0.02698863636,0.02320466347,-0.03330875123,-0.03522053983,0.01389793702,-0.01584209177,-0.001762065252,-0.05404065444,-0.01940035273,-0.04849084612,-0.01253132832,-0.02200653595,-0.01550849985,0.03486609399,-0.03146150985,-0.1201429209,0.005158578525,-0.01014622501,0,-0.006112243008,-0.03114658361,0.05296299491,-0.005738522954,0.04010769589,0.01417322835,-0.03484320557,0.01406469761,-0.005909574356,0.008993816751,0.006320964331,-0.006211180124,-0.03743315508,-0.001687967205,0.05316091954,0.04854368932,-0.01773049645,-0.03491363469,-0.02612481858,0.02759197324,-0.003916449086,0.01286326822,0.03627684964,-0.01665095822,0.007175807278,0.007216437749,0.007630939993,0.006531881804,-0.009514563107,-0.003267973856,0.01145938659,-0.002361584886,-0.02820053715,-0.002545118001,-0.129039398,-0.006508078995,-0.00578290692,-0.00245158127,-0.001253132832,0.02031126352,-0.01342141633,-0.02100787711
0.02395201915,0.002583144979,0.1069692058,0.01910010605,0.02305605787,0.03611738149,0.004184100418,0.01223990208,-0.03370786517,0.01314878893,0.02012208908,0.005724895559,0.04248587571,0.02123297012,0.01956124314,0.08106169297,0.00643776824,-0.0373679935,0.03444152117,0.02460871506,0.03388230358,-0.09854014599,0.02709010566,-0.002924348379,0.001364721938,0.02184621975,0.02713586164,-0.03714573906,0.0141509434,0.1226618705,0.02496099844,0.0296108291,0.01626646529,-0.01242047864,-0.0771484375,0.02073414222,0.007614213198,0.01691693594,0.03889056376,0.03911900066,0.02720834886,-0.01125175809,0.009774374496,0.007277289837,0.006992046276,0.03467908903,0.007220216606,0.1296754508,-0.0147542997,0.01894150418,0.007079479274,-0.001666666667,0.006944444444,0.02826086957,-0.01227830832,0.09259259259,0.007942238267,0.0005712109673,-0.03371833085,-0.06834825061,0.008191349934,0.005409219191,0.03938277292,-0.002236421725,0.007124681934,0.0161935083,-0.01204819277,-0.02595797281,0.01391883944,-0.03551912568,-0.03198933689,-0.02709100473,-0.0391524643,0.03688239388,0.01296060991,0.02123334086,0.02971053464,0.01302531334,0.07402760351,-0.01215098242,0.01572691869,0.01477488443
0.01464640466,-0.01835748792,0.003660322108,0.02745446193,-0.02076889085,-0.01089324619,-0.03333333333,-0.01160822249,0.006829088224,-0.02288251366,-0.000664893617,-0.03923076923,-0.06026446998,0.009638232423,0.01129639591,0.001327140013,0.05479744136,-0.01856540084,-0.02011560694,0.0008711072395,0.006392045455,-0.06923076923,0.006542040828,-0.03455751084,-0.0262350937,-0.007755187592,0.001344024669,-0.0003055456536,-0.02583979328,-0.02979814162,0.002029426687,0.003012873185,-0.01951113654,-0.0006134969325,0.01746031746,0.03061992176,-0.008564231738,0.004485981308,-0.06384213581,-0.03037013603,0.03864296081,-0.02723023776,-0.04184457728,-0.1113602392,-0.005507406636,0.002251125563,0.0394265233,-0.05806781126,-0.01452937158,-0.05522143248,-0.03276904001,-0.02671118531,-0.01931034483,-0.002349072117,0.0138121547,-0.04078389831,-0.06840974212,-0.003235014272,0.02159244265,0.04541484716,0.001624959376,0.01684210526,-0.003545313539,0.05251360871,0,-0.01175273798,-0.007665505226,-0.03426395939,-0.002320185615,-0.01019830028,-0.04165232358,-0.04028115707,-0.02684563758,-0.01163310962,0.01430005018,-0.04578633046,-0.03974948388,-0.01358563804,-0.02190420561,-0.1677571316,-0.003345971564,0.05927150061
0.06785613071,0.007709973753,0.02727935813,0.04870523917,0,-0.007342143906,0.05838557994,0.02495718131,0.04326306141,0.007689619014,0.003104901308,-0.01184947958,-0.02698961938,0.0298427815,-0.004964539007,0.03098078197,0.05619567415,0.02321582115,0.05191127891,-0.04615958472,0.02641395302,-0.1165724228,0.01787541852,0.03077532691,0.0003498950315,0.05893536122,0.00939554484,-0.003369306563,0.01485411141,-0.0006605019815,0.009873417722,0.03768432551,0.03554661301,0.04327808471,0.001040041602,0.04671873859,-0.002540650407,0.0824339412,0.01022938624,-0.03849918434,-0.01327510917,0.03425945268,0.04188948307,0.02971684889,0.02238267148,0.004991265286,-0.003448275862,-0.02385818561,0.08596087513,0.05439814815,0.02133586088,0.01929674099,-0.009845288326,0.02660701672,-0.006811989101,0.01932633904,0.00153787005,0.02443680794,0.03132666541,0.05012531328,0.05775470474,0.01265240396,0.0028908161,0.01764526924,0.01869631127,0.03911058061,-0.02282303371,0.02201051248,0.06492248062,0.09616485404,0.01185344828,0.02169014085,0.02216748768,0.01629696695,0.0311649765,0.01599443672,-0.01050687931,-0.004672897196,0.03613018812,-0.01886792453,0.01175497161,0.06413510253
-0.009392596695,-0.02262738076,0.01065038341,0.008421043506,-0.01037906137,-0.02477810651,-0.02554609404,-0.0544282645,0.008785802144,-0.04474505723,-0.02166703515,-0.02997893372,-0.01872925557,0.0002923044218,-0.007483962937,-0.03133536879,-0.01990430622,0.002521008403,-0.03566621803,0.02095418106,-0.04302131421,-0.1004431315,-0.02953380134,-0.02139928242,-0.04337180832,-0.06144025534,-0.01506856876,-0.03227361012,-0.02090956613,-0.01387970919,-0.02782652294,-0.02657894737,-0.02849740933,0.09385113269,-0.03272727273,-0.02147988005,-0.04533876719,-0.02853704659,-0.04418533292,-0.07804546997,-0.02035758541,-0.01292668148,0.04590675791,-0.01715219167,0.03978107345,-0.009684628756,-0.03806228374,-0.007477673803,-0.05158680381,-0.006586169045,0.004132231405,-0.01640723601,-0.07386363636,-0.05435779817,0.00548696845,-0.05633802817,-0.0207293666,-0.02124487514,-0.0570905764,-0.046141607,-0.02914110429,-0.01408450704,-0.005986696231,0.01644245142,-0.02728174603,-0.04043650773,-0.0538986705,0.007714561234,-0.04949954504,0.04177545692,-0.02981895634,-0.01874827681,0.005301204819,-0.02561247216,-0.06116574718,0.06137348848,-0.03588945115,-0.07338769459,-0.02334293948,0.0009615384615,-0.004981999004,-0.03782197193
0.04076878276,0.0163224517,0.009273570325,0.007548902383,0.1021431829,0.06105422829,0.03381458967,0.01628376673,0.02090228183,0.004357298475,0.0004519774011,-0.01787504176,0.02271079971,0.01709038422,0.005385996409,0.06486396815,0.00820152314,0.04777870914,-0.007443591533,-0.0871077915,0.03664169147,-0.00109469075,0.00493419125,0.02226004976,0.0281535649,0.01168969182,-0.0103420519,0.004768587683,0.04538174052,-0.01575067024,0.1420835482,0.009191673425,-0.006,0.09090909091,0.06498388829,0.003777350153,-0.002134471718,0.03946204212,0.008988764045,0.007361059993,0.01770870979,0.01718845918,0.07879100162,0.04376731302,-0.01426310678,0.005767301906,0.04316546763,0.04695841226,0.01849778697,-0.03867403315,0.01908950617,-0.002566295979,0.04294478528,0.01479505215,-0.009549795362,0.03386911596,0.006664053312,0.02018278751,0.04055889773,0.04670558799,0.05276461295,-0.01129032258,0.0149453491,-0.001764705882,0.02855685875,0.0410806952,-0.01595138625,0.04082934609,0.03982385602,-0.04912280702,0.006952067325,0.01882551278,0.007190795781,0.02308571429,0.009453244762,0.0277300086,-0.04383221752,0.006133333333,0.03068751844,0.02177393532,-0.01501138371,0.03259807541
-0.02198656967,-0.03343166175,-0.04413197828,0.02371883798,-0.02854778651,-0.01000714796,-0.006618890114,-0.03819649733,-0.04692032076,-0.0723065799,-0.0004517732098,-0.04320462664,0.004724781479,0.01423919762,0.02142857143,0.004829412681,0.002324230099,-0.01146666667,-0.05460510898,-0.01996503497,-0.02415841584,-0.0197260274,-0.01514275051,-0.03317535545,-0.01706970128,-0.06218487395,-0.008638085825,0.009799798747,-0.0480081716,0.01736465781,-0.01941747573,-0.03160996518,-0.002461435278,-0.01725838264,0.002521432173,-0.03081510934,-0.002673796791,-0.04443309499,-0.01463569838,-0.04822798685,-0.003018465909,-0.04526252263,0.07328658074,-0.01114649682,-0.03582920494,-0.0172026926,0.06206896552,-0.0200462606,-0.03372878762,-0.0316091954,-0.03331465693,-0.006432246998,-0.1044117647,-0.003824091778,-0.009641873278,-0.02054414214,0.004283489097,-0.01437103397,-0.02275270421,0.00796812749,-0.0231092437,-0.04474481473,0.03098901099,-0.03005303477,-0.02280614774,0.02214825989,-0.0297182555,0.002451731535,-0.04253360339,0.0147601476,-0.03052325581,-0.02095973525,0.03902903379,-0.02100089366,-0.03113135915,0.0004183225267,-0.007603151815,-0.01881791678,-0.02920125966,-0.01974302726,-0.005078454692,-0.02599816841
-0.008828695836,0.008477449983,0.01383629479,0.005611332983,0.03364565588,0.02671480144,0.0318203175,0.01608062525,-0.01109917651,0.01519875292,-0.01220338983,0.02897777778,0.03291794028,-0.002244741168,0.05332167832,0.05906976744,0.03980676329,0.02670623145,-0.004462072385,-0.007135466838,0.03733766234,0.01285634433,0.01246719782,0.009273979862,-0.02821997106,0.03897849462,-0.02430184133,0.0118910397,0.01019313305,-0.009036144578,0.02348606954,0.01825726141,0.03944652498,0.03863522328,0.01458752515,0.03992673993,-0.02466487936,0.01211473365,-0.00678075557,0.08982725528,0.004630454141,0.01495996629,0.01318461642,0.03086419753,0.04383526402,-0.001268391679,-0.01623376623,0.03383162864,-0.02058609659,0.07537091988,0.0382919693,-0.003884333189,0.001642036125,0.01295585413,0.05841446453,0.04591836735,0.003101977511,0.03029729218,-0.01393129771,-0.01343873518,0.06543778802,0.02903147109,0.008100618205,0.02278250304,0.01166920345,0.03960058828,0.02227525855,0.02140018343,-0.002307692308,0.03532467532,0.01086956522,0.03323943662,0.0233623454,0.01894112277,-0.001828631139,0.007735730713,0.01996451669,-0.02512155592,0.02152757299,-0.07576726343,-0.02042714815,0.06609461097
0.07480314961,0.004371217216,0.03533831346,0.02296503633,0.02842604038,-0.005274261603,0.0200752958,0.0007625826131,-0.01249094859,0.01113243762,0.02242049874,0.0200414651,-0.007739585705,-0.01463439815,0.01842323651,0.02839994144,0.01802638915,0.004992117709,0.01394422311,0.04876208272,0.03540688576,-0.006070640177,0.003899488178,0.05014439485,0.01265822785,0.009918068133,0.02161811195,0.03958991695,-0.02283590016,-0.00506585613,0.03194600675,-0.01358326542,0.00797542044,-0.001207729469,0,0.03839380063,-0.01704233095,0.01496215455,0.005526657997,0.001761183515,0.03456833895,0.04525845962,0.04671170512,0.01692267639,-0.005476938665,0.007112014224,-0.006600660066,0.111486555,0.07379364928,0.06181567329,0.0449262656,0.004766031196,-0.03442622951,0.004026527712,0.01708278581,-0.02655826558,-0.0003865481252,0.01746002573,0.007741436036,0.07532051282,0.008073817762,0.00426742532,-0.04927045887,0.009207009207,-0.01604814443,0.02851200492,-0.00233463035,0.02394492667,-0.01252891288,0.06573005519,0.03337041157,0.02290076336,0.05282005372,-0.01657334826,0.0005234231876,-0.01390248963,0.002730513488,0.01302299806,0.002309468822,0.01383604289,0.0221521323,0.008344784949
0.05961780155,0.005356545028,0.02247956498,0.01922421127,0.03966762687,-0.02297631672,0.0506188071,0.0063500127,0.02713107241,-0.009870918755,0.006041620049,-0.01219512195,0.03303509979,0.014567981,0.007985658409,-0.03245551601,0.01022270902,0.0214379085,0.008349705305,-0.01812512849,0.01794823352,-0.02776235425,0.00429211551,0.071,-0.01838235294,0.05828351836,0.01011669098,0.02320846618,0.01630434783,0.02070604209,-0.04839764552,-0.0330487469,0.04278297921,-0.007013301088,0.02231036192,-0.003867028494,0.003355704698,-0.01491501908,0.01713546718,0.01476793249,-0.005825908156,-0.04488769635,0.03685731984,0.005120327701,-0.004364377319,0.1081967213,0.05647840532,-0.02761623926,-0.05510614362,-0.05977619659,0.006952944895,-0.0004312203536,-0.03056027165,0.1457891012,0.09302325581,0.05456570156,0.01276102088,0.003973988439,0.04570770117,0.04172876304,0.02030892449,-0.007082152975,0.04604092527,0.0238375515,0.006116207951,0.02702180953,0.0608424337,0.01900029231,0.01424946321,-0.0009416195857,0.004664513814,0.006663113006,-0.03146258503,0.003416078342,0.04211352341,0.02924685303,-0.003176924435,-0.01559080963,-0.01699308756,0.005800068236,0.004250648669,-0.02009943656
0.04055026712,0.03862803863,-0.02646220654,-0.07320265122,-0.04739884393,0.04377713459,0.01237872198,-0.04088844018,0.01374263787,0.08013803681,0.01534697509,-0.015260631,-0.05063291139,0.002530109595,-0.01535974131,0.008238928939,-0.0106613661,-0.02277962631,0.03166098393,-0.1390934152,-0.006495916852,-0.004568817818,-0.02055679685,-0.007236227824,-0.06404494382,0.02521686504,0.03461026704,-0.03779881166,-0.03101604278,0.006318589957,0.009392898053,-0.009114212475,0.04984615385,0.02289332684,0.03976721629,0.4168085541,-0.01170568562,-0.01461267606,-0.01271455817,0.01316701317,0.005170630817,0.07818673321,-0.0246231527,-0.03642384106,-0.0470155497,-0.02116522531,0.009433962264,-0.00258186871,0.01035795188,-0.0232172471,0.03260646171,0.02243313201,-0.01751313485,-0.03170681491,0.0401891253,-0.0343189018,0.01565483009,-0.002698812522,0.08209366391,-0.03862660944,0.01668068405,-0.008083689967,-0.04911758452,0.07674619143,0.003039513678,-0.006578885537,-0.09705882353,-0.02524383247,-0.05927636644,0.07869934025,-0.04571428571,-0.01244373842,0.09218612818,-0.01089423513,-0.00953815261,-0.004497138185,0.01889717971,0.008891358711,0.002636976267,0.06478968792,0.03131591057,0.000604942738
-0.01579747279,-0.05739018916,0.1527739058,0.007024468292,-0.03519417476,-0.0568457539,-0.02544613351,-0.01526315789,-0.01073943662,-0.04224352148,-0.01796276013,0.0752220094,-0.00514619883,-0.07385327204,-0.02331691297,-0.05413687436,0.01242009132,-0.05840754322,-0.03470254958,0.006971748206,-0.07117504203,-0.1176133104,-0.04260187947,-0.02198448154,-0.05482192877,0.1682408501,-0.06381939356,-0.01451148497,-0.04139072848,-0.04130865829,-0.05946436677,-0.02299511354,-0.0763950762,0.1014285714,0.02705223881,0.03437004278,-0.08798646362,-0.1093442916,-0.04153251771,0.1149110807,-0.08024691358,-0.04320154291,-0.001320525444,-0.04678826328,-0.05030000073,-0.02511043943,-0.07476635514,-0.09601174732,-0.08268338564,-0.03452178834,-0.1335111775,0.04683544304,-0.03565062389,-0.01360833511,-0.08409090909,0.008201202843,-0.0507518797,-0.001804077215,-0.02002715547,-0.1056547619,-0.0778988005,-0.07142857143,-0.01990161002,-0.01094500801,-0.02474747475,-0.05456902016,-0.05008143322,-0.04502648617,-0.0004091653028,-0.05985146352,-0.04640718563,-0.02278820375,-0.02893890675,0.122074346,-0.06791687785,-0.2585215606,-0.0406706701,-0.01955384192,-0.01782583285,-0.0468302007,-0.06277974799,-0.08260477853
-0.04369861861,0.004761904762,-0.04474002418,-0.01183793435,0.01174004193,-0.04740904079,0.0003390979993,0.01950828434,-0.07866168357,-0.003335804299,0.00713807718,-0.01198380567,-0.01763461086,-0.008490050143,0.05800268998,-0.04782474545,0.02363341151,-0.05396383866,-0.03692834434,-0.02471521153,0.04022526146,-0.02080624187,0.04276061036,0.00769323236,-0.02751905165,0.04446690248,-0.01551568074,0.06164024248,0.1318364997,0.04308859014,-0.01351351351,-0.0105913504,-0.02538602626,0.02161694769,0.03769300636,-0.03090435914,-0.04019789734,-0.03249749248,-0.06281491434,0.09693251534,0.04455630127,0.06510784116,-0.05693351711,0.01636161952,0.01604278075,0.07011686144,-0.0202020202,0.126649104,0.02866783923,-0.05158264947,-0.005222578348,-0.0253929867,-0.009242144177,0.02069411511,-0.02853598015,0.02331887202,0.02257425743,0.02476052774,-0.004676134396,-0.03244592346,-0.04156698565,0.002581311306,-0.05407255305,-0.01025641026,-0.04609010875,0.03429297629,0.01328761252,-0.03020030817,-0.0493246009,-0.02091078067,-0.03178963893,-0.02990397805,-0.00951986755,0.0472392638,0.1525285481,-0.08363334256,-0.05171075308,-0.01460674157,-0.02171972627,-0.2252673797,-0.01225935073,0.04929042846
-0.05515645864,-0.0308056872,-0.05227848101,0.01078404716,-0.004558640696,-0.006172839506,0.04508474576,-0.01939711664,-0.009851265212,0.03421346225,0.01085271318,-0.01032617604,-0.06845380565,-0.01529329283,-0.018274273,0.2581011017,0.03683468453,-0.02469861805,0.03682072118,0.02356680012,-0.03325599381,0.06905710491,0.0116553048,-0.01646188715,0.06965607314,-0.02064183196,-0.0052516009,0.02628544761,-0.05340793489,-0.070720423,0.1056751468,0.01546238478,0.03928578406,-0.005501481168,-0.04857768053,-0.03515081763,-0.04510309278,0.00269541779,0.008602150538,0.005313199105,0.0215955738,-0.01665404996,0.01422027972,0.03083219645,-0.04360902256,-0.007354579897,-0.01030927835,-0.1102125693,0.004253033991,-0.04202719407,-0.009069803658,-0.05210918114,-0.05597014925,0.01288278775,-0.03575989783,0.05882352941,-0.05848179706,0.02116402116,-0.05776927092,0.02923473775,0.04180967239,-0.01982492276,0.07621804149,-0.07499318244,-0.02931596091,-0.02054469814,-0.00296108291,-0.009215125516,0.01636167922,-0.02278120551,0.02837454398,-0.001696832579,0.01546176348,-0.03319664128,-0.0127388535,0.02236325174,-0.01694887503,-0.009977194983,-0.0395377129,0.04184641933,-0.0115228197,0.002820101536
-0.04358638672,-0.01292350681,-0.002270602377,-0.03410271318,0.003746877602,-0.04386645963,-0.03470645475,0.01095963646,-0.02867733125,-0.03236245955,-0.01489921122,-0.02765816496,-0.03854059609,-0.01552606347,-0.06231790223,-0.02343850612,0.01920788713,0.009044317154,-0.002204261572,-0.01092741935,0.0128,0.1217391304,-0.03641835014,-0.1063674955,-0.05006105006,-0.04133047917,-0.02160663314,-0.04925169522,-0.02471789361,-0.004978662873,-0.02721238938,-0.0243045388,-0.09879072682,0.01425531915,-0.03679852806,-0.0134194831,0.05128205128,-0.00682382134,-0.02949538024,0.02364394993,0.008385744235,-0.002501924557,0.03194434389,0.01005823187,0.001572327044,-0.005388414908,-0.03125,-0.01324331343,0.002116249975,-0.06838709677,-0.05395050578,-0.003926701571,0.1106719368,-0.01668056714,-0.006622516556,0.04904904905,-0.00658165364,-0.006908462867,0.002770083102,-0.08270676692,-0.08056304283,-0.0133963751,0.04101299866,-0.01798349057,0.02125279642,-0.05387384985,-0.04285108188,-0.02116741501,-0.009743698369,0.009227780476,-0.03271580607,-0.01359773371,-0.002880658436,0.0008079175924,0.03870967742,-0.07833284067,-0.03298320028,-0.02533832422,-0.0110829639,0.06086956522,-0.02377142857,-0.03123167561
0.08206758305,0.00813871196,0.05287817938,0.03080719819,0.01410203235,0.0491270808,0.04502688172,-0.02882072977,0.002610966057,0.01709401709,-0.01267793594,0.01260432635,0.03099946553,0.02239557971,0.05351286035,0.06672820783,0.04953302201,0.02957872722,0.001718213058,-0.001753027029,0.08096366509,0.0276854928,-0.005338052305,-0.01207926167,-0.01328191945,-0.007385778083,0.02551805769,-0.007111054842,0.04683195592,-0.02251608292,0.01887650671,0.0525210084,-0.00509618794,-0.01321585903,-0.01671442216,0.05491183879,-0.03016688062,-0.00624609619,-0.01977297693,0.002445652174,-0.02165627166,0.01408450704,0.09888652437,-0.04481132075,0.04448194662,-0.002483069977,0,0.1378947368,0.0244075561,0.135734072,0.04951759771,0.01226456417,0.01245551601,-0.03456318914,0.024,0.02814885496,0.03436853002,0.0107826087,-0.009576427256,0.02276867031,0.0664495114,-0.001331203408,-0.02109795479,0.08075652957,0.02519167579,0.007809359747,-0.0390070922,0.01965923984,0.02823529412,0.04908565929,0.04115729421,-0.005743825388,0.02723895997,-0.00423814329,0.05244996549,0.04586273252,0.07131661892,0.02304283604,0.02913864874,0.1085089774,0.02205052161,0.01966699836
0.04710764361,0.008424008424,0.01602034329,0.003877705703,0.05316973415,0.009674922601,0.02636655949,-0.009801252382,0.003806089744,0.006576543661,0.01531876549,0.08006728343,0.03395541731,-0.01079923792,0.01179747665,0.02583755718,0.01414269824,-0.006384213581,0.04753736829,0.02217593727,0.0001826817684,0.04849137931,-0.01803338464,0.009891468608,-0.01302648719,0.04637480533,-0.03205756924,0.01669712812,0.02578947368,-0.001462522852,0.002455357143,0.01340176789,-0.04495457722,0.02657312925,0.03739679456,0.05673352436,-0.0006618133686,-0.02535093233,0.03959656332,0.05611276769,0.01009385514,0.007229832572,0.03688593118,0.01179698217,0.08842162219,0.005431093007,0.06451612903,-0.01734505088,0.01763916735,0.008536585366,0.03759730892,0.01514495889,0.02636203866,0.001757083242,0.02734375,-0.003248259861,0.00840672538,0.00120440468,-0.002789140945,0.0195903829,-0.005192425168,0.05198613703,0.01869364416,0.009722222222,0.004807692308,0.02450002849,-0.002306273063,-0.03566838046,0.001872269607,0.07155963303,0.000782778865,-0.01819757366,0.03736440337,0.01134981759,-0.03256830601,-0.01195952162,0.0207418959,0.0002887669651,-0.008089607965,-0.01901408451,-0.02291875601,0.02434423173
-0.0127837678,-0.008701705534,0.0429232887,-0.001494135914,-0.01553398058,-0.0375622844,-0.005639097744,0.02969480341,0.01855916983,-0.01851179673,-0.02263146217,0.02990188444,-0.0782150915,0.03774277515,-0.07303643725,-0.07857315016,0.02193669696,0.02862149533,0.01099415205,-0.006872028447,-0.01917808219,0.06217882837,-0.02863964193,-0.07835668617,0.02507699076,0.07259798247,0.0370716633,0.02610107373,-0.006670087224,-0.02123764189,0.04497884658,-0.04333145751,-0.04170721535,0.0213294678,-0.02106741573,0.008450831526,0.03907284768,0.001289767842,-0.05964786202,0.02284394251,-0.03523842917,-0.02058934643,-0.007230272147,-0.004338394794,-0.04902197704,-0.02003151024,0.06397306397,-0.02259355142,-0.05560505202,0.05320435308,-0.05073001212,0.02259164535,0.03767123288,-0.05590879193,0.01774397972,0.04329608939,-0.007542675665,-0.02216875752,-0.02461308969,0.01659388646,-0.007368744243,-0.02204764318,-0.01899827288,-0.009353507565,-0.003721424774,0.01293284325,-0.02126675913,-0.002332555815,-0.0523255814,-0.04066780822,0.01212358232,0.007060900265,-0.03756777692,-0.007214428858,-0.02892001808,-0.08472998138,-0.02646562383,-0.0626443418,-0.0006273525721,-0.02584350323,0.0298961606,-0.001544328915
0.01243215566,0.00860252809,0.04283657307,0.02102998375,-0.01972386588,-0.008761449622,-0.007561436673,-0.005874499332,0.08659874608,0.009615384615,0.02360953462,0.02449720248,0.06064726679,0.01863753509,0.03965758211,0.1374574941,-0.01103955842,-0.01817149347,-0.00370198982,0.05805205777,-0.0217877095,-0.09820996613,-0.001801062165,0.06228782288,0.07081545064,-0.05149552883,-0.01143865824,0.06630903473,0.03409090909,0.06172839506,0.04304282975,-0.0002941176471,-0.005856437118,0.07725060827,-0.02869440459,-0.04772574501,-0.01975780752,0.01760412194,0,-0.03663739021,0.03489005997,0.0362584378,-0.04961606615,-0.04112200436,-0.002417721243,-0.0236564079,0.09493670886,0.08788827354,0.02216847633,-0.004592422503,0.03570927226,0.004585243852,0.003300330033,-0.006270320483,0.0597758406,-0.01115573405,-0.0108,0.04446397188,-0.01548461097,-0.06013745704,0.01360965048,-0.03601969422,0.03895246479,0.04609830603,0.03628601921,-0.008914444295,0.06518658479,-0.03206412826,0.037028922,-0.01338688086,-0.007341576507,0.006427110722,-0.007645875252,0.01312071054,-0.007677989763,0.03831807392,-0.005824221752,0.01139513397,-0.03389830508,-0.01768607222,-0.01652762952,0.03400347632
0.07131008254,0.01235857267,0.06535496491,0.08132572854,0.04547283702,-0.04901566894,0.01206349206,0.06822455009,-0.003065272268,-0.005494505495,0.01463739188,0.06568265683,0.06769230769,0.02419543962,0.01243488489,0.007013912844,0.06124031008,0.05436668595,-0.03622851835,0.04779467681,0.01408718827,0,0.03494761841,0.03973878005,0.03126252505,0.06241872562,0.04869764648,0.0340380819,0.03646353646,0.03312191684,0.1029622063,0,0.03661290323,-0.01242236025,0.03594288528,0.05355294118,-0.009752925878,0.04746835443,-0.007260221628,0.00677259703,0.03546971027,0.02456728085,0.09912989434,0.04174950298,-0.0004876273654,0.01764290755,-0.04624277457,0.0779105799,0.04267755845,0.0092272203,0.04577401366,0.001244813278,0.04934210526,0.04229960271,0.07990599295,0.05685920578,0.03113627173,-0.003365303719,0.03786407767,-0.0365630713,0.08086664632,0.01451612903,0.02541834357,0.0278736395,-0.02111225541,0.0257651224,0.03858093126,0,-0.006549757025,0.1171415649,0.02997275204,0.009288824383,0.05068937551,0.1006176529,0.05650644783,-0.03135205748,0.008790225248,0.05572472594,0.01429499675,0.02288072018,0.050411004,0.05112056754
0.05435069962,0.02373108666,0.008856247975,0.02557992778,0.01505003849,0.02872834812,0.03481806775,0.05280362082,0.02025682764,-0.03057090239,-0.1221857923,0.006786703601,0.01080691643,-0.0002906195922,0.02589211618,0.01975336835,-0.007450693937,0.009599561163,0.06024096386,0.1000471749,0.02761404167,-0.009120171674,0.02004395714,0.1014299078,0.05090944423,0.02249082007,0.02988836124,0.02799076212,0.06939759036,0.06241473397,0.06223374699,-0.03442188879,0.07581853342,-0.01143510577,0.01378326996,0.03358942291,0.0833880499,0.04290030211,0.004618937644,0.008538163001,0.03137188401,0.05758401453,0.0678512864,0.007088331516,0.001216022369,-0.04299583911,0.05754545455,0.1034907598,-0.01498530735,-0.04228571429,-0.008071282401,0.05221715707,0.1253918495,0.02713004484,-0.02067464635,0.07685738685,0.01568627451,0.05200067533,0.05519176801,0.07685009488,0.01242236025,0.04054054054,0.02912621359,0.02944214876,0.04629142557,-0.009716269228,0.02006831768,-0.0248447205,-0.006380263718,0.02955465587,0.01549508692,0.01639344262,0.02778849865,0.05304127444,0.08172214825,-0.03068105192,0.1350437967,0.003749639458,-0.02786675208,-0.02053538687,0.02766868101,0.04635850465
0.07401238465,0.002347993457,0.02612140028,0.04646803683,-0.02696143491,-0.02258726899,-0.00848742043,-0.01576307619,0.003013650062,0.01291793313,-0.02564741036,-0.009492364837,0.0161558565,-0.01815579096,0.03073936256,0.05441719852,-0.02237268178,-0.01086661233,0.0225,0.04948208748,0.03852688113,-0.02707092583,0.02520353707,0.0137102645,0.03735590738,0.05656142451,0.02142698243,-0.03782051282,0.03244704822,0.02504012841,0.1182214473,0.02711761121,0,0.09986504723,-0.01969057665,0.1095929127,-0.005454545455,0.05252993434,0.05402298851,-0.0613134941,0.01545544229,0.004981106149,-0.006351618617,-0.004331348132,-0.003149090909,0.01835748792,-0.01143299235,-0.03088946781,-0.03269869566,0.026849642,0.00676160071,0.01417881056,0.09192200557,0.05915738922,0.01111111111,0.03806502776,0.01351351351,0.01267854277,-0.03475177305,-0.05286343612,-0.0192414947,0.02342755284,0.01866720193,0.01680883091,0.05580693816,0.008378780367,-0.04269568857,0.04777070064,0.01605308219,0.01533621707,0.003721622627,-0.007074136955,-0.01201652272,-0.0385078219,0.08324579832,0.179826087,0.02899745366,0.0224137931,-0.06754530478,0.01535005616,0.01893239045,-0.06006947228
-0.005536309099,0.006702412869,-0.05550339071,0.01720781828,0.003507404521,0.004201680672,0.002445735249,0.01941276389,0.01926475786,-0.02063015754,-0.008433427038,0.008055555556,-0.03460369418,-0.01379461943,0.04489091194,-0.01125623872,0.2422463114,-0.05465531447,0.01600355635,0.07590997674,0.003342128408,0.1508069004,-0.001667109963,-0.03865948534,-0.006773618538,-0.02393428693,-0.01180046133,0.02201024862,-0.01353120908,-0.002818665832,-0.01013566194,0.006526253337,-0.0261707989,0.05468886941,-0.006217120995,-0.02348420586,-0.04387568556,-0.01724770642,0.022173755,-0.01393823449,0.02412564767,0.03076397197,-0.03037569944,-0.01876019576,-0.01070279498,-0.006641366224,0.05217391304,-0.05453149002,-0.04507037998,0.118535735,-0.05379098361,0.02291262136,0.09566326531,-0.08553173949,-0.01758241758,0.007257448434,0.01142857143,-0.01933438986,0.00422483468,-0.02697674419,-0.01905032698,0.004976362279,-0.01773399015,0.04515173945,-0.01952380952,-0.003087664094,-0.0284215129,-0.01215805471,0.02696439857,-0.02633617351,-0.06006674082,-0.01453405529,0.02204484987,-0.03111031647,-0.05303030303,0.03478773585,0.01616189053,-0.0370994941,-0.01413427562,0.08923303835,-0.008259090378,0.04424494484
0.04419748221,0.01564580559,0.00839500718,0.04941104674,0.0345631068,-0.008786610879,-0.04330588594,0.01333015949,-0.02687705913,0.003063960169,-0.02835051546,-0.03968035271,-0.01017195447,-0.02737925199,0.00721045516,-0.04951133068,-0.02908738335,-0.004357931435,0.03084664187,-0.03967396068,0.03278401122,0.01015473888,-0.01231249376,0.003984063745,0.07142857143,0.007109692397,-0.05130683924,-0.06897076921,0.01681415929,-0.006595477387,-0.05513547574,-0.030651341,0.05304101839,-0.01080272561,-0.01539942252,0.1401104774,-0.02485659656,-0.02184466019,-0.03982930299,-0.1180709534,-0.07841897233,-0.03482009617,0.07611981314,-0.04516486561,-0.09316371681,-0.004536771729,0.005509641873,0.0172623883,-0.002211975249,0.03376623377,-0.1014257354,-0.01670463174,-0.03841676368,-0.02997520847,-0.01565995526,-0.03564656807,-0.03201506591,0.0116354234,-0.006767880007,-0.04493307839,0.0147826087,-0.02426343154,-0.04734202608,-0.03352219075,-0.0111704711,-0.04594056085,-0.06660666067,-0.05196581197,-0.0681025641,-0.001193317422,0.02287968442,-0.03354540197,0.03272592042,-0.02288245064,-0.0424,-0.0660968661,-0.007953551801,-0.02510215995,-0.004659498208,0.01794177387,-0.05287207805,0.01079946534
0.0615369792,0.1330711242,-0.01303538175,0.0437642217,-0.01426426426,-0.1169269734,0.03315269366,0.07963354475,0.01193870278,0.001527300496,0.05305039788,-0.04992826399,0.01859554686,0.009180662149,-0.0007457121551,0.03028248588,-0.06603420297,-0.06069448497,-0.002546689304,0.1460253719,0.05024613818,0.06318812829,-0.003169480504,0.000744047619,0.06499162479,0.1336983144,0.0153855089,0.009363896323,0.01087902524,-0.01138159975,0.09719906636,-0.004560656735,0.001121558093,-0.04536290323,-0.07282502444,0.1239414832,-0.01307189542,0.0383661004,-0.01111111111,0.03519798869,-0.0003431120261,-0.01632021989,-0.1422369765,-0.03743470691,0.01626452626,-0.01391220916,-0.01095890411,0.127171092,-0.02537388363,0.0351758794,0.09519983933,-0.01274131274,0.03995157385,0.0006970260223,0.01931818182,0.1018482108,0.009727626459,-0.04376996805,-0.06832412523,0,0.04055984005,0.02689672672,0.004632554222,0.03419638495,-0.07956777996,-0.03642858251,0.01012536162,-0.01947349441,-0.0744001761,0.006371963361,-0.05514847667,-0.02483542789,-0.01692473893,0.07327667611,0.01670843776,0.1967663209,0.02322761556,0.02005988024,0.03168887288,0.02327901563,0.01099344277,0.09452194991
0.005888493045,0.06248192074,-0.06359600444,0.06834207839,0.02208682407,-0.02390057361,0.0206726319,0.02697998259,0.01179785173,-0.04841784217,-0.02569269521,-0.03276955603,-0.01873648811,0.005153349214,-0.01611940299,-0.02336038605,-0.01737503341,-0.0003106554831,0.01489361702,0.005309123729,0.04816550832,-0.08689779379,0.04345073859,-0.01833952912,-0.01352626612,-0.03545558521,-0.03718937357,-0.06958094547,-0.0142057684,0.03485769108,-0.07202552804,-0.01740989615,-0.01431571039,0.01513551566,-0.02477596205,-0.03697565251,-0.01390728477,0.002022058824,-0.04906367041,-0.2689738919,-0.004290372404,0.02619629759,0.09377791009,0.008441362677,-0.09149615498,-0.003405497446,-0.07202216066,0.02833864683,-0.01921340791,0.1237864078,0.01247019989,-0.0504497458,-0.09895227008,-0.004875783608,0.03678929766,-0.006067094932,0.03583815029,0.04393585032,-0.04862621071,0.01501501502,0.05133132034,0.03978255498,0.008174386921,0.02078412848,-0.02027748132,0.05722639485,0.01479713604,-0.05663847003,-0.06539833532,0.1009101702,-0.02367346939,-0.003682111077,0.03626373626,0.03853598452,0.03944124897,-0.01249044099,-0.03816790486,-0.07103023188,-0.01221640489,-0.03444913877,-0.04478589545,-0.01476884615
-0.1741317662,-0.09120609856,-0.08735332464,-0.1289606054,-0.05774962742,-0.07247796278,-0.1200120919,-0.09830508475,-0.05151409676,-0.07291666667,-0.00620475698,-0.02763466042,-0.08714810282,-0.01327376506,-0.002882281553,0.1240875912,-0.04951033732,-0.02454940957,-0.1155136268,-0.07544031053,-0.02266769468,-0.08530571992,-0.05301497182,-0.2234284272,-0.2098214286,-0.03320158103,-0.02813767478,-0.03547962291,-0.1113537118,-0.05469715698,-0.2762403799,-0.03077401306,-0.0310753881,-0.0830443828,-0.01027027027,-0.1388123004,0.009402283412,-0.04824802788,0.02284363923,0.08222591362,-0.07221647708,-0.06398910824,-0.1826347305,-0.04095665172,-0.157954075,-0.05125701733,0.01791044776,-0.05253186359,-0.06778339829,-0.181425486,-0.1325846767,-0.1000823723,0.07235142119,-0.06812879141,-0.135483871,-0.03411131059,-0.05282738095,-0.03984637542,-0.02306253896,-0.0808678501,-0.1903394256,-0.06012357414,-0.06777546778,-0.0867653864,-0.06753812636,-0.1449912974,-0.02163687676,-0.07212475634,0.02569974555,-0.09705248023,-0.03762541806,-0.03202956575,-0.08377518558,-0.03507285666,-0.1223320158,-0.0826019618,-0.1472426658,-0.01674565561,-0.02650176678,-0.1211713228,-0.02867586783,-0.06504093468
0.06627150512,0.01737567406,0.02831168831,-0.009840637312,-0.004744958482,0.02164730729,0.01099278598,0.01691729323,0.002935779817,-0.01166810717,0.02185223725,0.02761721259,0.1196031108,-0.01253183188,0.01110603986,0.02547452547,0.00529479107,-0.01529149411,0.006636643754,-0.05303592849,0.03991795519,-0.02425876011,-0.01179758522,-0.007802340702,0.0799031477,-0.02589261379,-0.0004890220115,-0.0206751573,0.001474201474,-0.02778685845,-0.04592760181,0.01699807569,-0.03067424333,-0.01607109094,-0.000546149645,0.06668918412,-0.1184298071,-0.005975327679,-0.03773584906,-0.03760552571,0.007802340702,0.01363636364,0.007659007659,-0.003117206983,-0.08611924686,0.0113197839,0.0293255132,0.01781494274,-0.05142209887,-0.01477572559,-0.02401336396,-0.02059496568,-0.02409638554,-0.05232849274,0.0671641791,-0.03234200743,0.001571091909,-0.02633333333,-0.03424074862,-0.05150214592,0.0899709771,0.04930467762,0.0274308653,-0.05295160882,0.01693925234,0.05299298491,-0.05192307692,0.03949579832,-0.03225006202,0.04936305732,-0.01433536056,-0.02131721285,0.00887345679,-0.01141352063,-0.03039855888,0.00759707372,0.1631164379,-0.009640102828,-0.02867513612,-0.02451168135,-0.0009341875488,0.05896856435
0.05240506545,-0.02915194346,0.02681864107,0.06415352636,-0.0317798967,-0.01291989664,-0.0655827387,-0.03165434381,-0.03622392975,-0.03017052908,-0.001782077393,-0.056096875,-0.06155688623,0.0222871014,-0.01625037617,0.01558694593,-0.03202846975,-0.01617599482,-0.03696727101,-0.07497662635,-0.0476407222,-0.05303867403,-0.02474533412,-0.0249017038,-0.05754857997,-0.02616116396,-0.03141835731,-0.03756869398,-0.07114818449,-0.04505716207,-0.03557031065,-0.02901292968,-0.02802173913,-0.01556495004,-0.0262295082,-0.002885339338,0.02113207547,-0.0428543727,0.03521408563,-0.05263157895,0.06046082949,-0.03533632287,-0.02445472571,-0.04752970607,0.02632572939,-0.05265835665,-0.002849002849,-0.01446686908,0.01078441792,0.03374397429,-0.008985879332,-0.02710280374,-0.01234567901,-0.002377807133,-0.05011655012,-0.01844026124,-0.05294117647,-0.04536117768,-0.03743668795,-0.092760181,0.02633136095,-0.03927710843,-0.03277621012,-0.03290529695,-0.01435956347,0.0340034832,0.05983772819,-0.02425222312,0.02486541912,-0.0246585736,-0.06743058616,-0.03608582575,-0.03173996176,-0.01793960924,-0.05852299118,-0.005026528903,-0.1118141881,-0.0496430889,-0.01420029895,-0.06164114645,-0.03893254278,-0.04105673932
0.0366184155,-0.001516530179,0.1181560449,0.02331822286,0.0771396096,0.1020942408,0.002549100179,0.09615843474,0.04574791192,0.02840396754,-0.07166539148,-0.002148657999,0.01990811639,0.04239896687,0.0238605078,0.09918465228,0.08558823529,0.03814534693,0.04376528117,0.1075934922,0.12219213,0.3197199533,0.006677559139,0.05880376344,0.0551149881,0.03620169516,0.06284871306,0.06290238519,0.3190702588,0.02922535211,0.09368084583,0.07177655083,0.02709251266,0.1231700176,0.02132435466,0.1580399979,0.05247597931,0.04598865478,0.02241979126,0.05218855219,0.02033721537,0.0251022685,0.08401084011,0.007550886408,0.09367994915,0.05531686359,0.07142857143,0.08898151504,0.06776122911,0.05025906736,0.07297063903,0.07877041306,0.12375,0.05905720339,0.06625766871,0.07045009785,0.0215320911,0.02976510669,0.04529855868,0.0349127182,0.05678869991,0.06972661149,0.06665170557,0.01881051176,0.02097902098,0.08103305425,-0.06076555024,-0.06545153273,0.01700850425,0.07584597433,0.03875236295,0.03642495784,0.007898894155,0.06565382528,0.04242723236,0.04322200393,0.004266672285,0.06896551724,0.04965883245,0.03221757322,0.05271013571,0.006421132655
0.08582308601,0.05589307412,0.0232097679,0.0541279495,0.05828571429,-0.1282660333,0.003264417845,0.03918154114,-0.07442367036,-0.003507233669,0.02307692308,-0.1841406768,0.01526526527,0.01162062672,0.06438601733,0.008115891439,0.002031969656,0.03484320557,0.04520965097,-0.01218686527,0.0254116979,0.07869142352,0.0296253919,0.09203427483,-0.05298759865,0.05212810204,0,0.02731487824,0.08089707649,0.03079028395,0.07936151079,0.03242424242,0.06653262392,0.01477233229,0.02417582418,0.05904875076,-0.01685393258,0.06488475692,0.0393194707,0.0188,0.0136286201,0.01106475603,0.0703125,0.03519061584,-0.001702917393,0.02468193384,-0.04533333333,0.01065069063,0.01161130372,0.0177602368,0.1571428571,0.002226179875,0.0978865406,0.1017754439,0.06789413119,0.03363802559,0.06120794487,0.07557025945,0.04202232436,0.08192771084,-0.007637752319,0.02297772567,0.04523458868,0.05729025251,0.009703196347,-0.002435433285,0.05094243505,0.1015070922,-0.02139695032,0.1399132321,0.01819836215,0.02115196876,0.09639498433,0.01323828921,0.03454803597,0.03605057842,-0.05382277273,0.04535292239,-0.01661249549,0.09525739765,0.01205167253,-0.001594387755
-0.05051488053,-0.01064441887,-0.08525048377,-0.06846956391,-0.07415406767,-0.0136239782,0.01048445409,-0.04817762882,-0.08256520886,-0.1135063792,-0.0104726101,0.01525010167,-0.03574069509,-0.06461680274,-0.04322807018,-0.05375692521,-0.248749493,0.01652892562,-0.08337068579,-0.01659862324,-0.01799806175,-0.1245901639,-0.04981850136,-0.05725079919,-0.08571428571,-0.02991171432,-0.04482585426,-0.05790112798,-0.01444979622,-0.02522402921,-0.05582170381,-0.1033167009,-0.02132264365,-0.06850488097,-0.05740343348,-0.1209218718,-0.03857142857,-0.02037104402,-0.0851218625,-0.04240282686,-0.06369747899,0.01973448152,-0.02832116788,-0.01164620711,-0.1201940756,-0.06208095356,-0.1201117318,-0.06866458093,-0.1310739931,-0.03732428502,-0.1227612589,-0.08573967126,0.06484295846,-0.08011802088,-0.09051724138,0.2440749912,-0.002291825821,-0.03901570342,-0.07225372821,-0.1213808463,-0.1300164926,-0.03048361219,-0.02274557166,-0.03466872111,-0.06670435274,-0.02659233013,-0.03102278236,0.002012072435,-0.07715506409,-0.06374881066,-0.03351206434,-0.02135117909,-0.02644746247,-0.03400335008,-0.09103385178,-0.1223058946,-0.08258681095,-0.1029636419,-0.005141388175,-0.06328645448,-0.04626799844,-0.04048096507
0.07809344489,0.0636813027,0.06957339288,0.04706909755,0.06181959565,0.01104972376,0.02754919499,0.03235035211,0.02949978623,0.05310173697,0.05888738128,-0.03244542359,0.0304192229,0.02487106932,0.03799325216,0.07776049767,0.05110671225,0.02740138512,0.04743276284,0.2082121212,0.01945580149,0.1371722846,0.03435173498,0.1020345253,0.04383680556,0.04740559631,0.04143932241,0.07149562652,0.1015037594,0.07933265237,0.06463710567,0.05957446809,0.05029902643,0.1075565361,0.03301081389,0.09245628699,0.02154531947,0.0220943186,0.03499005964,0.0213202132,0.0337461856,0.0448627727,0.07512019231,0.01847133758,0.05688876505,-0.007942811755,0.02222222222,0.02210042433,0.05653140908,-0.02316213494,0.1211100099,0.09037900875,0.0009514747859,0.05156674069,0.05213270142,0.0398066534,-0.008805513017,0.05154986523,0.01584786054,-0.04309252218,0.07077409163,0.05721040189,0.0508753862,0.01090715616,0.007874015748,-0.00651683993,0.01700850425,0.02610441767,0.0408496732,0.02574525745,0.0374479889,0.04493650277,-0.04295154185,0.06814634992,0.06089582285,0.07840236686,0.024750142,0.0204359673,-0.00738279808,0.01817463453,0.03074403726,0.03996791435
-0.003623239437,-0.02679059595,0.01791011977,-0.01320084584,-0.02380080557,-0.00218579235,-0.05745473538,-0.0191856747,-0.03571428571,-0.03534401508,-0.02409021015,-0.04346926102,-0.02381543041,-0.02246805159,-0.01413227812,-0.02504031916,-0.02550933059,-0.02110199297,-0.002567693744,-0.04619899175,0.009542248652,-0.005763688761,-0.02709171284,-0.05062937063,-0.03284823285,-0.02697445208,-0.01773711928,-0.02868288206,0.01365187713,-0.002839116719,-0.08226274347,0.001853568119,-0.02935120139,-0.01626826029,-0.02148760331,-0.03235412364,0.02254545455,0.007992733878,-0.01767191702,-0.06744279406,-0.0206633096,-0.01650109446,-0.04918949134,-0.00875547217,-0.05089363198,-0.03336002135,-0.05900621118,-0.005881335409,-0.006106308397,-0.02268041237,-0.03677510608,-0.02139037433,-0.04467680608,-0.05161895824,-0.04279279279,-0.03199343724,-0.03630745462,-0.01634091637,-0.03655003343,-0.03973509934,-0.001475361464,-0.01788908766,-0.02469619757,0.0002631578947,-0.03004807692,-0.01135252949,-0.06345302509,0.03639921722,-0.05965463108,-0.002311756935,-0.02540106952,-0.008102212527,-0.02186421174,-0.03571428571,-0.03225806452,-0.05075445816,0.001061383336,-0.01902536716,-0.008181480104,-0.03143189756,-0.009785758396,-0.004003484028
-0.1031907863,-0.02780898876,-0.04123488774,-0.06107198667,-0.1417854464,-0.06900328587,-0.03472122173,0.03694848946,-0.02260981912,-0.1021006351,-0.07904411765,0.09262064488,-0.07369758577,-0.02114833343,-0.05418577982,-0.08427651053,0.0404075896,-0.0871257485,-0.0582728762,-0.06537116411,0.06273972603,-0.03726708075,-0.059286261,-0.08014142605,-0.003439380911,-0.04718112755,-0.05905827341,-0.08285548612,-0.05757575758,-0.007276178425,-0.06276811921,-0.09374036386,-0.07798772169,-0.04134323321,-0.0579954955,-0.07126934985,0.005689900427,-0.03694359344,-0.111849824,-0.09857942316,0.01312056738,-0.07498715973,-0.2092886537,-0.0927444795,-0.1099537037,-0.04224185533,-0.0297029703,-0.07203758483,-0.05997916497,0.002109704641,-0.06204111601,-0.02276867031,-0.05771144279,-0.07644730332,-0.08941176471,0.06807909605,-0.06573146293,-0.04006514658,-0.06823964839,-0.1186206897,-0.1037234043,-0.04530965392,-0.06109324759,-0.04288345172,-0.04337050805,-0.04618532284,-0.06722689076,-0.07288519637,-0.09627156372,-0.1631909964,-0.06447187929,-0.0493245366,-0.0968627451,-0.02255892256,-0.118872549,-0.08670520231,-0.05813748012,-0.1037767948,0.009748781402,-0.08213141026,-0.06305802084,-0.008842541131
0.006419173192,-0.006356544351,-0.0669894168,0.007039459937,0.008741258741,0.03941176471,0.006123230004,0.009431984909,0.05595946244,0.06365614799,-0.0501853436,0.06912259853,0.09739368999,-0.004383257488,-0.01924825705,-0.04430500095,0.0128335022,-0.002951787471,-0.04373757455,-0.08479869454,-0.08713585976,0.05548387097,-0.04034428429,-0.09192825112,0.02243313201,-0.04783885858,0.01141343296,-0.03974554112,-0.03179707038,-0.02772466539,0.04432666827,-0.124191902,0.07274704625,0.2351698645,0.006575014943,-0.1143079539,0.06364922207,-0.04453592814,0.08190224571,0.07020057307,0.005250262513,-0.01314084768,0.07249070632,-0.05424200278,-0.04074122237,-0.04900547708,-0.0306122449,0.02662666417,0.03517269234,0.02421052632,-0.04774951076,0.01491146319,0.1995776135,-0.0334851326,-0.02325581395,0.02909283258,-0.02574002574,0.0408890397,-0.01861966236,-0.02190923318,-0.02769535114,-0.04054376342,-0.05136986301,-0.0437053326,0.01489637306,0.03745808275,-0.0365990991,-0.02484725051,-0.03694581281,-0.005933544304,-0.03079178886,-0.06576338401,0.0316977855,0.01515673441,0.03282336579,-0.1018987342,-0.07379612258,0.01214882308,-0.0181953212,0.0253164557,0.01255582421,-0.03190135137
-0.09743931088,-0.04012794417,-0.03752865935,-0.08193422855,-0.1767764298,-0.03621958121,-0.0756941803,-0.04132059801,-0.01001460463,-0.04552429668,0.01200840588,0.01426454242,-0.04125,-0.05188382253,-0.002781641168,-0.07500994827,-0.001167055685,-0.03092105263,-0.08186070686,-0.04042546651,-0.0228748941,0.002444987775,-0.01616850176,-0.08289241623,-0.1232067511,-0.02776553548,-0.04153768418,-0.0307909903,-0.007380073801,0.002622091118,-0.05490196078,-0.02486402486,-0.05333103448,-0.03420265071,0.07007125891,-0.01362528271,0.003989361702,-0.03270661966,0.01872201872,0.0187416332,-0.08234679666,-0.07314328582,-0.1389948007,0.0125,0.06189759649,0.006668687481,-0.00701754386,-0.116347032,-0.01743863587,-0.03854059609,-0.08610768598,-0.0404040404,0.00264084507,-0.06845898004,0.0873015873,-0.02827036751,-0.02157639806,0.02526487368,0.05211231976,0.0304,-0.1125805358,-0.05095699727,-0.06949458484,-0.03161828112,-0.03126994257,0,0.03506721216,-0.1925647452,-0.05722506394,-0.06048547553,0.0857286939,-0.03183586841,-0.1708754209,0.02392263319,-0.05521141934,-0.04862579281,-0.05638082377,0.01462865716,-0.02987897126,-0.06130268199,-0.04017822027,-0.0293207716
-0.1942875487,-0.008785216601,-0.04939819458,-0.07375272955,0.06789473684,0.03875513799,-0.008230452675,-0.06865930258,0.008640674394,0.05359056806,0.02195194304,-0.01406392694,0.05606258149,0.009616456967,0.02835890284,0.1439019144,-0.02971123352,0.02919212492,-0.005094820266,0.05218812072,-0.08005780347,-0.1207317073,-0.001011646909,0.05961538462,0,-0.04110003022,0.01284016749,-0.05153688095,0.002602230483,-0.03236351749,0.02001464486,0.1490039841,0.1466703578,-0.0385126162,-0.003884572697,0.05914454851,-0.0298013245,0.008301275562,0.1242508989,-0.1125711783,0.005501802315,-0.06535815459,-0.007648953301,0.01888162672,0.1280941621,0.01475459199,0.08833922261,0.0128152129,0.06548236344,-0.01977552111,0.08320215876,-0.007177033493,0.01316944688,0.1925022315,0.001216545012,-0.03438243851,-0.01260126013,-0.07376788553,-0.04303919211,0.0248447205,0.02292701567,-0.01519119958,-0.002424830262,0.01216978332,0.1106719368,0.000256447244,0.09034443817,-0.03776513192,0.1542895897,0.1431596781,0.01672085462,0.01059554256,0.05837563452,-0.05898922949,0.06841505131,0.1159259259,0.03005366726,0.1330868762,-0.05808966862,0.03537414966,0.01239821812,-0.0158229638
0.01261522226,-0.07732273839,-0.02466367713,-0.1089062548,0.04484967965,0.02656868287,-0.01161825726,0.07651162791,-0.01420810698,-0.02390640895,0.0290275762,0.06131900704,0.03333333333,-0.03186836912,0.009342977697,-0.00639338097,0.08876655772,0.02770448549,0.001706970128,0.1261456018,0.007068803016,-0.04808136847,0.005822139131,0.07658802178,0.4114533205,0.07658367476,0.02218991552,0.07219913343,-0.03930292918,0.05101351351,-0.04139746351,0.03918169209,0.03853875476,-0.004143646409,0.0295264624,0.1078294541,0.03003412969,0.03694779116,0.000710732054,0.001974333662,-0.08056603774,0.006711409396,0.05557809331,0.022808268,0.003010173481,-0.004747774481,0.06168831169,0.03448979592,0.02182584296,-0.01962922574,-0.06560099647,0.06409638554,0.02253032929,0.02295409182,-0.01093560146,0.05943577102,0.1700091158,-0.004634397528,0.0007537688442,0.1833333333,0.1374673142,0.05345744681,0.001944579485,0.02815249267,0.09786476868,0.03815277132,0.1108234076,-0.0435483871,0.1448296122,0.05446461652,0.01553220649,0.01337671728,-0.005275779376,0.03433703117,0.08110992529,-0.002655160969,0.05349079542,0.002936378467,0.1034768212,0.02978537013,0.01888996178,0.02630709329
-0.01671177375,-0.06558463067,0.01676808654,0.05193355415,-0.02452830189,-0.0622246696,-0.01259445844,-0.03650896522,-0.01695633743,-0.03491401772,0.01297602257,0.01256763833,0.000238948626,-0.005087752054,-0.0444908928,-0.02725208176,-0.03713066835,-0.03209242619,-0.03890940074,0.03860920348,-0.02729683357,-0.07139388052,-0.03246172116,0.08226567768,0.01841118309,-0.001902810304,0.008264220957,-0.02221764051,0.04322655345,-0.03567984571,-0.0416874688,-0.005338672005,-0.003058740044,0.06118045924,0.0005411255411,-0.01847219512,-0.1438038436,-0.007358636716,-0.008167613636,-0.102955665,-0.02298378822,-0.003225806452,-0.03651037663,-0.01567944251,-0.00902598355,-0.03309481216,-0.03975535168,-0.05326494378,-0.008711457828,-0.01724137931,-0.03154854477,-0.03623188406,-0.01355932203,0.02512195122,0.03194103194,-0.05196483971,-0.05453837164,0.01155371616,-0.007783078082,-0.1254801536,0.01280788177,-0.005554152992,-0.04779233382,-0.002567027952,-0.04267963263,-0.05835442777,-0.0358974359,0.03204047218,0.06338208879,-0.002108222066,-0.01124606388,-0.006778451659,0.07714561234,-0.07116104869,0.02270483712,0.1314475874,-0.03758654797,-0.006180871828,-0.04951237809,-0.05614632071,0.01002179144,-0.04158080412
-0.037230706,0.007444168734,-0.02965819923,0.01627174528,-0.02756286267,0.1855549031,-0.00943877551,0.0004484304933,0.005605864597,-0.01241900648,-0.01225285436,-0.03964833649,0.00812231247,0.06855370501,-0.00125,0.2048638132,0.02067607483,-0.0009946949602,0.02452718676,-0.01077732077,0.02148813342,-0.01150627615,0.03355083914,0.01433021807,-0.00703046535,-0.0324094442,-0.005125704567,-0.01348672835,-0.001479837218,0.01266666667,0.0442823652,-0.0489768534,-0.002245867236,0.04487365669,0.02974580855,0.00480419111,0.003095975232,0.01033944596,-0.01467955603,0.009884678748,-0.01176223482,0.05113268608,-0.1116872756,-0.01132743363,-0.04477815855,0.03823620105,0.02866242038,0.0775161492,0.007370984957,-0.003961516695,-0.02064693737,0.0272556391,0.04810996564,-0.02379252915,-0.03452380952,0.09135533133,-0.02142562835,0.01346743948,-0.03213562753,0.0439238653,-0.01588845655,0.03148007108,-0.02802547771,0.02573634544,-0.01015801354,0.02742293276,0.00580270793,0.0348583878,-0.04126447876,0.01725352113,-0.0186533212,-0.02442528736,0.01521933751,-0.0258431085,-0.05598455598,-0.006764705882,0.04282288455,-0.04255319149,-0.007103393844,-0.03560162235,-0.005461226416,0.0005930314424
-0.03923771224,-0.02040816327,0.004248903509,-0.0815639398,-0.008453505719,0.005943536404,0.0215469139,-0.02241147468,0.002358490566,0.01148168398,0.05356639414,0.01400107701,0.03601895735,0.006385801957,0.02675219024,-0.002825771032,-0.01446945338,0.008297378029,0.02509374099,0.05263157895,0.02794348509,-0.0671957672,0.03044810198,-0.01412776413,-0.05158125421,-0.07623522279,0.003611730246,0.007917101281,0.01444979622,-0.09940750494,0.0917934647,-0.003174603175,0.06150061501,0.05031271716,0.03203781513,-0.03195174726,0.006944444444,0.02490828345,0.0523255814,0.004893964111,-0.006163655685,-0.03243021346,0.001796138303,0.01646974579,0.02106078665,-0.01098901099,-0.05882352941,0.07271320828,0,0.1710227273,0.05668774889,0.02698993596,-0.1336065574,0.04557640751,0.07768187423,-0.04797601199,-0.001263157895,0.02035323802,0.06718954248,0.08976157083,0.08138385502,0.04184100418,0.03014416776,-0.04376916643,0.01824401368,-0.03259395557,0.01538461538,-0.01421052632,-0.00125849484,0.1484942887,0.03106165971,0.04160530191,0.05202821869,0.04327375353,-0.0700408998,-0.02694699437,0.007227332457,0.00547008547,0.09658187599,0.0691588785,0.003994124626,-0.0288077498
0.01662019093,-0.0305316092,-0.1479459533,-0.06048074395,0.003510531595,-0.01526341704,0.02521008403,0.113480055,-0.02652406417,-0.03513513514,-0.02461867808,-0.003363427155,-0.05946935041,-0.01046559539,-0.04753923511,-0.07950773217,-0.04013050571,-0.01481237656,-0.075407991,0.105,-0.05345143555,0.134429949,-0.01782925668,-0.06479750779,-0.01280123427,-0.01624282199,-0.05133571698,-0.07711556732,-0.004747991234,-0.01717836257,-0.07356636966,-0.03538570418,-0.05561993048,-0.03559613603,-0.03918575064,-0.03361879802,-0.122605364,-0.01186887717,-0.02555248619,-0.0487012987,-0.05624465355,0.01230377599,-0.05244285074,-0.05213103205,0.0848167906,-0.06006006006,-0.08881578947,0.04561023977,-0.03715274948,0.04124211548,-0.03458213256,-0.02672605791,-0.06244087039,-0.05151515152,-0.0766590389,-0.005249343832,-0.04890387858,-0.0126937026,-0.02082312592,-0.07722007722,-0.07921998781,-0.05362626979,-0.227735369,-0.04927113703,-0.05655095185,-0.0111482475,-0.08191287879,-0.0197544047,-0.03755040323,-0.05937311634,-0.005395683453,-0.02297631672,-0.08549874267,-0.01496844004,-0.0340846619,0.02404138771,-0.02152641879,-0.02040122407,-0.0206596593,-0.01573426573,-0.05017527867,-0.02599467901
-0.01675675676,0.03927380511,0.0166586577,-0.09496326699,0.005497251374,-0.0305,-0.01680327869,-0.05023677167,-0.01823774995,-0.05882352941,-0.0378600823,-0.0163410302,-0.04742217899,-0.01570521613,-0.03615421533,-0.03447972557,-0.06968048946,-0.009355162045,-0.02799756543,0.07337104072,-0.05162955792,-0.191,-0.02511081636,-0.07661558961,0.02664746129,-0.126084056,-0.03300750728,-0.005027712161,-0.01577981651,-0.01524730383,-0.03181257707,-0.02934702861,-0.03885276074,-0.1475027442,0.07627118644,-0.09915054105,-0.09781659389,-0.05815061964,-0.03401842665,-0.1700796359,-0.06843417177,-0.06370494552,-0.1281929991,0.01077666295,-0.06563868594,-0.02619808307,-0.03971119134,-0.1386206897,-0.04676884877,-0.0605778192,-0.04822043628,-0.0466819222,-0.1392532795,-0.07348242812,-0.07311028501,-0.144591029,-0.01684397163,-0.04992486225,-0.06454841131,-0.1059972106,-0.1015883521,-0.04193709436,0.03953871499,-0.03679852806,-0.005341246291,-0.05258944653,-0.01237751418,-0.01579520697,-0.06860434669,-0.05030438962,0.004068716094,0.03328509407,-0.0261228231,-0.03606737459,-0.06858281161,-0.03833580981,-0.09733333333,-0.06976744186,-0.1221317543,-0.04529307282,-0.04393364929,-0.04552805882
0.05881768098,0.008912655971,0.04821175358,0.01511082771,0.03628230616,-0.02784940691,0.0125052105,0.01365705615,-0.03581020591,0.02738095238,0.01910464785,-0.01859877212,-0.01710492724,-0.02735280944,0.001825726141,0.01193404391,0.07234198027,-0.03271500843,-0.03600500939,-0.006618468478,-0.04287172508,0.01606922126,-0.01096588134,-0.03282828283,-0.09330059628,-0.02729007634,0.005596080842,0.001939953811,-0.01043997017,-0.04003021148,-0.05603667855,-0.01738473167,0.09169767724,0.05391920167,0.01722440945,0.09503834416,0.04259438529,-0.03886639676,0.007336757153,0.008910212474,-0.05473120895,0.02641002686,-0.03092783505,0.02683823529,-0.008821530985,0.01738845144,0.01127819549,0.007806244996,-0.02545263193,-0.07986111111,0.06682750302,0.04992798848,0.00468933177,0.1103448276,-0.0320855615,-0.0160394818,-0.01487826871,-0.01985940246,0.003209414282,-0.0608424337,0.002578268877,-0.01016154247,0.07480190174,-0.01305316778,-0.01551312649,-0.0144404544,0.02663185379,-0.04537908135,0.05566488614,0.001686909582,0.06888788834,0.04481792717,0.001411764706,-0.03342830009,-0.0635502597,-0.0825092707,-0.01624815362,0.07537313433,-0.04300168634,-0.03720930233,0.0005452832995,-0.01315776709
0.1009981054,0.03074204947,0.14159026,0.09691080078,0.06139088729,0.07214854111,0.05557842734,0.06094952951,-0.04874651811,0.03650057937,0.08030218243,0.1076356946,0.0361038961,0.03180101722,0.08515573227,0.1228844076,0.04701873935,0.01359832636,0.1724585905,0.1570158501,0.1176679701,0.2165450122,0.07710079834,0.1473330847,0.06460348162,0.1753972925,0.05508848442,0.1567766919,-0.001130369254,0.08025177026,0.021856449,0.1692307692,0.09257862518,0.1351557728,0.01161103048,0.1692575729,0.06035283194,0.03854254423,0.1125273125,0.2153532609,0.02933607823,0.08351504579,0.1215005599,0.05513784461,0.1626639711,0.09513060303,0.1710037175,0.04587884806,0.1356187314,-0.04959568733,0.065807327,0.1047096479,0.1610268378,0.1156235069,-0.009668508287,0.1078369906,0.04118993135,0.02420656267,0.01546254332,-0.02990033223,0.09368111683,0.04395893656,-0.03774697729,0.04225806452,0.03878787879,0.02011752588,0.1134282808,0.06144927536,0.117976032,0.06163691479,0.04128053917,0.0686997319,0.03383458647,-0.01002161525,0.09526916803,0.10710677,0.0503003003,0.1086051353,0.03348017621,0.009661835749,0.04538248117,0.01966721061
0.02845561085,-0.02708261913,-0.0612244898,-0.04362063363,-0.04292815183,-0.04304799604,-0.0604524181,0.03870187462,0.01952171791,-0.02179988821,-0.01346801347,0.01810631229,0.02782652294,0.006164176366,-0.008091603053,-0.03102701836,0.003742271396,-0.02751977984,-0.01412742382,-0.09222615489,0.02290076336,-0.0405,0.01484305496,-0.06274382315,0.05123546512,-0.01018193958,-0.0110744088,0.001004272142,0.03017729159,-0.01638747269,-0.06786374439,-0.06184210526,0.0001765961887,0.02112202341,-0.06695361071,-0.008831744286,0.01576182137,-0.02474143176,-0.01931260229,0.3353828955,-0.068,0.004628697927,-0.01198202696,0.001696640652,-0.08094576634,0.008833922261,-0.09206349206,0.006836308393,-0.0479343362,0.08961996597,-0.04519414386,-0.07284768212,0.05628140704,-0.0164882227,0.01534170153,0.0008488964346,-0.01098901099,0.004901960784,0.003412969283,0.02226027397,0.002015451797,-0.001008572869,-0.03524364082,-0.09223150727,-0.03033838973,-0.04000186761,-0.09090909091,0.1135991262,-0.05859933302,-0.1421319797,-0.0392394822,-0.03762935089,-0.04818181818,0.02223104407,-0.01787310098,-0.1432917554,0.02680486061,-0.07668231612,0.02046035806,-0.04066985646,-0.004182464455,-0.03530432547
0.08634146341,0.02748414376,0.07854137447,0.08252535965,0.0269121813,0.0734229576,-0.006226650062,0.01028527072,-0.006941120153,0.04628571429,-0.001050144395,0.03034752814,0.01634146341,0.01870453246,0.02047098661,0.02010590766,0.03404117361,0.06331800495,0.03737004777,0.03608080808,0.01803482587,0.05002605524,0.02194028607,0.004856052723,-0.04251641894,0.09460370995,0.04373063379,0.08679831197,-0.002196997437,0.04035542392,0.07393767705,-0.02314165498,0.02354200107,0.03939393939,0.03485392107,0.06409744538,0.08620689655,0.06009565398,0.0220293725,0.0841356216,0.05123390558,0.04767628205,-0.02829711976,0.03760162602,0.05219263431,0.05020431991,-0.04195804196,0.08374198416,0.03259648159,0.03904216554,0.07155555556,-0.009821428571,0.04376784015,0.04964075767,0.07967032967,0.02205258694,0.03822222222,0.008710801394,0.1522762951,0.1206030151,0.02782433791,0.02927814235,0.07147395172,0.05148312308,0.04873646209,0.04313384563,0.09547738693,-0.01324178519,-0.02074898785,0.04363905325,0.02947368421,0.0348647768,0.03820439351,0.02504854369,0.02972399151,0.10546875,0.06300034807,0.05457627119,0.01879699248,0.1102244389,0.05567123157,0.08132740828
-0.05202514594,-0.03772290809,-0.05578673602,-0.05276624489,-0.04873563218,-0.04768786127,-0.02631578947,-0.02458701498,0.03518920222,-0.07318405243,-0.06859395532,-0.0007917656374,-0.007439404848,-0.02532331496,-0.01478129713,-0.02587395571,-0.001097350682,-0.04457751164,-0.01706392199,-0.003353741762,-0.0192425168,-0.08982630273,-0.02908702425,-0.06903693476,0.003610108303,0.003081189339,-0.1021938784,-0.03269080013,-0.005871559633,-0.03736654804,-0.09337905566,-0.02333094042,-0.004877156299,-0.03460514641,-0.06438831105,-0.05881701884,-0.01746031746,-0.04256571204,0.04343566297,0,-0.01428935953,-0.03766730402,-0.06864274571,-0.02546523017,-0.01550115225,-0.01473040578,-0.1094890511,-0.08945353289,-0.07187098529,-0.03607214429,-0.07880547491,-0.04328223625,-0.01640838651,0.01286040241,-0.07251908397,-0.07275242047,-0.07234589041,-0.06062176166,-0.06721162579,0.005979073244,-0.04207436399,-0.03678273664,-0.0607767566,0.01329442283,-0.03155479059,-0.05203895491,-0.04266055046,-0.01838966203,-0.06356589147,-0.04323175053,-0.04171779141,-0.03715365239,-0.08141674333,0.01932184126,-0.06450662739,-0.04914873113,0.006548788474,-0.05400192864,0.05617056171,-0.02291105121,-0.09751369384,-0.05828876676
0.1379065339,0.08410548824,0.1042556122,0.1906967074,0.08554857419,0.02276176024,0.06778206778,0.02599448602,-0.007916181607,0.06364172068,0.009875846501,0.01537242472,0.03046421663,0.01818786516,0.05802204532,0.07935054122,0.01851851852,0.06511142061,0.01019564618,0.09893571233,0.05605730302,0.08015267176,0.03827870496,0.1649981461,0.02697841727,0.05882352941,0.05065102488,-0.02358572738,0.01513473606,0.0550831793,-0.03724178062,0.01543550165,0.06128162969,-0.02862394958,0.005823186871,-0.1026961598,0.0169628433,0.09280885065,0.0544600939,0.0166023166,0.07791871602,0.03437313729,0.1094360692,0.09313232831,0.07347769952,0.02877291961,0.004098360656,0.03134556575,-0.0112363576,0.05873180873,0.1265195858,0.1310084826,0.009267840593,0.02621339341,0.002743484225,0.02088305489,0.05076142132,0.003125574554,0.03748782863,0.09955423477,0.08375893769,0.01221995927,0.06534090909,0.0192,0.04087677725,0.0314532689,-0.04168663153,0,0.01683222958,0.1385185185,0.0810926163,0.1036625245,-0.0005007511267,0.0319643189,0.03400503778,0.1189189189,0.02635003253,0.09004417261,-0.05163043478,0.06850574713,0.04410295477,0.02029854066
0.02426444877,-0.04700854701,0.02232476927,0.02664553392,0.01113089938,-0.01829871414,0.0184813178,0.008253358925,-0.01783618869,-0.1324099723,-0.008661637329,-0.001872951459,0.0157203191,-0.03126020759,0.02488785993,-0.05168556661,-0.003543913713,-0.0402092187,0.01418439716,-0.1591924659,0.08463580065,0.04997476022,0.00297831909,-0.00732017823,-0.07425569177,0.01145923992,-0.04550362581,0.02154908273,-0.009090909091,-0.03083391731,-0.002115442732,0.05573651828,0.02425346354,0.04339010543,-0.0005263157895,-0.02051598737,0.02859412232,-0.04836895388,0.0106856634,-0.021268515,0.1047070125,-0.004417979255,-0.004026170106,-0.01072632547,0.00455669962,-0.004935563477,0.09795918367,0.1347294292,0.07002229989,0.05498281787,-0.05935251799,0.006666666667,0.04132231405,0.0003991219318,0.2325581395,0.01344243133,-0.02327624067,0.01759530792,-0.009619896762,0.06351351351,0.04084197298,-0.02992957746,0.1422222222,0.01381475667,-0.01536710302,-0.02934374441,-0.044,0.06329113924,-0.003527815468,-0.05497722837,-0.01421239637,0.03733333333,-0.03857715431,-0.02593192869,-0.03288672351,0.07336956522,-0.01109350238,0.02899002494,0.02455996725,0.01850258176,-0.04276632518,0.02413656009
0.0725157179,0.0031045188,-0.07380749055,0.07748303101,0.02377807133,0.08967254408,0.03668639053,0.02170188464,0.02246117085,0.04342273308,-0.002254791432,0.02064112588,0.01478401478,0.05301326086,0.02258929832,0.02798340519,-0.02566877996,-0.003065395095,0.0798816568,-0.06231340913,-0.05478520935,0.007692307692,-0.00844777914,0.06572619429,-0.07794173288,0.01720923562,0.05561733117,-0.01374408663,-0.001100917431,0.000723065799,0.05663234403,0.001371271855,0.03930740868,0.04676771603,0.02474986835,0.03239929947,0.01467181467,0.03920409771,-0.01292217327,0.01979045402,0.02282608696,0.005016399768,0.1096513391,0.04213135068,0.002598970146,0.006337834114,-0.007434944238,0.144373673,0.03846426164,0.1009771987,0.05459953261,-0.008278145695,-0.02204585538,0.01954917215,-0.06104328524,0.07871972318,0.02967625899,0.02935878963,-0.01658374793,0.05082592122,0.002716571084,-0.008815141302,-0.005188067445,0.02911117993,0.1121387283,0.0592764988,-0.0120292887,-0.03523809524,-0.04493464052,0.01617900172,0.01081297557,0.004570122822,0.02657634184,-0.02791643557,0.07651133501,-0.01068917018,-0.03525641026,0.01635867919,-0.04754294846,0.06759611322,0.06618767962,0.02165487446
0.01856763926,0.03129298487,-0.01830874605,-0.01674154786,0.01677419355,0.01895515488,-0.01674277017,0.0150922303,0.0037391914,-0.01835985312,0.002824858757,-0.05423624943,0.01593444116,-0.01938931079,0.01725804225,0.09883674923,0.0006348198699,0.02254868466,0.007222914072,-0.009370907284,0.02775780239,0.002385496183,0.008057806229,-0.09235860409,0.03652031186,0.01860989708,0.003227102792,0.008422965284,0.1351947098,-0.003251445087,-0.1332760103,-0.01369394043,-0.008216044302,-0.0146039604,0.0210688592,-0.01190839695,-0.1179604262,-0.01327014218,0.0669443618,0.05403348554,-0.01317747078,0.04185064312,-0.003187613843,0.01664684899,0.1488640777,0.002190580504,0.07490636704,-0.104609676,0.01713394715,0.0202874049,-0.01651893634,0.008764607679,-0.03065825068,-0.001369594991,0.002364066194,0.05292702486,0.008733624454,-0.04006999125,-0.02818597928,0.006045949214,0.04003612282,0.01752550353,0.03441981747,0.02557929582,0.0446985447,-0.02070724638,0.02382212811,0.04837117473,-0.04932991161,0.03285907859,0.04358161648,0.03781632073,0.02182741117,0.0003803727653,-0.01286926002,0.07876030708,0.01162790698,-0.001192250373,0.03523489933,0.01503759398,0.01241693719,-0.006545381002
-0.02423363095,-0.01767255752,0.1041191467,-0.01268609073,0.0524534687,0.001361161525,0.02051083591,-0.0231277533,-0.01420256112,0.06421446384,0.01915492958,-0.02851125871,0.06094555232,0.04623699935,-0.02130836048,-0.0669019156,-0.004758128469,0.08686936184,0.05341246291,0.008798522942,-0.01721242653,-0.0285578296,-0.002283455751,0.0517069937,0.09580364212,-0.04456747405,0.03215508242,-0.007711277553,0.06504854369,-0.006886553099,-0.05092592593,-0.0423464075,0.04609939053,-0.007284601859,-0.01862103674,0.02492789452,0.06902502157,0.008453410183,-0.01812604573,-0.007942238267,0.02433771269,-0.1076100977,0.09182275011,0.04385964912,-0.03718320333,-0.009016393443,-0.06968641115,-0.08830092445,-0.02771608932,-0.03024026512,0.02396558787,0.01613570542,-0.04465116279,-0.04369122257,0.06132075472,-0.000507743082,0.05714285714,0.005103900838,0.01834407536,0.05288461538,0.05846599132,0.006683804627,0.01512477943,0.02024647887,0.03830845771,0.01257340405,0.04705274043,0.06403013183,-0.01109778044,0.1561167596,0.03416856492,0.01835616438,0.03527074019,0.07642585551,-0.1451851852,0.04032683184,0.1395730706,-0.02476872575,0.01012965964,0.02846003899,0.01481712999,0.02541633123
-0.01323745835,-0.04786150713,-0.04787945072,-0.05696724119,-0.05908360129,-0.02038966923,-0.04816078878,-0.004509582864,0.0009447331129,-0.007029876977,-0.03012714207,-0.01850925463,0.008658922914,-0.02499196437,-0.01095548468,0.01605309871,-0.02756972112,-0.02397786658,-0.03169014085,0.007433852272,-0.006692296739,-0.0734933856,-0.04281166001,-0.04191616766,0.001445086705,-0.03259452412,-0.03582810975,-0.02266729247,-0.002127013066,0.004379562044,0.003484320557,-0.04603117071,-0.003137142422,-0.03567813765,-0.02974358974,-0.04599731993,0.01694915254,-0.04096018289,0.003976143141,-0.04002911208,-0.03469301934,-0.001858352261,-0.03305439331,-0.05294117647,-0.03247522667,-0.05955334988,-0.02996254682,-0.01870629371,-0.06092706497,-0.01495087569,0.00300060012,-0.003664495114,-0.04771178189,-0.06781397255,0.03333333333,-0.0347980696,0.02784602785,-0.007616974973,-0.07375851996,-0.06278538813,-0.02543068089,-0.02145045965,-0.03774521977,-0.03019844694,-0.01006229037,-0.0005612328415,-0.01925925926,-0.08274336283,-0.01516530179,-0.0005673758865,-0.03744493392,-0.03336023675,-0.008157389635,0.01501236312,-0.04263431542,-0.07702052192,-0.01008645533,-0.05599755202,-0.01123144805,-0.09893858984,-0.03776242921,-0.003979653533
0.02721259283,-0.008912655971,0.0239948947,0.05578228298,-0.008970525416,0.04162812211,0.04980079681,0.0302000755,0.04341670599,0.05781710914,0.02906811057,0.03975535168,-0.001256281407,0.004376409433,-0.01388109927,0.008431447019,0.006391347099,0.01165354331,0.05357575758,-0.01024985421,0.03942087156,0.02961396087,0.02248183541,0.1355263158,-0.04761904762,0.04971548368,-0.04092236947,-0.02882987852,0.02222898904,0.04033430233,0.1013888889,-0.02241641337,0.02592690833,0.03279979008,0.02801268499,0.01337922771,0.04682539683,0.01549463647,0.01555869873,0.08225928734,-0.01241559573,0.01427389326,0.07312851579,0.0313516711,0.1013036024,-0.009381413075,-0.01930501931,0.01906288972,-0.04196485001,-0.05117085863,0.04048663742,-0.005721291377,-0.07668711656,0.05098901099,0.06559139785,-0.007894736842,0.03107569721,-0.004020467836,0.06465177398,-0.001218026797,0.04910213244,-0.06967640919,0.04309677419,0.01364175563,0.01452081317,0.01609185989,0.003021148036,0.1138446696,0.06991068679,0.05052512064,0.02059496568,0.01948232675,0.03096274794,0.003306072734,0.03113685735,0.06725226462,0.02707423581,0.03144246353,-0.0154158215,0.0008413967186,-0.03505974679,-0.02488236822
-0.02412575181,-0.003237410072,-0.009971332419,-0.02979093665,-0.01896551724,-0.02486678508,0.003036053131,-0.00513008428,0.001809136137,-0.02286670385,-0.0135696483,0.004411764706,-0.01236897275,-0.02334221292,0.01421868335,-0.04677613739,-0.002116919069,-0.02459526775,-0.02277956742,0.007750005665,-0.05061370845,-0.2449922958,0.005850183052,0.02462340672,0.006818181818,0.0004279600571,-0.02920023655,-0.008187485307,0.03008638665,0.01432064268,0.1008827238,-0.02992615624,-0.02293602103,0.002540650407,-0.02673521851,-0.04674616865,-0.04169825625,-0.03442879499,0.01643454039,0.1579684764,0.03970004411,-0.04283091984,-0.04475806452,-0.006022368798,-0.005766062603,-0.01331754957,0.01181102362,-0.08234265734,-0.08201200111,0.06215722121,-0.04907034694,0.01685162351,-0.08748615725,0.02049351736,0.1301715439,0.002122015915,-0.03670788253,-0.009908256881,-0.05702295729,-0.02195121951,-0.07247927253,-0.04852734923,0.008659079664,0.00321825629,-0.02385496183,-0.02611869412,0.008032128514,-0.06582936336,-0.07599309154,0.04917589841,0.01606875934,-0.03412503413,0.01783200375,0.00277488727,0.004213483146,-0.0558127572,-0.01162131519,-0.06411062225,0.04697156984,0.008406893653,-0.02982855949,-0.03780673255
-0.0262678122,0.04402742692,0.02857862269,0.02677954883,0.004393673111,-0.03096539162,-0.006053726826,0.0005524861878,-0.006997742664,0.04737442922,0.01768669287,0.003578981617,0.05158140522,-0.0353703857,-0.0127576055,0.008534176215,-0.02774151436,-0.03670603256,0.008947492348,0.02538733107,-0.01714119698,-0.004081632653,0.005346941481,0.01243992084,-0.1143717081,0.004990731499,0.02949556879,-0.01444229213,0.01098901099,0.0303030303,0.08018327606,0.04166666667,-0.02630894396,0.02318803852,0.09825673534,0.01966703237,0.001582278481,0.02046191248,0.03891477117,0.01300665457,0.01909206619,0.002770083102,-0.112705783,-0.01182919792,0.02264291632,0.009898020396,0.01945525292,-0.05181939417,0.00845661358,-0.002581755594,-0.04353960895,0.008084074373,0.06189320388,0.004713114754,-0.004464285714,-0.1029645315,-0.03208985158,-0.01964418087,0.0002617801047,-0.036159601,0.06747404844,-0.01739386792,-0.03654648026,-0.02012248469,-0.01026392962,-0.02995803038,0.02041832669,0.04265183125,-0.0003115264798,-0.007983517899,0.02059580728,-0.03335217637,-0.03088981097,-0.02144586648,-0.04300699301,-0.00326886407,-0.02724404933,0.02216252518,-0.03227075954,-0.007503126303,0.01620858422,-0.03241682546
-0.02080925313,-0.03318354649,-0.01248470012,-0.04818290332,-0.02187226597,-0.100093985,-0.06547392463,0.007914595987,0.04319163446,-0.1117166213,-0.04275862069,-0.03160966121,-0.03492127574,-0.03237549924,-0.02811701221,0.03455300478,-0.05119167506,-0.03843605036,-0.05787631272,-0.07236842105,-0.05158143659,0.01912568306,-0.01896678111,-0.01926836079,-0.08878504673,-0.01972190692,-0.09550168607,-0.03211922177,0.01916475973,-0.04378342246,-0.09888653234,-0.08769230769,-0.01673883003,0.02464396285,-0.05002405002,-0.002032442068,-0.05529225908,-0.0474488783,-0.007122131364,-0.05464317707,-0.003122398002,-0.02167445814,-0.07944814462,-0.04145985401,-0.0712937383,-0.0495990496,-0.2633587786,-0.06710870002,-0.08825138382,-0.08024158758,-0.05205479452,-0.03728949479,-0.06857142857,-0.02284315725,-0.1246636771,-0.1407494836,-0.009117281392,-0.02741020794,-0.05705312745,-0.09314359638,-0.028363047,-0.09930993099,-0.08121181263,-0.09196428571,-0.03802469136,-0.06970664587,-0.1044411908,-0.05157847932,-0.04923652228,-0.06178608515,-0.02846846847,-0.05029239766,-0.05708848716,-0.05001767409,-0.06686152722,-0.03716862531,-0.124115566,-0.07720105125,-0.03497356649,-0.03905921882,-0.09075955913,-0.03824005908
-0.03303135776,-0.01644619235,-0.09110064452,-0.03446447275,-0.03935599284,-0.009399477807,-0.05254582485,-0.03305332359,0.0276748747,-0.03435582822,-0.06311239193,0.06913290927,-0.07195147459,-0.02867892235,0.02483927528,-0.1255680097,-0.01132142225,-0.02963473467,-0.02427545207,-0.1195508274,-0.02259622877,-0.03217158177,-0.01202529774,-0.0743166287,-0.03682983683,0.04935591258,-0.06584130557,-0.01442048171,-0.04378332866,-0.03635092625,-0.1521035599,-0.05775716695,-0.01920212118,0.05281605028,-0.03341772152,-0.03761656043,0.009197324415,-0.05439766569,-0.05632306057,0.05716993051,-0.0565880142,-0.03496959166,-0.03255813953,-0.03228754188,-0.04942730278,-0.0225,-0.00518134715,-0.01399956924,-0.03423162399,0.02204502814,-0.07003112494,-0.01416076635,-0.06625766871,-0.09914422876,0.0112704918,-0.004807692308,-0.03429527394,0.002332361516,0.003330557868,-0.1440798859,0.001112037809,0.01732178548,-0.06317539485,-0.03605375287,-0.006673511294,-0.006321112516,-0.06702997275,-0.008438818565,-0.04818092429,-0.0445489762,-0.0634272997,0.002770935961,-0.03481331988,-0.03813953488,-0.07243539546,-0.01248935566,-0.01447324133,0.000355998576,0.01938474505,-0.05332167832,-0.07138158346,0.036592115
0.04610367893,-0.05379861868,-0.01145506614,0.03322527348,-0.03584729981,-0.02688455456,-0.02966466036,-0.02417374882,0.06594571671,-0.0501905972,-0.02491541064,0.08329419133,0.02231237323,0.008783569621,0.03892215569,-0.08548415036,0.0533190195,-0.02592329545,0.008377760853,0.08361302795,0.01243622449,-0.07548476454,0.0050112222,-0.03629652415,0.1573088093,0.01131034483,-0.04188253012,-0.01500530315,-0.0604637511,0.009067827349,-0.01006245663,-0.0004474272931,-0.09441315967,-0.01147973826,-0.01204819277,-0.06013328142,-0.03314001657,0.04187789288,0.04391891892,-0.0119510009,-0.04360336432,-0.001125365744,-0.3536324786,-0.02675480013,0.05322712381,-0.00831202046,0.03125,-0.06749672346,-0.01181226268,-0.03625516292,-0.01338752092,-0.02619349387,-0.05519053876,0.01529193698,0.002026342452,-0.05624568668,-0.03118233001,-0.041109172,-0.02489626556,-0.08666666667,-0.06248264371,-0.057956778,-0.003845016267,-0.03060183611,-0.01136950904,-0.03849754117,0.002920560748,-0.1546099291,-0.01893939394,-0.02143064002,-0.05227722772,-0.01535155051,-0.08154730789,-0.03829787234,-0.05318699873,-0.06697326818,-0.0881147541,0.01174377224,-0.005787515502,0.06879039705,-0.04690924386,0.01866960308
-0.007305337532,-0.0338071456,-0.08566698855,-0.04098210704,-0.01158860454,-0.009209100758,-0.05626938414,0.03638474937,0.01432265765,-0.0635451505,0.02523659306,0.02659343836,0.05467372134,0.01986388182,-0.04528612598,0.02036177668,0.03652114829,-0.01130149471,-0.03373615307,-0.01556111703,-0.0004724409449,0.1258426966,-0.02754610643,-0.1018193425,-0.05604349645,0.0203218767,-0.01527059526,0.02117387467,0.02905342081,-0.0460100647,-0.1451104101,0.01835273053,0.06100738397,-0.02659389153,-0.05779427359,0.07341943128,0.01885175664,-0.01396234398,0.02508090615,-0.02116722105,0.01851423282,-0.000901306895,-0.07933884298,-0.0297542044,-0.03020903221,-0.01160541586,0.0404040404,-0.02201920825,-0.1342096447,-0.05095238095,-0.02350375575,0.006073752711,0.1529902643,0.01894112277,-0.003033367037,0.01718464351,-0.009834599911,0.03255813953,-0.09106382979,-0.03649635036,0.01747630332,-0.02120264164,-0.01128266033,-0.06173272536,-0.02509147935,-0.02151407533,-0.001747233547,0.04697986577,-0.01017901018,-0.000295945546,-0.02549101546,-0.04458995946,-0.02845759818,0.09090909091,-0.06553722693,-0.05483672212,-0.0003745318352,-0.05100246219,0.005821205821,-0.05485961123,-0.01435428925,-0.02265788784
-0.04365136876,0.01948310139,0.0331925166,-0.1012607316,0.07914020518,0.08037178786,0.02535211268,-0.07301587302,0.04255736419,0.006428571429,0.04123076923,0.006757708011,-0.05351170569,-0.0116183136,0.001293661061,-0.06255801002,0.0955424451,0.05162241888,0.07243355915,-0.01656220897,0.0007877737514,0.2155688623,0.04029328501,-0.004975124378,-0.03987594152,0.0401015907,0.001412666108,-0.1247720378,0.1177899211,0.03466465712,0.008200082001,0.02725274725,0.02584917009,0.002624671916,0.002250984806,0.04753747197,0.08494533221,0.0006436387041,0.03420152591,-0.02008032129,0.04953419677,0.08592692828,0.04398563734,0.042,0.08744833783,0.08251793868,0.1747572816,-0.002155688623,0.1830759162,0.1279478174,0.06004962779,0.01121172919,0.07840772014,0.07592385218,0.03955375254,0.08519051042,0.05643340858,0.05660007834,0.0752184769,0.07196969697,0.02125181951,0.05610795455,0.02852852853,0.0385046729,0.01769436997,0.00947309417,0.1925320887,0.05235042735,0.08546099291,-0.01657785672,0.02701543739,0.08061357702,-0.1247803163,0.06526548673,0.05772900763,0.07790091265,0.05320344698,0.07338769459,0.02935097148,0.05073126143,-0.006236940914,0.01363774999
-0.07150283932,-0.005460218409,0.109521028,0.0177477216,-0.01901312811,-0.04352226721,0.00641025641,0.06103948429,0.1376975169,0.009936124911,-0.0195035461,0.02796811635,0.179770318,0.06567943238,-0.133649153,0.05445544554,0.03949139865,-0.1595371669,-0.02915451895,0.04681221366,0.02440176322,0.03010399562,-0.05141069689,-0.04428571429,-0.07152745731,0.02750289166,-0.0302617317,0.02993195935,-0.04888647474,-0.02549162418,-0.0256201708,0.05391527599,-0.001453720798,0.1107805807,-0.06232453678,0.08261037547,-0.01240310078,-0.007933104631,-0.07707962351,0.01103404792,-0.02273219312,-0.04361370717,-0.008598452279,-0.0575815739,-0.02092817661,-0.02561012353,-0.2231404959,0.01320211234,-0.04028750833,-0.03202846975,-0.06624531835,-0.01918976546,0.003355704698,-0.02747710241,-0.1170731707,0.001987413051,-0.02435897436,-0.02298424467,-0.1076923077,-0.1908127208,0.03278221209,0.004034969738,-0.0598540146,-0.0777537797,0.002634351949,-0.0747057027,-0.01223091977,-0.02791878173,0.2208428618,-0.0999397953,0.01628392484,-0.08426457264,0.002677376171,0.0444790585,-0.006314839874,-0.05654671908,-0.007470651014,-0.05455801105,-0.01807228916,0.06872553284,-0.0104654104,-0.1301714104
-0.007575791922,-0.00862745098,-0.003553566728,-0.02959444938,0.03922473466,0.0873015873,0.0004549590537,0.02221378394,0.05274470899,-0.01194659171,0.03496081977,-0.005305400626,-0.01029576937,0.04119178048,0.03595691798,0.04901408451,-0.2842135559,0.007509386733,0.03328328328,0.04190709046,0.07791609036,0.1482465462,0.07473561578,0.07847533632,-0.03677932406,0.1490931832,0.02177111157,0.01089228527,-0.02455739577,0.04372197309,-0.1068447412,0.06983353634,0.04351012049,-0.04916979111,0.07005988024,-0.02709048438,0.01412872841,0.04560190188,0.04961411246,-0.06610539445,-0.0008861320337,-0.09229098806,-0.08239375542,0.02342158859,0.0627257384,0.009894867038,-0.2606382979,0.07983890073,0.04040931047,0.06204044118,0.01679618952,-0.03782608696,0.1125975474,0.02547089041,0.01325966851,0.02809917355,-0.01270258432,0.01441851641,0.07221860768,0.03711790393,-0.03726193762,-0.04454119223,0.01770186335,0.05698672912,0.1297950604,0.04887141903,0.01238236751,0.005221932115,0.02836499866,-0.06153846154,0.02054231717,0.02605540897,-0.01335113485,-0.01723280862,-0.02587380844,-0.2522435897,0.0003584229391,0.01533966399,-0.06134969325,0.04029304029,0.02750263604,0.04137776359
0.1326770215,0.1036392405,0.1635186897,0.08172808659,0.08259325044,0.06180048662,0.1195998181,0.04810549777,0.005340034553,0.1593172119,0.06930693069,0.03829321663,0.02931719312,0.02211652002,0.0732565579,-0.08127461511,0.0205066345,0.08240165631,0.1114071204,0.0794574553,0.04205873966,0.05645534475,0.04512896427,0.0841995842,0.04540763674,0.03417873082,-0.02840963933,0.06786493408,-0.03307962529,0.08557107053,0.2130841121,0.1028462998,-0.001083554617,0.000901306895,0.03637381086,0.02791150724,0.08204334365,0.05022736668,0.03466386555,-0.02270450751,0.04833702882,0.1368421053,0.06143667297,0.08457711443,0.0672341642,0.06766687079,0.05755395683,-0.02764370338,0.08597010579,-0.01298139334,0.05152859961,0.1382738364,0.02204408818,0.08077645585,0.08505997819,-0.07138263666,0.08030168589,0.1213764728,0.2020631068,0.1347368421,0.01605504587,0.04346302138,0.08452853219,0.1709748892,0.0311627907,0.1356634054,0.05283757339,0.09090909091,0.1014832162,0.03670705631,0.09299516908,0.09032465445,0.04736129905,-0.0001686056314,-0.08061509786,-0.005143591942,0.09423145826,0.09244604317,0.03050108932,0.03364632238,-0.02196204647,0.001854359753
0.01054274571,-0.00752688172,-0.05653309116,-0.005071751743,-0.01517637408,0,-0.005280259951,-0.01134148503,0.007655053898,0.01288343558,0.01089324619,-0.008429926238,0.01690554943,-0.00426237603,0.004619970194,-0.01929072486,0.07230102443,-0.03442999235,-0.03900631946,-0.05,0.02517444247,-0.02715724923,-0.001762973046,-0.0297219559,-0.02615992103,-0.04052205031,0.001457050136,-0.04635608651,0.03390856797,0.001978891821,0.1013097072,-0.009291121817,-0.06858938547,0.04322377308,0.01457883369,-0.04944103812,-0.03934191702,0.002755363117,-0.01116751269,-0.05295524428,0.006345177665,0.005050505051,0.1772039181,-0.01590214067,-0.00421875,0.006595927732,-0.04761904762,0.1462093863,-0.01840017875,0.08680403332,0.03376318875,-0.009527590314,-0.04215686275,-0.01506373117,-0.05527638191,-0.1083795014,-0.02628336756,-0.009006004003,-0.05123674912,-0.05565862709,-0.02878103837,-0.01780315754,0.06696679797,-0.02491327657,-0.02390617952,0.008810212037,-0.02044609665,0.01523809524,0.0004724781479,-0.01959436232,-0.009944751381,-0.00795990566,0.04134366925,0.01652613828,-0.02939685758,-0.01249461439,-0.002292075966,-0.02831741851,-0.01606765328,-0.0757002271,-0.01193106847,-0.04002812827
-0.01619192439,-0.001083423619,-0.003128384069,-0.03068467422,-0.0433152853,-0.04674610449,-0.01143323806,-0.04624484675,-0.008372093023,-0.05996365839,-0.04202586207,-0.05087672689,-0.02638236357,-0.01377751995,-0.0142412105,-0.03536658057,-0.01745361014,-0.03645007924,-0.009750566893,-0.02125858124,-0.04417456293,-0.07429085997,-0.02670262573,-0.04841897233,-0.03243791181,-0.04256252742,-0.0007274651147,-0.02901290911,-0.01786237189,0.004279131007,-0.007345225603,0.002778742619,0.05464669336,-0.02924039707,-0.0356572645,0.018429759,-0.01712583768,-0.002944062807,0.002310061602,-0.0386002886,-0.02648171501,-0.01968174204,0.01437216339,-0.1187072716,-0.02864017096,-0.02991452991,-0.05,-0.04173228346,-0.0424486606,0.08713190803,-0.05239283284,-0.02164328657,-0.01637666325,-0.02607843137,-0.0170212766,0.08776699029,0.01560522986,-0.02440255806,0.01356743815,-0.1178781925,-0.01510749564,-0.00683994528,-0.04535864979,-0.02749029754,0.004621072089,-0.009938074311,-0.04459203036,0.01641651032,-0.03423848878,-0.01928471248,-0.02418154762,-0.02704309064,-0.02915632754,-0.01426675514,-0.0684073107,-0.01483420593,-0.07810961602,0.006099627245,0.003867640739,-0.01556101556,-0.008527412413,-0.01428620228
-0.0175010142,-0.01337671728,-0.02462281231,-0.04082707349,-0.004353504571,0.01826923077,-0.006608839323,-0.009960533734,-0.01735459662,0.002577319588,0.02446569179,-0.03009097271,-0.0228285078,-0.02203416363,0.009179834462,-0.04243048404,-0.04768137622,0.0078125,-0.01923517289,0.03006710154,0.02499301871,0.05642023346,0.006348303716,0.01488404292,0.01519119958,0.03299725023,0.0343315685,0.006465165802,-0.02146690519,-0.01442150115,-0.03171247357,0.00865950814,0.02180094787,-0.04268089363,-0.01103752759,-0.01052277421,-0.02348484848,0.02086614173,0.02970550576,0.007879924953,-0.005829015544,0.04250320376,-0.05741983594,-0.01410437236,-0.01640769231,0.0008810572687,0,0.03286770748,0.04211172742,-0.03116883117,0.03063666826,0.00327734535,0.06451612903,0.04550030199,0.04978354978,0.0760442699,-0.007059800664,0.008797653959,-0.03517060367,-0.05567928731,0.03038348083,0.01515151515,-0.01850828729,0.006651147323,0.02621895124,0.07059899117,-0.04021847071,-0.05168435625,0.04205378973,-0.02538434036,-0.009531071292,-0.003054367746,-0.04728434505,-0.002019522046,0.02634529148,0.01417183348,0.004271982912,0.03267093297,-0.02739726027,0.05990016639,0.02865836342,0.0007816500903
-0.06848455319,-0.0428728472,0.004331147135,-0.09354783896,-0.08307826847,0.006610009443,-0.02827442827,-0.1064920273,-0.04884645982,-0.001285347044,-0.01180345869,-0.05079365079,-0.1209876543,0.05299664345,0.02788547569,-0.007851150785,-0.06734733949,-0.08690330477,-0.02848470698,-0.02238009851,-0.005312627707,-0.1298342541,0.03289745743,-0.01261937244,-0.05779153767,-0.05146406389,-0.01058945853,-0.05816535621,0.02315661182,0.01596275357,-0.1302765648,0.0260989011,-0.09724953618,-0.02960640892,-0.03180803571,-0.08056970269,-0.03646237393,-0.00385653683,0.02735637901,-0.03499627699,0.01976112921,-0.05879942635,-0.1147151899,-0.0200286123,0.05813071394,-0.008509389671,-0.05263157895,-0.09844868735,0.0524656977,-0.06089620835,0.02229447283,0.01388321764,-0.0293255132,0.01193914885,-0.1525773196,-0.09455872595,-0.07277289837,-0.0128248974,-0.1305767138,0.04009433962,-0.07557973089,-0.01153324288,-0.03349282297,-0.06739345887,-0.02689376961,-0.04348722298,0.01086394206,-0.03649635036,0.03894885031,-0.06639765224,-0.07852193995,-0.0618872549,-0.02213279678,-0.03338954469,-0.01037684326,-0.1790393013,-0.01169797944,0.06555772994,-0.03741197183,-0.04120879121,0.00626296568,-0.06144819361
-0.1111968085,0.02679938744,-0.04706752095,0.03312276648,-0.07677634716,-0.02157598499,-0.04236200257,0.01614616529,0.04031448645,-0.0296010296,-0.04805555556,0.05381574947,0.01166810717,-0.001202266341,0.000290149427,-0.1472086721,-0.01915789474,-0.02100089366,-0.08483537611,-0.06765573123,0.01848808546,0.08201058201,-0.03381417868,-0.1402417962,0.03231106243,-0.07062675398,-0.03140510565,-0.06303252312,0,-0.02913256956,-0.008368200837,-0.02409638554,0.001371812591,-0.03326154582,-0.05821325648,-0.006667526153,-0.1111111111,0.02361595045,-0.07697893972,0.02353395062,-0.02874787053,-0.05746626034,-0.1689008043,-0.04270072993,-0.01084257206,-0.01805267831,-0.3253968254,-0.1396426208,-0.08016139928,-0.1027732463,-0.04906860518,-0.01731776077,-0.110775428,0.005137963844,-0.02068126521,-0.0300476365,-0.02886783942,0.0008661008141,-0.02565707134,-0.01587301587,-0.08268813874,-0.08888126287,-0.02679091439,-0.0265674814,-0.07508060801,-0.07875601091,-0.002558853634,-0.1141414141,-0.0354561879,-0.1060903733,-0.06098579783,-0.04049640758,-0.09670781893,0.0453593859,-0.001103752759,-0.09574468085,-0.0412482066,-0.03489439853,-0.05029721079,-0.04502660663,-0.04428906256,-0.03836204953
-0.0663295331,-0.05294556301,-0.0311611068,-0.008574636502,-0.0444214876,-0.04697986577,0.03261840929,-0.06523102655,-0.07444926837,0.01193633952,-0.07324190254,-0.07660126947,-0.01836821871,-0.001512712783,-0.06715010877,0.04423541375,0.0324103885,0.03651300776,0.03019957983,0.1280723162,-0.002420330779,0.06161369193,-0.02822095995,0.01647247891,-0.009018567639,0.01711122295,-0.04717036246,-0.01681552601,-0.03513996426,0.03438975051,0.2493670886,-0.04766803841,-0.03728578758,0.02747524752,-0.05201958384,0.04016058151,0.04800724638,-0.05219364599,-0.0611067401,0.04297022239,0.05020828766,-0.05773672055,0.2010752688,0.02821197103,-0.09613473508,-0.05123568415,0.04705882353,0.08769230769,-0.02709729106,0.04909090909,-0.01313903488,-0.06844262295,-0.02265005663,-0.00795153351,0.08198757764,0.02040045334,-0.04087320019,-0.07372793354,0.009312780989,-0.002304147465,-0.02802160702,-0.03578154426,0.002692998205,-0.02911208151,-0.03386454183,-0.05161005734,-0.04822986147,0.08323831243,0.01521891829,-0.0421978022,0.02402135231,0.03812117086,-0.07441154138,0.05156875834,0.05635359116,0.03,-0.08454919566,-0.02410402791,-0.003370245546,-0.1971710244,-0.05575741669,0.006935770587
-0.1967961798,-0.01535433071,-0.1545442413,-0.11424132,-0.06648648649,-0.09406438632,-0.05711813068,-0.05077163945,-0.03578874218,-0.07142857143,-0.02392947103,-0.1251366974,-0.1322889469,-0.03716841955,-0.01741293532,-0.1863664029,0.01642411642,-0.05284015852,-0.07851134336,-0.003465783664,-0.1024396819,0.00783049286,-0.03229813336,-0.1675889328,-0.09635974304,-0.02721425037,-0.08970911543,-0.07767256909,-0.1283950617,-0.02477183833,-0.05167173252,-0.03673028448,-0.03641683499,-0.02722235606,-0.05551969012,-0.1037433155,-0.0492653414,-0.08459696728,0.01117318436,0.1926273943,-0.05887265136,-0.1176470588,-0.09579230081,-0.06340378198,0.01405341953,0.04193138501,-0.3033707865,-0.167845356,-0.08092016566,-0.12305026,-0.123214718,-0.05191377035,-0.1228273465,-0.1059160305,-0.07692307692,-0.04850055535,-0.1133171913,-0.03531390135,-0.02958956411,-0.06928406467,-0.1733240709,-0.084375,-0.03998806326,-0.1154422789,-0.04020618557,-0.06463002114,-0.02803234501,-0.08421052632,0.01522140221,-0.1271225333,-0.009556907037,-0.03475409836,-0.03691550451,-0.05395968894,0.02092050209,-0.1501998858,-0.1838986514,0.004224894378,-0.03768115942,-0.09770421783,-0.0743813139,-0.08311742193
-0.06763937195,-0.00399840064,0.02967640095,-0.02569580795,-0.01968731905,0.007218212104,-0.06103717302,-0.01319509896,-0.009369369369,-0.08468595625,-0.1116129032,-0.00125,0.008776328987,-0.004082435453,-0.04319620253,-0.1255236385,0.01022704029,-0.04044630404,-0.1504840941,-0.161708349,-0.00750863493,-0.09323583181,-0.07562790621,-0.1348528015,-0.09300947867,-0.01602238047,-0.09345983238,-0.1032573096,-0.1388101983,-0.1019385027,0.03632478632,-0.07364485981,-0.120204646,-0.2052996533,-0.07450444293,-0.215910899,-0.1818181818,-0.1044027899,-0.1063535912,-0.1551515152,-0.123336291,-0.1441666667,-0.2227722772,-0.06254948535,-0.01522006734,-0.08323170732,-0.1925806452,0.03994334278,-0.1138384916,-0.02865612648,-0.08117062396,-0.07610208817,-0.2344782034,-0.1372465315,-0.06592039801,-0.07937743191,0.01365374113,0.003292659307,-0.1559016393,0.007444168734,-0.2344537815,-0.002133105802,-0.1153248368,-0.1330508475,-0.1186895811,-0.04617679633,-0.05934553522,-0.09482758621,-0.1415265788,-0.03575184017,-0.05175438596,-0.06046195652,-0.07836456559,-0.08706592854,-0.08043032787,0.01411290323,-0.0956434652,-0.0715210356,-0.08032128514,-0.1272189349,-0.1052271021,0.02207549348
0.1234950071,0.02368526696,-0.04921048597,0.02642678365,0.003544004725,-0.0644983462,-0.05816226784,0.01838586437,-0.02146234995,-0.09483423285,-0.1071169208,0.09887359199,0.0514541387,-0.1071516308,-0.01571026956,0.1144568007,-0.04575825066,-0.02131782946,-0.01074568544,-0.04114367254,-0.04751096989,-0.01260080645,-0.09610419603,0.1317233809,-0.1188765513,0.005169294391,-0.05716772454,0.01174048742,0.171875,-0.002232973576,-0.08350515464,-0.03066989508,0.04505019897,-0.04518541602,-0.01107828656,0.07721185065,-0.03333333333,-0.05962521295,-0.08068006182,0.0362266858,-0.08046558704,0.01493021746,0.02547770701,0.01435810811,-0.01351821192,0.007648819421,0.01877746704,0.0111686189,-0.04205262401,0.08850457782,-0.04657451923,0.002511300854,-0.1268334771,0.001237011381,-0.06790945406,-0.039306847,-0.05172413793,-0.07760617761,-0.02738395805,0.03694581281,-0.006586169045,-0.1107310817,-0.02424455376,0.1173020528,-0.06886045094,-0.1997709321,-0.1285377358,-0.1104761905,0.03757607833,-0.1319520174,-0.01063829787,-0.01590744758,-0.1404805915,-0.0001837559721,-0.1158774373,0.06295559973,-0.08637873754,-0.03450679679,-0.0769650655,0.01152542373,-0.05740086211,-0.04181951246
-0.1071968206,-0.03058823529,-0.1459206708,-0.004461581785,-0.05591524426,-0.05892751915,-0.01608718215,0.09003516999,-0.008364312268,-0.05195911414,0.001220008133,-0.07533355028,-0.0475177305,0.04447609491,-0.02419354839,-0.06800736874,0.007638446849,-0.1099009901,-0.03522053983,-0.06299950394,-0.0239872915,-0.009698825932,0.01666617533,-0.02715809893,-0.04670126019,0.07739778863,-0.03877155852,-0.1453025112,-0.04912280702,-0.03095859754,-0.05699287589,-0.009991673605,-0.08622235056,0.05058746736,-0.04705003734,-0.08580578318,-0.0816091954,-0.02536231884,0.0003362474781,-0.09830391139,-0.005503577325,-0.005116725296,-0.03105590062,-0.1536219817,-0.0307719419,-0.07590759076,-0.2431372549,-0.1037176724,-0.07187794253,0.05794392523,-0.05546801135,-0.01703406814,0.128458498,-0.01853224611,-0.04714285714,-0.1029476463,-0.04204545455,0.001883633319,-0.107428115,0.05700712589,0.04198895028,-0.09230769231,-0.09362621534,-0.04243219598,0.03141361257,-0.1024292017,-0.04194857916,0.1456102784,-0.09538383066,-0.02135678392,-0.01355773726,-0.1866274798,-0.08279569892,0.03730931814,-0.09514807813,-0.01371571072,-0.001212121212,-0.06281588448,-0.01537551745,-0.06501340483,-0.02455660146,-0.01295149906
-0.06451016504,-0.1432038835,-0.06399848971,-0.1313663489,-0.11159601,-0.147150908,-0.151371308,-0.0879759088,0.02605435801,-0.1383647799,-0.1307879773,-0.03308111913,-0.1566145446,-0.09023667111,-0.1064049587,-0.1886015483,-0.152453148,-0.01779755284,-0.1920846128,-0.2462058824,-0.205078125,-0.2030927835,-0.1229504764,-0.1989032901,-0.09953343701,-0.137947494,-0.1933734658,-0.06075871602,-0.2250922509,-0.135873749,-0.1650099404,-0.122371741,-0.1077485188,-0.2525629077,-0.1144200627,-0.2014733155,-0.2778473091,-0.2312798725,-0.05983193277,-0.1857965451,-0.0534034311,-0.2671166827,-0.1064102564,-0.04869650762,-0.007212121212,-0.1335714286,-0.01554404145,-0.2741208296,-0.1231764896,-0.2164310954,-0.2562562563,-0.1075433231,-0.3450087566,-0.197633434,-0.1019490255,-0.2810201079,-0.1476868327,-0.1140589095,-0.1266219239,-0.2382022472,-0.1680805938,-0.06514830508,-0.1783869686,-0.004111466423,-0.1338832487,-0.358817578,-0.1059322034,-0.2093457944,-0.02114462926,-0.1026957638,-0.1781990521,-0.07949412827,-0.2157092614,-0.1250885897,-0.2980501393,-0.2357774968,-0.05218446602,-0.1298151002,-0.1219219219,-0.1548387097,-0.2064516865,-0.1982498376
0.1614737338,0.06798866856,0.1248487293,0.05159461702,0.09754385965,0.2547723935,0.06898694842,0.1158018868,0.1244062843,0.3065693431,0.15,0.1870791629,0.09476162448,0.08878568346,0.0302504817,0.06151035323,0.1505590062,0.07078142695,0.1469594595,0.3020796754,0.2459049959,0.2858990944,0.07218532342,0.2408214063,0.1010362694,0.1262458472,0.3781888403,0.03303136344,0.1323809524,0.1367483296,0.220952381,0.282223287,0.1069850147,0.280964256,0.1469026549,0.1830204503,0.5199306759,0.1713298791,0.1040400429,0.2673267327,0.08886290558,0.01666666667,0.2109038737,0.09307135471,0.1049386484,0.1912613355,-0.1842105263,0.3416149068,0.2044997966,0.2812852311,0.311799013,0.1422044546,0.1631016043,0.2946344525,0.1619365609,0.3206002729,0.1878914405,0.1039849092,0.1736680328,0.3805309735,0.3365200765,0.1325779037,0.1063829787,0.2105504587,-0.02564102564,0.4213604555,0.1887835703,0.1024428684,0.2039170507,0.2181688126,0.01614763552,0.1010794897,0.05680119581,0.1727420008,-0.005952380952,0.1265508685,0.005121638924,0.1150951749,0.2722298222,0.197625106,0.3629542318,0.1254527906
-0.1035929319,-0.05835543767,-0.1310740542,-0.07997381973,-0.08248081841,-0.0321825629,0.02151162791,-0.05220883534,-0.04500406174,-0.1859537111,-0.04144656644,-0.07481220297,-0.05080645161,-0.03787349429,-0.008789975687,0.03824823102,0.0088533794,-0.1052353252,-0.08210603829,-0.07833148542,0.006573541495,-0.0407444668,0.06853144936,-0.05315947844,-0.06901960784,0.02630285152,-0.2390644753,-0.08661791243,0.03027754415,-0.0697492163,0.003900156006,-0.072122571,-0.037098505,-0.1236210253,-0.1736111111,-0.0401352383,0.06955530217,-0.02948982601,-0.07415803109,0.015625,0.05046979866,-0.01078515962,-0.03317535545,-0.06385998108,-0.004475138122,-0.07370242215,-0.1290322581,-0.1290123457,-0.1353351314,-0.04355477343,-0.121751026,-0.0045,-0.05057471264,-0.1265147843,-0.1206896552,-0.07696280992,-0.05272407733,-0.07368645878,-0.1296377128,-0.1474358974,-0.1397234144,-0.05602801401,-0.1062062937,-0.07995452823,-0.03007518797,-0.09725959624,-0.01594684385,-0.04360257327,-0.06244019139,-0.1197886083,-0.06356413167,-0.07219251337,-0.1230551627,-0.03194612329,-0.03592814371,0.03303964758,-0.1566878981,-0.1437078206,0.06182795699,-0.11898017,-0.2318441646,-0.09746698076
-0.080725117,-0.09295774648,-0.1809739992,-0.05853539295,-0.09407665505,-0.08162031439,-0.07740466705,0.02386262266,-0.04576386526,-0.1529411765,-0.03984739296,-0.02966031483,-0.103653356,-0.04857810273,-0.1073584906,0.008104623319,-0.07684075342,-0.05969267139,-0.08543922984,-0.01300516955,-0.04930612245,-0.07341373886,-0.02025215796,-0.1038135593,-0.1044650379,-0.04934131737,-0.1650329512,-0.109406953,-0.1453061224,-0.102358888,-0.03185703186,-0.06604913411,-0.1329023237,-0.09663087745,-0.06629318394,-0.2992841723,-0.06396588486,-0.03889395321,-0.1119272473,-0.02307692308,-0.07922310248,-0.1583078936,-0.1397058824,-0.05002526529,-0.007658582607,-0.04781471797,-0.1481481481,-0.1615875266,-0.1246413791,-0.1251149954,0.06892523364,0.01506780512,-0.1138014528,-0.08546059933,-0.1748366013,-0.04644655848,-0.01731601732,-0.07470601798,-0.1564694082,-0.3558897243,-0.1757206208,-0.1674615792,-0.06650366748,-0.08154859967,-0.05736434109,-0.1393511649,-0.09588116138,-0.02840059791,-0.1360040827,-0.1200800534,-0.04303030303,0.01921229587,-0.2306451613,0.05012486621,-0.01966873706,-0.1229566453,-0.1759818731,-0.06397774687,0.01113924051,-0.02170418006,-0.1430356285,0.09844978973
0.05457693346,0.07091097308,0.07079868985,-0.1422091734,0.04307692308,0.005924950625,0.01172115978,-0.06926595513,-0.001782848993,-0.02199074074,0.06534216336,-0.1410519126,0.03696682464,0.004842090872,0.04523356584,0.1257080212,-0.05773243682,-0.0408548083,-0.04692982456,0.0451955068,-0.02266872746,-0.1748726655,0.07579724564,0.03959810875,-0.03951081844,-0.1615016377,0.004377528686,0.04831773337,0.05062082139,0.06757390896,0.01725521669,0.09357481673,-0.07024994612,-0.156147541,-0.116,0.01297227177,-0.004555808656,0.04489408789,-0.01260338716,-0.1529808774,-0.04274215931,0.0585492228,-0.03133903134,-0.0335106383,0.01943803079,0.06669282071,-0.3043478261,-0.1969568893,-0.03250978013,-0.0531019979,-0.04153005464,0.02721425037,-0.2021857923,0.1341019417,-0.05346534653,-0.05633802817,-0.01825047199,-0.1116371792,0.1480380499,-0.1828793774,-0.1526563551,-0.09166136219,-0.1781037192,0.1497757848,-0.009868421053,-0.05322585655,-0.08513816281,-0.06692307692,0.08830478441,-0.1144806672,0.04179860671,-0.07304429783,-0.06498951782,-0.04620349924,0.05279831045,-0.08752025932,-0.1017415215,-0.03962357603,0.01402103155,0.07477403451,0.001425893587,0.01195014898
-0.04325004142,-0.1005316578,-0.04776470588,0.03321202469,-0.07374631268,0.01112565445,-0.08780487805,-0.006318745612,-0.02178960529,-0.05917159763,-0.04434314132,-0.04930417495,-0.08714198659,-0.05192920394,-0.03114256825,0.01817886707,-0.03986220472,-0.08191349934,-0.03359410953,-0.007658608844,-0.08065366368,-0.05624142661,0.006403782034,-0.002842524161,0.05190989226,-0.06400240385,0.02624975236,-0.04453148203,-0.04272727273,-0.1125274725,0.0674556213,-0.06033123028,-0.032919196,-0.03302574065,0.004524886878,-0.04570193693,0.01258581236,-0.03146747352,-0.03789389709,-0.06108897742,-0.05102928385,-0.1302006853,0.004411764706,-0.1139240506,0.02220219436,-0.04303052593,0.06375,0.05263157895,0.008065388025,-0.01054969461,-0.06043329532,-0.0655105973,0.003424657534,-0.09390048154,0.08368200837,-0.092039801,-0.03076923077,-0.06591865358,-0.01242879337,0.06666666667,0.0753968254,0.002102312544,-0.05481198215,-0.09360374415,-0.07890365449,-0.07283584048,0.02775510204,-0.02638087387,-0.04613297151,-0.07705479452,-0.08632218845,-0.0462633452,-0.1367713004,-0.08869100623,-0.02507522568,-0.0008880994671,0.0306122449,-0.05621454358,0.02024691358,-0.06651376147,0.04801139091,-0.05743578379
0.1213289988,0.1289629232,0.2703236966,0.1357928429,0.1098726115,0.071197411,0.1530748663,0.09915214319,0.06207777981,0.2075471698,0.1413703382,0.1016311167,0.1191588785,0.08294365978,0.1519515759,0.02741909772,0.2344951307,0.05781584582,0.07619047619,0.1574350505,0.1555810398,0.1896802326,0.02386515808,0.0558722919,0.1359404097,0.1033707865,0.2357871368,0.1659899365,0.04843304843,0.1763249133,0.05506282336,0.2085606379,0.08612040876,0.06027122049,0.1272522523,0.1773882412,0.1254237288,0.06466729147,0.192371476,0.1810466761,0.1955392606,0.2307259426,0.04245973646,0.03788819876,0.03143376293,0.05418908532,-0.1098707403,0.1605,0.1586658087,0.1105499439,0.2208737864,0.01494845361,0.2354948805,0.07322113965,-0.1776061776,0.1684931507,0.08597883598,0.02852852853,0.05925537493,-0.07142857143,0.2273062731,0.0958041958,0.2373567094,0.08562822719,0.1352569883,0.1639625613,0.2120730739,-0.06011854361,0.1706970128,0.2207792208,0.07584830339,0.07356076759,0.3402597403,0.05804182138,0.09259259259,0.2328888889,0.1851485149,0.3306010929,0.08083252662,0.1261261261,0.235852657,0.1440791352
-0.04983960072,-0.09376487387,-0.04979575958,0.02833439373,0.04662840746,-0.05740181269,-0.02376811594,-0.04971073495,-0.007907856283,-0.0625,-0.02051671733,-0.09206529992,0.008350730689,-0.03395820104,-0.04439210002,-0.02358417378,-0.04131201993,0.04385964912,-0.05486725664,0.1168125566,-0.02745616937,-0.03298717166,-0.02952360708,-0.0620950324,0.04344262295,-0.07390165842,-0.105742069,-0.02454304614,-0.1666666667,-0.03873684211,0.00945709282,-0.01076388889,-0.1449567982,0.01231643771,0.01798201798,-0.0872631429,-0.09939759036,-0.0448943662,-0.04172461752,0.004790419162,-0.01763352926,-0.2546867856,0.1685393258,0.1292639138,0.01363234299,-0.07874589865,-0.06798679868,-0.1387333046,-0.07134790899,-0.01465386559,-0.1103379722,-0.04113763332,-0.1657458564,-0.1133425034,0.1126760563,-0.03282532239,0.04993909866,-0.004087591241,0.06089108911,-0.08653846154,-0.07817197835,0.04594767071,-0.04032697548,-0.08838684106,-0.02065131056,-0.102727024,-0.04783748362,0.1441441441,-0.06002430134,-0.1018237082,0.06802721088,0.1330685204,-0.07751937984,-0.03583302549,-0.0197740113,-0.002162941601,-0.1077694236,-0.03367556468,0.03090013435,-0.01381818182,-0.09377817854,-0.0283752838
-0.09508928242,0.007352941176,0.02026612078,-0.04364777188,-0.01713502399,0.005769230769,-0.02790973872,0.1341600902,-0.01005025126,0.04,-0.0310318076,0.1032824587,0.02957704821,0.004486868052,-0.0003792188093,0.04814873669,0.02338674751,-0.04912734324,-0.01170411985,-0.02,0.01853741497,0.1484523057,0.008271678551,-0.002878526195,-0.02985074627,0.0876531574,0.07326481891,0.01366493577,-0.01739130435,-0.005694261936,0.1131158917,0.04071604072,0.008604206501,0.1609733271,-0.003925417076,-0.04916881292,0.04347826087,0.09738863287,0.05188679245,0.1470003973,-0.02055150884,0.00490797546,-0.03605769231,-0.02755696873,0.03788306555,0.01464186783,-0.1494334278,0.02551275638,0.09789419825,0.06666666667,0.01899441341,-0.02648305085,0.1622516556,0.0347502327,0.0864978903,0.04909090909,0.05104408353,0.03488712987,0,0.3736842105,-0.001304631442,0.04270896888,0.03691084611,-0.0008695652174,0.03081914031,0.08504438572,0.03028217481,-0.07007874016,-0.1078076525,0.006768189509,-0.0133178923,-0.04732690622,-0.07352941176,-0.01494252874,-0.09606147935,0.04768786127,0.03464419476,0.06629834254,0.02693310165,-0.04793510324,0.08422272201,0.008198661422
0.01014809856,-0.01147028154,-0.008828250401,0.001043719191,-0.01464435146,-0.01019757808,-0.02199144777,-0.008151093439,-0.00455102398,-0.03525641026,-0.05324259408,-0.005495546712,-0.02039643781,-0.01266074883,-0.03584977238,0.04821103699,-0.01523487093,-0.002719238613,-0.02794883941,0.000351000351,-0.02437802638,-0.03630363036,0.00794132112,0.0005773672055,-0.03805668016,-0.01993067591,0.04790516622,-0.04964276085,-0.05420353982,-0.002202643172,0.03428927681,-0.01382799325,-0.03538388626,0.001209189843,-0.03448275862,-0.01493884922,0.01602564103,-0.03275475924,-0.01724732666,-0.004156563907,0.01460823373,-0.07692307692,-0.03366583541,-0.01307901907,-0.0414461645,-0.03588143526,0.06161532057,0.04926829268,0.02313870513,0.03365384615,-0.0274122807,0.006528835691,-0.07692307692,-0.03028485757,-0.02524271845,-0.02484113229,-0.02207505519,-0.006232294618,-0.03033131125,-0.09578544061,-0.01567602874,0.02691632534,0.009309967141,0.01523063534,-0.006294256491,0.1070134899,0.05076820307,-0.07027942422,-0.03824978267,-0.07647058824,-0.02758215962,-0.009659613615,-0.07256235828,-0.007973551147,-0.03931987248,-0.003448275862,-0.05429864253,-0.02630530092,0.04991539763,-0.01549186677,0.03330232324,-0.03912646044
0.09201561477,0.08227848101,0.09433198381,0.1029853373,0.05520169851,0.09658725048,0.06870705809,0.02224894768,0.04888341832,0.09856035437,0.1348837209,0.03582317073,0.06891495601,0.04147768204,0.02872319496,0.08475556841,0.0193382037,0.08111792774,0.1271929825,0.1435839599,-0.02241998973,0.08904109589,0.05042162706,0.09809578765,0.08249158249,0.09048040083,0.08570947826,0.102237668,0.02339181287,0.09801324503,0.04128993369,0.04787961696,0.1575461594,0.1062801932,0.0887755102,0.04607949338,0.03680336488,0.1039073806,0.06247806248,0.1182608696,0.02984293194,0.1044973545,0.144516129,0.08061844285,0.02751590291,0.06877022654,0.02901960784,0.1334263133,0.1478195026,-0.0376744186,0.1529500188,0.09243243243,0.2037037037,0.1255411255,0.1075697211,0.1255924171,0.05248306998,0.08323831243,0.05822906641,0.406779661,0.2110152621,0.1464387464,0.1329354314,0.01500214316,0.1322248614,0.1341005895,0.03941513032,0.07468123862,0.08014462187,0.09372156506,0.1007845504,0.0548072457,0.2567237164,0.02842579886,0.125,0.1197231834,0.0995215311,0.04502660663,-0.03102336825,0.1321793863,0.08915601085,0.1311472001
-0.06259158932,-0.05116959064,-0.03958564558,-0.04682124933,-0.07511737089,-0.07809747504,-0.04149620105,-0.06568627451,-0.04341994971,-0.03326612903,-0.03502235469,-0.08627667403,-0.04362139918,0.0329474523,-0.05469497036,-0.03786666667,0.02129005059,-0.07124842371,0.02723735409,-0.02285826996,-0.08490896359,-0.08438155136,-0.03600099172,0.03573305307,-0.04976671851,-0.0727027027,-0.1105229904,-0.05146065247,0.04,-0.02774427021,-0.0984081042,-0.08093994778,-0.0882852292,-0.114628821,-0.06279287723,-0.1974669428,0.1196754564,-0.06895647614,-0.02510736703,-0.08180404355,-0.02389425521,0.04850299401,-0.1420518602,-0.02657128258,-0.01984935438,-0.04882664648,0.006097560976,-0.1931911403,-0.0961078585,-0.1280811986,-0.0482398957,0.04205838694,-0.02820512821,-0.1038461538,-0.1582733813,-0.01263157895,-0.01983914209,-0.04289473684,0.01318781264,-0.04819277108,-0.02520547945,-0.1237574553,-0.1005747126,-0.05658783784,-0.05034965035,0.06782738465,-0.07094801223,0.02711864407,-0.08870292887,0.112312812,-0.1255482456,-0.04491413474,-0.07392996109,-0.07072054899,0.2458210423,-0.1143386897,0.1044386423,0.007833920877,-0.1093555094,-0.01459346769,-0.09566470437,-0.0458151035
-0.07139755402,0.01232665639,-0.006355932203,-0.04163921667,-0.003625815809,-0.02356687898,-0.03536585366,0.01322140609,0.00806168945,-0.01355578728,0.038996139,0.01167706865,0.03327596099,0.003857156633,-0.01274529638,-0.01427383592,0.05366357069,0.01968771215,-0.1136363636,0.001592428116,0.01874880429,-0.0062965083,0.02230144794,0.03297818366,-0.05155482815,0.0929758088,-0.05088993728,-0.05354023573,0.05164835165,-0.007030603805,0.08057784912,0.01349431818,-0.07418063315,0.2466091245,0.018,-0.007741935484,-0.003623188406,-0.05632216277,0.04506946798,0.04166666667,0.04427083333,0.001142204455,0.04993429698,0.04094488189,0.05708723368,0.0119379228,-0.1477272727,0.1230299949,-0.0515668476,-0.02771618625,-0.04520547945,-0.004748338082,-0.04221635884,0.0162477008,-0.01923076923,0.1103411514,-0.01531728665,0.004674182018,-0.004937163375,0.07594936709,0.0370994941,-0.0777084515,-0.1405750799,0.03983885407,-0.006627393225,0.008990962452,0.02896642528,0.01155115512,0.04407713499,-0.004487658938,0.06144200627,0.1037344398,-0.07773109244,0.03979487179,-0.04025256511,-0.08722958828,-0.02758077226,0.008161678974,0.03968253968,0.05218617772,-0.05888311079,-0.01910674636
0.08879045012,-0.1055301877,-0.03799185889,0.08075527253,-0.02620087336,-0.01826484018,0.03034134008,0.002278376139,-0.05406815021,-0.04862579281,-0.00408769974,0.001791044776,0.01554691838,0.007332458135,-0.02971311475,-0.05820328975,-0.04975514202,-0.01664447403,-0.05365622032,-0.0355151488,0.01183098592,-0.07142857143,-0.04515380923,-0.04616895874,-0.03623813632,-0.04133333333,-0.1371602062,-0.1048236812,-0.02298850575,-0.0329029571,0.005941770648,0.05430974071,-0.04827371195,-0.09099901088,-0.03438113949,-0.009202760828,0.03,-0.04655326768,0.02594033722,0.02211382114,-0.1157107232,-0.06902452938,-0.002503128911,-0.007060010086,-0.01753754336,-0.004325599685,-0.04888888889,-0.1507469443,-0.0330708188,0.0102622577,-0.09505021521,0.003816793893,-0.1570247934,-0.01659125189,-0.03050108932,-0.07921267403,-0.03277777778,0.02572523262,-0.01759133965,0,0.0325203252,-0.07134071341,0.01796778191,0.01377529057,0.0133432172,-0.1403919849,-0.03838771593,0.09053833605,0.02403987101,-0.02479338843,-0.03839338452,-0.01796157059,-0.2209567198,-0.03215624384,-0.06085526316,0.04357798165,-0.07779578606,-0.03353893601,-0.0008980691513,-0.004691689008,-0.1158813493,-0.05993930942
0.02086570824,0.01134429949,0.2321176708,0.05156330973,0.01868460389,-0.02325581395,-0.06073619632,0.07191568506,0.01746002573,0.04888888889,0.008208955224,0.06217719507,-0.03526517223,-0.02114325069,-0.04329461457,0.02254067771,0.03298289013,0.06228842248,-0.01756146513,0.2255577999,0.04398663697,0.1259305211,-0.02656547639,-0.03707518023,0.08773500448,0.02531293463,-0.03756014533,0.0303254734,-0.04171122995,-0.007321274763,-0.005611340815,-0.03290129611,0.01550199191,-0.005803409503,-0.04272634791,0.03897021706,0.007060900265,-0.00406885759,-0.07616940582,0.041998091,-0.02707275804,-0.08946078431,0.05144291092,0.03199593702,0.00540521494,-0.03396524487,0.223364486,0.08848614072,-0.09681109681,0.05699774266,0.05667855727,0.08174904943,-0.02287581699,0.05306748466,-0.01348314607,0.02711157456,0.03446295233,0.01040554963,-0.09641873278,0.05882352941,0.05721784777,-0.03245033113,0.006086427267,-0.08067940552,0.07461594733,-0.04989727821,-0.2082501663,-0.03216155572,-0.018322359,0.1956856703,0.02886977887,0.01403658018,0.1608187135,-0.008968609865,-0.1094570928,0.05128205128,0.1397188049,-0.1013163143,0.008539325843,0.0228956229,-0.05111266163,-0.01806747489
0.1202028624,0.09029725182,0.09092395748,0.1121654444,0.09391049156,-0.01972789116,0.1005878511,-0.006940427993,0.06105491329,0.1355932203,0.03626943005,0.01533570226,0.03853782941,-0.08356921345,-0.002869757174,0.0804379562,0.040909998,0.1026131294,0.09397344229,-0.0002841662562,0.02648888889,0.05950413223,0.07123146181,0.08823529412,0.1440329218,0.03581117743,0.01800806026,0.1324772211,0.09821428571,0.07462039046,0.05316305316,0.06219931271,0.1370135276,0.2816490332,0.08395324123,0.1096103391,0.04206836109,0.1433060968,0.1046869654,0.02381679389,0.06144927536,0.2503364738,0.1622911695,0.09793307087,-0.1728991287,0.08462796402,-0.1596638655,0.02987267385,0.04043560867,0.08008542445,0.1635408852,0.02548330404,0.1739130435,0.09321293329,0.4510250569,-0.0005076142132,0.0405330372,0.03855294428,0.09603658537,0.2,0.07050645482,0.1327857632,0.1010284332,0.09699769053,0.06466984343,0.01568749382,0.1016806723,0.06491499227,0.02799650044,0.1088917526,0.09671641791,0.06291946309,0.09823677582,-0.00493624023,0.08849557522,0.2216027875,0.07247494217,0.06924101198,0.02361853832,0.07307439105,0.03729778779,0.1006489707
-0.03268165771,-0.01800411523,-0.05171638435,-0.05567957985,-0.06908115359,-0.05204718945,-0.04451038576,-0.02446126966,-0.01430030644,-0.05503731343,-0.06678571429,-0.03647080494,-0.02646657572,-0.02627444959,-0.05335399602,-0.01824077827,0.004984662577,-0.02023121387,-0.01493930906,0.04331924731,0.002424662279,-0.01352054082,-0.05299323027,0.04029484029,-0.07625899281,0.04531168151,-0.04129221929,-0.04765662527,-0.01422764228,-0.07266855067,-0.004794134236,-0.07440957619,-0.1086055259,0.02220324509,-0.06764705882,-0.01839040196,-0.007569386039,-0.03051126993,-0.04924125116,-0.007157769162,0.05516111415,-0.08880516685,-0.1468172485,-0.0416853429,-0.04858474576,-0.0565397663,-0.04636363636,-0.06466951973,-0.07835016078,-0.04844290657,-0.04771115409,-0.007283633248,-0.05698005698,-0.08100186517,0.004709576138,-0.05738953784,-0.004802561366,-0.0358504958,0.005563282337,-0.1365740741,-0.07142857143,0.0163141994,-0.03516483516,-0.01978947368,-0.0537084399,-0.04768530758,-0.06864988558,-0.02467343977,-0.07234042553,-0.03079604881,0.002721829069,-0.03512233623,0.002293577982,-0.03121124432,-0.09936766034,0.01083856246,-0.02372393961,-0.08634288086,-0.01044841097,-0.01165644172,-0.03728394317,-0.05801528193
-0.123135461,-0.09848088004,-0.02450205501,-0.0772204331,-0.1296829971,-0.0710102489,-0.1080745342,-0.02587064677,-0.03056994819,-0.09575518263,-0.07615767317,0.008411393615,-0.08127802691,-0.088889428,-0.03718428438,0.1271676301,-0.05799313239,-0.1333333333,-0.1900473934,-0.07679314165,-0.04457498272,-0.09594095941,-0.07855740922,-0.121398205,-0.06775700935,-0.09421197695,-0.1107781301,-0.1258601434,-0.02783505155,0.004353504571,-0.09124397846,0.1090527787,-0.1454517454,-0.1033138402,-0.119873817,-0.1036666964,0.0906779661,-0.06918060675,-0.0338762215,-0.01201562031,-0.03416149068,-0.05375073833,-0.1263537906,-0.1421889616,0.0329571468,-0.07071514183,0.2678741659,-0.005083884087,-0.07831299354,-0.03220779221,-0.1435341909,-0.07552870091,-0.1993957704,-0.1394607133,-0.0984375,-0.3653017241,-0.09705093834,-0.04984177215,-0.1443061319,-0.2466487936,-0.08541458541,-0.1153388823,-0.180523918,-0.09664948454,-0.08851351351,-0.2348334307,-0.0303030303,-0.1138392857,-0.04587155963,-0.1732613909,-0.1221498371,-0.1137014315,-0.0823798627,-0.006614038831,0.220661986,-0.04683972912,-0.1944035346,-0.06360745116,-0.08578970524,-0.1905648665,-0.1161836127,-0.06784774277
0.01139163057,-0.08251016851,0.004537352131,-0.008786246141,0.0190397351,-0.007880220646,-0.00278551532,-0.09560776302,-0.1469802245,-0.04257641921,-0.03728251864,-0.2009478673,0.0003050640635,-0.03658560939,-0.0080155453,0.01330891331,-0.1089509923,-0.06262763785,-0.06143943827,-0.03458655492,-0.172875226,-0.2104956268,-0.03562157197,-0.06559139785,0.05096073517,-0.1131396957,-0.08650756329,-0.08933171224,0.04984093319,-0.03814477677,0.03024633614,0.01575795777,-0.08449773527,-0.06242236025,0.05734767025,-0.1506917488,-0.09712509713,-0.02467255559,-0.01786918409,-0.1720887808,-0.06564844587,-0.04244694132,0.04407713499,-0.02235550709,0.1276225133,-0.1096302666,0.06015037594,-0.02299437915,-0.03703530621,0.09769189479,-0.09367588933,-0.002801120448,-0.1396226415,-0.03874663073,0.07625649913,-0.06196943973,0.000593824228,-0.02664446295,-0.007543103448,0.07117437722,0.07427635172,-0.04233870968,-0.1758165393,-0.0446980504,0.0007412898443,0.09860983807,-0.0464527027,-0.03442485306,-0.04871794872,-0.07904278463,0.03339517625,-0.02676511306,-0.08229426434,0.014604811,-0.04930156122,-0.02841918295,-0.09232175503,-0.007278020378,-0.1333012512,-0.01073619632,-0.02034955862,-0.06383095832
-0.05492362432,-0.04053198227,-0.0241974512,-0.1108632906,0.01949634444,-0.108816521,-0.04888268156,-0.01264964988,-0.03362573099,-0.05701254276,-0.07487091222,-0.05195729537,0.006404391583,-0.0402343723,-0.05876591577,-0.0557898542,-0.003863636364,0.06681190995,0.04613466334,0.1208249271,-0.005902929602,-0.08419497784,0.005145620011,0.03912543153,0.006359300477,-0.01278852152,-0.05491087707,-0.02190441709,0.02828282828,0.03695358269,0.08414043584,-0.01396214707,-0.08573490814,0.07220934084,-0.03050847458,0.1352396578,0.03270223752,-0.07432854466,0.006179196704,-0.009915534337,0.1003728133,0.02346805737,0.09498680739,0.006692693809,0.01962268768,-0.01352003863,0.06028368794,0.08472803347,-0.02262286066,0.02200488998,-0.08896641954,-0.05898876404,-0.100877193,-0.08307045216,0.1191626409,-0.08235294118,-0.07299703264,-0.01824921585,0.04017372421,-0.1428571429,0.00813421454,-0.05684210526,-0.006745362563,0.05176704828,-0.06518518519,-0.2139157339,-0.06200177148,-0.03304347826,-0.01111859838,0.1858267717,0.03590664273,-0.005689900427,-0.1467391304,-0.01418289585,0.01642178047,-0.02132845826,-0.06948640483,-0.03128054741,-0.08828428651,-0.02945736434,-0.09743784605,-0.07416248251
0.1481104027,0.07260726073,0.1072904612,0.09900677263,0.1354581673,0.1203208556,0.1343612335,0.01098146877,0.09747136373,0.3035066505,0.09023255814,0.1614114114,0.08606060606,0.07724759546,0.09573361082,0.02539561001,0.0855578371,0.06943498979,0.09952324195,0.004163636364,0.06003958654,0.08387096774,0.06506049744,0.1511627907,0.04423380727,0.0916271722,0.2043984476,0.1256015177,-0.06876227898,0.08952629292,0.00418760469,0.05475141598,0.1789369429,0.06734630831,0.2156177156,0.040673067,0.0875,0.1099865047,0.09962470147,0.01854599407,0.1227521501,0.1025477707,0.134939759,0.08531855956,0.002505006263,0.0964268233,0.5719063545,0.2536162006,0.1450607834,0.04066985646,0.1388224031,0.05074626866,0.06829268293,0.0626911315,0.04748201439,0.1331360947,0.08642765685,0.07435376125,0.1779749478,0.4147286822,0.1250630358,0.1279761905,0.09337860781,0.07856128727,0.0412044374,0.1643338861,0.04438149197,0.1205035971,0.126746167,0.109561753,0.06239168111,0.05197901764,0.3694267516,0.02104359029,0.2721088435,0.09526774595,0.1277056277,0.102926337,0.05785627284,0.1525559105,0.2035444358,0.07751854298
0.1282773596,0.128,0.1283965363,0.09043375,0.08912280702,0.1201272872,0.09902912621,0.03371803575,0.002560063017,0.1187384045,0.1339590444,0.035121741,0.08314732143,0.01224320676,0.128679962,0.02190416926,0.0823875578,0.08274984087,0.2298102981,0.1225986348,-0.003112033195,0.04389880952,0.0545839633,0.03415103415,0.06580937973,0.1227206946,0.1231273673,0.12977617,0.1023206751,0.06940566414,0.01584653878,0.007159904535,0.1030888924,0.1250361795,0.06040268456,-0.03561154647,0.030651341,0.1234042553,0.09556313993,0.09686817189,0.01160631383,0.1351819757,0.08492569002,0.03726391016,0.03191513238,0.08258928571,0.4042553191,0.08076923077,0.1529616674,0.108045977,0.1954602774,0.0303030303,0.1552511416,0.145323741,0.168956044,0.06614447346,0.02710665881,0.05866450392,0.1076650421,0.04383561644,0.0757507844,0.1906332454,0.1327639752,0.05528740676,0.09056316591,0.2878249805,0.05334538879,0.106741573,0.1055337164,0.1292639138,0.1016856987,0.07479601088,0.2,0.01030494217,0.08890374332,0.1250710631,0.08637236084,0.1166514181,-0.00518134715,0.1094941095,0.129410001,0.06175189623
-0.0294473342,-0.04637206765,-0.05477639587,-0.0169554088,-0.05154639175,-0.03053977273,-0.0394581861,-0.001313485114,-0.00766057749,-0.06633499171,-0.02219714071,-0.05599500416,-0.02447192169,-0.05658695681,-0.02713504417,-0.02362684204,0.02019417476,-0.03468547913,-0.08241516086,-0.03156451613,-0.06285119667,0.01069137562,-0.0549745822,-0.06604651163,-0.0986515259,-0.01392111369,-0.03999932887,-0.04440846326,-0.02105263158,0.0003729951511,-0.0284619595,0.03821090047,-0.05703090508,-0.05171083098,-0.03616636528,-0.03414935199,-0.02973977695,-0.04383116883,0.03086944208,-0.04814077025,0.003441945847,-0.07480916031,-0.04207436399,-0.04921259843,0.08554878093,0.03835051546,0.04545454545,-0.04733096085,-0.0514313653,0.04937759336,-0.1167369902,-0.003676470588,-0.1185770751,0.0009422110553,-0.06345475911,0.03591836735,-0.01090074584,0.008682328907,-0.1048,0.01837270341,-0.04458333333,-0.04376731302,0.04386566141,-0.08440748441,0.01605024424,0.01707637179,-0.007725321888,-0.03553299492,-0.009026258206,0.004769475358,-0.04985192498,-0.03627161535,0.1453488372,-0.01873438801,0.04174340086,-0.01364325417,-0.02738515901,-0.0004096681688,-0.0005787037037,-0.08369768894,-0.02083978585,-0.06267866361
0.1336026422,0.07322654462,0.09168533035,0.07455723008,0.07744565217,0.05201465201,0.07480073574,0.06028057869,-0.0530482977,0.01420959147,0.03616775683,-0.06703417861,0.07367309216,0.03479477938,0.03221621622,0.1116377697,-0.05538637229,0.005481120585,0.113832853,0.05875789018,0.08905174328,-0.04160789845,0.02780859715,0.1503984064,0.04173228346,-0.04052287582,0.1666637538,0.1233865133,0.05865102639,0.0182699478,0.0338028169,0.05078459344,0.1197897768,-0.05507325014,0.08442776735,0.05303514377,0.1011494253,0.04018109791,0.03406593407,-0.05650505755,-0.01852275326,0.08305830583,0.1593462717,0.05279503106,-0.0556523946,0.06870532168,0.03188405797,0.07433694434,0.1762198668,0.1308817715,0.1580414013,0.07103321033,0.02242152466,0.1700658927,0.07402760351,-0.06067769898,0.02262180974,0.01974683544,0.1126005362,0.1649484536,0.1325774095,0.07937427578,0.1996060407,0.09718437784,0.1043956044,0.1917472561,0.1124567474,0.01879699248,0.08666850676,0.0891350211,0.02753246753,-0.004376367615,0.08291032149,0.1041578277,0.09192692988,0.004098360656,0.1498637602,0.08073770492,0.03011001737,0.06134969325,0.1369633981,0.1307257277
0.01494557188,0.04424307036,0.01218104885,0.02680269953,0.007566204288,-0.0006963788301,0.02053622362,-0.01736613603,-0.00606187291,0.05166374781,0.08317861121,-0.03190735051,0.005410723069,-0.006194756098,-0.02785923754,0.01324057451,0.05823090872,0.03997577226,0.0659767141,0.1105692847,0.1584420881,-0.01103752759,-0.004692427285,0.01818181818,0.08994708995,0.01335149864,0.02248588078,0.04350331317,-0.01662049861,-0.0556572684,-0.001634877384,0.002172142275,0.006616701684,-0.0002871088142,-0.004325259516,0.1601941748,-0.02992345164,-0.008433079434,0.03666312434,0.009611829945,0.06663560112,-0.01371254444,0.02643171806,0.01032448378,0.03442008487,0.004459308807,0.01011235955,0.04172461752,0.01414084665,0.02692307692,0.08147129598,0.03574504737,0.08771929825,0.02386698847,0.04205607477,0.1124161074,0.01474758934,0.01439920556,0.01606425703,-0.02876106195,0.009241432422,0.02791196994,0.02681992337,0.0732615894,0.01741293532,0.004696092267,0.0233281493,0.04132841328,0.0190500381,0.03341404358,0.02679474216,0.02197802198,-0.009375,-0.0474543708,-0.007555315704,0.0306122449,0.06714060032,0.1941600303,-0.004496908375,0.07385998715,0.009366347389,-0.02557347858
0.002329061446,-0.05002552323,-0.01735495313,0.003146825986,-0.06132665832,-0.02926829268,-0.03242034656,-0.07910793183,-0.03806519453,-0.0532889259,0.03188207062,-0.07202148438,-0.03057729941,0.0004491293016,-0.04460245637,0.01218161683,-0.07939832445,0.008736167734,-0.05097087379,0.003838526912,0.02834008097,-0.04836309524,-0.01525667578,-0.04209183673,-0.05270457698,-0.07770906158,-0.01810882879,-0.03896124988,-0.05915492958,-0.055447848,-0.001091703057,0.0281766459,0.002076843198,0.04434233199,-0.03301476977,0.09815202232,0.01362984218,-0.01646090535,-0.01101998975,0.01098498718,0.008955875928,-0.08547888774,-0.05150214592,0.006326034063,-0.01322239466,-0.01331853496,0.3487208009,0.00567423231,-0.04596924304,-0.01532175689,-0.01684678957,0.02494802495,-0.1693548387,-0.09848088004,-0.01569506726,-0.07466063348,-0.05366126328,0.0004894762604,0.02411067194,0.04555808656,-0.05379626097,-0.03707571802,-0.06503198294,0.004242190513,0.02506112469,-0.0233828195,0.1291793313,-0.01063075833,0.01046859422,-0.01030927835,0.01280157558,-0.06451612903,0.01892744479,0.01230334812,-0.04839586732,-0.0400990099,0.00370096225,-0.05716100349,0.01185770751,0.06399521531,-0.01158944743,0.001096438188
0.03510453518,0.09618484686,0.07154827897,0.01753270492,0.01866666667,-0.01220387653,0.06123627961,0.08590358693,0.0970703979,0.1609498681,-0.02823920266,0.07366482505,0.08932626798,-0.004006339403,0.07442489851,-0.0001094091904,-0.04591520165,0.008660508083,0.1142369991,-0.06530174542,0.02704553235,-0.01016419077,-0.02929711332,0.01997336884,0.0168374817,-0.01574344023,-0.001313080068,0.1714237431,0.05189620758,-0.0447454844,0.08961748634,0.007114624506,0.01899481865,-0.0248597514,0.04132973944,0.150341324,0.02052370842,0.01255230126,-0.002332210417,0.05106845346,0.03247456159,0.1244369369,-0.002714932127,0.007736943907,-0.004849895727,0.005624296963,-0.1649484536,0.02090939263,0.1461843985,0.04598893499,0.1044293566,-0.0430020284,0.05339805825,0.06885531668,-0.03758542141,0.06030969845,0.05611340815,0.002690802348,0.04206869934,0.01525054466,0.01169354839,0.02928416486,0.08380843786,-0.01497695853,0.005963029219,-0.04427719433,-0.01211305518,-0.01862464183,-0.03872718303,0.03125,-0.02139037433,0.01655172414,0.0866873065,-0.0268977884,0.09771428571,0.02114492006,-0.004424778761,0.00168406871,0,0.008993816751,-0.003518929183,-0.001642855992
0.05884300675,-0.01029411765,-0.04030317613,0.04153247454,0.09031413613,0.2100290698,0.06151333696,-0.0553334736,-0.03328019131,0.07878787879,0.07760683761,-0.04092134281,0.004169562196,0.08400032781,0.001469353484,0.0876463508,0.01040537611,0.05094447624,0.02104055088,-0.03084099452,0.06516666667,0.1808846761,0.01160744411,0.1270670148,0.02087832973,-0.01599526066,0.1860152398,0.01638800329,0.04838709677,0.004727116459,0.0498996991,0.004971219257,0.08813928183,0.0727608573,0.100949094,0.02642837428,-0.08113730929,0.08457300275,0.005194805195,0.05134390076,0.156846299,0.05344516775,0.1161524501,0.05854126679,0.002088656507,0.01677852349,-0.0150617284,0.08680104031,0.1327328271,0.01685950413,0.02927400468,0.01102161933,0.133640553,0.05300353357,0.150295858,0.07148347425,-0.02013422819,0.1139302269,0.07037037037,0.1309012876,-0.003587086489,0.05532139094,0.07680168332,0.1056530214,0.0515708358,0.1289828749,0.05313351499,0.1175182482,0.005901975879,0.113865932,0.04694485842,0.0158299412,0.2948717949,-0.02027027027,0.1816762103,0.1747474747,0.1,0.007061197041,-0.07589285714,0.05292479109,0.1588177287,0.05962732919
-0.01892712712,-0.04309063893,-0.0145418077,0.01492758392,-0.07743097239,-0.07447447447,-0.04564102564,-0.005567928731,-0.01216244073,-0.05547752809,-0.01300761421,0.06310679612,-0.03298731257,0.03875182702,-0.03542234332,0.0953722334,0.05428019738,-0.05991285403,-0.02023229674,-0.1188317757,-0.04834924112,0.08695652174,0.05622353384,-0.01544401544,0.09590973202,0.05418422637,0.02335600907,0.02926690796,0.0407239819,0.03635585971,0.03773584906,-0.04087477219,-0.1081028037,-0.02497627504,-0.07680250784,0.06776470588,0.04452830189,0.01930403861,-0.06382428941,0.005571943625,0.03172013776,-0.0412267734,-0.2333333333,-0.05666364461,-0.004627152911,0.01100110011,0.002757583354,-0.01854621597,-0.0250191199,0.006501950585,-0.0779294653,-0.04109014675,0.2195121951,-0.08415074858,-0.07304526749,0.04447632712,-0.00399543379,0.01248357424,-0.1062283737,-0.1157495256,-0.0328,0.08686969546,-0.0327308256,-0.01868829337,-0.1364148816,-0.06655788191,-0.02781371281,-0.08752449379,-0.0625,-0.04575432811,-0.09988137604,-0.03428317008,-0.1672167217,0.03113897597,-0.0449339207,-0.07652622528,0.2067340067,-0.04874791319,-0.01388888889,-0.1042328042,0.08832796688,-0.06195094472
-0.02253916802,0.06625258799,-0.03383793411,-0.02730525526,0.009759271308,-0.01622323167,0.005910800645,-0.02889137738,0.0296327212,-0.004460966543,-0.01317904211,-0.03917327565,0.001669847328,-0.00555558925,0.001521077792,-0.06686260103,0.03174603175,0.03707995365,0.01261950287,-0.02094712839,-0.01068727392,-0.08430769231,-0.01249191199,0.03490196078,-0.02380952381,-0.04854368932,-0.002166580496,0.02727636278,0.01652173913,0.01196863392,-0.02439585731,0.004885993485,0.001047855564,-0.009166891345,-0.05602716469,-0.0329912485,-0.05130057803,0.04086718166,-0.002208114822,-0.05149934811,0.01405481377,0.06742687159,-0.01696712619,-0.04372897645,-0.01884593102,0.001088139282,-0.1425,0.130143249,-0.03892291108,-0.01195090439,-0.06631708822,0.01136860516,-0.07,-0.03297632469,0.002219755827,-0.01648351648,0.02464183381,-0.03093229505,-0.004258614015,0.004291845494,-0.007030603805,-0.01975195223,-0.01616161616,0.01149838304,-0.01762402089,-0.06594854118,-0.02927478377,0.03149606299,0.02258503401,0.02375809935,0.01581444386,-0.03964960811,0.006605019815,0.06485610053,-0.04289667897,-0.0125698324,-0.03236607143,0.02808002808,-0.01347213717,0.04489072652,-0.01771959299,0.1001698803
-0.03276441457,-0.04126213592,-0.004081632653,-0.008415889441,-0.03028350515,-0.06200527704,-0.0438034188,-0.02375461255,-0.0008107012566,-0.02912621359,-0.03713355049,-0.01375687844,-0.01619433198,0.01596091801,0.0479496637,-0.00344488189,-0.006114398422,0.03351955307,0,0.0007763694797,-0.01063652983,-0.05981182796,-0.01072501207,-0.05987116332,-0.01252471984,0.04021608643,-0.03813318858,-0.01920934291,-0.04704875962,0.08646003263,-0.07265864591,-0.028363047,-0.01743900014,-0.03047619048,-0.0404676259,-0.07415847386,-0.04188880427,-0.02513765861,0.07828492393,-0.001718213058,-0.02079002079,0.01718532281,0.05933117584,0.1854271357,0.0118519994,-0.03550724638,0.01749271137,-0.001078748652,-0.02358837287,0.07061131089,-0.0660720185,0.02075226978,-0.0394265233,-0.059457884,-0.03875968992,-0.02025139665,-0.03467561521,-0.02790178571,-0.04704510109,-0.03632478632,-0.0224906289,0.0121836926,0.06262833676,0.05612788632,-0.05714285714,-0.07251591475,-0.04318026045,0.05829285219,-0.02794039383,0.03291139241,-0.0005189413596,0.03936629861,0.1076115486,-0.04510848877,-0.08915662651,-0.01791607732,-0.02998846597,-0.07442813247,-0.00434512725,0.04352741662,-0.03134546706,-0.07454106446
0.1375485714,0.0835443038,0.09796404019,0.08401454446,0.09634551495,-0.02109704641,0.08938547486,0.01039451925,0.01622718053,0.1476923077,0.05345060893,0.08039563784,0.07480029049,0.04634409893,0.02898550725,0.1288888889,0.01012105577,0.1005405405,0.1087613293,0.05515163543,0.08264740467,0.1143674053,0.07923233181,0.07134220073,0.1068090788,0.04962492787,0.1778059948,0.05069528085,0.08886894075,0.03716216216,-0.08089544645,0.03780928552,0.1970873683,0.06342969408,0.1302717901,0.04978902954,0.0826709062,0.08055009823,0.02385838892,0.03407917384,0.03379334749,0.07123287671,0.1140529532,0.06104281475,0.06116723967,0.06912096168,0.002865329513,0.1414686825,0.1248875679,0.0934351145,0.1719136894,-0.002541296061,0.3358208955,0.1208552835,0.1405529954,0.004989308624,0.0405561993,0.07003444317,0.1570787434,0.1796008869,0.08819769919,0.07453703704,0.09468599034,0.06189034645,0.1050035236,-0.01577354308,0.1690544413,0.0937704918,0.1114152751,0.05841503268,0.1220145379,0.119630485,0.1208530806,0.01734104046,0.07724867725,0.04128660586,0.006539833532,0.1058649945,0.02930174564,0.1208017335,0.1676513048,0.04108548139
0.03229501032,0.03037383178,0.03985550873,0.02862425218,-0.03515151515,0.0308908046,0.01897435897,0.04021510404,0.01636726547,0.003351206434,0.005138086063,0.03309859155,0.02184684685,-0.001876075731,-0.04366197183,0.01732283465,0.01827111984,-0.028978389,-0.006471389646,-0.05202954553,-0.0009309542281,0.02116741501,-0.01390964749,0.01918735892,-0.02352231604,0.004398020891,0.001927474681,-0.03289130888,0.05193734542,0.01737242128,-0.07306947135,0.01580498259,0.02432208745,0.001055687516,-0.09950248756,0.02150321543,-0.002936857562,0.04295454545,-0.004009020296,0.02529960053,-0.003765189115,-0.05498721228,-0.0155393053,-0.02397123452,-0.02208264594,-0.03162333099,-0.008571428571,0.04872280038,-0.005266908863,0.04691426976,0.03954120133,0.009766454352,-0.04469273743,-0.04257672104,-0.01616161616,-0.03546099291,-0.01893095768,-0.0321888412,-0.1043723554,-0.003759398496,-0.06342991386,-0.01120206807,-0.02780229479,0.0022172949,0.0299744898,-0.05645312658,-0.009803921569,-0.03657074341,0.03226600985,-0.08104978773,-0.02221193892,-0.03795379538,-0.06342494715,-0.03076018809,0.04125736739,-0.004149377593,-0.0490253987,-0.0263509006,0.01453664446,-0.08264862252,-0.01594909983,-0.05659818808
-0.05394647202,0.06213151927,-0.03682260306,-0.05014032478,0.003768844221,-0.03693379791,-0.02566683442,-0.01258709822,-0.02906520031,-0.05678022712,-0.02651757188,-0.04044535333,-0.02336345603,-0.05001925586,-0.02524721229,-0.04497764018,-0.03164190623,0.06879109762,-0.01199862873,-0.01675594755,-0.04985246156,-0.03768844221,-0.04650137872,-0.04724990772,0.01297096973,0.03557744937,-0.05854989294,-0.01360397613,-0.0289968652,-0.01067235859,-0.08390564348,-0.05933544304,-0.01042571677,-0.01977326654,0.02209944751,0.04452751,-0.0382916053,0.006755284376,-0.01735849057,0.00487012987,0.006356296169,-0.03608479928,0.05106778087,0.02333196889,-0.04313685637,-0.01088534107,-0.04899135447,-0.05615696888,-0.06435885786,-0.0653507602,-0.08304297329,0.009671993272,-0.07602339181,-0.03465203581,0.0318275154,0.1029411765,-0.0113507378,-0.0243902439,-0.02519685039,0.003773584906,-0.01964882943,-0.01437908497,-0.0326827054,0.05941845765,-0.001857585139,0.09380116601,-0.02227722772,0.01493466086,-0.06084466714,0.04451910962,-0.03454803597,-0.009862778731,0.05417607223,-0.003840711542,-0.07971698113,0.02407407407,-0.08074534161,-0.03083247688,0.03164179104,0.04425711275,-0.05631584034,0.01596009435
0.009407758701,-0.005977796755,-0.04844914643,-0.02260207971,-0.01877346683,-0.01447178003,-0.04907024793,0.05440473481,0.03135113269,-0.0290368272,-0.02723990811,0.1001657589,0.002031144211,-0.0003932934393,-0.02115260091,-0.0383610986,-0.0217174736,-0.007572172267,-0.05239417071,0.0626444583,0.06080418437,0.1233681462,-0.03616467105,-0.03525765207,-0.1030487805,-0.0007928118393,-0.07746478873,-0.05460652984,-0.004842615012,-0.02085580726,-0.02640156454,0.0496215307,-0.06028972783,-0.03362022593,-0.05405405405,-0.03157960824,-0.03292496172,-0.03636363636,-0.001280081925,0.06978998384,-0.01041311028,-0.06551240056,-0.06802120141,-0.054,-0.01227050335,-0.03081438004,0.06060606061,-0.02915173238,-0.08228433222,-0.03538812785,-0.04338188727,-0.04914618909,0.003164556962,-0.03769069698,-0.07960199005,-0.014,-0.02583237658,0.01931818182,-0.02867528271,-0.05639097744,-0.0447761194,-0.03006189213,-0.07085875176,-0.07816229117,-0.06513647643,-0.002700018187,0.01202531646,-0.04537093807,-0.002540650407,-0.02171290712,-0.03333333333,-0.05370290169,0.008565310493,0.007913961039,-0.03946694003,-0.1387884268,-0.01891891892,0.005655708731,0.008680555556,-0.04591321897,-0.08589453417,0.05092498908
0.03348399688,0.02491408935,0.04902084649,0.04121791806,0.04464285714,0.0543318649,0.03150461706,0.02266839378,0.04157677976,0.06783369803,0.008434547908,0.04024967714,0.03806306306,0.01306853262,0.01874310915,0.07360239723,-0.03625254582,0.01573676681,0.04796777737,0.01601961021,0.05701078582,0.03660662406,0.003126802367,0.09236947791,0.08089734874,0.05845014546,0.02430234013,0.05531964064,0.03081914031,0.0381931693,0.04285236023,0.0202991453,0.08253529285,0.07792930699,0.05238095238,0.0588006483,0.04908946952,0.02762803235,-0.0007690335811,0.08728480822,0.100914266,0.04206309464,0.09668246445,0.04355179704,0.02078853047,-0.03936411809,0.2,0.1033718927,0.0555891915,0.06390532544,0.08540218471,0.03285151117,0.07570977918,0.04414050357,0.07783783784,0.05409060176,0.02710665881,0.06309921962,0.0577962578,0.01792828685,0.1111607143,0.06654512306,-0.01313131313,0.03689320388,0.0398142004,0.0737992369,0.007504690432,0.01477199743,0.0473764646,0.08877928483,0.03144016227,0.05995423341,0.0923566879,0.04288302798,0.002668089648,0.03254593176,0.108815427,0.09455184534,0.0545037292,0.04600740349,0.05439410236,0.006181941636
-0.02366700524,-0.02766135792,-0.05937612911,-0.03425780718,0.009768009768,-0.03203342618,-0.02422327541,-0.03419886004,-0.01995857654,-0.08469945355,-0.01271328203,-0.02089799297,-0.01931004556,0.03362112748,-0.01082251082,-0.05800261666,-0.04437869822,0.004694835681,-0.05101327743,-0.03445639431,-0.02842565598,-0.04596412556,-0.02890302241,-0.02867647059,-0.06226415094,-0.02823588206,-0.07873967649,-0.05241979634,-0.04091266719,-0.01131941988,-0.04847512039,0.0002617801047,-0.0638663295,-0.1494965143,0.01809954751,-0.04426891991,-0.07471698113,-0.01901639344,-0.009235505387,-0.05777777778,-0.06392980257,0.0168188371,-0.08815903198,-0.02431118314,-0.0374508427,-0.012214342,0.03833333333,-0.02743698416,-0.1037426196,-0.05700778643,-0.06038426349,-0.02714164546,-0.0146627566,-0.06400714498,-0.01303911735,-0.06414368185,-0.02925989673,-0.03880033557,0.0766509434,-0.04305283757,-0.07995178787,-0.09017094017,-0.07011258956,-0.04900124844,-0.008934269304,-0.03657787822,-0.03041589075,-0.005696202532,-0.01167315175,-0.004907512269,-0.01376597837,0.01122625216,-0.02332361516,-0.02741312741,-0.04417243214,-0.0523640061,-0.0397515528,-0.03853564547,-0.01414581066,-0.04701718908,-0.07503904963,-0.02509958755
0.02691223853,0.001293103448,0.04314980794,0.03586376044,-0.003022974607,-0.0273381295,0.00215866163,-0.01005464481,0.1145052834,0.04850746269,-0.006438495425,-0.003592561285,-0.01969026549,0.01664238809,-0.01597374179,0.009814814815,0.02078726227,-0.02570093458,0.04455081001,0.06056766792,-0.02265566392,-0.02173913043,-0.004666726539,0.02119606359,0.006706908115,-0.01619953716,-0.02576683862,0.01884912037,-0.0697292863,-0.006082289803,-0.02159244265,0.04684637529,0,-0.03005464481,0.01511111111,-0.04125824845,-0.002446982055,0.01492869875,0.07716209218,-0.02741745283,-0.00703046535,0.01512287335,-0.005687203791,0.007890365449,0.05982475724,-0.01794974073,-0.1286402201,-0.003211009174,0.03875214438,0.03243880861,-0.02661473548,-0.003051438535,0.08928571429,0.00286259542,0.0762195122,-0.009595613434,-0.005910165485,-0.02181976871,0.01314348302,0.0654396728,0.04061135371,-0.02019727572,-0.01155751238,0.0600590745,0.00193174501,0.004583112991,-0.01280409731,0.03628262253,0.1318897638,0.004172989378,-0.018444666,0.005977796755,0.03184079602,-0.01607780865,0.1091314031,0.01502145923,-0.0510996119,0.01870407482,-0.01931567329,0.0625994695,-0.004066675091,-0.01419014903
0.07424892915,0.05596211795,0.08297532834,0.01383432899,0.1461491813,0.0724852071,0.1389337641,0.05917421064,0.004481985865,0.06192170819,0.025579809,-0.0008483563097,0.06138569172,0.02678099289,0.07782966422,0.09031725656,0.0164644714,0.1323741007,0.1001057455,0.06235171144,0.009978507829,0.06186186186,0.04309307704,0.09599703484,0.1332445037,0.008625196027,0.1622563432,0.1235061455,0.05643738977,0.01871850252,0.01965517241,0.02675,0.1966773304,0.002816901408,0.1199649737,0.09869695957,0.05396565822,0.05949506037,0.05072115385,0.01424674144,0.05006743088,-0.002793296089,0.1649189704,0.06386485373,0.03304260431,0.03980503656,0.05263157895,0.1097560976,-0.009204947271,0.1705227078,0.0973657886,0.06908613905,0.09016393443,0.07992388202,0.08876298395,-0.02422145329,0.07312722949,0.0675886683,0.1005405405,0.1305182342,0.09190096517,0.09108341323,0.07516703786,0.100619195,0.07197943445,0.2058660764,0.1744487678,0.09090909091,0.04282608696,0.09255761239,0.01422041646,0.0636672326,0.06460945034,0.01855961267,0.1285140562,0.07928118393,0.1465576005,0.1055737705,0.04783342712,0.06440339491,0.1527539074,0.001068969492
0.04702871714,-0.05788830004,-0.04522271336,0.03400983587,0.03015873016,0.02689655172,0.03262411348,0.02042943506,0.04290372404,0.1595174263,0.009976720984,0.1672680959,-0.01169466298,0.02391724489,0.004332576852,0.03204103944,0.04880647911,0.01694197374,0.04485741749,-0.06962470131,0.07782337741,0.185520362,0.03878820111,0.03922894826,-0.0005878894768,0.112982638,0.05481120585,0.1561368311,-0.06093489149,0.03674911661,-0.008792695299,-0.024348673,0.05084745763,0.1235955056,0.0406567631,0.3301301545,-0.06128782002,0.02009946125,0.008007320979,0.07381948595,0.04334564135,-0.03221288515,0.06546644845,0.06584043377,0.01243444595,0.035546875,0.05,0.006427534729,0.03324816202,0.005124450952,0.07231844424,0.01595092025,0.4636591479,0.04669603524,0.04770164788,0.06808510638,0.1462603878,0.05348934392,0.07694826457,0.07470288625,0.02574942352,0.06546572935,0.1341273951,-0.01265822785,0.03357314149,0.1420880019,-0.03865267808,-0.004504504505,-0.0243902439,0.08817427386,0.07411116675,0.07541899441,0.106884058,0.05010893246,0.07918149466,-0.004407443683,0.01307966706,0.02995255042,0.08163265306,0.08020637899,0.0424062919,0.05856827295
0.03953846288,0.03115534401,0.03798670465,0.01665965159,-0.005136106831,0.01611820013,0.03347069597,0.006741573034,0.03472107948,0.05606936416,0.02370760619,0.04164393526,0.01054216867,-0.002125473229,0.02711585867,0.08971642764,-0.01727291201,0.0149937526,0.002146580803,0.07842742274,-0.02016640812,0.01860687023,0.02976208834,-0.008786202408,-0.1565294118,0.041443539,0.04999777936,0.01239836289,0.01866666667,0.01363326517,0.1003070624,-0.0104816571,0.02590175953,0.02944444444,0.05259203606,0.0731138546,0.1140495868,-0.0264066626,-0.007716749887,0.01530754244,0.01969533774,0.03955619875,0.01996927803,0.002906976744,0.01579643659,-0.0003772161449,0.1311904762,0.1295838484,0.04401695138,0.1143481428,-0.002266931142,0.07930756844,-0.1061643836,0.04545454545,-0.009105960265,0.09030544489,0.03334944418,0.04006346688,-0.07053815749,0.06951026856,-0.00599475459,-0.02268041237,-0.0004566210046,0.04102564103,-0.1154292343,-0.006625307499,0.01091326824,0.03733031674,0.03418803419,-0.002542103591,0.0317016317,0.002226345083,0.009001636661,-0.0239532252,0.02225886232,-0.1923266109,0.02406103286,0.02505038871,0.04865938431,-0.02257924446,0.04914759638,0.06841186564
-0.01027519694,-0.01720520352,-0.03430924062,0.009729397272,-0.03149199793,-0.008592200925,-0.04124761863,-0.06655844156,-0.02608142494,0.05090311987,-0.01190093278,-0.07210195531,-0.02618692783,0.01525145387,-0.012,0.1234577133,-0.008891645988,-0.02954452195,0.004283965728,0.0184611553,-0.01784686241,0.04730679157,0,0.1165462902,0.02029430225,-0.0058126537,0.06816331278,0.02041806363,0.07766143106,0.01882985878,0.06015503876,-0.03606557377,0.03287287488,-0.02563410685,-0.03426124197,-0.01925944863,-0.01928783383,0.006259127895,0.01738334858,-0.05372807018,-0.03410291233,-0.03758700696,-0.001506024096,-0.01594202899,-0.004101520738,0.04075471698,0.1050305199,-0.07185847164,0.07071582884,-0.01176470588,0.01789264414,0.01044386423,0.1130268199,0.01476113795,-0.06850459482,-0.0347137637,0.02806361085,-0.02536231884,-0.05233889434,-0.02067946824,-0.05767056163,0.06371308017,0.09045226131,-0.03147235906,0.007868852459,0.04142782442,-0.006818181818,-0.03980370774,-0.01694214876,0.01338005734,-0.02801626751,-0.01962236209,-0.0202757502,-0.02550724638,0.1209677419,0.1833130329,0.106017192,0.01292134831,-0.003787878788,0.02310084407,0.05735800029,0.005178973092
-0.03114136855,-0.007258753202,-0.04002842255,-0.02566705641,-0.01652452026,-0.02933333333,-0.04205175601,-0.03826086957,-0.02286087524,-0.03020833333,-0.0048828125,-0.01994355597,-0.01727153476,-0.02934534836,-0.03906882591,-0.03587593184,0.006676403088,-0.01310782241,-0.04905545399,-0.05873542313,-0.01494724502,-0.03980322004,-0.01156076289,-0.0152896207,-0.004784688995,-0.05217000225,-0.09003791591,-0.07336115366,-0.02591093117,-0.005280528053,-0.07136589646,-0.0293040293,-0.01129845779,-0.01633896428,-0.0303030303,-0.05561107008,0.05597579425,-0.0228073813,-0.01191546763,-0.02201622248,-0.03046399,-0.05641272903,-0.03016591252,-0.0147275405,-0.04510735198,-0.008701957941,0.03561904762,-0.05875417567,-0.02159288833,-0.1135361552,-0.06305803571,0.01624215578,0.05679862306,-0.06135942872,-0.02242152466,-0.04605678233,-0.01046405823,-0.009978477793,-0.02347255782,-0.009049773756,-0.0408,-0.06624355415,-0.001256807708,-0.03786380333,-0.03838646714,-0.06035658797,0.002288329519,0.03009653606,-0.05779739386,-0.03552342031,-0.02231520223,-0.01963746224,-0.02483443709,-0.02300218124,-0.02338129496,-0.09058157488,-0.129015544,-0.06073211314,0.005228136882,-0.02127659574,-0.06570328387,-0.02295278219
0.05933697683,0.05978494624,0.04243770047,0.0535864418,0.01680216802,0.03708791209,0.06415822479,0.03978300181,0.009024064171,0.03329752954,0.02747791953,0.01746976387,0.05472747497,0.02195529743,0.01369285865,0.03700379703,0.02652849741,0.03684661525,0.04870233899,0.02805832494,0.07438262422,0.02468560782,0.04252972475,0.03822036429,0.02953296703,0.07022538553,0.0643617137,0.06669630947,0.01080631754,-0.05441274054,0.03748031496,0.005121293801,0.03801959412,-0.006756756757,0.02743902439,0.0621060864,0.04799426934,0.04604286017,0.04618885097,0.0903436019,0.03802771511,-0.00613183444,0.05287713841,0.0553064275,0.04519408314,0.04316020483,0.33345595,0.08893528184,0.0611267293,0.05147973141,0.09916617034,0.02651652742,0.01628664495,0.02648633418,0.1055045872,0.05092592593,0.05425287356,0.0371541502,0.04312477907,0.07914764079,0.02376980817,0.05522514868,0.00755033557,0.03318649046,0.04465493911,0.0661793618,0.03595890411,0.01102535832,0.04438991747,0.05606258149,0.06038991916,0.02850539291,0.04244482173,0.04099857926,0.03609576427,0.0220713073,0.007138607971,0.04044877473,0.04397163121,-0.02706299911,0.05315266921,0.03595664467
-0.005026623715,0.0004058441558,-0.03917159763,-0.01506229528,0.08315565032,0.01456953642,-0.02085222121,-0.02043478261,-0.009937065253,-0.01299376299,0.07863737663,-0.01566037736,-0.02088167053,-0.001759805399,0.05943474647,0.02509819586,0.01352715526,0.01611570248,-0.04002444241,-0.01555738067,0,0.03318181818,-0.02218191964,0.002876042565,-0.02535023349,0.0004433606739,-0.03248359466,-0.004050833146,-0.04523026316,-0.02561403509,-0.008500303582,0.02654867257,-0.04493942683,-0.000283446712,-0.02225519288,-0.03534456621,0.002734107997,-0.02129817444,0.01435406699,0.0162999185,-0.04206768084,-0.06323907455,0.07237813885,0.0003541076487,0.08518252934,-0.008064516129,-0.07103448276,-0.06173312883,-0.02169574539,-0.006859035005,-0.02004876727,-0.01380042463,0.05608974359,-0.006313477903,-0.03485477178,0.03650094399,-0.02791103358,0.009527439024,0.04032531345,0.0394922426,-0.01792260692,0.008051529791,-0.02456286428,0.01364411597,-0.0207253886,-0.0009078100029,-0.008815426997,0.0239912759,0.005553182401,0.05802469136,-0.00269058296,-0.004868913858,0.1278501629,-0.034509651,0.03377177391,-0.02325581395,-0.03662138216,0.03518728717,0.02219202899,0.03739170087,-0.01863496056,0.005090297048
0.01248439451,-0.00121703854,-0.02857494765,-0.0008015272296,-0.03346456693,0.06592689295,0.01111111111,0.02374611629,-0.01388424222,0.001579778831,-0.001180637544,-0.008242284838,-0.01507970702,-0.008819930023,0.08807375441,-0.001233926484,0.01613545817,0.0109800732,0.02005092298,-0.06143207817,0.026862365,-0.0211174659,0.005736671898,0.01491253226,-0.007529089665,0.01816973189,0.02891522989,-0.01038827241,0.008613264427,0.01584443644,-0.01775872627,-0.01907001045,0.06564690436,0.0195633683,0.02048558422,0.02110367743,-0.009543285617,-0.008911917098,0.007504288165,-0.02913659449,0.03240965808,0.01591657519,0.04063360882,0.01946902655,-0.01542047373,-0.008837044892,-0.04231625835,0.09991826727,-0.03556586924,0.01262205287,0.006911805364,-0.01363473269,0.05159332322,0.02651933702,0.06620808255,-0.02367941712,-0.03768506057,0.02472631182,0.02736156352,-0.002713704206,0.01783492327,0.004792332268,-0.01323090055,0.01009534492,0.03505291005,0.05344855328,0.02445803224,-0.004259850905,0.00106202209,-0.01021003501,-0.001348920863,0.02521640948,-0.01227436823,0.002019386107,-0.04917469051,-0.009637188209,0.0564071122,0.005208333333,-0.005759858219,0.02549450549,0.02135457739,0.01473190646
0.02002055076,0.01543460601,0.06326866996,0.02995923745,-0.01425661914,0.06797305573,0.0434981685,0.008671146759,0.004410517388,0.05573080967,0.01182033097,0.006184770004,0.01115485564,-0.07081744655,0.02740219939,0.06066714351,-0.003528719859,-0.004022526146,0.09797191888,0.05690598291,0.06566882416,-0.03865168539,-0.004666599677,0.04973156259,0.07379310345,-0.003046789989,0.07253088004,0.08717765198,0.002561912895,-0.01240694789,0.008416458853,-0.02316910786,0.03951857028,0.03698553949,-0.01115241636,0.06705949606,0.04886441844,0.007109995818,0.01127899553,0.015969163,0.05886046147,-0.02160994057,0.06221045665,-0.004166666667,0.003050640635,0.03067047076,0.006821705426,-0.001486160134,0.07288664745,0.001175917215,0.08099945085,0.01273190251,0.06493506494,0.03148546825,0.1177419355,0.0907960199,0.05874125874,0.01952477436,0.1163601776,0.07755102041,0.04930725346,0.06001589825,0.03460207612,0.02304275403,0.01150159744,0.07718778077,-0.007053716766,0.02032085561,0.002758328029,0.03801945181,0.05087798289,0.008810572687,0.1023391813,-0.00866586054,0.04339963834,0.05838580424,0.05223447475,0.005726752113,0.02807486631,0.04972138877,0.06971704321,0.04764410983
0.05929379339,0.012,0.0798950632,0.04605146127,0.009297520661,-0.01032110092,0.03685827117,0.002149151085,0.05235602094,0.02938247012,0.008761682243,0.06012293507,-0.02941812676,0.02450931612,0.02789963151,0.01183178028,0.001180405272,-0.03190630048,-0.06649616368,0.09749470313,0.002910287233,0.01028517999,0.02083834398,0.04441453567,0.09441233141,0.01877319363,0.02620216931,0.01385494698,0.0468483816,-0.01399856425,0.1128284389,0.02208287895,-0.03440958881,0.1056583534,-0.04812030075,0.01594824034,0.04921259843,0.03093853821,0.008207070707,0.03279132791,0.09531574266,0.01270016565,-0.05607476636,-0.05160390516,0.02878953771,0.03356401384,0.01632275947,0.02511627907,0.08451207438,0.02865867982,-0.01397002794,-0.02334770115,0.07994579946,0.01956691886,0.006493506494,0.03534777651,-0.01453104359,0.007046070461,-0.03322919625,0.05176767677,0.08621359223,0.04649418823,0.00627090301,0.003527815468,-0.006317119394,-0.01046784162,0,-0.03511530398,0.01925518409,0.02328222601,-0.01885175664,-0.01673944687,0.02453580902,-0.01484041472,-0.00589254766,0.03893996755,0.02095973525,0.07890455531,-0.02254009536,0.04654961209,0.03330845383,-0.009962279574
0.01158296752,0.0209486166,0.01821996466,0.003077899069,0.01023541453,-0.01274623407,-0.0008463817182,0.009646150547,-0.02985074627,-0.002418964683,-0.01013317892,0.008878420004,0.02451526632,-0.0216832362,-0.03448275862,-0.0007270524084,-0.006288072313,-0.002503128911,0.002435312024,-0.03221480466,-0.01715871814,-0.05876908839,0.01760611517,-0.003865979381,0.02523474178,-0.0323548318,-0.0140026494,-0.009523622125,0.009764035801,0.02766654532,0.01305555556,-0.02267271272,-0.03739119532,0.001212709192,0.0663507109,0.05058207926,0.008130081301,-0.01309164149,0.005426841995,-0.01102072947,0.0101502233,0.05125408942,-0.02112211221,0.03014705882,-0.0530115353,-0.01941747573,-0.09090909091,0.06914700544,-0.003731002647,0.006850879196,-0.02266872746,0.03162927547,-0.1468005019,0.00383828045,-0.05161290323,0.001651982379,-0.003574620197,-0.006637961966,0.005875440658,0.01320528211,-0.01680371827,-0.005016123253,-0.0004154549231,0.04353704705,0.0152574698,-0.02359317576,-0.01202185792,-0.01140684411,0.004151961802,0.02524972253,0.0288209607,0.0340488527,0.003236245955,0.002063557573,0.0460251046,0.0437272254,0.03619665046,-0.05177180196,0.009756097561,0.02653140851,-0.01962185074,0.006123519648
-0.0006881484295,-0.0460704607,-0.03839063008,-0.02007881953,-0.03242147923,-0.09976525822,-0.02837780601,-0.04417605852,-0.03540115798,-0.02715809893,0.1175782393,-0.04058908046,-0.08766586905,-0.005729303548,0.005657708628,0.01643121324,-0.0401423769,-0.0547887913,-0.01153962952,-0.01195352591,-0.01322207959,-0.09537856441,-0.0275829346,0.002328589909,-0.03835145965,-0.04140832595,-0.03592480107,-0.0422254008,-0.04270749396,0.0007084661707,-0.01398409652,-0.0221069869,-0.0265104513,0.03948643411,-0.05481481481,-0.01517374517,0.006203473945,-0.03285714286,-0.03300809633,-0.1037410454,-0.01487138264,-0.03163900415,-0.07080242751,-0.05924339757,0.006655553266,-0.03414134517,-0.001666666667,-0.01544729248,-0.007856479803,-0.02472215922,-0.05745914602,0.0128342246,-0.01764705882,-0.0484323222,-0.09372637944,-0.03628367235,-0.02152466368,-0.004334477154,-0.02365654206,-0.05568720379,-0.02072727273,0.002880806626,-0.04364089776,0.01606633843,0.01628052599,-0.1025061077,-0.0005530973451,-0.03406593407,0.007856109159,-0.01217861976,-0.03225806452,-0.04473872584,-0.03419354839,-0.01482701812,0.007666666667,-0.05486284289,0.006777893639,-0.01590246488,0.02766798419,0.0186240973,-0.03717107926,-0.01913065778
0.02573114379,0.04383116883,0.05559941356,0.07270848833,0.06806282723,-0.003911342894,0.03679163034,0.004,0.02057966044,0.0149551346,0.01989008113,0.03182328716,-0.00953743443,0.006531801414,0.02021800281,0.019744691,0.003090234858,0.05309734513,0.05560675883,0.01408624357,0.05268635358,0.02608695652,0.03248932993,0.01342281879,-0.002976190476,0.02818202818,0.04419211745,0.08162990158,0.04377104377,0.02300884956,0.03364849833,-0.02539771142,0.05422535211,-0.02213936145,0.06739811912,-0.004194926883,0.02651048089,0.03123021735,-0.02125375698,-0.009473060983,0.142118863,0.1023031601,0.01669085631,0.0660091047,0.01902216048,0.01237186285,-0.07195325543,0.0424137931,0.02866711373,-0.1081395349,0.0341163311,0.05174234424,0.00748502994,0.02973479775,0.01918265221,0.002281802624,0.04124656279,0.01378559768,0.134011367,0.1141781681,0.05829929447,0.03375224417,0.08735332464,0.08849783219,0.0123228589,0.03110722084,0.03929164361,0.05233219568,0.1017435897,0.03232876712,0.03903508772,0.0726863994,0.05811623246,0.01484113712,0.08766126365,0.06226912929,0.01398239254,-0.0083490439,0.02435897436,0.05820895522,0.04232292569,-0.04787053256
-0.004981913965,0.02488335925,0.01153846154,0.0535264851,0.0004901960784,0.01047120419,0.0195930037,0.03607791058,0.01226684591,0.02848722986,0.03592507057,0.02612481858,0.01251805489,0.03894815472,0.02067895916,0.01164083065,0.01437666872,-0.01176470588,0.03754365541,0.0812006079,0.01680672269,-0.009004237288,0.01923378039,0.0287824758,0.02805970149,0.03325095484,0.06472805196,0.01492895085,0.01048387097,0.03702422145,0.01937046005,0.06242840779,0.04297261189,0.04242135367,-0.005873715125,0.04094448819,-0.006606606607,0.01145897278,0.01930247861,0.04094441124,0.01821862348,0.01214771623,-0.02212705211,-0.0103202847,0.00182592818,0.006284916201,0.1118906278,-0.02414819716,0.02823515634,0.02633637549,0.03948080043,0.006693440428,-0.08023774146,0.01326742976,-0.04582651391,-0.03244166192,0.04929577465,0.0101986044,-0.0287523081,-0.09346846847,0.1042105263,0.006252170893,0.0379696243,-0.007966260544,0.02191113816,0.03286472569,0.06762513312,0.02216216216,-0.01601191584,-0.02521231423,-0.0008442380751,-0.02200488998,-0.01830808081,0.08486096807,0.03984184915,0.09736711376,-0.02451481103,-0.002444323737,-0.0104297038,0.02221438646,0.06409739254,0.03072656379
0.0664717507,0.08801213961,0.3164332488,0.003840940964,-0.02841744243,-0.03886010363,-0.02268041237,-0.07220679342,-0.09810756972,-0.04250238777,-0.0364131781,-0.06966053748,-0.03281027104,-0.0187440319,-0.02667567111,0.0350410547,-0.1064992914,0.007653061224,-0.03366058906,0.1078250847,-0.04132231405,-0.06520577231,-0.01078173139,-0.005199306759,-0.02032520325,0.04348771472,-0.04832018078,-0.07236587278,-0.03910614525,-0.001668335002,-0.006598046978,-0.05876010782,-0.07066411329,-0.06218564243,-0.04505169867,-0.01486347007,-0.03325272068,-0.01294760267,-0.01140520766,-0.07809359747,-0.04490702842,-0.06529044647,-0.05255474453,-0.02193455592,-0.04738760632,0.01318528799,-0.04222617699,0.02118644068,-0.03066783598,-0.04928861789,0.02107180021,0.05518617021,-0.1195476575,-0.04492939666,-0.08490566038,-0.02,-0.1078020134,-0.02373361672,-0.02661596958,-0.08322981366,-0.03527168732,-0.01725923369,0.00539083558,-0.08148323099,-0.02084574151,-0.0693099711,-0.01945137157,-0.0301427816,-0.1228003784,-0.03648243942,-0.02872834812,-0.045,0.01736334405,-0.007594456047,-0.02339865458,-0.03440470801,-0.07329842932,-0.01170705146,-0.03035413153,-0.01207312867,-0.04283645572,0.009932422232
-0.06504250545,-0.02789400279,-0.046533253,-0.03648470043,-0.04135148764,-0.02223719677,-0.02953586498,-0.01749942436,-0.03497147064,-0.03341645885,-0.004884318766,-0.04580007602,0.02777777778,0.0352046161,0.001734605377,-0.09173184358,-0.03489689554,-0.01054852321,-0.04586357039,-0.02483061385,0.05159736308,-0.1200686106,0.00173371396,-0.0343454455,-0.06046235922,-0.09272765159,-0.05651504471,-0.03815013596,-0.1387043189,-0.02606951872,-0.03161530287,0.07187857961,-0.01585113715,-0.2130667967,-0.04872389791,-0.05409452144,0.02376485303,-0.0643574503,-0.02503265128,0.1258175023,-0.06771152198,-0.07498715973,-0.07010785824,-0.05147058824,0.01403061224,-0.02705479452,-0.005067567568,-0.09443983402,-0.07947126212,0.007215392838,-0.04840764331,-0.01953371141,0.152293578,-0.05215053763,-0.0328022493,-0.06602641056,-0.01927597555,-0.02812046444,-0.05050223214,-0.108401084,-0.0790513834,-0.01475237092,-0.03370356185,-0.03985600411,0.05717761557,-0.03465442618,-0.02288911495,-0.086695747,-0.02221742882,-0.03588584346,-0.05393649413,-0.02842183994,-0.1049304678,0.007078630189,-0.03324348607,0.05250820441,-0.008474576271,0.002479338843,-0.02304347826,-0.03631284916,-0.05454387035,-0.007152937452
0.06417988264,0.03981348637,0.06588690677,0.05340876223,0.02367175171,0.04410751206,0.04304347826,0.09163346614,0.04730116346,0.08875128999,0.03435804702,0.07827126071,0.07031810572,-0.04015637874,0.04658008658,0.06858162136,0.06621272599,0.05031982942,0.1089139033,0.06319528475,0.04050632911,0.01884340481,0.06206608845,0.1391752577,0.01072555205,0.02112999541,0.07379152371,0.03698448833,0.1128254581,0.0387783116,-0.05651577503,0.05690622495,0.1311834734,0.01858736059,0.05528455285,0.07196160403,0.09407452657,0.06549835706,0.0332663541,0.1062240664,0.04504859469,0.08439755691,0.1151615576,0.0515503876,0.04079874214,0.08940513904,0.07130730051,0.161473607,0.07434243556,0.11435394,0.05595716198,0.04787917738,0.1703821656,0.05587067499,0.1841085271,0.07133676093,0.06759348035,-0.04162777674,0.02262709374,0.141337386,0.1133762518,0.08912655971,0.09353943718,0.05597214783,0.01898734177,0.0941241518,0.0583029672,0.06567164179,0.06154864328,0.09642438453,0.03448275862,0.05350269438,0.1115819209,0.05129179331,-0.1164807931,0.05523385301,0.1475783476,0.03709810387,0.03204272363,0.08115942029,0.07988371411,0.04414343406
0.02566365532,0.01897205933,0.03884108313,0.02447930505,0.03956834532,0.04620462046,-0.005002084202,0.01824817518,0.02240029139,0.04549763033,-0.01598401598,-0.00240118212,0.01698324022,0.04146191115,0.01125082727,0.1865538479,0.02466417089,0.05359317905,0.00987654321,0.03951587243,-0.001737921446,0.2576530612,0.02305021949,0.03054298643,0.003121098627,0.02024291498,0.0363744564,0.02192203231,0.01559792028,0.004955401388,0.0351846467,0.009605662285,0.02352460488,-0.01916058394,0.005385208012,0.0604290108,0.004466778336,-0.001644736842,-0.0008643042351,0.0127531883,0.0128189016,-0.07578084997,0.02154531947,0.03870254331,-0.007372180292,0.01680129241,0.04009508716,0.1159854821,0.03124665851,-0.01238095238,0.006085192698,0.008892977614,0.09795918367,0.005372011818,0.01554828151,0.01139772046,-0.001347103727,0.02610050643,0.04224137931,0.017310253,0.02762608416,0.02749590835,-0.005436752447,-0.004311437991,0.005081874647,-0.03326044212,0.0127889818,0.03417366947,0.0178719867,0.04677893611,0.03955555556,0.008037997808,0.08068614994,-0.002529815685,-0.05338709677,0.05445335585,0.07795431976,-0.0007949125596,-0.003449762829,-0.006032171582,0.03355418322,0.008197590341
-0.003631608545,0.01354096141,0.01071509993,0.01053362606,-0.04102817598,-0.04794952681,0.001256807708,-0.008855154965,0.001959387246,-0.02039891206,0.0005076142132,0.03036474727,0.0008789277082,-0.01049906515,-0.008998691099,0.0278936645,0.005587792822,-0.03121387283,-0.01005161641,0.01546919699,0.02077530176,-0.05780933063,0.006828010408,-0.02063666301,-0.03858120722,-0.03637566138,-0.06318132829,-0.01387820353,-0.02303754266,-0.0161078238,0.002808988764,-0.01752628943,-0.01854439223,-0.1782945736,-0.0498011479,0.002606493096,-0.0005558643691,-0.01338550247,-0.04952422145,-0.02814814815,-0.03623278322,-0.04432132964,-0.05454545455,-0.008516678495,-0.003652589991,0.006990784874,-0.03428310224,-0.02516968326,-0.04980088096,-0.087512054,-0.01864919355,0.008814589666,-0.06567534077,0.006679134384,0.001611603546,0.006524317912,0.01393884892,-0.02012148823,-0.04190791288,-0.01570680628,-0.01062832135,-0.03536158012,-0.112244898,-0.01604686704,0.01179775281,-0.05366952423,-0.006313744536,-0.04604550379,-0.01265822785,-0.02579162411,-0.03719538264,-0.0275462124,-0.06407995297,-0.003623188406,-0.009904657486,-0.01561248999,-0.06172270843,-0.002916998144,-0.015577672,0.04180714767,-0.0596377448,-0.03423153609
-0.02899555954,-0.01770207081,0.02187969925,0.001116458569,-0.01030927835,-0.02849569251,-0.02092050209,-0.0191448628,0.001777777778,0.0134197131,-0.0134449518,-0.003593890386,-0.01207464325,-0.02779516995,-0.01089648341,0.01052432866,0.003205813208,0.005966587112,-0.03732162459,-0.02898315499,-0.02444570779,-0.01237890205,-0.01785866123,-0.01524321901,-0.03106796117,0.0382063601,-0.04579144899,0.04349720353,-0.005240174672,-0.02405613097,-0.02044817927,-0.01172273191,-0.02465072997,0.09132075472,-0.007258064516,-0.0009259265854,-0.006117908788,-0.03485702359,0.0006825938567,-0.0137195122,-0.0306424617,-0.02086956522,0.004615384615,0.07337151038,-0.00265172576,-0.01072893657,-0.005995582203,0.06396866841,-0.02019165094,0.01030383091,-0.04776579353,-0.04820729135,0.1047745358,-0.01592356688,-0.009654062751,-0.02710665881,-0.0199556541,-0.03796977916,-0.0218705036,0,0.01232227488,-0.02113606341,-0.03735632184,-0.01164897748,-0.01443642421,-0.06494862962,-0.04887585533,-0.0005678591709,-0.03453267163,-0.03433813893,0.005328596803,0.005218039508,-0.04962311558,-0.004909090909,-0.0404040404,-0.02399349329,0.01669121257,-0.006382978723,-0.03164835165,-0.002912621359,-0.03523420288,0.005313681423
-0.0548276176,0.01292077525,-0.01250827754,0.005575039233,0.0609375,0.1780354707,0.03461538462,0.01106050748,0.00230700976,-0.02283105023,-0.03111339676,0.001442741208,-0.002444444444,0.003760609058,-0.009347354365,0.009340556697,0.02897315722,0.0525899565,0.03677309008,-0.04639612212,0.01643356643,0.04795640327,0.009895795074,0.007739585705,0.03206412826,-0.001762891141,0.06979938729,-0.05517094059,-0.04038630378,0.01335159192,0.009150700601,-0.01134605467,0.03390473061,-0.02005532503,0.07636068237,0.02855209849,0.01734750979,0.01665224913,-0.00272851296,0.0095311695,0.0005312790543,-0.04085257549,0.2320061256,0.01500500167,-0.0355320309,0.03668261563,-0.00253968254,0.03312883436,0.04121551109,-0.02641213389,-0.02993527508,0.05887939221,-0.04801920768,0.04314994606,0.1242891958,0.01938219261,0.01085972851,0.02939991945,0.1247425713,0.1343085106,0.015917603,0.02631578947,0.05415778252,0.0214772132,-0.005070422535,0.08656985736,0.02929085303,0.06988636364,0.08010280574,0.06026058632,0.02650176678,0.04708935855,0.09847984137,0.06157500457,0.009356725146,0.05708333333,0.03331723805,0.03559957173,-0.08079891058,0.07400194742,0.06062285913,0.02291868848
0.04250022228,0.01074185968,-0.0210863572,0.01616989776,-0.01914580265,0.01737116387,-0.01528294093,0.007293007293,0.006728045326,0.06728971963,0.01406581741,-0.02971366829,-0.00490086879,0.01087292767,0.00202190396,0.02470849528,0.01180124224,-0.02404207363,-0.01622216112,0.008951934995,0.009287925697,0.01664066563,-0.01777401388,-0.008809577592,0.02330097087,0.03002207506,0.04894090695,-0.01989579373,-0.009149130833,0.02668918919,0.01785208274,-0.01095461659,0.005500113058,0.002117148906,0.02339622642,0.01511038996,0.03245324532,0.01233780047,0.02393980848,0.03597856596,0.02482410726,0.01419753086,-0.02610316967,0.005256241787,0.02435321692,-0.01538461538,-0.0238701464,-0.01530746899,0.03509953452,-0.005640612409,0.01501251043,0.002391629297,0.02017654477,0.0183557394,0.0137283237,0.05169340463,0.02820053715,0.001956181534,0.01831022757,0.05392731536,0.01689708141,-0.0006574621959,-0.006472491909,-0.007692307692,0.003963759909,0.005723379858,-0.00299550674,0.02655337228,-0.005552250644,0.01843317972,0.03055077453,0.01168555241,-0.003008423586,-0.007056798623,0.05407493241,-0.003547497044,-0.01028037383,0.002843111915,-0.02172839506,0.008159564823,0.04132179828,0.003015594691
0.006346837242,0.01361673863,0.01073222713,0.004952477547,0.005505505506,-0.01138303927,-0.008389261745,-0.08091993186,-0.00228631727,0.01313485114,-0.04187385501,0.04101707498,0.01656592792,0.0007367108693,-0.003363040188,-0.01006953852,0.04542664211,-0.005388760585,0.04192286193,-0.04343186161,-0.009316064531,0.1227621483,-0.007656664075,0.0307657247,0.004427577483,0.02464637805,0.06454368522,0.00926906502,0.01385041551,0.008884501481,0.03563474388,0.006592827004,-0.003847252527,-0.001408450704,0.02064896755,-0.00798914615,0.007458710709,0.01323807523,-0.02694277444,0.0381773399,0.01968911917,0.02617163725,0.1116783663,0.01699346405,0.009090514488,-0.0325,-0.06309096837,-0.01755561512,0.01226629925,0.006753106429,-0.002191180498,-0.01163137489,0.07911001236,0.03630363036,0.01211689237,0.06101694915,-0.01393121463,0.0152284264,0.005908040072,0.03559510567,0.04622356495,-0.00625,0.01872964169,0.03979328165,0.005640157924,0.0004717769281,-0.00150225338,0.05690636317,0.04725822532,0.08647561589,0.04384133612,0.0416520826,0.06698853349,-0.03778817819,0.009527299377,-0.007120253165,-0.00566572238,-0.01572164948,0.001514386673,0.005095923261,0.05357116102,-0.01846987982
0.06749627453,0.02129750983,0.04910008284,0.04040544618,0.01045296167,-0.01727115717,0.01861252115,0.002316960148,0.01639344262,0.02895419188,0.01884730948,0.01158851845,0.01871834398,0.01815504842,0.02176480513,0.04565980933,0.04266979839,-0.01354489164,-0.00241416309,0.06263134681,0.01410550459,0.1116173121,0.009352170935,0.02188812735,0.06297229219,0.01317715959,-0.002192256784,0.04372759857,0.0364298725,0.01108936725,0.05,0.004191773644,0.008334350214,0.07440056417,0.001445086705,0.05485773126,-0.01163405605,0.01327250104,-0.02013729977,0.02538552788,0.0699949187,0.06168446026,0.02181400689,0.008354755784,0.001640724377,0.001291989664,0.04419697233,0.0008184422316,-0.007482324474,0.00241481084,0.005764479824,0.03349426675,0.07674684994,0.03356197942,-0.008450704225,0.004792332268,0.01324503311,0.02134615385,-0.01838610827,0.07841031149,0.009529309847,-0.01952995697,0.01678657074,0.05168986083,0.01402131239,0.03272391469,0.01404212638,0.0009789525208,0.03027418126,0.01735307728,0.0092,0.03494623656,0.01640271493,0.00162132949,0.03629764065,0.03147410359,-0.0113960114,0.02854150301,0.03830645161,0.01431553832,-0.003135732418,0.007003837483
0.01133972875,-0.007058068656,-0.03883425454,0.006229287435,0.02857142857,-0.005858230814,0.02533222591,0.0009246417013,0.0009590704128,-0.03191936161,0,-0.01762425097,0.01469952443,-0.001818727892,-0.01898943197,-0.02303262956,0.006945748076,0.02040015692,-0.002688894864,-0.06731450057,0.001130837951,0.009426229508,-0.007876614666,0.01254868023,0.01303317536,-0.0039223782,0.01976536915,0.001254180602,-0.007029876977,-0.006129032258,0.005632360471,0.004435168276,-0.0145159924,0.002625533311,0.03174603175,0.007373336839,0.001605136437,0.01166598445,-0.003035964503,0.0236001851,0.0004748901816,0.01396648045,0.03876404494,0.009241555131,-0.01492638037,-0.005806451613,0.07482086319,-0.01185770751,-0.007900621307,0.1150963597,-0.0008187772926,-0.004087591241,0.01063829787,-0.00379236786,0.05255681818,0.004239533651,0.00174291939,0.006025230653,0.03746097815,0.08067729084,0.006006864989,0.01215395003,0.009040880503,0.01228733459,0.01769911504,0.01010254752,-0.01137487636,0.00195599022,-0.01423027167,0.02933818513,0.00594530321,0.004545454545,0.05119643851,-0.007913669065,-0.02451838879,0.001158748552,0.01729106628,-0.006364562118,0.02475728155,0.005292561011,0.02707637878,0.007822379439
-0.01822207976,-0.02197092084,-0.02682598954,-0.04090997485,0.003352490421,-0.009428403064,-0.004050222762,0.03672055427,-0.01204706551,0.00694143167,-0.006702412869,0.02744886975,0.05006391138,0.04994734467,-0.001009930988,-0.02254866941,0.004847129008,-0.0003844675125,-0.02372607172,-0.004672774869,0.01920253022,0.008526187576,-0.005136626275,-0.006837606838,-0.02105263158,-0.01222797927,0.0107724453,-0.01882890943,-0.03628318584,0.01330736774,0.02571283096,-0.00961038961,0.06139979247,0.1070376432,0.03986013986,0.008161419932,-0.05074786325,-0.01051992717,0.06066994612,-0.0544755877,0.05256912306,0.006611570248,-0.01081665765,-0.0113672245,0.01847203971,0.0301752109,0.07054263566,0.01572413793,0.01266717095,-0.06361017763,0.06364381317,-0.01260627382,0.1673684211,0.09588389246,0.01282051282,0.06121372032,0.003479773815,0.04323413812,0.0388665998,0.004608294931,0.04464031845,0.006671114076,0.02259446825,-0.008169934641,-0.002173913043,0.07681006555,-0.004502251126,-0.03221083455,-0.007686539183,0.01347768449,-0.02521670607,-0.009696186167,-0.02858655373,0.003444525018,0.06786355476,0.01813271605,0.002360717658,0.07045862157,-0.02984367598,-0.03656039778,0.009813045169,-0.03449722979
-0.0198929227,0.01949124546,-0.02431163091,-0.03511792064,-0.007159904535,-0.01070791196,-0.007726718178,0.01403430608,-0.01350403367,0.002585092632,-0.01214574899,0.004365287236,-0.01541894908,0.02708124373,-0.009435551811,-0.04632040565,0.005194805195,-0.05769230769,-0.009389671362,-0.04283102981,-0.002105729802,-0.038647343,-0.007980139271,0.03098106713,0.004778972521,-0.00524548888,-0.06321386056,-0.04179500689,0,0.007687379885,0.003971208737,0.002098085497,-0.03509634575,0.1537551745,-0.07666442502,-0.008705714097,0.02419808666,-0.01983234512,-0.008833922261,-0.03872818551,-0.01871476888,-0.06787082649,-0.06451612903,-0.07505589269,0.006322882843,-0.03401574803,-0.02968863143,-0.01208582292,0.04717596384,-0.0435785696,-0.02413970211,0.02167458432,-0.1109107304,-0.004342162397,-0.01532311792,0.03480855296,0.009536194192,-0.002511661285,-0.1112720251,-0.07064220183,-0.002449646162,-0.02418820411,-0.006476190476,0.01718051306,0.02668845316,-0.03967990205,0.01909547739,-0.05950579929,-0.009068581145,-0.04120340092,-0.04931285368,-0.06266318538,-0.03160762943,-0.009756097561,-0.06018829859,0.008336491095,-0.0621761658,-0.02656773576,0.00732421875,0.006375227687,-0.05707506619,-0.01339977608
-0.01386537769,-0.04990278678,-0.05372030832,-0.06896517275,-0.02307692308,-0.03728202044,-0.05778688525,0.004173989455,-0.0096,-0.03738719381,0.001912568306,0.01373435327,-0.03338141356,-0.06389508929,-0.02109202245,-0.02840446424,-0.02787006275,-0.03306122449,-0.04767214943,-0.03572115517,-0.04697912039,0.09505862647,-0.023655682,-0.0550918197,-0.05707491082,-0.02573296773,-0.04018374619,0.05429782914,-0.07070707071,-0.03496503497,-0.02447466007,0.009683328971,-0.1017206235,-0.06586365966,-0.07938820102,0.09699273899,-0.02857142857,-0.03879849812,-0.01180926916,-0.01715991047,-0.04779411765,-0.01174398121,-0.02162478083,-0.0328038674,-0.01154544957,-0.03814802739,0.01910447761,-0.1026804124,-0.06109103549,-0.0924685071,-0.04973684211,-0.04126707353,-0.007099391481,-0.07021369385,-0.05615696888,-0.04709274387,-0.03134392443,-0.01258992806,-0.05241716458,-0.0789733465,-0.05347885402,-0.005093378608,-0.05099693252,-0.04789449329,-0.02015915119,0.1186852818,-0.0157790927,-0.02841823056,-0.02287893232,-0.05661664393,0.03656462585,-0.03621169916,0.06471581317,-0.009852216749,0.01466905188,-0.03532506576,-0.04520341537,-0.03934103762,-0.02569074164,-0.06696832579,-0.03283590798,-0.01539296792
-0.04109173512,-0.03103683492,-0.01196907988,-0.01292708557,-0.03494094488,-0.004372267333,-0.0113092649,0.04594180704,0.05402979716,-0.007589285714,-0.007908371966,-0.02315211799,-0.1522063526,0.01336313959,0.006255430061,0.006704791954,0.02354281375,-0.0270156184,-0.04918032787,0.2422135469,-0.002913413355,0.0137667304,-0.004847423546,-0.01303003534,-0.05107187894,0.02511366097,-0.01026076844,-0.02195454637,-0.00395256917,-0.01482213439,-0.005828687278,-0.008812856402,-0.0249144047,0.02167352538,-0.009493670886,-0.02912736943,0.02488687783,-0.006076388889,0.04847801578,-0.00455465587,-0.06262065637,-0.005347593583,-0.01015531661,-0.01749375223,0.02397536071,-0.006101694915,0.2888107791,-0.005208333333,-0.03453448821,-0.02569403426,0,-0.02849348287,0.08580183861,-0.02603189493,-0.05089605735,0.02067574382,-0.02393617021,-0.0007285974499,-0.03640011465,-0.01714898178,-0.01816085327,-0.0003412969283,-0.03797979798,0.02818955043,-0.06172171088,0.02200512883,0.01553106212,-0.01214128035,0.01775609756,-0.04314292601,-0.01640689089,-0.02312138728,-0.05391120507,-0.0145568454,-0.03314527504,0.01986754967,0,0.006654722293,-0.005472636816,-0.02651147753,-0.020640403,-0.00597503322
-0.003134593402,-0.02428722281,-0.01716160511,0.0008449279768,-0.01325854156,-0.04579673777,0.03383194017,-0.03597573729,-0.02145776567,-0.01439496176,-0.08493677845,-0.03844803371,-0.05682675383,0.01069224526,0.003971680193,-0.01753183154,-0.01984789464,0.002169197397,-0.01323891626,-0.002133370036,-0.01238896681,-0.02791399472,-0.01631172407,-0.02125755203,-0.003986710963,-0.02914466737,0.008776369783,-0.02934872894,0.007936507937,-0.01838849883,-0.02243181239,-0.001307531381,-0.03011635866,-0.04215896885,-0.03594249201,-0.01430062812,-0.01986754967,-0.01179039301,-0.02817204301,-0.04880528724,-0.004376367615,0.04480286738,-0.02293301147,-0.0261627907,-0.0570341064,-0.01568894952,-0.05079545455,-0.0594394826,-0.02296375888,0.02849348287,-0.05926336195,0.008112324493,-0.06302916275,-0.007705273296,0.02039274924,-0.05286561265,-0.02270663034,-0.01822821728,-0.01933372992,-0.02835332606,-0.05519671169,-0.04677364288,-0.02981940361,-0.00472701489,-0.01846508944,-0.07150822858,-0.01036013814,-0.01508379888,-0.03872699387,-0.001259445844,-0.02168473728,-0.0225591716,0.0156424581,-0.04338070307,0.006199854121,-0.0435446906,-0.06628090479,-0.02059496568,-0.02301150575,0.01361673863,0.006113947346,0.006938508266
0.03224864233,0.007575757576,0.02422323033,-0.0006565697992,0.05581395349,0.008547008547,0.01110685561,0.01996094598,-0.01705534285,0.03149246919,0.006007810153,0.03870732153,0.03545721141,0.02573913793,0.01960784314,0.03568936297,0.04485238456,0.04025974026,-0.01872074883,0.03743678161,0.02284023669,0.1358168413,0.004700690714,0.07818930041,0.01200800534,0.01522732217,0.03718338127,-0.03201098727,0.09350393701,0.001021798365,0.02294654498,0.04215763289,0.05622441778,0.03756658256,0.03314001657,0.02429325513,0.03096846847,0.02408307556,0.02743969905,0.02565473009,0.01771170006,-0.08176100629,0.07164916615,0.04440298507,0.02652371281,0.02321552322,0.06752065126,0.1100196464,0.03429653069,0.102858827,0.04651162791,0.0133085732,0.1134538153,0.01504489202,0.0266469282,0.02973395931,0.003252788104,0.04288897141,0.06308765544,-0.05274971942,0.05500310752,0.03510028653,0.04848484848,0.02493469485,-0.01058201058,0.006623141531,0.04636091725,0.03573454339,0.03230953331,0.005044136192,0.04688832055,0.03102534998,0.02860286029,0.003909304144,0.07828923523,0.01158146965,0.03549295775,0.03271028037,0.01843317972,0.03079947575,0.04595097236,0.006430113159
0.0001781615821,0.02864303616,-0.01378906903,0.0181572935,0.02153695546,0.055410691,0.02272727273,0.0185067007,0.01097733711,0.01327433628,0.0376231711,0.0490420109,0.004376930999,-0.004812693742,0.02547233468,0.1024641448,0.008331823945,0.02913025385,0.07154213037,0.03308330656,0.03401596668,-0.1277758797,0.02488471757,0.003604749788,0.021094265,0.07070923505,0.0289826277,0.06935879945,-0.04320432043,0.1010547805,0.03364771858,-0.02713567839,0.04276159741,-0.01729262362,-0.001603849238,0.045718188,0.07099945385,0.02071197411,0.01550721516,0.04012506514,0.04331808943,0.03300124533,-0.04265129683,0.06788138621,0.02398392389,0.02573653911,0.2223842099,0.04572271386,0.01937223063,0.0005344735436,-0.005344585091,0.002748930971,-0.0342651037,0.0533110208,0.1023792358,0.05015197568,0.03427512737,0.01798112872,0.005706134094,0.05924170616,0.00795287187,0.03114186851,0.07679603633,0.02201112141,0.002970885324,0.09213946631,0.02810862315,0.02847754655,0.03091190108,0.06323713927,0.03827361564,0.01211009174,0.1085561497,0.06308411215,0.1401680672,0.02171338334,0.07943416757,0.03795877325,0.07642031171,-0.02606484425,0.02777594849,0.004562952594
0.04278259776,0.01009397842,0.0553342937,-0.0186252752,0,0.03953057443,0.01234567901,-0.007727652464,-0.00350262697,0.01703056769,0.01928057554,0.02714477212,-0.08843886183,-0.007945558406,0.01414706366,0.04134107478,0.01993892581,-0.004043671654,0.0353115727,0.06786568429,0.0791093208,-0.006267136702,0.008894539695,0.06655398267,0.01936733376,0.02201320792,0.02001443995,0.02578077159,0.02916274694,0.01668726823,0.03205918619,0.02195247934,0.03203752235,0.04454220511,0.004016064257,0.03354534713,0.09026007139,0.03381948848,0.04559915164,0.0378256513,0.03372701814,0.01687763713,0.01444912703,-0.002341920375,0.1160932768,0,-0.1839449541,0.1021156559,-0.005118421665,0.02323717949,0.0189479638,0.002436795614,0.07376283847,0.01951883795,0.024852845,-0.002894356006,0.0223914017,-0.005071703393,-0.003120567376,0.09284116331,0.03857393337,-0.005033557047,0.07937116564,-0.008161414645,-0.01184834123,0.03389936322,0.02270620945,0.004259850905,0.07440029985,-0.04460703328,0.03529411765,0.001812907904,0.02990834539,0.01776556777,0.07783018868,0.05061823802,0.08366935484,0.01114071204,0.04717421766,0.02676240209,0.01571254654,-0.01771781026
0.04827888812,-0.01343900758,0.04472458648,0.05592353883,-0.004791566842,0.04337492573,0.06219512195,-0.01052410019,0.01247803163,0.001288106483,-0.01919819311,0.004730831974,0.09083239595,0.01567247976,-0.01589618816,0.006875157206,0.01567453329,0.002436053593,0.004872456291,-0.0146327746,0.01918291165,0.003941663382,0.02811327878,-0.00911251981,0.04623179227,0.05110632465,0.03779486082,0.04019660518,0.0155393053,0.03282674772,-0.01672640382,0.005054334091,0.01468953914,0.01789944722,-0.0112,-0.007416838362,0.00187090739,0.02044571662,0.05050709939,-0.0007241129616,-0.01389870436,0.02430349733,0.004154302671,-0.01006036217,0.02821992001,0.03169362826,0.01180438449,0.008446378295,0.02498324057,0.0375880971,0.08215376075,0.0258280158,0.04260869565,0.01179875334,0.01595405233,0.08176100629,-0.0008760402979,-0.004921778872,-0.005406943654,-0.01842374616,-0.005346088914,0.02495784148,0.0269982238,0.02834285714,0.01318944844,0.03059899765,0.02356139556,0.002651113468,0.006453863597,-0.02173913043,0.008712121212,-0.01411509229,-0.06838407494,-0.01601583588,-0.01832603939,0.08311879367,-0.006046511628,-0.002395209581,0.04906333631,0.03337571519,0.03403706507,0.04023971046
0.02172725268,0.02305274188,0.007839520406,0.001244348834,0.01925854598,-0.001708428246,-0.001913509376,0.01084875558,-0.01249783024,0.04716981132,-0.01640759931,0.005845104725,0.002062387213,0.01336623807,-0.001977913301,-0.005495878091,0.02132824692,-0.03037667072,0.0122646891,0.01340277636,0.0163800997,-0.02709069494,0.02526285201,0.01659336265,-0.003631961259,-0.01546199702,-0.02171464827,0.05797448013,0.03870387039,0.01942319011,0.01992709599,0.01734976113,0.0426290896,0.03387638997,-0.01051779935,8.42767649e-05,0.02474323063,0.01562813064,0.03398339448,0.04444444444,0.01003344482,0.03414351852,0.01418439716,-0.02032520325,0.002105907625,0.03808,0.01877777778,-0.03629441624,0.02580784997,0.007044025157,0.0618107207,0.02488151659,0.08256880734,0.009460946095,-0.0351758794,0.01207513417,0.007891275756,0.004592828122,-0.06494992847,0.01459854015,0.007355021216,0.02007239223,0.01210653753,0.08913091798,0.02840236686,-0.007067422478,0.01549358123,0.006874669487,0.005719237435,-0.03409090909,-0.01051445738,0.00550660793,-0.05580693816,0.004572055596,0.01337419894,0.06213921902,0.01357042583,0.03241296519,0.01232993197,0.00953552753,-0.01855291342,0.01778549012
0.004065409309,0.010583817,-0.005033173187,-0.0100853961,0.05054322154,0.0142612664,0.007668711656,0.01325757576,0.05624890139,0.03357903358,0.03394790752,0.0395480226,0.03621044507,0.00575476332,0.005450041288,0.01741605962,0.0156196944,0.03299916458,-0.01521555368,0.04726991119,0.02282282282,-0.01694915254,0.01333666578,0.02005899705,-0.007290400972,0.02194891202,0.002869835917,0.03006138852,0.03639514731,0.007577944573,0.02156302121,0.05684626792,0.01329812207,0.005252626313,0.04497138185,-0.02303426966,0.0437357631,0.01144209903,0.02128851541,-0.01757631822,0.04694891202,0.03861219922,0.02156177156,0.0397648686,0.04424699525,0.001541307028,-0.06183880467,-0.03160389781,0.03249446749,0.004496627529,0.04420289855,0.006069364162,0.01617873652,0.05448997384,0.02115885417,0.006628369421,0.02653327534,0.02356251099,0.09853121175,0.06166495375,0.005054759899,0.03290322581,0.008202323992,-0.01653061224,-0.01208285386,0.0142428288,0.0143853531,0.02258403361,0.0392900224,0.06248366013,0.02732447818,0.05293902884,0.04938764643,0.02129983616,-0.01649711301,-0.0006393861893,-0.03277931671,0.03209302326,0.02645947081,0.00365630713,0.01219032095,-0.01747469412
0.03399559599,-0.0003378378378,0.0356403771,0.00887928226,0.00404676259,0.04049493813,0.008751902588,-0.0471443406,-0.00299550674,-0.02496038035,0.06113784319,-0.0298136646,0.03680715039,0.02724169486,-0.01215505913,0.05205332894,-0.02340354397,0,0.0226037196,0.01384820751,0.0005871990605,0.1001642036,-0.006468690167,-0.01407364565,0.01346389229,0.02203295686,0.03854299711,0.007759014149,-0.005016722408,-0.0166893489,0.004081632653,-0.02338634238,-0.005594616195,-0.02463299328,0.04147104851,-2.875217295e-05,-0.001745962462,-0.01443339185,-0.02212470287,-0.03107344633,-0.04687676494,0.006465517241,0.001711351968,-0.04156967077,0.00285473629,-0.04001231148,-0.02104161823,0.09844982323,0.05854560468,-0.08629694106,0.01480453389,-0.00459638035,0.06595905989,0.001033484911,0.00605674211,0.02194907814,-0.009322033898,-0.0001717917884,0.03593314763,0.02904162633,-0.004470522492,0.05059337914,0.002033898305,-0.004357750571,-0.01281304601,0.01017395352,-0.007735281478,-0.01027221366,-0.03382523628,-0.01648622047,-0.05024011821,-0.0145631068,-0.04097424838,-0.01889483066,0.01062342745,0.01343570058,-0.02243436754,-0.01081568274,-0.0290507365,-0.01214329083,0.03434275888,0.02267660917
0.0262480948,-0.01081446435,-0.02686500888,0.01521823616,0.01164352888,0.0172972973,-0.01282534892,-0.0008718395815,0.008512769154,0,0.009069085089,-0.007202304738,0.01843869732,-0.01080488647,0.01130695045,0.007743966832,-0.01523450873,0.02668823292,0.006994963626,0.08240899489,0.001564945227,0.003731343284,-0.003368011568,0.01642549863,-0.003019323671,-0.01268115942,0.0164936096,0.00329222408,0.01092436975,0.01631701632,0.01231126597,0.007423371648,0.02135701805,0.001530612245,0.01577761082,-0.005721846932,0.01661565369,0.01721749456,0.02786088257,-0.01239067055,0.02310974164,0.02248394004,-0.004555808656,0.02185981957,-0.002680641543,-0.003526771401,0.02707516922,-0.001980688289,0.03708087722,-0.02204681546,0.02028721222,0.03318903319,0.03840682788,0.02622341524,0.01267427123,0.06142611684,0.02010265184,0.02371134021,0.03226673837,-0.002822201317,0.03760875667,0.04399524376,0.02097428958,-0.01375573155,-0.007079646018,0.0260606017,0.01862278042,0.02906071614,0.04650763686,0.01651238429,0.02450408401,0.02005629838,-0.02222222222,0.000726744186,0.04260027663,0.02430555556,0.0380859375,0.02733485194,-0.001685630004,0.06853103872,0.01397235874,0.02087019703
0.01593484004,0.03587290741,0.07384591984,0.00301313905,-0.002257636122,-0.01009564293,0.0137562094,0.0006544502618,-0.0008275405495,-0.00487606664,-0.02669838752,-0.02643881993,-0.007053844345,0.004305416426,-0.007727721144,0.01001397633,-0.02659482009,0.01181567546,-0.02695193109,0.03988763553,0.00029296875,-0.04981412639,-0.004054758499,-0.0003847633705,0.06844336766,0.01100917431,0.01622598455,-0.02703265795,0.03906899418,-0.01003440367,-0.03556677375,-0.004516282386,0.005126392081,-0.02929190015,0.008136094675,0.02432100886,-0.03096774194,0.00719844358,0.01891941059,-0.03419434194,0.02235607552,0.01570680628,-0.01029748284,0.003395585739,-0.002017145739,0.0009652509653,0.1233668632,-0.04018853882,0.0166462268,0.002226551628,0.01407506702,0.008100558659,0.01232876712,0.04426559356,-0.0112640801,-0.03682719547,-0.03312368973,-0.005370929842,0.005730659026,0.02075471698,-0.02163916689,0.02249430524,0.04141815772,0.03064243449,0.01960784314,0.003725609884,-0.01020408163,0.003025718608,0.0872417186,0.01107555993,0.01100987092,0.01207312867,0.03246753247,0.008896151053,0.0294507827,0.03266563945,0.0169332079,0.01485587583,-0.0135078092,0.004889272361,0.01436536697,-0.0200164955
0.01972674928,0.02371372032,0.008711048159,-0.03951294084,0.06482097697,-0.002683843264,0.02035431587,-0.002834096359,0.01159516316,0.01674152715,-0.01873981532,0.004636529227,0.01231352119,0.01483056184,-0.01458160729,-0.04861084425,-0.02160714286,0.02880498248,-0.03426613364,0.01947336088,0.003514595333,-0.00117370892,0.01153568482,0.001732101617,0.0425170068,-0.007441016334,0.04989752245,-0.01164346895,-0.0648,0.022589053,-0.01284796574,0.04680038204,0.02496794617,-0.01994227237,0.04915627293,0.02193613958,-0.04260985353,0.02742901294,0.0008926977325,0.01986754967,-0.004418762746,0.01597938144,-0.01849710983,0.02910321489,-0.002865083375,-0.0009964641594,0.1115685467,-0.04057896097,0.0272915896,-0.02360455429,0.02753910553,-0.0229980604,-0.07104194858,0.05722543353,0.0006329113924,-0.02268907563,-0.008673026886,0.0234559568,0.03211603212,-0.002772643253,-0.05308266519,-0.03091060986,-0.005408845052,-0.02152962887,-0.0203962704,-0.03677529394,0.01030927835,0.0346907994,0.02775263952,-0.03651411879,0.0236575291,0.06066802999,0.0005241090147,0.005218643153,-0.004639175258,-0.03103551179,-0.005550416281,-0.005025125628,0.03465982028,-0.004293073841,0.03057513581,0.01173143306
0.09078442983,0.002287444827,0.03285824616,-0.03355808057,-0.0075,0.02691065662,0.0184706317,-0.1132487976,-0.04322908138,0.1,-0.01217824523,-0.027361134,-0.1085380117,-0.02273483145,0.01008912056,0.09201025931,-0.0463588246,0.02762012864,0.06889414548,0.2755916561,-0.0003891429127,-0.02702702703,0.01363958462,0.02209414025,-0.05437737901,0.01791918084,0.02915297056,-0.06686526743,-0.009409751925,0.02463891249,0.03735839961,0.06204379562,0.05165857628,-0.01178045515,0.004195804196,0.0005246146196,0.008344923505,0.01804850536,0.04174099179,-0.03846153846,0.04005917833,0.009639776763,-0.02237926973,0.02367642223,0.0435811547,0.02191190193,0.1111111111,0.0625,0.1033039089,0.06399317406,0.03001715266,0.007657402155,0.01675163875,0.0224166211,-0.003795066414,0.0008598452279,0.03412073491,0.009727947238,0.06775407779,0.01668211307,0.04525547445,0.05172413793,0.1106845809,0.02430846605,0.01606186794,-0.0006966769959,0.01445578231,0.009718172983,0.03023187555,0.1144517433,-0.001100513573,0.00353470437,0.07176532216,0.02327246688,0.03029518384,0.06775485063,0.04837209302,0.05950812473,-0.05665839537,0.03161828112,0.02197562828,-0.01030749352
-0.01168831169,-0.008036001286,-0.06539324315,-0.001956196237,-0.02350965575,0.06865828092,-0.001088139282,-0.01972386588,-0.01437617662,-0.007667031763,-0.001961333707,0.04880528724,0.01390711099,-0.006313714933,-0.01265190611,-0.004734799798,0.02583732057,-0.02614138439,-0.07081604426,-0.05713490672,-0.02228710462,0.1062801932,-0.0366212767,-0.02218045113,-0.02530189764,-0.01293335728,-0.01231554576,-0.02646853959,-0.03713298791,0.03233830846,0.01835501859,0.06786941581,0.008773684211,0.1322134923,-0.02506963788,0.02774968323,0.01287356322,-0.03748845799,-0.02363013699,0.01220779221,-0.051318525,-0.009045226131,-0.06385542169,-0.03340828783,-0.008900953223,-0.02550377834,0.025,-0.06110547667,0.008026360976,-0.08045977011,0.0004163197336,-0.005066141289,-0.01432664756,0.006773618538,0.1073015873,-0.02233676976,-0.03087986464,-0.002286087524,-0.02185663925,-0.09845031905,0,-0.01448087432,0.004896313364,-0.02004909984,-0.02576112412,-0.01928090573,0.004191114837,-0.0510105871,-0.03233618234,-0.05372931308,-0.0323172971,-0.02145373039,-0.07380254154,0.02536738978,0.00753958281,0.1468128065,0.01641526176,-0.02777202073,-0.02937308198,-0.02814154361,-0.01182639198,-0.02517311852
-0.04640473062,-0.06221646144,-0.04509418867,-0.01686718224,-0.03052450559,-0.1157430113,-0.05119825708,-0.0347082495,-0.03490189269,-0.00515084621,-0.001403705783,-0.04895782841,-0.03286749482,0.02073301641,-0.03018040803,-0.07183668191,-0.04608208955,-0.02381852552,0.02054182792,-0.04397391901,0.03892096357,-0.1029839884,-0.02724861786,-0.004229142637,-0.03657817109,-0.04786169245,-0.08603403234,-0.06608235949,-0.02331838565,-0.04390896921,-0.1193246635,-0.02715205149,-0.03913036673,0.002392916966,-0.05785714286,-0.07463355005,-0.009532455742,0.01112816577,-0.05541915118,-0.03643828586,-0.02006920415,-0.07505070994,-0.06306306306,-0.03024260552,-0.01420872122,-0.01841680129,-0.1219512195,0.002700513097,-0.0498948382,-0.02209302326,-0.06845609655,-0.0783592645,-0.04796511628,-0.05311614731,-0.09518348624,-0.08699472759,-0.07725883893,-0.03076923077,-0.06198942816,-0.08088978766,-0.05642458101,-0.07180482395,-0.07136715391,-0.01962421712,-0.02584134615,-0.1068598848,-0.06135225376,-0.0354969574,-0.01707640218,-0.04288452324,-0.04250474383,-0.03493128272,-0.0246701847,-0.01655007678,-0.01771015216,-0.0347082495,-0.04495853339,-0.01705393306,-0.01219512195,-0.02723623853,-0.07236221783,-0.06678571585
0.0009039722414,0,-0.01812780867,-0.02622397376,-0.02350332594,0.003882418192,-0.04822043628,-0.003908285565,-0.01385390428,-0.004807692308,0.00393590104,0.01529051988,-0.0001337971635,0.0009865488817,0.01442976356,-0.1985985986,-0.01095247409,-0.01549186677,-0.01371061844,0.09071525489,-0.01197662163,0.1565922921,-0.0084741442,-0.04575289575,-0.003674219228,-0.01701070336,-0.04297578122,0.008065374221,-0.01285583104,0.01008120975,0.009585492228,0.0006202191441,-0.01050133846,-0.009548818334,-0.0007581501137,-0.00969690213,-0.05591200733,-0.05066413662,-0.0155959896,0.0002663115846,-0.004001883239,-0.02631578947,-0.1078296703,-0.02844413982,-0.00944333996,-0.01283739302,0.009259259259,0.02154591974,-0.02430018433,-0.04429250892,-0.02814384633,-0.0009208103131,0.04045801527,0.003178758414,-0.02915082383,-0.01010587103,-0.02175969726,-0.02161431949,-0.003842213115,0.008800880088,0.005624629959,0.01493428913,-0.05185185185,-0.01405451448,0.004318322023,0.0244082411,-0.0008892841263,-0.02313354364,0.04148569717,-0.02177722153,-0.01783590963,-0.02517589218,-0.03476261328,-0.00346981263,0.03580497715,0.06904637832,0.05804387569,-0.03231403166,-0.0219478738,0.000884173298,-0.03519016775,-0.04246358187
-0.02934430337,-0.09225984796,-0.05267240711,-0.06065340473,-0.06130790191,-0.07348066298,-0.06031363088,-0.04917603976,-0.03922641854,-0.06837606838,-0.0831699804,-0.07362784471,-0.04536330791,-0.05303102315,-0.02724935733,-0.0350237322,-0.04548151078,-0.04642014162,-0.0644779651,-0.04448130377,-0.02715283165,-0.03928446159,-0.0436854711,-0.01638680963,-0.04486785495,-0.03791561346,-0.08053631682,-0.05109774119,-0.04651162791,-0.04297199889,-0.01924557352,-0.01652892562,-0.07682472439,-0.05929139552,-0.05235204856,-0.0725300711,-0.06601941748,-0.06735958425,-0.01357978121,-0.08785942492,-0.03947057433,-0.08333333333,-0.04849884527,0.004232804233,0.04750125439,-0.03334444815,-0.07339449541,-0.01186395993,-0.07615278546,-0.07029548989,-0.09262238566,-0.05622119816,-0.09024211299,-0.07604846226,-0.0274151436,-0.09820126398,-0.04448742747,-0.04418363825,-0.05554127025,-0.04143947655,-0.06800117751,-0.05208946439,-0.04231770833,-0.04686825054,-0.1136363636,-0.075000607,-0.04494882065,-0.05705059203,-0.05349439172,-0.09032753327,-0.04439063761,-0.04869565217,-0.09529147982,-0.01183844011,-0.02917381711,-0.04874482086,-0.1045356371,-0.02510085164,-0.04347826087,-0.04593639576,-0.08388878178,-0.06925804745
0.04101113715,-0.01789113057,0.0273501474,0.01775082764,0.03628447025,0.07871198569,-0.008985879332,-0.01182943604,-0.01671097607,0.03270841643,-0.02138057422,-0.04696531792,-0.003083823942,-0.0114062013,0.0262508809,-0.01025163094,-0.01740211311,0.007425742574,0.01422699968,0.09378594898,0.002791068581,0.04308141658,0.01489686243,0.02920608803,-0.01287001287,0.01111560226,0.02324744304,0.002347078388,0.0487804878,0.03534183082,0.02171637886,0.0718487395,0.03527250896,0.07712016398,0.03442754203,0.02026141746,0.0103950104,0.01907415345,0.001912045889,0.009632224168,0.02989665354,0.01412776413,0.06310679612,0.02458728486,-0.0006418638961,-0.015522594,0.0198019802,0.05096051227,0.03656800571,0.01572432252,0.03850050659,-0.001627604167,0.03951612903,0.01755093807,0.06912751678,0.05229110512,0.02479757085,0.01859877212,0.0307650422,0.03412969283,0.04327226785,0.0434647625,-0.005438477226,-0.01178336732,-0.01801801802,0.08952507612,0.009319664492,0.01369863014,0.02947432391,-0.02081575246,0.03251689189,0.02230347349,-0.04832713755,0.03276955603,0.02095959596,0.01767870869,0.005788712012,0.03149425287,0.02346041056,0.162962963,0.01924160998,0.07601671368
-0.02312171806,-0.01976744186,-0.0274988044,-0.0002267018583,-0.05193744164,-0.04035378662,-0.01727115717,-0.04120267261,0.03341058324,-0.0135187331,-0.06367041199,0.02009097801,-0.01546681665,-0.009790299481,-0.04120171674,-0.07726511823,0.004427577483,-0.03071253071,-0.03179551122,-0.01790460116,0.02753479125,-0.05390269513,-0.02128395241,-0.008393285372,-0.0260756193,0.01599040576,-0.06136264189,0.006536455443,-0.01395348837,-0.02602126469,-0.001280409731,-0.04958839671,-0.06870991634,0.009752616556,-0.0572755418,-0.00539083892,-0.05195473251,-0.04668769716,0.01354961832,-0.01358774212,-0.05107155656,-0.06965475469,-0.1246194825,-0.0414809736,-0.03594829198,-0.032235459,-0.05941747573,-0.08022340696,-0.07055275043,0.0006587615283,-0.05219512195,-0.02673622432,-0.06904577192,-0.04183187946,-0.02950408035,-0.02868852459,-0.06518518519,-0.03510015955,-0.01531959852,-0.07810781078,-0.0178625492,-0.02112466528,-0.08783321941,-0.02293052052,-0.01905434016,-0.05542706627,-0.05817174515,-0.06193693694,-0.07792207792,-0.03820741166,-0.00654396728,-0.03719599428,-0.05501302083,-0.02251791198,-0.06925550334,0.03776435045,-0.04460431655,-0.06351682639,-0.03438395415,-0.01725053079,-0.05858928506,-0.01591928361
0.01330874846,0.008105970739,0.0149168101,-0.004798856275,0.02868398375,0.04550691244,-0.0002196836555,0.005807200929,0.01046533358,0.07517619421,-0.01533333333,-0.01542177629,-0.00628391888,0.03778360642,0.02990152193,0.04393673111,-0.01784214945,0.03802281369,0.0206052801,0.1616872832,0.03047305795,-0.01553829079,0.04698940723,0.05048367594,0.01539491299,0.04111745032,0.05892085081,0.03062878312,0.0320754717,0.04998563631,-0.00358974359,0.03773974015,0.06596794081,0.04711425206,0.04187192118,0.01984270619,-0.02604449267,0.05515111405,0.07267934476,0.01611957796,0.009129499917,0.06510416667,-0.01238861117,0.03290414878,0.04010778937,0.02208544533,0.02972749794,0.08749654982,0.09263234045,0.01942067149,0.08131755018,0.03484087102,0.0875,0.07593627147,0.06274256145,0.04905063291,0.0353935552,0.02406760977,0.08369098712,0.06324582339,0.06658446363,0.03404255319,0.02997377295,0.02957052335,0.0381294964,0.03980547857,0.06299019608,0.04741896759,0.08642765685,0.02598566308,0.02305475504,0.02526002972,0.02652428522,0.1120418848,0.06324740898,0.0596797671,0.06275100402,0.06806282723,0.04599406528,0.07804482852,0.06846310512,0.0495442663
0.06249019289,0.0178466366,-0.010336752,0.01111362436,0.01436093825,0.01101928375,0.02570863546,0.042147806,0.04531163307,0.02039329934,0.02031144211,0.035667107,0.02443230813,0.01871622992,0.004520166898,0.02775062452,0.05770463774,0.02767602768,0.04511041009,-0.06166474384,-0.02910251596,-0.03532506576,-0.004536214887,0.02330935252,0.002636783125,0.0275888133,0.05259523337,-0.01530857858,0.05484460695,0.01778385773,0.02856407617,-0.01311605723,0.07942741469,0.002924634421,0.04491725768,0.0729685623,0.001114206128,0.013798871,-0.01018079691,0.06085953274,-0.008108782435,-0.03545232274,0.05721830986,0.04847645429,0.004617590822,-0.002833864683,0.08259823577,0.1624365482,0.03767992829,0.07620277688,0.05854355069,0.02071867918,-0.0122605364,0.05230769231,0.06451612903,0.01458019105,0.02346938776,0.01919626839,0.03638613861,0.11335578,0.01560693642,0.04761904762,0.05492906511,0.0533394119,0.03672903673,0.043015764,0.02974406272,0.02865329513,-0.02902180318,-0.005240174672,0.05875251509,0.05543478261,-0.002013422819,0.02432517263,-0.01749562609,0.0364010989,-0.006140765234,-0.07976827094,0.05106382979,0.01528056112,0.02524193548,0.02408811315
-0.006923051013,-0.06319845857,-0.03875968992,-0.03373181976,-0.03916941954,-0.01307901907,-0.03941730934,-0.009141274238,-0.01963906582,-0.05817273376,-0.1074983411,0.01840379009,-0.04489337823,-0.03340105773,-0.01955694012,-0.006974900925,0.001616488179,-0.03524752475,-0.1331119831,-0.01160095537,-0.05124734094,-0.05453837164,-0.01870318736,-0.008811398575,-0.0315581854,-0.007907318867,-0.08254879449,-0.05303869804,-0.04506065858,-0.0314516129,0.01125844383,-0.02114377769,-0.06483312169,0.01076716016,-0.03242835596,-0.04466369362,-0.01669449082,-0.02969684471,-0.03050186203,-0.05628058728,-0.01735630738,-0.04372623574,-0.07577019151,-0.03500660502,-0.004120552325,-0.05506216696,-0.02777777778,-0.06615720524,-0.08595626343,-0.04770477048,-0.0440647482,-0.03647320013,-0.08301008534,-0.04641812865,0.02401372213,-0.02576808722,-0.03489531406,-0.001232177434,-0.02579412467,0.01008064516,0.001422879909,-0.04685746352,-0.1034482759,-0.03419173339,-0.03676470588,0.01929996472,-0.01701746529,-0.02116991643,-0.04354422698,-0.07228563067,-0.009882174078,-0.002746309646,-0.06657700067,0.01991726674,-0.02620198423,-0.0075104926,-0.06368821293,-0.05351089588,0.007197480882,-0.01825808043,-0.07512710683,0.03574698294
-0.07961177714,-0.04278074866,-0.07351443124,-0.07526297367,-0.05697445972,-0.0358917725,-0.05753791258,-0.02516074923,-0.06695542321,-0.07730200834,-0.02007434944,-0.09214528538,-0.04905992949,-0.03870102298,-0.0427184466,-0.06129942,-0.003026023805,-0.0513136289,-0.06928969359,-0.08953420548,-0.07052588667,-0.1096003296,-0.0364144878,-0.0660109703,-0.04480651731,-0.06487488415,-0.06709333715,-0.07001743839,-0.03448275862,-0.0480155426,-0.007422068283,-0.01913186587,-0.08899749618,-0.04371948513,-0.06469212783,-0.07657928384,-0.0441426146,-0.03358129649,-0.007499542711,-0.07173725151,-0.02598233713,-0.03247183565,-0.07657657658,-0.04620123203,0.02914476828,-0.04248120301,-0.09019047619,-0.1098901099,-0.08286741609,0.02331442974,-0.0747883349,-0.03851217907,-0.09306260575,-0.05672671522,-0.07091010609,-0.06561546287,-0.07231404959,-0.04388438491,-0.07918607502,-0.1796407186,-0.05569764138,-0.09420076538,-0.065,-0.05646426171,-0.02984038862,-0.03340844594,-0.04555808656,-0.0375640296,-0.02490482234,-0.04731861199,-0.02763915547,-0.04165232358,-0.05115273775,-0.03079465225,-0.08516196447,-0.1192966837,-0.08934010152,-0.07418777181,-0.0151853506,-0.06685096758,-0.07986113796,-0.04768282284
0.04189403324,0.06703910615,0.09501557632,0.08997897354,0.07135416667,0.06013745704,0.08187411264,-0.0111843992,0.01431334623,0.03778234086,0.06752655539,0.007292077257,0.0843373494,0.04241818252,0.03134796238,0.1563970296,0.04532577904,0.07096495024,0.01346801347,0.1148714462,0.05,0.03794539565,0.03931125797,0.07816929931,0.0618336887,-0.009316154609,0.09898627932,0.04983901013,0.04511278195,0.06559766764,0.03265204387,-0.03125,0.09978616352,0.01183569274,0.02583333333,0.02442756516,0.03730017762,0.01187596217,-0.00939918909,0.03879577902,0.05532194481,0.01438356164,0.02829268293,0.05346250449,-0.03969359331,0.01099332548,0.006804145295,-0.07039663777,0.04805141185,0.03633004926,0.05592272496,0.06162273194,0.09141791045,0.06907761073,0.03365384615,0.02612955906,0.05178173719,0.009400921659,0.07055378062,0.0401459854,0.03611194704,0.08677283068,0.03167420814,0.06957967229,0.05293276109,0.06720081475,0.08639618138,0.05913660556,0.07239303725,0.03841059603,0.09909198579,0.09949712644,0.06833712984,0.02216367018,0.02798400914,0.08617639626,0.07803790412,0.02569770655,0.06485260771,0.04928629141,0.07491933315,0.03671479467
-0.0454958509,0.01610954491,0.00359802527,-0.02028043325,0.04958677686,0.02701242572,-0.005686789151,-0.04553364269,0.02204424104,0.008705975465,0.03873489694,0.02915280767,0.04757834758,-0.005865859957,-0.01984623637,0.07867647059,0.02942315137,0.03232323232,0.02141011443,-0.004022445952,-0.03111946533,-0.00312082033,0.0009763451867,0.01145755071,0.01070950469,0.005402160864,-0.009232861664,0.008907063372,0.02338129496,0.0123119015,-0.007723871591,0.03723749729,-0.05089611474,0.006651376147,0.005523964257,0.01767033105,0.03367579909,-0.006302977614,-0.006697674419,-0.02121302659,-0.07383887436,0.0189061445,-0.007590132827,0.02213896458,0.004592700024,0.01087378641,-0.04127677272,0.04944899689,-0.0009660213963,-0.003862150921,0.01998074145,0.06578523057,0.02222222222,-0.09369061193,0.007558139535,0.01591511936,0.02117522499,-0.0399926954,0.02039293708,-0.01403508772,-0.003775776939,-0.03468899522,0.01834130781,0.02797513321,0.01222826087,-0.003601010967,-0.06546572935,0.008933556672,0.03216019417,0.01147959184,0.03125,0.01992812806,0.01421464108,-0.01501137225,0.02527777778,-0.008143322476,-0.009307135471,-0.01023706897,-0.0136286201,0.05287474333,-0.006894718739,0.02207983649
0.05578802148,0.03448275862,-0.01283975321,0.04888646776,0.005558128763,0.02419779064,0.03871535416,0.01458523245,0.001380700052,-0.003923107101,0.0222374273,0.03593155894,0.0671743269,0.03087012071,0.01623495075,0.05226084981,0.0885671305,0.004305283757,0.0542103361,-0.135490442,-0.05906445355,0.1270125224,0.0251101138,0.02711234912,-0.06291390728,0.08298507463,0.03885075678,0.03628041324,0.04657293497,0.06432432432,0.05181221114,0.0423711125,0.08174565875,-0.02597402597,0.01470350622,0.05394951959,0.009387078962,0.041776028,0.04663794718,0.03663003663,0.03226673837,0.08614976806,0.008604206501,0.03965344885,0.06328200192,0.03457548982,0.1061706973,0.07296715132,0.09469991805,0.150014912,0.1092754307,0.01845688351,0.1011705686,0.04738938981,0.1038661281,0.09660574413,0.02125453603,0.01883203348,0.04411406288,0.009489916963,0.05072886297,0.03934324659,0.1648394675,0.03455723542,0.01275167785,0.04153510019,0.02444757875,0.01660210293,0.0310111699,-0.09142496847,0.01985370951,0.05060858424,-0.0672740014,0.006927339901,0.07369276619,0.06427398546,0.05323590814,0.07702776266,0.04576856649,0.07337883959,0.05280930716,0.05760612295
0.009910907127,0.008812260536,0.01410472973,0.002944973094,-0.02579456472,0.0005136106831,0.008047437526,0.03204552261,0.0223588597,-0.02796376526,-0.02510040161,0.03358414388,-0.0122324159,-0.007739699257,0.02028361156,-0.01800906932,-0.01209189843,-0.02143413874,0.01474117244,-0.008852992652,0.06231386025,-0.007936507937,-0.002380106861,0.001988790454,-0.01060070671,0.02793090775,0.02168480793,0.01512801493,0.00335852225,0.02133062468,-0.03075855689,-0.0172206648,0.0003731904441,0.06198830409,-0.04378980892,-0.01086606024,-0.02680525164,0.06718454755,-0.05780243379,0.01619552415,0.02018754884,0.006711409396,-0.1298578199,-0.03557692308,0.0009051821679,-0.03007797995,0.02941176471,0.01028858218,0.0428090398,0.008039419087,-0.007234042553,0.0202020202,0.003796507213,0.001201201201,-0.05436487193,0.04666666667,0.01218274112,-0.005414488424,-0.002100840336,-0.1010575793,0.0307991121,0.01698956781,0.03327731092,0.1655532359,-0.1272365805,0.0332837633,-0.01330885727,-0.03756124115,0.004989308624,-0.05794587092,-0.04166666667,-0.02957317073,-0.02854996243,-0.02813025531,-0.01766338632,-0.1800749394,0.02626362735,-0.01137225171,0.01279933939,-0.0006813536225,0.01451951761,0.01915032461
-0.0003796070799,-0.02734523357,0.07295744149,0.03046412443,-0.02364066194,-0.03850102669,0.04075630252,0.03772489843,0.01439766721,0.0397082658,-0.02677651905,0.01402698864,0.02554179567,0.03052133487,0.005629838142,0.2874043451,0.006819374016,0.02349661489,-0.002702702703,0.1474272208,-0.01207677378,-0.0116,-0.004290609299,0.1055575604,0.02857142857,0.01805505899,0.03367740331,0.0242360496,-0.08117154812,0.01044256589,0.08422810785,-0.03687856561,-0.0001893095768,0.04008810573,-0.01165695254,-0.01600280039,0.01742551996,0.01062364745,-0.02412155745,0.07215299913,-0.0108515256,0.03939393939,0.05010893246,0.01329345297,-0.02780917929,-0.01416539051,-0.009523809524,0.05613512171,0.009059179027,0.01878055055,-0.01778825547,0.01019219569,0.06959152799,0.02719456109,0.01326699834,-0.01683348499,-0.004513540622,0.01745823165,-0.01122807018,-0.01437908497,-0.02288021534,-0.0131887456,-0.05562784645,0.04495790793,-0.009870918755,-0.008718626156,0.03906976744,0.01527149321,0.02156028369,-0.0423572744,-0.01176051319,0.00534087339,-0.08197989172,0.02139373919,-0.06319034164,0.1061827957,-0.09608884597,0.003323108384,0.02649816551,-0.02477272727,0.02602934566,0.03256934582
-0.05390862971,-0.04334244436,-0.02142358146,-0.03910129685,-0.05714285714,-0.05232247731,-0.1154622527,-0.05313199105,-0.02838663313,-0.07170693687,-0.005643738977,-0.02836631063,-0.0279245283,-0.03093001267,-0.03131560532,0.006114166638,-0.03004515457,-0.04552529183,-0.07317073171,0.1738203593,0.00502073783,-0.04249291785,-0.04069764269,-0.04537293945,-0.04236111111,0.01352063213,-0.08144244728,0.00318887892,-0.009107468124,-0.05511811024,-0.02354753521,-0.002961709329,-0.06663845049,-0.03790766624,-0.05560235889,-0.06659225955,-0.03756906077,-0.02530659918,-0.03834176722,-0.01891891892,-0.01664945792,-0.06413994169,-0.05082987552,-0.06985897015,-0.02279069767,-0.02834951456,-0.04288461538,-0.05126999059,-0.05190541112,-0.0404040404,-0.07462360899,-0.03084462381,-0.08769448373,-0.06307183181,-0.06546644845,-0.05830633966,-0.07405541562,-0.009963099631,-0.1026732907,-0.04774535809,-0.00303030303,-0.03088803089,-0.04719255942,-0.02314021255,-0.04984662577,-0.04705560543,-0.02820053715,-0.06128133705,-0.0387392391,-0.04692307692,-0.09448250992,-0.0796875,-0.05391743892,0.01278299707,0.008500137099,0.06658566221,-0.04594017094,-0.05299363057,-0.007545671168,-0.09951060359,-0.07926737296,-0.02426372089
-0.007428534278,-0.008979591837,0.004204013643,-0.04431748279,-0.0395480226,-0.01690140845,-0.01049748973,-0.02982870644,-0.03938609467,-0.005877413938,0.01028733593,-0.03586231753,-0.002587991718,-0.01018755903,-0.008488351093,0.01799539454,-0.01683079678,-0.006522625357,0.0168128655,-0.07520354235,-0.008688097307,-0.0528317836,-0.0254579385,0.009745255599,-0.01015228426,-0.02702702703,-0.03778280345,0.05532089134,0.0009191176471,0.1153645833,0.03921568627,-0.0006365372374,-0.03261933174,-0.01584855822,-0.01962533452,-0.08537258296,0.007462686567,0.01338126623,0.0228698644,-0.02975206612,-0.02493765586,-0.03676012461,0.07322404372,0.05465444288,0.05021418372,0.01438848921,-0.01024713683,0.01809618245,-0.01923698827,0.08263157895,-0.01792030182,0.05264723379,-0.06976744186,-0.01288177852,0.00700525394,-0.002457002457,0.002176278564,0.012113306,-0.0137094648,0.0278551532,0.01630284609,-0.03555010726,-0.01084598698,0.02316195824,0.09200968523,-0.01101812802,-0.007369875633,-0.02136498516,0.02585584284,-0.01937046005,-0.00238948626,0.006451612903,-0.03294746215,0.0009124087591,-0.009516041327,0.0647072226,0.005599104143,0.03040086091,0.1552621048,0.0468426501,-0.0351200181,-0.02403601328
-0.0134247301,-0.02635914333,-0.02219589258,-0.02452165676,-0.03957219251,-0.02578796562,-0.06273062731,-0.01308980213,-0.006159769009,-0.01055743243,-0.04529494382,-0.04971962617,-0.006486766995,0.0188650556,0.02131147541,-0.0338199812,-0.01802950282,-0.04595814526,-0.001078360891,-0.02994715532,-0.04316389132,-0.02231146809,-0.005630933059,-0.02641381646,-0.03443223443,0.01745014245,-0.01362118407,-0.006014008863,-0.02662993572,-0.01424235349,-0.0251572327,-0.003609341826,0.009664904739,-0.02997092373,-0.04731574158,-0.0515657212,-0.02962962963,-0.0134016555,-0.003561535417,-0.04542873367,0,-0.01164294955,-0.0183299389,-0.05115346038,0.02334013143,-0.01536643026,-0.02689809176,0.009252495739,-0.0446612074,-0.0184735051,-0.01728691477,-0.01158519356,0.03,-0.05093664492,0.03130434783,0.009359605911,-0.02280130293,-0.02080648131,-0.03394814221,-0.1138211382,-0.02963567156,-0.002224340642,0.006213450292,-0.004287429257,0.0118255728,-0.02083054253,-0.03155452436,-0.02910855064,-0.0385806815,0.01810699588,-0.02954091816,-0.02294197031,-0.02578268877,0.006532968703,-0.04776283283,-0.01155574577,-0.01002227171,-0.06109660574,-0.04745410461,0.001977750309,-0.005716041298,0.002124684324
0.06709022628,0.02749576988,0.1211729542,0.03890016357,0.02616926503,0.07117647059,0.03543307087,0.0493522517,0.02479178772,0.06999573197,0.04082383229,0.04799370574,0.05458344215,0.02963138312,0.04458712324,0.08343692469,0.04302670623,0.0464516129,0.06117308384,0.1249367384,0.00938859629,0.1218621634,0.03218912468,0.08469565217,0.03338391502,0.01820091005,0.09333456001,0.04323619143,0.05754716981,0.04239696826,0.05161290323,0.06818666098,0.09285277947,0.02859119207,0.04871060172,0.0478107128,0.0446271286,0.058330004,0.04447974583,0.07257584771,0.04293983039,0.07722513089,0.02686721992,0.04263565891,0.01926483614,0.0512204882,0.05350996141,0.02002412545,0.1165526786,-0.008915304606,0.1067676521,0.01572327044,0.09627831715,0.09469948991,0.06127037662,0.04929233773,0.06055555556,0.0336592704,0.04952960708,0.07782874618,0.03362286355,0.04936305732,0.09044678533,0.06682741991,0.02118334551,0.06382865525,0.05126976521,0.05621486571,0.06356180434,0.07477768795,0.04442616207,0.06319060773,0.05671077505,0.004226415094,0.05678869991,0.08161939814,0.03824521935,0.0850945495,0.04327272727,0.08684924747,0.08040331761,0.05254213284
0.03195814657,0.03375874846,0.04524821673,0.02545225127,0.006918068367,0.01164195497,0.01045627376,0.01087595532,0.02816102816,0.02712405265,0.02685512367,0.02557057057,0.01535413571,0.01210022041,0.025268909,0.05241327144,0.02791607397,0.005343197698,0.09325194981,0.06831692177,0.05036297641,0.04292107404,0.008233601056,0.02437069104,0.008076358297,0.02904778274,0.02675025244,0.00704031194,0.002899197145,0.001590547603,-0.02178971864,0.02094554159,0.02627166015,-0.001569154898,-0.01821493625,-0.006472724402,0.008712759978,0.007172517931,0.006273764259,0.01913477537,0.03742901394,0.0042527339,0.07485604607,-0.02906387293,0.01846621768,-0.01103920822,0.04851485149,0.01277199622,0.02347803905,-0.005747126437,0.003090507726,-0.01491697157,0.02730627306,0.04578606159,-0.004766949153,0.05581395349,0.05657412258,0.03292705112,-0.00606380174,0.0002837281884,0.04581187314,0.04855842185,0.06462358428,0.06038101388,0.07367668097,0.01483185563,0.005013673655,-0.02779420461,0.02313412283,0.01692365551,-0.004332414336,-0.007145177006,0.005366726297,0.04208627687,-0.03846153846,0.01761409127,0.00758396533,0.05458739108,-0.002788428024,0.09194097616,0.02658277388,0
0.06062885828,0.01274392672,0.04297787275,0.05393196887,0.02007813552,-0.01747910107,0.02304327375,0.0348938645,0.02831066176,0.02057475728,0.006194081211,0.02521119131,0.04902439024,0.02002962963,0.02048293089,0.05196793943,-0.0001729804532,0.05723630417,0.02698200993,-0.03413881699,0.02958963283,0.02204017944,0.04008992872,0.004695570512,0.00932993445,0.02405211291,0.01237512191,0.01440262826,-0.02770736046,0.03266787659,-0.008001730104,0.02891754592,0.003267973856,0.105298608,0.03525974026,0.09657756894,0.02536082474,0.01705397301,0.03022860382,-0.006802721088,0.002612590197,-0.0108892922,0.006569548872,0.04490080056,0.03370307167,0.02617397998,0.1142587347,0.02382064456,0.006081612067,-0.03543603921,0.03411091549,0.01171428571,0.07323994253,0.01142967842,0.05321979776,0.0154185022,0.02677243431,0.007220852413,0.05464190981,-0.01572826549,0.01036806636,0.03502170767,0.04630788486,0.06714372716,0.005336442372,0.02072582632,0.04761904762,0.04622871046,0.04091520861,0.0125739645,0.03559731013,0.03729146222,0.004715302491,0.006490696668,0.0829787234,0.03658733281,0.01720430108,0.01968408262,0.03285564488,0.03264033264,0.0168255132,0.0374374723
0.02801188293,-0.02742823437,0.05330432346,0.04353927726,0.01610662384,0.01160220994,0.01655639796,0.007586400674,-0.004470853645,-0.004939154788,0.03796169631,0.02891824348,0.03673564287,0.007286159686,0.03998041775,-0.006633477693,-0.05207612457,0.0317092034,-0.1881582246,0.1546676595,0.0255926159,0.003053435115,0.001665242803,-0.005452562704,0.03037212894,0.04501712608,-0.02851961887,0.004867657548,-0.01015460617,-0.01230228471,0.02877697842,0.006266616027,0.01049402823,0.005890717042,0.03404091361,-0.05249073088,0.01358144793,-0.001658374793,0.01650467632,-0.02219178082,-0.007445092443,0.01345565749,0.1199917833,0.03297801466,0.007016095749,0.01012753188,-0.01694915254,0.1078923358,-0.0131855833,0.04090672225,-0.001489678655,-0.0155323355,0.03283242411,0.01244972228,0.05507832239,-0.03210412148,0.009657170449,-0.002273124672,0.03848088531,0.01295370384,0.01077475629,0.002796420582,-0.04934210526,-0.008703096019,0.02186201549,0.02929187731,0.008658008658,0.03546511628,-0.008275148694,0.01168736304,3.819724292e-06,-0.03847366761,0.02275746037,-0.0173402121,-0.04387688278,-0.02941360643,0.0100422833,0.03241182078,0.0358714044,-0.005637205557,-0.003179638776,-0.01591085951
-0.04301258811,-0.03325583746,-0.0249733325,-0.01519613715,-0.01897582532,-0.03549972693,-0.0158299412,-0.0139431121,-0.0114921889,-0.01759082218,0.09093904448,-0.004684247051,-0.01569858713,-0.02704495316,0.01302369371,-0.03917025124,0.03413031575,0.01986506747,-0.04761904762,-0.05212558337,-0.02024953978,0.07572298326,-0.008312371896,0.01268796992,7.003291547e-05,-0.007960043702,-0.0456893822,-0.02785584791,0.0157116451,-0.01801601423,-0.03221021403,0.007548594074,-0.02489080389,0.005048465267,-0.004332755633,-0.02415008899,0.001608579088,-0.009966777409,-0.0176799567,-0.04875315214,0.05913239155,0.02353651177,-0.06294289287,0.0006449532409,-0.01168032787,0.01076865949,0.09482758621,-0.04632489191,0.02171434647,0.007259073842,0.01385336743,0.05335628227,0.03305249514,-0.004161937193,-0.02777777778,-0.005378753922,0.01291248207,-0.0003505082369,0.006054734803,-0.005689900427,0.02081218274,0.009760178472,-0.01289713746,-0.02979274611,-0.02594033722,-0.006787906403,-0.002145922747,0.02470522179,0.00704041721,0.009747292419,-0.01642475172,-0.01869465398,-0.006060606061,0.01720869185,0.002191780822,-0.07350928641,-0.002616431188,-0.004385964912,0.08265272787,-0.001214820814,-0.03959379114,0.0007907681693
0.06000648148,0.02843998327,-0.01518759251,0.03156889731,0.03656597774,0.02038505096,0.03262867647,0.02403846154,0.01907356948,0.0116776956,0.0193295077,0.004880599617,0.00660742766,0.003235622474,-0.003717472119,0.002140876294,0.007059654077,0.05733186329,0.064453125,-0.01726391363,0.006054279749,-0.01167315175,0.006945904401,-0.01593194122,0.009103641457,0.05962869729,0.06630109236,0.00872250782,0.0127388535,0.03873159683,0.0370045982,-0.01011425361,0.06831955923,-0.01788225839,0.02872062663,0.02559576346,-0.01498929336,0.01174496644,0.03011937557,0.02886597938,0.01121340888,0.04127358491,-0.03825622776,0.04705124073,0.03628447025,0.006612784717,0.05511811024,0.008203799655,-0.02806637181,-0.05715705765,0.05633802817,0.04248366013,0.05959849435,0.04008358663,0.01034482759,-0.01667417756,0.02360717658,0.04751051893,-0.02888781897,0.09728183119,0.01640974639,0.02982601491,0.01529636711,-0.1738614449,0.009986684421,0.03906951013,0.03182795699,0.04547945205,0.006473329881,0.0432606364,0.03339805825,0.04411764706,0.07142857143,0.02021505376,-0.04483324221,-0.06773580924,0.03095487933,0.003941571992,0.03590826795,-0.02615041557,0.04255158909,0.02324725677
0.07665253364,0.05002033347,0.06881003725,0.1463702327,-0.01891615542,0.05493895671,0.03671562083,0.03673018503,0.03315508021,0.05232781839,0.01955555556,0.03555941023,0.00701674966,0.01997153957,-0.01725746269,0.06441975761,0.02576235542,-0.01425095586,0.02972477064,-0.004490861143,0.003112678979,0.01109520401,0.02188431222,0.04511160013,0.1051353227,0.01425389755,0.01392118969,0.05887646604,0.01078167116,0.002834714348,0.05574324324,0.005108798486,0.03352243424,0.01268412439,0.01078680203,-0.01690258176,0.02934782609,0.01934770591,0.01800677483,0.05611222445,0.0004669079024,-0.1070215176,0.05087881591,-0.02893197907,0.004801920768,0.008394160584,0.02611940299,0.08736616702,-0.005047275453,0.02793885082,0.003582089552,0.01802507837,0.01302545885,-0.05223744292,0.05460750853,0.01374885426,0.0221402214,-0.00769874477,0.02751611304,-0.01707953064,-0.03400195695,0.009385894342,0.04080351538,0.05099658826,0.02900461437,0.04450244783,-0.06002501042,0.001572327044,-0.005402624132,0.07847840987,-0.01014656144,-0.02112676056,0.2943089431,0.02051714446,0.1004579279,0.03983703033,-0.02900763359,0.002540415704,0.0387416254,0.04704412989,0.008928700426,0.03966190103
-0.02880564226,-0.02439969016,0.03325996576,-0.001958244179,0.03543512246,0.03997895844,0.01352221507,0.05327650506,-0.0001725327812,0.03802559415,0.0008718395815,-0.002345058626,-0.003596313778,0.02558594221,0.01423825344,0.05136281737,0.02340679993,0.02186177715,0.004989308624,0.09046030809,0.01572196938,-0.02017699115,0.02397618302,0.01158068883,0.02982731554,-0.006587615283,0.01622568973,0.08592147806,0.007111111111,0.02609262883,0.0318,0.02786144578,0.01862774451,0.03474747475,0.01694915254,-0.06929519192,0.03748680042,-0.003073029646,0.023117338,0.01165627541,0.02473457006,-0.009511731135,0.04841549296,0.02282091918,0.02827558742,0.01483894318,-0.01818181818,0.02402520677,0.0586086499,0.08641025641,0.01229426928,0.07775211701,-0.02337814144,0.01406822124,0.01571890892,0.09855334539,0.02662454874,-0.005565862709,0.08588661037,0.03594641199,-0.006077487972,0.003719447396,0.06845597105,0.04869297796,0.01089045484,0.06120546038,0.04745011086,0.01726844584,0.02069322297,-0.03272958373,-0.0337889142,0.01896664487,-0.06972361809,-0.0002754062242,0.0366710013,0.05964301263,0.0214884696,0.01451278507,0.04122265844,0.03180914513,0.01643921928,-0.02592650577
-0.01508839529,0.06986899563,-0.03798816568,-0.002433972421,0.03522898842,0.03692463328,-0.0292249047,0.0177035913,-0.008973252804,0.01479394153,-0.01132404181,0.03928811283,0.02255808707,-0.02125255949,-0.01294649821,0.005672843189,0.04424040067,0.01587301587,0.0007092198582,0.003176094956,-0.02118126273,-0.06069364162,0.01659454277,-0.03300624442,-0.01524390244,-0.006778661951,0.01824756606,0.0512033075,0.005295675199,0.02055520237,-0.002132196162,0.05586080586,0.00702483185,0.0566185084,0.01810699588,-0.01425885196,0.02697201018,-0.01976427924,0.02002738788,0.01688102894,-0.00614824092,0.01152368758,0.01091519731,0.04741245739,-0.002904725019,-0.01248216833,0.1407407407,0.002307692308,-0.003724620902,-0.03823459995,0.01880509305,0.03238095238,-0.003590664273,-0.01634359559,0.02913063268,0.05349794239,0.02197802198,-0.04647218453,0.001555209953,0.04225352113,0.003821656051,0.02461619905,-0.01467682755,0.04610622353,0.03802281369,0.06446454304,-0.009314140559,0.112654321,-0.009883426254,0.07161629435,0.05422396857,0.02374839538,-0.0175557056,-0.01542699725,-0.0002508780733,0.04354971241,0.04207285788,-0.0006811989101,-0.05144088338,0.02658959538,0.006839858554,0.04562682216
0.04747056103,-0.005194805195,0.05787919793,0.01913786992,0.0320855615,0.01987804878,0.06413612565,-0.03503976143,-0.03726275466,0.06317250955,0.03054331865,-0.01522778675,0.05448930068,-0.02076660415,0.02417825537,0.03887286861,0.007673860911,0.06589673913,0.03791637137,0.01051442911,0.1036204744,0.003846153846,0.01676973037,-0.03151906519,0.01795665635,0.07908011869,-0.01223843086,0.05040867524,0.04302019315,0.008098006645,-0.009906759907,0.018386817,0.009077332451,0.05654101996,0.03476151981,0.05759364726,-0.009415262636,0.03052164262,0.07132069139,-0.0906455863,0.00916485279,0.04620253165,0.05128737542,0.04792899408,0.02330549621,0.006500541712,0.008116883117,-0.09075211051,0.05449943454,0.05791411043,0.05229763507,-0.0002306273063,-0.03903903904,0.02743431221,0.05572755418,0.00546875,0.01430107527,0.0255247243,0.07298136646,0.01228501229,-0.03502538071,-0.001549987083,0.01432254368,0.01822146083,0.07203907204,0.03346375448,0.02179487179,0.06426259824,0.07089838751,0.06652360515,0.03689899366,0.03244514107,0.03505154639,0.0001398992725,0.1588456713,0.0657480315,-0.01280157558,0.02158600318,0.0156161272,0.05048798799,0.001231346155,0.03254369126
-0.03635996142,-0.02275270421,-0.07610907611,-0.04993804367,0.003061705134,-0.01523376779,-0.1820418204,-0.02137522534,-0.01410743353,0.005060398302,-0.01652892562,-0.006355257934,-0.01956066946,-0.01060350078,0.01033791082,0.04851024165,0.03855306997,-0.01688973869,0.007511095937,-0.004908655955,-0.02582956259,-0.06168582375,-0.001318649362,0.006826480394,0.009428223844,0.006874742197,0.003318767631,-0.02529295295,-0.02567340067,-0.006591143151,-0.02589758682,0.0103900528,-0.0134983344,0.008744316194,-0.015234375,-0.03211801953,-0.03751875938,-0.00394902172,-0.003289473684,0.001448855404,-0.02190941083,-0.05142165759,0.03499901244,-0.03867871259,0.01632188271,0.005382131324,-0.1078904992,-0.02278961806,-0.02964205366,-0.05984690327,-0.03508130824,-0.002537485582,0.0075,-0.01015419331,-0.03896103896,-0.007381507382,-0.01166118944,-0.0016477322,-0.07235890014,-0.09951456311,-0.02656496581,0.004398447607,-0.008189776899,-0.02233098807,-0.02761958998,-0.0403514377,-0.01495190297,-0.01259774109,-0.03130975143,-0.08019545847,-0.04924514738,-0.0502504934,-0.06706507304,-0.002098195552,0.01061065396,-0.1280014777,-0.02743142145,-0.02424377224,-0.001118255521,-0.03644809719,-0.02035511393,-0.01848704003
0.02060092882,-0.0179389313,0.0723096287,-0.007137016284,-0.002113172106,-0.009179659041,-0.01954887218,-0.007894736842,0.004219409283,0.002761084944,0.01101130107,0.01750041275,0.01611010349,-0.007793381086,0.02718387294,0.03188278523,-0.009165902841,0.04505672609,-0.01118264995,0.1189545311,0.03715889297,0.205798285,0.003742779899,0.0403658152,-0.002109068997,0.03755291547,-0.01182141085,0.01929400234,0.01857451404,-0.05556707443,0.06545820745,0.01550910317,0.006841516275,0.05530513176,-0.005950019833,-0.04925428784,0.04677754678,0.01675977654,0.01870187019,-0.0078125,0.01381151346,-0.01721938776,0.05034159002,0.05609397944,0.02371615313,0.01677373305,0.003610108303,0.01489958972,0.02219322957,-0.0370096225,0.01761030108,0.01341350601,-0.05272952854,0.004369300912,0.08282476024,0.05479452055,0.008688190497,0,0.0445732115,-0.01334231806,0.02891110511,-0.01313755796,-0.008826879271,0.06414267835,-0.001464128843,0.008306422079,0.0691009447,0.04355477343,0.03528250679,0.0534375,0.03100189036,0.04124040921,0.02081850534,0.02018502944,-0.001714163274,0.05803855115,-0.02512820513,-0.01572828812,-0.002798768542,-0.03170776933,0.006298325202,-0.04162448723
0.0112005397,-0.01632335795,0.05340689008,-0.01540909378,0.003764705882,-0.00931372549,-0.006134969325,-0.01697612732,-0.02594081111,-0.002591512796,-0.002579535684,-0.02823300341,-0.007139857203,-0.01178689533,-0.004311626524,-0.03748633212,-0.00215849522,-0.001240694789,-0.02810143934,0.05628782134,-0.01474155626,-0.02878428717,-0.01140905021,-0.005304637769,-0.01086956522,-0.005790997631,-0.02322430502,-0.0133843064,-0.004240882103,-0.002195389682,0.004347826087,-0.005312084993,-0.0004853591415,-0.003285690816,-0.000798084597,-0.002117730107,-0.004965243297,-0.005671747607,-0.009102128973,-0.01224846894,0.01018889525,-0.02595717067,-0.000726744186,-0.005005561735,0.00656694637,0.007371007371,0.007194244604,-0.01255319149,-0.0002547266702,-0.01101716628,0.008001488649,-0.01597444089,-0.01833660773,0.02099489313,0.038647343,0.02003710575,-0.01361122926,-0.002258512856,-0.01536163857,0.03414834039,0.01864495798,-0.02192638998,0.02039643781,-0.009408997354,-0.02170087977,-0.03532927212,0.01985702939,0.004215851602,0.0009532888465,0.000296647879,0.005867253392,0.009517961314,-0.03364127593,0.008518823853,0.006439150032,0.03803803804,-0.02840610205,0.01760074108,0.01122649453,-0.02470317886,-0.02753776253,-0.05128997829
0.01035188912,0.06045041486,-0.008022731071,-0.006442019763,0.01734646038,0.01939633845,-0.0006430041152,-0.00944414463,0.001500375094,0.06268268918,0.04454022989,-0.07096343296,0.02204949239,0.003316002369,0.03314917127,0.03089013762,0.03074783684,0.02329192547,0.03067700987,-0.02739899568,0.02253787879,0.05090655509,0.03401248685,0.06353801615,-0.003052503053,0.0064866296,0.02467403189,-0.02464022133,0.03492333901,0.0299229923,-0.003576134011,0.02119492657,0.03593401737,0.03675622219,0.03985623003,0.06185851837,0.005988023952,0.02513368984,0.007940214853,-0.02273398288,0.04159111514,0.02798134577,0.05545454545,0.03912800447,-0.002537151142,0.02726480836,-0.01785714286,-0.04481792717,0.04752133879,0.03031088083,0.0287982278,0.04243970315,0.0610406938,0.07187847351,0.07054263566,-0.006547835577,0.04053471324,0.03238725405,0.07237269772,0.05071985207,0.03248259861,0.05951427809,0.0579954955,0.03235381419,0.01978417266,0.01817466158,0.002239096573,0.0206759026,0.09571428571,0.02164887307,0.04301859278,0.0378649635,0.07142857143,0.05422343324,0.0390275112,0.02044358727,-0.002707092583,0.04210286755,0.001387732445,0.04594541528,0.03362391941,0.03196598571
0.004746838903,0.01508941878,-0.02134231957,0.02811334469,-0.009216589862,0.03485098534,0.007849697594,0.00326886407,0.01324906367,-0.02231051345,0.002475928473,0.01959022286,0.01645196337,0.01947704635,0.02240208123,-0.01236911793,-0.01229201019,-0.01062215478,-0.0485802258,-0.04998100476,0.006112243008,0.01725282017,-0.002522379698,0.006876790831,0.02250459277,-0.01144285151,0.008257552834,0.02696299639,-0.01069958848,0.03183080538,-0.07253494522,0.00130740317,-0.003435942869,0.02877583466,0.01505491973,-0.05732967813,-0.01612103175,0.02851677969,-0.02224281742,0.02567975831,0.003372864759,0.02138690862,0.003858742463,0.01022054868,0.01471656977,0.03451199864,0.003636363636,0.004511617415,0.01878067903,-0.05406084989,0.01148394043,-0.007119021135,-0.04181075134,0.01762875907,-0.01918899348,-0.004760161113,0.002072109407,-0.00505987519,0.05334410992,0.02325581395,-0.006242197253,-0.01108312343,0.02581160192,-0.006900517539,0.007054673721,-0.01433173656,-0.01311316173,0.01100257069,0.03389830508,0.03076923077,-0.00349528137,0.01450549451,0.01077441077,0.02739726027,0.004926108374,-0.04214704215,-0.001628664495,0.04018344617,0.002494456763,0.04336399474,0.00731275607,0.02561895239
0.00167998468,0.02073775005,0.0518794835,0.0007402601025,-0.01255813953,0.02861163227,0.002042900919,0.009774640239,0.06547151504,0.02938418256,0.02305159166,0.04494976203,0.006565887922,0.02752398016,0.02219394967,-0.01618980583,0.03171953255,-0.008282208589,0.04917295937,-0.03128296727,0.01693667158,0.0782778865,0.006347649064,0.02874217416,-0.02494385387,0.08714741884,0.006278678555,-0.02311639805,0.01580698835,0.02753623188,0.07454175153,0.02072792558,-0.007841015992,-0.002163498686,0.02913356035,0.06222928936,0.06894378624,-0.003550295858,-0.008530805687,0.04742268041,0.04163955758,0.005710659898,-0.01774376223,-0.001064962726,0.01324977619,0.005901639344,0.01811594203,-0.09476757242,0.01843446722,-0.05715045189,0.006386375732,0.02263051759,-0.003937007874,0.01205842391,0.03839055002,0.02612214864,0.02605459057,0.0564502458,-0.000575484366,-0.003071253071,-0.003015075377,-0.01706571574,0.02178988327,-0.002895193978,-0.02510215995,-0.02715899208,0.01023622047,-0.03376729048,0.01723413199,-0.06814981695,-0.01403016485,0.003466204506,-0.02131912059,0,0.03349673203,-0.02979479084,0.02446982055,0.005248792778,-0.02626486038,-0.004138179201,-0.004011369046,-0.009320856654
0.007664566587,0.00934915498,-0.006274210268,0.01230112041,-0.01837023081,0.007751937984,0.02752293578,-0.02097337994,-0.02098872507,-0.0139690252,0.04506437768,0.00371120108,0.003438511327,-0.00378125557,-0.003180749551,0.007179832324,-0.01559282142,0.001546551191,0.06074886471,0.01100814996,-0.02262853005,0.01905626134,-0.004277378881,0.01092669433,0.01222283644,-0.006363970138,0.01178049508,-0.04293310628,0.02784602785,0.002619383437,0.009476876422,-0.0319795331,0.01469660982,-0.009601982345,0.03529411765,-0.03034561474,0.01025822427,0,0.006692160612,-0.008436445444,-0.00229023527,0.01766561514,0.04821802935,0.01599147122,0.006538257643,0.0009778357236,0.103202847,0.03473083602,-0.01786636141,0.01860727375,0.005288207298,0.006134969325,0.1080368906,0.002349387481,0.02204052613,-0.008246683399,-0.002418379686,-0.002567394095,0.009788867562,-0.03758471965,0.01839717742,0.02047162477,-0.006600660066,0.002903600465,0.004191616766,-0.01325745403,0.008963367108,0.0008421052632,0.000826446281,0.02175883953,0.0313055852,0.002590673575,0.0231449966,0.007421383648,-0.001976284585,-0.01993085215,0.02123142251,0.03780284043,0.007950028393,-0.005962059621,0.01147809462,0.001505812362
0.01506161767,-0.003206270039,0.01141978698,0.003270843125,0.0004798464491,0.01221719457,0.01636904762,0.004669046965,-0.01576895819,0.02402217431,0.009240246407,0.008739495798,0.01148961903,0.001900221451,0.005410654828,0.01898393102,0.004184100418,0.01080914145,0.01098546042,-0.008889511077,0.04278570106,0.003858711784,0.01030736055,0.03105760022,0.01638349515,0.001724350289,0.01096071055,0.01306745222,-0.002788844622,0.001406752412,0.005444986857,0.002477700694,0.02227226643,0.006098514464,-0.001420454545,0.02538768422,0.01120448179,0.009501187648,0.01107945552,0.02070334657,0.0006260434057,0.01549907006,0.05466666667,-0.004459601259,-0.007198033708,0.02214262455,0.09129032258,-0.001918005275,0.005027766986,0.01466924993,0.01420305103,0.02112369338,-0.01783590963,0.01875104638,0.02817391304,-0.03796095445,0.001212121212,0.009974259974,-0.05094088576,0.0595390525,0.01212571146,0.01066531234,0.003577817531,-0.01621308628,0.02325581395,0.0417278541,-0.004248744689,-0.00588977703,0.0156895128,0.009760425909,0.01483270093,-0.004306632214,-0.003992015968,0.01947808715,0.00495049505,0.001452583524,0.01663201663,-0.001811229624,0.01521126761,0.04343874955,0.01104208361,-0.007514047279
0.03909611864,0.008577555397,0.002497014439,0.01631511433,-0.007673860911,0.01553419759,0.01464128843,0.002186987425,0.01602160216,-0.01443609023,0.04145473042,-0.05964678441,0.03009166999,-0.01452625585,-0.02745963847,0.05906343902,-0.004464285714,0.01985945616,0.05337168424,0.05308175508,0.0005328596803,-0.01981076286,0.02295313916,-0.0003317409766,-0.008955223881,0.01807451125,-0.009483764041,-0.01464691653,-0.04354774271,-0.04174192254,-0.0001867413632,-0.06483769979,0.03564899452,0.02502331365,-0.02062588905,0.009590334572,0.0350877193,-0.005462184874,0.006105197245,0.008335648791,-0.006360792492,-0.02258852259,0.3041087231,-0.006587615283,-0.07232537577,0.01943294043,-0.06591782442,0.09656497718,-0.03477070085,0.02618657938,-0.009854771784,-0.04233312007,-0.05266343826,-0.02678718159,0.07239512855,0.01465614431,-0.01089588378,-0.003504300733,-0.02383336671,0.0332326284,-0.03276283619,0.02085427136,0.0406162465,0.02619187758,-0.00641025641,0.02633478659,-0.07292474787,0.05162928481,-0.02825203252,-0.03807850029,0.02668252889,-0.003171856978,-0.04342017368,-0.05695039804,-0.03960591133,0.01098217986,0.07310838446,-0.01713709677,-0.05910099889,0.0140219474,-0.007890413972,0.04884258484
0.01759531991,0.002834868887,0.02203811999,0.0162321228,0.01884968584,0.0001100473203,0.0202020202,0.04255319149,0.001063075833,-0.002136100092,0.01196581197,0.01789510985,0.006771135616,0.004167462451,0.02880249716,-0.005833033336,-0.004932735426,0.01977231875,0.02518203883,0.01916169896,0.02236818747,0.0407239819,0.01288403422,-0.004314063848,0.01265060241,-0.005193236715,-0.03078424689,0.03255422902,-0.01754385965,-0.01612565445,0.017743743,0.009778874108,0.01809355693,0.04700530705,0.1122004357,0.06149205501,0.01694915254,0.0463878327,-0.006534930761,0.08624965555,0.01679084899,-0.003747657714,0.143424943,0.02387267905,-0.03945863515,0.009765625,-0.01265822785,-0.07798466594,0.03355486858,0.02950558214,-0.01554042256,0.02883865939,0.02811501597,0.01131374536,0.02555205047,-0.01518518519,0.02978376173,0.02621483376,0.08104226508,0.1356725146,-0.00783619818,0.02855033227,0.01407072067,-0.02423286493,0.0275659824,0.003140230394,0.002092050209,0.04587525151,-0.02426270655,0.01827040195,0.04916404569,0.0376048597,-0.00436452514,0.01467532468,0.08801805499,0.06066816971,0.02000952835,0.01558974359,0.02860513123,0.02172979473,-0.02507187641,-0.006859937327
-0.03165343923,0.002826855124,-0.06304635762,-0.02098769305,0.007590132827,0.03873239437,-0.001885902876,0.002354788069,0.01398230088,0.02415902141,0.001206563707,-0.01427328111,-0.01056879324,0.002867565301,0.001517032133,-0.03239845659,0.008562415502,0.01792009401,0.007102693104,-0.03927353286,0.01319673554,-0.03275362319,0.01579262419,-0.009865351286,-0.04283164783,0.02707296346,0.112917406,0.04558186496,-0.03316326531,0.002979991486,0.006423196917,-0.001046937707,-0.02167316862,0.01013758146,0.003264773098,0.1377488121,0.03157894737,0.01598837209,0.02631166797,0.02562151192,0.003199504593,-0.04137931034,0.04832556168,0.01943005181,0.03889660647,0.02529980658,0.01282051282,0.01591827037,-0.03891097885,0.06016008262,-0.01507626818,-0.008008658009,-0.1037911746,0.001836700618,-0.1021224239,-0.03647987965,0.01307448494,0.03224299065,-0.008730309357,0.03501544799,0.02598726115,0.0277578368,-0.009411196911,-0.04922850845,0.02226027397,0.08427236138,-0.01252609603,0.03809157368,0.02079314041,-0.02960526316,0.002840012622,-0.02202397547,-0.05172716114,0.02739024702,-0.01678295305,-0.04483091787,0.01447921532,-0.01474449606,-0.02780963303,-0.06607262946,0.08970623765,0.04580343615
0.005540677618,-0.02307963354,-0.04076901329,-0.01754305082,0.01035781544,-0.03601694915,-0.0009447331129,0.001827199165,-0.03857566766,-0.05852493282,-0.02530730296,-0.090058273,0.05127209167,-0.02735849057,-0.01074084274,0.01113733418,-0.02487339887,-0.02135642136,-0.02879811931,0.1637290715,-0.03461868038,0.009289781241,-0.03271243169,-0.01777299044,0.001864512119,-0.009219858156,-0.04755612369,-0.004913947512,-0.007036059807,-0.004032258065,0.03282275711,-0.007336244541,0.0426805494,-0.005878136201,0.02115196876,-0.01548858197,-0.01530612245,-0.01812112542,-0.005035861438,-0.03809052684,0.01697530864,0.0196206671,-0.0327537404,-0.01321473952,-0.03381088825,-0.03410805916,0.02215189873,-0.0374181478,-0.01912587026,-0.01753531417,0.01728795246,-0.02792930395,0.02219140083,-0.03233333333,0.08838643371,-0.007806401249,-0.06922174423,-0.009204768372,-0.04480183802,0.04875621891,0.01316116216,-0.03259604191,-0.009013398295,-0.02349304482,-0.01675041876,-0.003192610659,0.001268498943,-0.04299481097,0.07748845023,0.04838212635,0.01321585903,-0.0082668187,0.03550295858,-0.02217515884,-0.008247027234,-0.02245599838,-0.02808471455,-0.0159901599,-0.02034797995,-0.01476147615,-0.04547766547,-0.01425174089
0.03701556704,0.01704238052,0.04002593728,0.02321156558,0.01071761417,0.03472527473,0.04160756501,0,-0.003631082062,0.02600697748,0.0462413452,-0.01125557927,0.01736560133,0.009809313348,0.0335467706,0.0202562402,-0.003360317703,0.03981126511,0.0154311649,0.01840577056,0.01402449849,0.02137767221,0.03319284835,0.02426319397,0.04218362283,0.005607253639,0.1045285921,0.06175506147,0.04517271922,0.0396334967,-0.01553672316,0.01601266936,0.001419265466,0.02725699452,0.04461440408,0.03254777881,0.006692573402,-0.02104581512,0.06503067485,-0.01439958858,0.008902377339,0.1725465042,0.02846989967,0.02652588205,-0.01660735469,0.04046875,0.1083591331,0.02308066084,0.0119013078,0.02776400595,-0.09771640998,0.05476992144,0,0.06751636238,0.1186654076,0.02084972463,0.04663865546,0.01385927505,0.06754860694,0.07115749526,0.04656862745,0.06450060168,0.06981317601,0.04985754986,0.03691084611,0.01676508449,0.07179054054,0.01258714175,0.02202299747,0.06819517931,0.03385093168,0.02012072435,0.02714285714,0.08179385909,0.02165925353,-0.01924668874,0.04737091426,0.00671875,0.05267910897,0.07144162251,0.09046565011,0.01551500026
0.02074659081,-0.03431155244,0.07929490449,0.02255458125,-0.005532503458,0.01401869159,-0.1461643214,0.004689942678,-0.01858600583,0.03802163833,-0.003308910423,0.04867517174,0.05629199201,-0.01230839308,0.005521885522,0.04531061299,0.03095785441,0.01616562677,0.008939213349,0.1354472688,0.0175070028,0.09622093023,0.005456526296,0.02221627409,0.005357142857,0.06691185194,0.01988572365,0.05040908086,-0.07203389831,0.04099200656,0.01129842181,-0.007100796675,0.04879342462,0.0355187421,-0.01159243441,0.03266121788,0.002358996354,0.03357036547,0.01843317972,0.0166971041,-0.01564223403,0.006564551422,-0.06060729239,0.02834922228,0.01447527141,-0.003754317465,0.02234636872,-0.0346710995,0.02602626255,0.07670043415,0.03511869727,0.05809746755,-0.01017639077,0.0179090029,0.0396736072,0.02427745665,0.00441589723,0.0217815833,0.02121667293,0.03188662533,0.03138173302,0.02328736152,-0.02711397059,0.09709030605,0.008762322015,0.02012600102,-0.001576044129,0.07095046854,0.01620900076,-0.04623004953,0.01501952538,0.007326007326,-0.006258692629,-0.0009421740667,0.1222790081,-0.1116269255,0.04658525554,0.03036887578,0.005147269088,0.01671214188,0,0.007987138659
-0.02399856562,-0.006243114212,-0.02058607289,0.003072400372,0.0264255911,0.07540846251,0.002126528442,0.01919087137,-0.03007797995,0.01257891602,0.01351671805,0.0007486430844,0.01753481176,0.01377512657,0.01031342084,-0.01767992721,0.005500222982,0.01116382919,0.04518606025,-0.04863661942,-0.02322780454,-0.006099177937,0.003617179196,0.01767478397,0.04558910598,0.05237406872,0.04669344043,0.0197882239,0.01095890411,0.06536719827,0.01560560383,-0.03628117914,0.0082292872,-0.02020065076,0.01635802469,-0.009845493797,-0.001390671801,0.01632,0.01555429864,0.004875545291,0.01640012224,0.04782608696,0.109043704,0.003171505245,0.04478795085,0.01303889056,-0.01092896175,-0.02853628536,-0.00195103775,-0.003584229391,-0.002084912813,0.03781174578,-0.03152844414,0.009668727215,-0.008119079838,0.02445447705,0.00759392486,0.02690385181,0.03143960287,0.004377682403,-0.01316984559,0.005302695537,0.02503542749,-0.001923869727,0.008686210641,0.002851486319,0.007892659826,0.003571428571,-0.002627134547,-0.0409694172,0.003847292098,0.002237762238,-0.03988803359,0.03006012024,0.01248102547,-0.01258907363,0.01426101988,0.02068688492,-0.01877667141,-0.1101979202,0.03595459159,0.02204455642
0.007559904153,-0.0177383592,-0.0708310992,-0.02647318576,-0.03026196929,0.003506038177,-0.01538461538,-0.008142493639,-0.01741960184,-0.03006846576,0.01403837155,-0.006919768094,0.006588950836,0.03008831179,-0.00848468779,0.01102622035,0.01123595506,-0.01711288987,-0.02514834699,-0.1224575931,-0.009688215607,-0.03228388474,0.00120061994,-0.01106393928,-0.07134767837,0.01732882502,-0.01919731928,-0.02968437132,0.004516711834,-0.02827573461,0.004889121704,0.005972850679,-0.001340288925,-0.0397121904,-0.002125721227,-0.03804383376,-0.02003213712,-0.003935768262,0.00306321359,0.1917773238,0.006714772499,-0.02489626556,-0.1158798283,-0.03015564202,-0.04552352049,0.0008183914887,0,-0.01823246391,-0.04178819674,0.04878597122,-0.04786324786,-0.03410852713,-0.03184713376,-0.02464678179,-0.01937244202,-0.1017260375,-0.01705672352,-0.01245526127,-0.02139037433,-0.04879924793,-0.03152323976,-0.01846153846,-0.03110599078,-0.03400798568,-0.02960172228,-0.002131306137,-0.01879404855,-0.01850533808,-0.02031984948,-0.08002406739,-0.01975235849,-0.03544515769,-0.07434402332,-0.01098649577,-0.02448775612,-0.09718547029,-0.009373668513,-0.05253837072,0.02986372862,-0.02620169651,-0.01761642991,-0.03538852499
0.006086177579,-0.03235515425,-0.02429453517,-0.03544135404,-0.01210992082,-0.01319875776,-0.01939655172,0.05336069779,0.007987531658,0.01879927229,-0.03437932626,0.01129943503,-0.03356831151,-0.01601839451,-0.03476400588,0.02822332516,0.04152046784,-0.003650659927,0.006376811594,0.003532683247,-0.02757025969,0.04907637166,0.00139980348,-0.01248861715,0.01829268293,0.02212297466,-0.009212774003,-0.05983760593,-0.01888489209,-0.01236211487,-0.029018245,-0.003598416697,-0.005758118827,-0.02838616715,-0.02860620816,0.005000152462,-0.01486663752,-0.04899636479,-0.01901721266,0.06320977073,0.02160278746,-0.01861702128,-0.09664607237,-0.006519558676,0.007750397456,-0.0172465061,-0.03867403315,-0.01805519732,-0.03213569668,-0.001500535906,-0.03391182924,-0.03029695024,0.01096491228,-0.01400289715,-0.04257095159,-0.02085036795,-0.04277643261,-0.007103508263,0.03315118397,-0.008984725966,-0.004038964124,0.03358710255,-0.04613555291,0.01482326112,-0.008319467554,0.02446394386,0.01237031125,-0.03045685279,0.02957557135,0.1340745585,0.02736842105,-0.02054398148,0.06771653543,-0.01978708632,-0.01178278689,-0.02637889688,0.003010752688,-0.01308411215,0.009009009009,-0.01025938831,-0.01521755189,0.01642165281
-0.005066412952,-0.001166407465,-0.01389874616,-0.03662540031,-0.0174446016,-0.03658536585,-0.01923076923,-0.007306380906,0.03440278315,0.06339285714,-0.006212664277,0.003351955307,-0.07120527961,0.0009561628599,-0.004848316941,-0.006599671431,-0.008281864121,-0.02593010147,-0.01843317972,-0.02989678891,-0.04225352113,0.02391590013,0.0005987519551,-0.007113687261,0.03652694611,-0.006706635505,-0.02207803318,-0.02317898278,-0.001833180568,-0.04814172925,-0.0105583393,0.003430841459,0.002562309797,-0.04686341391,-0.0626566416,-0.005461334058,-0.01331557923,-0.004653481802,-0.002971557945,-0.08424022572,0.008867667121,0.008130081301,-0.1108939912,-0.03659767794,0.06547032144,-0.001815431165,0.01724137931,0.024428684,-0.0005255624637,-0.01910691284,0,0.01262156011,-0.03326102675,-0.0001632386549,-0.09125254287,0.01252609603,-0.03161888702,-0.02613520222,-0.08339210155,-0.06074342702,-0.02981870229,-0.04376083189,0.006731488407,-0.001966292135,0.01006711409,-0.03037450521,-0.01418998818,-0.04674644727,0.004476776721,-0.02595155709,-0.06850117096,-0.02333825702,-0.0302359882,0.03789399126,0.01969932608,-0.013136289,-0.002144082333,-0.0462962963,-0.017578125,-0.09290044983,-0.02042232391,-0.01856238658
-0.04033182534,-0.01401323472,-0.01322497451,0.01142069923,-0.03119001919,-0.01306655778,-0.02591036415,-0.01226692836,-0.008034379671,-0.01175482788,0.009136811734,-0.01095025984,0.002804786836,-0.01498669474,-0.01113585746,-0.01440866556,-0.01472045294,-0.02546296296,-0.05105633803,0.05785448878,-0.005920550038,0.02464065708,-0.003990807945,0.003184290832,-0.05898324668,-0.03222506394,0.004602775123,-0.006177415369,-0.01285583104,0.02083754805,-0.007234581299,0.01583588267,0.04931329036,-0.01898241792,0.01671122995,-0.008206173591,-0.01934322987,0.01185506762,-0.02632983253,-0.003301056338,0.02395440935,0.01827956989,-0.02417582418,-0.001309929264,-0.008143623913,-0.02485601697,-0.02824858757,-0.02512820513,0.01819178573,0.001313197636,0.04398100351,-0.0004086636698,0.04861630516,0.01175510204,-0.002878157979,-0.0206185567,0.009577710057,0.005997001499,0.002115791498,0,-0.08950086059,0.01223380154,0.0146731055,-0.03841823811,-0.02159468439,-0.01972800912,-0.008496601359,-0.02471557474,0.02061281337,0.01776198934,0.01500628536,-0.003932244404,0.02661596958,-0.02161055505,0.04609388239,0.008874098724,-0.00128921358,0.02824360106,-0.008520306731,0.04721862872,-0.003382151176,0.008756042806
0.0328317317,0.003158310304,0.02932685002,-0.001977267489,0.007429420505,0.01075713695,-0.01135873472,0.03651266766,-0.008287813147,0.04446332484,-0.06409340005,0.03208857196,-0.0270371061,0.01877718238,0.003096846847,0.05922155674,0.0133601494,0.02404988124,0.002782931354,0.115014619,0.05725264169,0.04559118236,0.009018722759,0.0523740246,0.01786481675,-0.01152219873,0.01079107777,-0.007847463948,0.02046511628,0.01189060642,0.06303516123,0.0047829938,0.02164041491,0.04599524187,0.01709401709,0.01624116156,0.01467889908,0.01122112211,0.021648631,0.04526385516,0.02678992548,0.04065469905,0.08783783784,0.02203567681,0.02649748087,-0.03854522847,0,0.04392425039,-0.08596866175,0.05857923497,-0.03283227848,0.008585445626,0.04493580599,0.01920284008,0.04457985888,0.01178947368,0.0185424752,0.01087928465,0.05316698656,0.1148648649,0.0469889279,0.01790510295,0.04875221185,0.0187326211,0.01697792869,0.02695804673,0.009375945156,0.01890587289,0.03420669578,0.07795229785,0.01679696571,0.004251442454,0.06,0.01941408975,0.02640531346,0.03106102254,0.0400172117,0.01545064378,-0.001718705242,-0.01955939881,0.02317912598,-0.004167647992
-0.02639484807,0.005509641873,0.08024800709,0.02141277057,-0.04178957719,0.03397462137,-0.007562536358,0.02588066139,0.02621082621,-0.004067245119,0.03946028513,0.03090909091,0.01782292066,0.00127245,0.04083637384,0.07148866712,0.03870144599,-0.01101768629,0.05982115325,0.0311832651,0.03416318372,0.08840440824,0.03296777933,0.03493779062,0.01749095296,0.07785263608,0.05441978516,0.03461399909,0.003646308113,0.05914610262,0.04661525278,0.01674894217,-0.01090500239,0.06702047005,-0.004524886878,0.04954932186,0.05650994575,0.0251305483,0.01769153945,0.003168567807,0.04391364263,-0.001014713343,-0.09161490683,-0.01180698152,0.02417742229,0.03685741998,-0.01162790698,0.07936507937,-0.001698058203,0.06772661573,0.08568507157,0.05340494528,0.1010238908,0.0468651045,-0.0546515198,0.06408655847,0.008467400508,0.04437564499,0.0005467468562,-0.03116883117,0.02501934485,0.0446350044,0.02397021178,0.08332136187,0.02170283806,-0.009266869097,0.01238513783,0.000394788788,0.07688247713,0.006475984889,-0.03075517661,0.0003023888721,0.01956673655,0.05165925419,0.04324494949,0.005065315916,0.01241208109,0.02472527473,0.1047345768,-0.04031919362,0.04640946212,0.01360068552
-0.03045255163,0.0168297456,0.006012900405,-0.01754424139,0.03232426886,-0.02810768013,0.02403282532,-0.03690726466,0.005182306126,-0.03375986932,0.01249081558,-0.02367901235,0.00546036528,0.01650142605,0.02736955642,-0.01183941528,0.07206223557,0.02403987101,0.0002909514111,-0.0676687643,-0.01686874012,-0.03345806736,0.007883559152,-0.02246508804,-0.01659751037,-0.01914872507,-0.04217757191,-0.006373283679,0.01089918256,-0.009615384615,0.01948583593,-0.02358245188,-0.03421623903,-0.02316327981,-0.004545454545,0.0703962509,0.009841677364,-0.002387774594,-0.001121547736,0.01537165719,-0.03625803045,0.00812595226,-0.01310541311,-0.001558441558,-0.004792332268,0.007171811662,0.04705882353,0.05625583567,-0.03007815322,0.02069232257,-0.04464117536,-0.00683020683,0.08059516429,0.02087114338,-0.1188697629,-0.01525224873,0.01427371956,-0.02343308865,-0.03606557377,-0.04021447721,-0.0246602919,-0.004209640076,-0.02613636364,-0.007293462406,0.003267973856,0.02469773588,0.01736385162,-0.003551696922,0.02924358765,0.03860589812,-0.01602262017,-0.003022974607,0.07882111035,-0.02027759705,-0.04447806354,-0.03289124668,-0.04086636698,0.1138379047,0.06649350649,0.03129102845,-0.0316785379,0.001721234419
0.003174126216,-0.03464203233,-0.03097152793,-0.08751688787,-0.02485089463,-0.02403258656,-0.04235832856,-0.0220713073,0.01675566194,0.009016624401,0.007498790518,0.03382745577,-0.002059925094,0.03715297329,0.009186351706,0.008449214558,0.05168682368,-0.004008016032,-0.0154159395,0.02265733579,-0.01840929401,0.1079480756,-0.01335397716,-0.03142857143,-0.01476793249,-0.008496864252,-0.01622025958,-0.001287403254,0.001796945193,0.01101568335,0.008191455188,0.00834665246,-0.0112819988,-0.03084084958,-0.05544683627,-0.03928253025,-0.005084745763,-0.00909526089,-0.007157894737,-0.02550808793,0.003470002739,0.001007556675,0.04445727483,-0.03694068678,0.01391118245,-0.01052631579,0.01123595506,0.01104972376,0.02047942591,0.01383099659,-0.008083596215,0.02731499419,0.0131956397,-0.0557037037,-0.03980833026,0.0714853058,-0.02317880795,-0.006938421509,-0.05650037793,-0.02979515829,-0.003353973168,0.001902346227,-0.008868144691,-0.02838632113,-0.01194353963,0.01450413504,0.01784328937,-0.02732673267,-0.02333333333,-0.001806917914,-0.01979565773,-0.008489993936,0.1334180432,0.000996126176,0.003008233059,0.08968732858,-0.01576480614,0.03295685984,-0.05504140283,0.02079354976,-0.01090702472,-0.01579869492
0.06376049157,0.0211323764,0.03969945049,-0.003398116245,0.1182466871,0.05550918197,0.02211595935,-0.02777777778,-0.009597971749,0.0296006702,0.01920768307,-0.01537655076,0.06624132107,-0.004513416026,0.02288686606,0.05327220607,0.2138966227,0.01810865191,-0.01831610044,0.07860125762,0.008193736344,0.02487153135,0.02803699181,0.04950622034,0.04680330376,-0.02468883901,0.02826652438,0.05810698458,0.008968609865,0.0162511542,0.02915405448,0.02271926735,-0.009559376829,0.04983488442,0.05662983425,-0.01273207288,0.06558773424,0.02415458937,0.02431439073,0.02234517983,0.01401401401,0.03371917464,0.03980099502,0.05780659103,0.001407211961,0.0225281602,0.08888888889,0.07103825137,0.01662839328,-0.06596897776,0.0445239515,0.00584574769,-0.02095130238,0.02447442736,0.08330134357,-0.02965159377,0.02372881356,0.02605531295,-0.01221710395,0.08733205374,0.04012425576,0.01476793249,0.07252178008,0.07059874888,0.0532967033,0.04035780158,0.01333841463,0.08061889251,-0.01446448887,0.04628911301,0.03745928339,0.04862385321,0.0201793722,0.04201680672,0.03993685872,0.02391140196,0.05238095238,0.01398100018,0.01365979381,0.07960922885,0.02756200515,-0.0115144385
-0.01906214183,0.001952362358,0.0850501564,0.02573069817,0.04421148587,0.05496243575,0.02807017544,0.0375,0.04918632291,-0.005153241117,-0.003297997644,0.06086956522,0.007391763464,0.02176816671,0.03025680142,0.02083390745,-0.01605504587,-0.01157538114,0.009629852543,-0.05752542222,0.04208054903,0.07721620538,0.02877522012,0.004643773677,0.0601987142,0.0210251046,0.02176846038,0.02063133916,0.016,0.001635471561,0.007894736842,0.02548648183,0.05400255662,0.0181584215,-0.009803921569,0.006079142188,-0.007194244604,-0.02751572327,0.01297267458,0.1459200666,0.08803733285,-0.01168451801,0.04891015417,0.03140960163,0.01914632004,0.005507955936,-0.02551020408,-0.005918367347,0.001127925276,-0.0050020008,0.01008563273,0.02643419573,0.05610179294,0.02434915773,0.08362863218,0.04278074866,0.0107615894,0.05092920982,-0.02493917275,-0.007943512798,-0.0550024888,0.05467775468,-0.01953896817,0.06022858611,0.01956181534,0.02482960078,0.004136893569,0.02298417483,-0.01748021108,-0.02471576866,0.09952904239,0.01487314086,-0.03681318681,-0.0378820034,-0.09471766849,-0.1585545723,0.2254216372,-0.007777974191,0.01754385965,-0.004620716211,0.0107315176,0.01764807939
0.003812527164,0.006625097428,-0.001938466127,-0.001633888722,-0.006547359232,-0.05247376312,0.001137656428,0.01401524465,0.005402579296,-0.01526717557,0.01867170882,0.002843760455,-0.01013277428,0.007400002714,0.00444225074,-0.04760173627,-0.005776831864,0.00942587832,0.01251862891,-0.003299433961,0.02235701906,-0.03109290635,-0.0142602607,-0.05826541783,0.02315325248,-0.0003073455589,-0.02130469008,-0.01545383273,0.008748906387,-0.01777939042,0.006450622024,0.001847187238,-0.005213577422,0.02892852128,-0.007260726073,0.004856289134,-0.03421900161,-0.003233629749,0.07057220708,0.0472297911,-0.0103926097,0.08571428571,0.001013684744,0.01064619955,0.0170630817,-0.01765063907,0.1439790576,-0.0084171628,0.02394364934,-0.04363563242,-0.001695553881,0.00401826484,0.1067907996,-0.001644490955,-0.03008502289,-0.06117216117,-0.007371007371,-0.0151187905,0.005406529424,-0.06939501779,0.02422965499,0.009067612852,-0.00828481863,-0.01114341085,-0.007418777181,-0.01038408103,0.001872659176,0.02615101289,0.01611278953,-0.03547896604,0.01541976014,-0.001436781609,-0.007415858528,0.003308701886,0.02414486922,0.01051709027,-0.02484055052,-0.01175841796,0.027986007,0.02843326886,-0.02388653744,-0.02219752042
-0.04114013907,-0.0487804878,-0.04128486056,-0.03582080456,0.03866432337,-0.02254746835,-0.05681818182,-0.01648884578,0.03761483793,-0.02657807309,0.04686774942,-0.00717264387,0.0007059654077,0.01468679984,0.01117936118,-0.04879081633,-0.01997961264,-0.01216751556,0.01236385046,0.002878055713,0.01017121546,0.02229054573,-0.006306260597,-0.04740377164,-0.1481681034,-0.01291248207,-0.01374474599,-0.02264787116,-0.02081526453,0.002955301071,0.01846482527,0.01005698961,-0.04894319354,0.02197352259,-0.03457446809,-0.01905030038,-0.007503126303,-0.0009732360097,0.04046831255,-0.006591500434,-0.01450241707,0.04854809437,-0.1037468354,-0.006614404704,0.02152177597,-0.01548946716,-0.002288329519,-0.04016563147,-0.01458128424,-0.04941126997,-0.03793168522,-0.0114607968,-0.02572983671,-0.007337526205,-0.08159136885,0.02458056964,-0.05445544554,-0.01014254386,-0.02502585315,0.008604206501,-0.004628439187,-0.03828872827,0.002257846015,-0.0061244488,0.01546391753,-0.004804970722,-0.01121495327,-0.01651112706,-0.002147340601,-0.04414083027,-0.005343082115,-0.01352517986,-0.04022988506,0.004177201275,0.004092992796,-0.04741254698,-0.005163511188,-0.009374436632,0.01677199806,-0.001316531879,-0.02120661513,-0.03582712037
0.003301536096,-0.01628001628,0.01927172614,-5.74266981e-05,-0.03299492386,-0.006475111291,-0.01506024096,-0.003205128205,0.01002338791,0.03640500569,-0.01374113475,-0.004872311828,-0.005643738977,0.01273961449,0.004009233386,-0.003416902423,-0.008633243187,-0.01890575766,0.001163128817,0.04529967523,-0.001006880349,0.04135338346,-0.002984858703,-0.02115254237,0.01581277672,-0.01723421927,-0.007550197634,-0.02285705897,0.01594331267,-0.02523020258,0.03790830087,-0.02057749751,0.02297363212,-0.04180021368,-0.05027548209,-0.0171574293,-0.02099958001,0.01526221789,-0.01663405088,-0.02549327746,0.02401894452,0.01038511467,0.02084627987,0.01183723798,0.03135368281,-0.007551919446,0.009174311927,-0.07484900777,0.01339908481,-0.03273612033,-0.02883483719,0.004232609496,-0.07668867445,-0.02247699502,-0.02239353891,-0.02399086062,-0.006108202443,-0.01869288286,-0.01845566398,-0.07962085308,0.01549987083,0.01543774121,-0.04775850417,0.01183140251,-0.03553299492,-0.03382449306,-0.004914933837,-0.02189781022,0.001986426088,-0.0145684442,-0.01526717557,-0.01896149358,0.003592814371,-0.02824302135,-0.02315343225,0.01062215478,0.01799307958,-0.02292993631,-0.03514224241,-0.00527306968,-0.001107531212,0.02317607743
0.009001201556,0.02441042615,-0.01065130975,0.004842235175,-0.02843394576,0.01384928717,0.006727828746,0.01879792233,-0.01835924578,0.0005488474204,-0.01775280899,0.0109741685,0.01720468251,-0.006571502226,-0.01343175218,-0.0004385441212,-0.02203336481,0.01372262774,-0.004066221319,0.06730255929,-0.01763816563,0.05180505415,0.01328963204,0.03573902203,-0.002490660025,-0.02429748574,0.05208050311,-0.03003966227,-0.001743679163,0.008312866049,0.02338674751,0.01135208404,0.02364776999,0.005296167247,-0.02610587382,0.00329292201,0.003861003861,0.01487286103,0.01629353234,-0.04067371439,-0.00660720185,0.02355460385,0.07913669065,-0.01169875701,0.01688917484,0.01268230818,0.07727272727,0.02821170436,0.04297709544,0.03978961811,-0.001211876389,-0.004581271761,-0.01430143014,0.01388888889,-0.04243334585,0.09129925868,0.004828797191,-0.0004233102864,-0.00669980549,0.03192584964,-0.001526329178,0.001600320064,0.005441211261,0.06163215591,0.01157894737,0.02250387389,-0.007978723404,0.02052238806,0.03122418635,-0.003626220363,0.002583979328,0.0127862028,-0.01789976134,-0.004843978822,0.01101652479,0.01081081081,0.02413324269,-0.004283851741,0.02874132805,0.04751987883,0.03503301079,0.01042771297
0.001867165684,-0.0302907916,-0.04347602122,0.0003064794904,-0.01715443494,-0.03897147449,-0.02855407047,-0.006797766448,-0.01263689975,-0.01974766868,-0.01761610615,-0.02371409486,-0.01517000872,-0.01985811236,-0.04709922728,0.002851787423,-0.0005364231306,-0.04032258065,-0.04228638087,-0.007259091065,-0.03813269494,-0.03295006007,-0.01810413087,-0.00748963488,-0.03558052434,0.02533564314,-0.05394935752,-0.03649951597,0.02183406114,-0.04103428893,0.0172097616,-0.01289998325,-0.04144868286,-0.002495494246,-0.04020848846,-0.01347790244,-0.04209401709,-0.01796407186,-0.04626116754,0.01550242809,-0.02593947456,-0.004393305439,-0.07333333333,-0.0382244143,-0.0272065802,-0.05009392611,-0.1016877637,-0.03378684807,-0.04437544835,-0.08555091269,-0.03518705763,0.002209131075,-0.05691964286,-0.04474885845,-0.08711764706,-0.02645691813,-0.01834862385,-0.03472614342,-0.01283724978,-0.09780439122,-0.04866242038,-0.01737567406,-0.05223529412,-0.05748049564,-0.04058272633,-0.03735196709,-0.0145538108,-0.06142595978,-0.05575136174,-0.039193729,-0.0332187858,-0.04403992954,-0.05407047388,-0.03158252207,-0.07627538385,-0.05407011289,-0.0517756389,-0.03385708941,-0.03155105973,-0.0892824869,-0.05373196102,-0.05088682876
-0.0338424647,0.001249479384,0.003231191771,-0.03133914277,-0.02033991479,-0.008779264214,-0.05816135084,-0.02322170618,-0.003583617747,-0.02350307778,0.01304145319,-0.002736914129,-0.03682719547,0.001763533889,0.009782468786,-0.04124327187,-0.01481322456,-0.04741896759,-0.0359317905,-0.02044902007,-0.008711111111,-0.042945874,-0.009406627533,-0.04716345506,-0.01877022654,-0.03970432946,-0.04468191351,0.01014371604,-0.02051282051,-0.0156311059,-0.003189571488,0.009843856076,-0.01874297189,-0.01097984712,-0.03180760279,0.003975326534,-0.01449921927,-0.003530166881,-0.01899140254,-0.131230458,-0.009900990099,-0.04223576382,-0.05949086884,-0.03897435897,0.01414634146,-0.01549110086,-0.1028651949,-0.05773292654,-0.0666103663,0.0002405002405,-0.04632152589,-0.0216752388,0.0325443787,-0.002230720204,0.01015958932,-0.0499449137,-0.04472630174,0.0163790582,-0.02556755565,-0.08296460177,-0.005356186395,-0.04146341463,-0.06752730884,-0.02860620816,0.0005422993492,-0.04549543514,-0.005441119316,-0.03817686015,0.009501187648,-0.02127039627,-0.01244075829,-0.04023341523,-0.02825947335,-0.005844535359,-0.02216264522,-0.07694723618,-0.02765138257,0.03020329138,-0.02735637901,-0.03076007144,-0.03690767934,-0.0150016218
-0.0345370801,0.01788685524,0.007676203768,-0.03992283751,-0.002805704933,-0.0008435259384,0.005312084993,0.003503503504,0.001027573215,0.02664756447,0.03862068966,0.02212692967,-0.01691176471,0.01992913488,0.03569152326,-0.04843113858,0.07425365003,-0.01449275362,-0.02242577385,-0.04505833336,-0.01739598278,-0.01335063972,-0.00474797621,-0.0395983595,-0.01121372032,-0.01011656037,-0.003686822224,-0.03482820631,-0.04188481675,-0.01955140929,0.02712854758,0.05882352941,0.02769580859,0.01742551996,-0.005208333333,0.03149837229,0.02172928927,-0.01207729469,-0.00444735121,-0.04392928972,0.01206896552,-0.01886792453,-0.08090614887,-0.01974386339,0.02886002886,-0.006695681286,0.005235602094,-0.001743462017,-0.01924841036,0.007213272421,0.05208791209,-0.008636875704,0.04584527221,0.05685084637,-0.07718477568,-0.01430228063,0.01141392965,0.02244604317,-0.04908391767,-0.04583835947,-0.004308023694,0.01251060221,-0.04952076677,-0.06271929825,0.0189701897,-0.03121114899,0.04806565064,-0.03523693803,0.06655462185,-0.00267936886,0.007798440312,0.00256,-0.05023132849,0.02116402116,0.04002924511,-0.005103776795,0.003959683225,-0.01165194512,-0.01892099207,0.01771089271,-0.004127401807,0.006092039187
0.05302392903,0.0298324479,0.07207543149,-0.003673024914,0.0007033997655,0.02448290418,-0.005944517834,0.001995012469,-0.009751924722,0.06028467764,-0.07658255865,-0.00335626783,0.02374719521,-0.008621371163,-0.01723076923,0.06172917814,0.06141285055,0.01470588235,-0.001938610662,0.05899116557,-0.02555210805,-0.002819018981,-0.01488618367,0.05845972611,-0.007338225484,0.01288602533,0.04508411738,-0.003817077092,0.0364298725,0.02884907379,0.07151564405,0.02222222222,0.0003982477101,0.02417127072,0.01973419251,0.01398851326,0.02924235711,-0.002444987775,0.02719747734,0.07883082374,0.004770017036,-0.02906976744,-0.01344430218,0.02994011976,0.02976468755,0.01516683519,0.0390625,-0.01946107784,0.02898601791,0.03342086417,0.02193440568,0.04128787879,0.01808219178,0.03505590813,0.05622119816,0.005490196078,0.01934592354,-0.0159020546,0.03068506185,-0.07206068268,0.04110329908,0.02073298429,0.04845938375,0.05541814292,0.01276595745,0.06518364432,0.002237136465,0.03484466835,0.04065553104,0.04179104478,0.04672619048,0.02489626556,0.05915100905,-0.0002302820956,0.07943760984,0.008891928865,0.03047687343,0.07358813463,0.03570497785,0.01438487074,0.03255920007,0.001134410962
0.03379207407,0.03253968254,0.04094409938,0.07917963566,0.05576382381,0.0601565719,0.05382059801,0.04405176705,0.006910850035,0.05790997631,0.02660594439,0.02508839872,0.05716894977,0.02811360626,0.02116468378,0.07739274839,0.03678929766,0.05608065532,0.02071867918,0.03025565124,0.01067615658,0.08839050132,0.04397531164,0.04062326099,0.03830645161,0.04211449879,0.06737617135,0.1403661221,0.04042179262,0.02794175521,0.05713563393,0.02810559006,0.06727707006,0.0250842886,0.04976303318,0.06174468265,0.07490314249,0.04158496732,0.03952417498,0.06116584565,0.06035944388,0.1142330723,0.0476963011,0.05628964059,0.03253631961,0.03087649402,0.0977443609,0.1208651399,0.08039933506,0.103950104,0.06398201145,0.03219352492,0.036598493,0.0700729927,0.02268760908,0.08658346334,0.04699502937,0.04304304304,0.04477267482,0.06675749319,0.02155844156,0.06462864177,0.03393000267,0.02330884216,0.04149159664,0.08393935419,0.04129464286,0.05030425963,0.02710478498,0.04985673352,0.05359681547,0.04110868888,0.07490144547,0.05055856271,0.04868121133,0.06745762712,0.082289492,0.05189514701,0.02315047811,0.07735025783,0.05676504209,0.01662908157
0.03128855499,0.023443505,0.01460690248,0.01199885261,0.01420328451,-0.02720559658,-0.02711223203,-0.01620977354,-0.02367879204,-0.01119681513,0.01400887229,0.002135348226,0.006219765031,0.001128955113,-0.01054697081,0.02239319174,-0.02829493088,-0.03221957041,-0.01744370441,0.08489119561,-0.008895478132,-0.00329004329,-0.0003722827064,-0.0005347593583,-0.02588996764,0.06019785308,-0.1428580387,0.005196124678,0.0008445945946,-0.02584226646,-0.05452588784,-0.02703519106,-0.03170458784,-0.02920668333,-0.02332580888,-0.04442124506,-0.02563075691,-0.001176562868,-0.02830072598,-0.02765957447,0.004637032299,0.008267879289,-0.07773304429,-0.03577683262,0.02022570717,-0.002898550725,0.009132420091,-0.006356413167,-0.009505533609,-0.04373299854,-0.03073967339,0.01022026432,0.01557632399,-0.01773533424,0.03370307167,0.02871500359,-0.007768666379,0.004798464491,-0.009056770488,-0.04342273308,-0.003305364861,-0.02331855849,0.007493540052,-0.01968308987,-0.02370146243,-0.03655716399,-0.03072525902,-0.01815372731,0.02815863187,0.01555676856,-0.03764674133,-0.02452886629,0.02139364303,0.00197325148,0.003881384878,-0.02159415688,0.00401864652,-0.0006735140596,-0.006886374816,-0.0324005891,-0.1264227942,-0.02639205096
0.05593279996,-0.00150206534,-0.004798870854,0.1283197326,-0.0249452954,-0.043747503,0.00032404407,-0.01114611098,-0.03936731107,-0.008555611475,-0.04052498273,-0.030650713,-0.05082417582,-0.009292616265,-0.01945959346,-0.03706999798,-0.01593474343,-0.06041923551,-0.07133634603,-0.04038108262,-0.03300299177,-0.03057678944,-0.02840136018,-0.03210272873,-0.04186046512,0.02660313679,-0.03326626916,-0.006533777101,-0.01265822785,-0.04902731381,-0.01504995574,-0.03446134741,-0.02966101695,-0.03604824502,-0.05238828968,0.001243678658,-0.04932182491,-0.05465682425,-0.02241357478,-0.01392480605,-0.02053159319,-0.0319803198,-0.07353928811,-0.07991696938,-0.02959344922,-0.0503875969,0.01131221719,-0.003655471784,-0.06114695632,0.06192560175,-0.04083250743,0.06698063841,-0.006134969325,-0.06611111111,-0.08254230293,0.03175157013,-0.05132666377,-0.02019375085,-0.07690592956,-0.0347129506,-0.04923469388,-0.02505919495,-0.09387022313,-0.05063770678,-0.02556818182,-0.05141110744,-0.009583486915,-0.09480723839,-0.01835388586,-0.01263101317,-0.066741447,-0.07789021772,-0.01077199282,-0.01750547046,-0.01190844417,-0.05679974034,-0.01793147614,-0.003032855939,-0.01993561169,-0.04528158295,-0.04347887264,-0.02825603087
0.06607865169,0.04964272283,0.009265825178,0.04040690694,0.03366247756,0.04574890328,0.05474570781,0.0448419505,0.004390779363,0.02538071066,-0.04487640989,0.02823807913,0.02767727931,-0.00426630057,0.0259132853,0.02533600924,0.002313253012,0.03248031496,0.03058741745,0.009067393262,0.09542685875,-0.002688172043,0.01184551824,0.02708678828,-0.05062413315,0.1166118739,0.08385929861,0.03379939828,0.04017094017,0.005889038124,0.0166923472,-0.002250803859,0.0107185391,0.01602699283,0.06504065041,0.1068516655,0.01859057501,0.02658248879,-0.006735751295,-0.002420819044,0.04273643159,0.0194832698,0.06995288148,0.02650874224,-0.00133234641,0.01326530612,-0.04474272931,0.04540243064,0.01577111129,0.0269936122,0.04153750775,-0.02468530325,-0.045781893,0.02082093992,0.1902834008,0.01724721001,0.03851444292,-0.001671076452,0.06302825404,0.09128630705,0.01395224041,0.02610807529,0.03255024059,-0.009310986965,0.01192684866,0.02934960107,0.008931894306,0.01781833985,-0.02103418054,0.004354926511,0.004206730769,0.03425340871,-0.1137326074,0.02572383073,0.04429488183,0.04645560908,0.03325725465,0.003211086699,-0.0218572331,-0.007572738143,0.08312125804,0.03850625548
-0.004391465801,-0.02293084916,0.03667619092,-0.01972562058,-0.03430308294,-0.04714342789,-0.02764127764,-0.02626641651,-0.02058287796,-0.01485148515,-0.0175879397,-0.03839828975,-0.04735081852,-0.01969510546,-0.04257023164,0.01719660217,-0.01048177709,-0.05020654592,-0.06677908938,-0.0644678444,-0.06037069726,-0.05372866128,-0.04361816616,-0.04877556512,-0.04309715121,-0.02996189816,-0.007394270313,-0.02322557062,-0.02629416598,-0.05299917831,-0.03245769134,-0.0543828553,-0.02985074627,-0.1576034316,-0.05877862595,-0.01713284621,-0.06005942275,-0.03123482764,-0.004825247783,0.0301314459,0.03069970391,-0.08807644371,-0.01287262873,-0.06373626374,-0.01230358731,-0.06344410876,-0.01170960187,-0.01338012722,-0.07935466946,-0.01003210273,-0.1636904762,-0.03402614817,-0.1051212938,-0.04079254079,-0.05517762661,0.02160904255,-0.0348785872,-0.06807086065,-0.07428441617,-0.0608365019,0.01614183646,-0.04891518738,-0.05688048246,-0.04846938776,-0.002881089576,-0.04530123007,-0.02711176688,-0.02561912895,-0.01686063862,-0.06368563686,-0.04727707959,-0.06012861736,-0.05529010239,-0.1152969276,-0.005695443645,-0.2185136468,-0.0571158094,-0.03487196765,-0.0519245673,-0.07128514056,-0.005398651356,0.0514576251
-0.1097415956,-0.102310231,-0.1247966745,-0.1001204561,-0.09577338129,-0.1433962264,-0.1193935565,-0.1131984586,-0.07234517389,-0.1444723618,-0.09923273657,-0.1040615648,-0.1262010347,-0.01834609222,-0.09117817386,-0.06283618432,-0.1448007775,-0.1237872198,-0.1358872425,-0.1394950792,-0.1273717828,-0.1462210406,-0.09871605883,-0.1289341538,-0.1534351145,-0.142117479,-0.154037704,-0.183702403,-0.08016877637,-0.1119305857,-0.1005090719,-0.02002215217,-0.1663967611,-0.1622864652,-0.100567721,-0.1582008419,-0.1925942651,-0.1204477113,-0.08609618661,-0.2147624656,-0.1648019353,-0.1731207289,-0.1811942347,-0.1144366197,-0.08524688579,-0.07777777778,-0.2180094787,-0.1960871498,-0.1408502503,-0.1615322254,-0.1525504152,-0.1535658511,-0.2060240964,-0.104799514,-0.2244,-0.2183534006,-0.1161939616,-0.1008831013,-0.1317791411,-0.2294197031,-0.1453125,-0.1505599336,-0.1844208691,-0.1790602512,-0.1594431311,-0.1900277948,-0.1302369668,-0.07624890447,-0.1857641524,-0.1574529667,-0.09359296482,-0.1077659938,-0.2138728324,-0.09080868818,-0.1828459451,-0.1125604881,-0.2423025435,-0.1319602025,-0.1395095368,-0.1500540541,-0.1555126174,-0.06837002161
0.08549979587,0.0420751634,0.04775425916,0.02053098951,0.0387866733,0.04111600587,0.149928264,0.01222161869,0.03448275862,0.1283406755,0.04315729699,0.06394350067,0.08395009516,0.02877247708,0.04899461909,0.01851465347,0.04170454545,0.04963726613,0.03094939356,0.08665692727,0.03853606028,0.293816726,0.04884985717,0.03816174082,0.2141568981,0.105723205,0.2415559362,0.1461909422,0.00871559633,0.05349291646,0.1761718183,0.05616414537,0.1160757649,0.06078431373,0.0703336339,0.05823314841,0.1085011186,0.04909781576,0.03283624892,0.15775,0.07784214337,0.1162534435,0.1207041073,0.06295559973,0.1145200984,0.05829770696,0.1515151515,0.1485066372,0.0476194149,0.2073966642,0.06592945129,0.1629766298,0.191198786,0.111978283,0.1918514698,0.1519567027,0.05900621118,0.06808723156,0.1257772753,0.1348511384,0.08897014016,0.1184082031,0.07234497505,0.06591612238,0.0625,0.2010091427,0.08151700087,0.09677419355,0.1120223672,0.08107179663,0.06514206514,0.0648006135,0.1038602941,0.09110541234,0.1117874931,0.1024182077,0.04416961131,0.0979288156,0.04781507283,0.1271940982,0.2269761576,0.06913873691
-0.07034148336,-0.05997647981,-0.125203252,-0.1059887344,-0.07228338918,-0.07005171603,-0.06363069245,0.01529380199,0.01375968992,-0.09187922957,-0.05008165487,-0.007534983854,-0.09481076863,-0.03258206114,0.004589632829,-0.1322642427,-0.02465364896,-0.08475809385,-0.06004056795,-0.1667604625,-0.06135986733,-0.08182912154,-0.0246431845,-0.1166901298,-0.04641663572,-0.05119518163,-0.08279307758,-0.1142767039,-0.00136425648,0.01785300255,-0.01542257866,0.01810997695,-0.1214099217,-0.1452865065,-0.0850884583,-0.08442227601,-0.1049445005,-0.05657644609,-0.01582673886,-0.01792269488,-0.05038629493,-0.03257650543,-0.1069558714,-0.02743142145,-0.04372147799,-0.07197943445,-0.1,-0.086202745,-0.09403137815,-0.1375375375,-0.1020354563,-0.1041776838,-0.1191082803,-0.08117180348,-0.1730852445,-0.0231297434,-0.08284457478,-0.05143391521,-0.09967361285,-0.1882716049,-0.05176273083,-0.09102815979,-0.1927550681,-0.1652019673,-0.07941176471,-0.109185762,-0.03063280935,-0.0544982699,-0.08883674154,-0.1576104226,-0.0611581002,-0.04033129276,-0.151540383,0.003463631865,-0.05807200929,-0.1410752688,-0.09602368866,-0.05384615385,-0.1124206709,-0.192281652,-0.08784206746,-0.03432086314
0.09406912804,0.0775646372,0.1632871466,0.08211999843,0.04721362229,0.07381193124,0.04863424384,0.05153276956,0.0474096731,0.090570364,0.01604584527,0.05350686913,0.0974137931,0.03040394331,0.04528352593,0.1673463736,0.0501062521,0.03974562798,0.1012084592,0.09660693758,0.03666077739,0.09754727579,0.05781529179,0.1166991323,0.06542056075,0.1311247768,0.1170208105,0.1144053078,0.05737704918,0.1023917995,0.1156641604,0.05498059508,0.07974244676,0.1174307958,0.04834254144,0.1692639602,0.1293686584,0.06121665707,0.0651713923,-0.03364116095,0.1752741422,0.1367346939,0.1189279732,0.06153846154,0.1363916256,0.0474871389,0.05847953216,0.04743083004,0.113745886,0.1074744661,0.1114360924,0.06060606061,0.1070137383,0.0963135171,0.08843537415,0.06955234924,0.1001865175,0.07574761748,0.08031232571,0.1682509506,0.0728828563,0.1354466859,0.1547962124,0.1151245895,0.07603833866,0.06642941874,0.09646569647,0.05809698079,0.1214128035,0.09807619766,0.08125433125,0.06360225141,0.1452404318,0.07692307692,0.1324643298,0.0826239359,0.09124941507,0.1031746032,0.0708205652,0.04274937133,0.1122444557,0.001868237752
-0.04082390953,-0.001547987616,0.01680143321,-0.02641573632,-0.0322739591,-0.01153483992,-0.0209656925,-0.02437798442,-0.01259353897,-0.014717477,-0.01945854484,0.001029512697,-0.02435192459,-0.008678736433,0.00989844453,0.01378112274,-0.02460325913,-0.04128440367,-0.05349794239,-0.05298962915,-0.03408606732,0.1050835892,-0.01801693703,-0.03108150967,-0.05921052632,-0.002279901789,-0.06089190461,-0.03542540093,-0.0241171404,-0.02159313979,-0.06065371223,0.007817290006,-0.05688073394,-0.03677182117,-0.04787000439,-0.0139147592,-0.03169453456,-0.03273056058,-0.02529466296,0.01456200228,-0.03686982694,-0.01324057451,-0.03293413174,-0.03351449275,-0.03535627201,-0.01511144692,-0.04972375691,-0.002012578616,-0.06189621458,0.03751833997,-0.06131578947,-0.01558441558,-0.0437622469,-0.02877915783,-0.05673076923,-0.01176063646,-0.02397674982,-0.03054834275,-0.06504904491,-0.1049633849,0.02860286029,-0.04187817259,-0.05953654189,-0.006582366187,-0.02850356295,-0.003391038587,-0.00530906333,-0.04755728491,-0.02165354331,-0.05736860186,-0.04502483576,-0.03122243782,-0.0822622108,-0.0518543956,-0.01835433193,-0.05180388529,0.04202401372,-0.009650815933,-0.02352941176,-0.04046087889,-0.05045853684,-0.01717555851
0.01574602747,0.003488372093,0.03123809524,0.01006036754,0.03258655804,0.006906406287,0.04412719014,-0.02163833076,-0.0007393715342,0.004267804748,0.02559677883,0.0339389784,0.03442028986,-0.0005842424026,0.01476578411,0.001287415757,0.004476960035,0.04784688995,0.04347826087,-0.01436065208,-0.02073224526,0.01188638469,-0.004121608602,0.006546644845,0.108003108,0.03374934083,-0.005533860964,0.000339311682,0.01412180053,-0.0116156283,0.0309697477,0.01536121673,-0.05107003891,-0.02953586498,0.00184501845,0.003183499227,0.006701030928,-0.0304729856,0.02975543478,0.07154070419,0.0046875,0.003866272458,0.09984520124,0.02561699469,0.008144923466,0.004602991945,-0.02906976744,-0.04865137383,-0.04545419191,-0.04404040404,-0.002803476311,-0.01997738409,0.03961748634,0.02308172177,0.03363914373,0.04585229261,-0.01141439206,-0.03403182606,0.0267807841,0.2154545455,-0.03556149733,-0.03134657837,0.01288855193,-0.04585876199,-0.006723716381,-0.05334677026,-0.0003812428517,0.08942351339,0.1103286385,0.05174927114,0.03271812081,0.05171158048,0.04855275444,-0.02366292406,0.04056409444,0.02,0.004526748971,0.02781715096,-0.04037772712,0.01368332868,-0.01569778179,-0.03533238964
0.08340902517,0.05098493627,0.1160417436,0.03122002405,0.08136094675,0.08136234626,0.02610316967,0.05450236967,0.0456899741,0.09322709163,0.03897924846,0.01442307692,0.04436660829,0.01810425229,0.06660812845,0.004878515491,0.08142189368,0.05403348554,0.002777777778,-0.3156386322,-0.07027027027,-0.009610983982,0.0480217457,0.04130081301,0.02454417952,0.08569971093,0.04388027942,0.1250908562,0.04786771105,0.0547008547,0.06993736952,0.07429598562,0.05125576627,-0.01801242236,0.03406998158,0.05847075575,0.03891449053,0.03837254146,0.07190922285,0.05023022185,0.04774494557,0.03624830086,0.0654468684,0.0536095035,0.06268282491,0.03894616266,0.0748502994,-0.006094329624,0.1036871053,-0.05748098056,0.05847624403,0.1075,-0.04664914586,0.1125,0.06459566075,0.05555555556,0.06526104418,0.0562714076,0.03549341221,0.0291697831,0.05406154699,0.07178669098,0.07747005988,0.02430555556,0.07076923077,0.05718292125,0.02707856598,0.04791666667,0.05028692238,0.01420651421,0.02193338749,0.04466759003,0.04185218166,0.02745146531,0.09791381148,0.06360593018,0.1167554281,0.03189105327,0.002714625042,0.001377410468,0.03865076718,0.009845789309
-0.02055291875,-0.06504961411,-0.04898837354,-0.02703653983,0.01413588691,-0.04199475066,-0.03149606299,-0.01248439451,-0.0194586945,-0.04057337221,-0.02753036437,0.03121425069,-0.05757406372,-0.01749741396,-0.006821121957,-0.03360654812,-0.0376960193,-0.01083032491,-0.005540166205,-0.08020666449,-0.04748062016,-0.0101663586,-0.0568826549,0.0001561524047,0.009582477755,0.0364917776,-0.03256110236,-0.01661749611,0.003322259136,-0.02694489465,-0.01951219512,-0.03290574456,-0.07118478791,-0.1220746363,-0.07569011576,-0.04266296159,-0.08920650567,-0.05905292479,-0.003569670113,-0.02590673575,0.05833457028,-0.04853519895,-0.08718626156,-0.05666377566,0.01559837462,-0.02315325248,-0.07242339833,-0.0543854972,-0.0365337763,-0.119955157,-0.07091633466,-0.07258204549,-0.005513439008,-0.04275143875,-0.04724409449,-0.02948636652,-0.04665409991,-0.02516985794,-0.006491820306,-0.04360465116,-0.06154655445,-0.1371465022,-0.01701979854,-0.008385370205,-0.0316091954,-0.02952720737,-0.03267731155,-0.0421471173,-0.02588066139,-0.05056371712,-0.08298887122,-0.03977461054,-0.03931623932,0.003971597063,-0.007350901526,-0.04946043165,0.01357300073,-0.01369863014,-0.06226734349,-0.01485557084,-0.03485073528,-0.00897149824
-0.070862929,-0.03577044025,-0.07774635632,-0.06837866905,-0.07284172662,-0.0703196347,-0.05003126954,-0.04399494311,-0.02760238138,-0.08331223094,-0.0988065501,-0.03803486529,-0.0579280348,-0.03444030051,-0.03339253996,-0.1320894613,-0.07071973258,-0.03430656934,-0.07441305213,-0.1434727825,-0.09181078332,-0.1374105198,-0.02680624023,-0.04215456674,-0.08271186441,-0.08023572076,-0.08139784723,-0.1364054425,-0.0107615894,-0.04559650219,-0.1181868436,-0.06329296424,-0.03464566929,-0.08285302594,-0.05105973025,-0.07431790759,-0.1239177489,-0.009078350109,-0.05608400247,-0.1716448445,-0.08050490884,-0.09191176471,-0.1454413893,-0.04780876494,-0.04904491482,-0.03875094056,-0.1291291291,-0.1341979137,-0.05453194025,-0.07388535032,-0.06718124643,-0.03201647632,-0.06444906445,-0.07729745205,-0.1754982985,-0.01764129369,-0.06129510628,-0.05718358942,-0.04181913225,-0.3419452888,-0.06446188341,-0.09659931,-0.1007067138,-0.04731917956,-0.06587537092,-0.09154454219,-0.03761996161,-0.04109589041,-0.11099631,-0.1147894926,-0.06171983356,-0.05384880911,-0.1556939502,-0.0565811556,-0.1275674165,-0.1177861873,-0.1451321028,-0.06402439024,-0.04330566582,-0.06059759844,-0.06915435646,0.01141261035
0.03793378592,0.09824704444,0.09123502217,0.08405312413,0.1096023278,0.1321218075,0.125082291,0.07511240413,0.06437847866,0.1303867403,0.03695719125,0.07957166392,0.09317943337,0.03687926223,-0.004900159255,0.08547369602,0.1317446043,0.126606198,0.1074806535,-0.01439555957,0.1425371045,0.1906909616,0.07531655816,0.1062754686,0.1707317073,0.1151634631,0.1279209265,0.1490588205,0.08535564854,0.09664048866,0.09967402207,0.07080190857,0.1353996737,-0.3063629222,0.1177664975,0.08776842973,0.1043854231,0.09002190799,0.102866117,-0.001975796493,0.04362416107,0.1938259109,0.2514817951,0.1255230126,0.07627578719,0.08610567515,0.1379310345,0.1185281667,0.1313976577,0.1878954608,0.1455715599,0.1181818182,0.2066666667,0.07973937325,0.1533018868,0.1227136681,0.1269088994,0.05208333333,0.1571194763,0.1916859122,0.05781905333,0.1612111293,0.1500982318,0.09537299339,0.1194409149,0.1114420284,0.1076984444,0.05670995671,0.1074215507,0.1353658537,0.09238728751,0.0988690259,0.167544784,0.06404066074,0.1103459321,0.2579088472,0.16680779,0.06550850525,0.1037344398,0.13882283,0.1157125729,0.05914258174
0.08019364723,0.001484780995,0.04759640325,0.08421863115,0.01748251748,0.01605206074,0.004681100059,-0.01943419434,-0.01621056301,0.005865102639,0.006534006534,-0.0103769266,0.02975619121,0.01370210946,0.01391111658,0.01860080988,0.007449344458,0.013418316,0.01863354037,0.0511548568,-0.01764705882,-0.02075757576,0.02061272441,0.05112715485,-0.008838383838,-0.02460223925,-0.002956739292,0.02848231625,-0.004626060139,0.03998408594,0.05974233269,-0.008193186718,-0.02346743295,0.0181200453,0.03451407811,0.0228270614,-0.03020134228,0.04293805957,-0.008425299632,-0.007918831972,-0.03785442853,0.009961848241,0.01082543978,-0.005719187875,0.007566204288,0.01117117117,0.07272727273,0.003202328967,-0.009119074482,0.05882352941,0.03451043339,0.003805569971,-0.139349294,-0.0408045977,0.08588957055,-0.02636255924,0.007943925234,0.004152028106,0.007072135785,0.05329457364,0.0546587369,-0.009866102889,0.06764605398,0.0725862069,0,0.05973093179,-0.02088584804,0.04629250307,0.02023988006,-0.06015037594,0.02401894452,0.00796812749,0.01985559567,-0.003701934559,-0.02351074571,0.031543052,-0.03193033382,0.02326766304,-0.01879699248,-0.006786739755,-0.002356176453,0.002939710652
-0.03385912338,0.007783543365,-0.01947757191,0.02405593657,0.05627147766,0.05337318531,0.02154921374,0.0534370296,0.04447200567,0.03352769679,0.01239303629,0.04641480339,-0.0005592841163,0.01466858321,0.0257406508,0.05472234041,0.07975944001,0.04899040053,0.07469512195,0.01286885344,0.009231536926,-0.06034349373,0.03254985405,0.001401738155,0.06433121019,0.05059658662,0.03050715546,-0.02559077645,0.05499612703,0.03289977047,-0.0107584723,0.02985507246,0.07209416381,0.06488691138,0.04741000878,0.08855015775,0.06862745098,0.03241065172,0.05122067975,0.09777999501,0.03979948352,0.04679958027,0.005354752343,0.03738855335,0.02302878598,0.039914469,0.0395480226,0.0002901915264,0.08518013801,0.05708661417,0.09594000517,0.02688264691,0.04636233951,0.08597962852,0.03060263653,0.007909948281,0.04126101066,0.06965648855,-0.006554307116,0.04139834407,0.05155746509,0.04389086595,0.0576,0.06285163157,0.05732122588,0.05888241244,0.0393527032,0.01213782302,0.08376193975,0.0380952381,0.04030393129,0.03623188406,0.392920354,0.02912621359,0.09231905465,0.01900826446,-0.008620689655,0.03286307054,0.01219087426,0.02838370565,0.04370893715,0.03333309328
-0.002439314715,-0.02059580728,-0.1014267076,-0.006338038314,-0.002033346889,-0.04945277665,0.05644241733,-0.007859014051,-0.02849872774,-0.004231311707,-0.03235208394,-0.04465075155,-0.03749300504,-0.00283325391,-0.01455965909,-0.0232769125,0.06245434624,-0.03029346797,0.04290780142,-0.309322558,0.1315203956,-0.08941215215,-0.006268818903,0.01833706607,-0.06403351287,-0.02947096032,0.007187780773,-0.01668403823,-0.01688693098,-0.006111111111,-0.03110386079,0.07022234731,0.01601097896,0.06615598886,0.03269069573,0.02715500536,0.05612520237,-0.001018157136,-0.001252276867,-0.1004317201,-0.07333820307,-0.06375300722,-0.01464713715,0.01386193513,-0.02177636408,-0.001370801919,-0.02717391304,0.01131418625,-0.01098882797,-0.01986343886,0.02029259084,-0.03289142474,-0.06134969325,0.05075862069,-0.09502055733,0.02958044069,-0.03561887801,0.030627416,0.0129594722,-0.01236749117,-0.0273237998,-0.003409090909,0.04689863843,0.1014821537,-0.08695652174,-0.04515017233,-0.0007077140835,0.01199226306,-0.03810169492,-0.0223853211,0.06255954271,0.02701843611,0.02604828463,-0.02655485674,-0.0247464503,0.09245742092,-0.08620037807,-0.006267073759,0.1118375774,0.0467671863,0.01018596273,-0.01311291464
-0.01247542183,0.006383777694,0.0163458386,0.0264747272,-0.01059494703,-0.03411513859,-0.02806260119,-0.01392222756,0.02025493277,0.04414542021,-0.001807228916,-0.008329477094,0.1031007752,0.004261956068,0.01093093093,0.002521074608,-0.02019594362,0.02603319232,0.01734104046,0.1066034437,0.02883985143,-0.01283905967,-0.01031862035,-0.03120274914,0.003196930946,-0.02769960006,-0.03253435726,0.02010973015,0.02613890963,-0.006335010248,0.04916376698,0.01143984221,-0.01305718145,0.0692357936,0.006899350649,-0.00343428835,-0.0454777721,-0.01070154578,0.02154337171,-0.160899217,0.004887277314,0.04882226981,-0.004054054054,0.004648619087,-0.01488244122,0.01235415237,-0.05027932961,0.006884681583,0.01047774616,0.0006333122229,0.005550416281,0.01492278327,-0.0406681191,0.04384352849,0.07622412923,-0.0460275579,0.01292705448,-0.04529717253,0.01488718307,0.04651162791,0.03649251772,-0.04082098062,0.00289017341,0.01043526019,0.006466784245,0.03086165111,0.02301699717,0.0129969419,0.03058923034,0.03903903904,-0.01464435146,0.01949860724,0.1362229102,-0.02512562814,-0.05268996118,0.09688195991,0.02027306578,0.01811125485,0.01516558341,0.0458984375,-0.01792649186,0.01328714787
-0.05120980382,-0.001492537313,0.008894009217,0.007677198975,0.01441515651,-0.01942604857,0.0516379789,-0.01509250243,-0.01882594558,-0.01333936242,-0.02142426071,0.01135479857,0.003162333099,0.002833571988,-0.008436311787,0.04990157171,-0.0006139812297,-0.01173485569,-0.05614973262,-0.05625900722,0.001274155872,-0.010991024,-0.002896534723,-0.04086265607,0.01975780752,0.01782449726,0.007670464036,-0.03264329462,-0.06841339156,-0.001312582036,-0.002139723976,0.01105044202,0.0177919708,-0.02657299939,0.01088270859,0.01875731868,-0.01177730193,-0.007383241758,-0.007029680875,-0.09602649007,0.004549733291,-0.03021641486,-0.003392130258,-0.01007076756,0.002792941475,-0.01288135593,-0.01176470588,-0.1433048433,-0.02073486964,-0.06497890295,-0.05013799448,-0.0147033681,-0.04087812263,0.03697183099,-0.08583489681,-0.0184388445,-0.02324521422,-0.01798126322,0.02108640843,-0.08547008547,-0.002279635258,0.07108892059,-0.03141210375,0.0134529148,-0.01051401869,0.0004802040867,-0.01973001038,-0.0003773584906,0.01764464506,-0.04841040462,-0.01395207765,-0.02884031573,-0.03215258856,-0.03681885125,-0.01039227166,-0.01421319797,0.03649635036,-0.02731893266,0.006402439024,-0.01283846872,-0.007417793659,0.03048761364
-0.02702657807,-0.06576980568,-0.1355684465,-0.05230063879,-0.04303694681,-0.0310670869,-0.04963041183,-0.1038062284,-0.04116518402,-0.04491292392,-0.03515263645,-0.05690556752,-0.04956217163,-0.03189653685,-0.02588376273,-0.1061938821,-0.05309812182,-0.0622593068,-0.05701133144,-0.1312379039,-0.09650053022,0.01870716799,-0.04628051742,-0.04275147929,-0.063125,-0.03592276605,-0.04624932864,-0.0846911451,-0.071875,-0.04693954187,-0.05500160823,-0.02558827311,-0.06140744061,-0.1088798243,-0.1315789474,-0.04463358155,-0.04333694475,-0.0321743643,-0.02337341274,-0.08225108225,-0.107449633,-0.08947368421,-0.004084411164,-0.05581523233,-0.04177744018,-0.04223901099,0.1011904762,-0.1413368806,-0.0304793996,0.004061371841,-0.07046004843,-0.08086066285,-0.04656669298,-0.04438515644,-0.1498204207,-0.02316844083,-0.06346243584,-0.04985382367,-0.1248035915,0.138317757,-0.02208682407,-0.03418423973,-0.03600119012,-0.07575757576,-0.06611570248,-0.01954392508,-0.0197740113,-0.04907512269,-0.03521505376,-0.008731966591,-0.03937250077,-0.07064707721,-0.09065315315,-0.02204383282,-0.05664842479,-0.06179196704,-0.07707355243,-0.03331156107,-0.01423810966,-0.1761645779,-0.04597858282,-0.08531100576
0.01926750475,-0.0052,0.02589167768,0.01247937673,-0.004666949512,0.01068773234,0.0005555555556,0.09762824049,0.01691831908,0.004078694818,0.04793863854,0.0119047619,-0.006080707573,0.01720450231,0.01156353795,-0.01078174621,0.02928909074,-0.01779603012,-0.000375516335,-0.06069407629,0.0117370892,0.04290909091,-0.007309271526,-0.0003090712409,0.02401601067,0.04750815091,0.01288950069,0.03165236938,0.02356902357,0.003152088258,0.015203086,-0.0006598046978,-0.01241642789,-0.04612676056,-0.04499540863,0.009838415398,0.03454133635,-0.003395889187,0.006903693476,-0.01161103048,0.02624671916,0.02150289017,0.01367053999,-0.04193360513,0.01981767737,-0.0003585514521,-0.04594594595,0.04415182029,0.02790942601,-0.03483146067,0.003386298515,0.03662450444,0.005794701987,0.0114213198,-0.133977067,0.08076923077,0.01444942701,0.0006477732794,-0.03129007438,-0.07717569787,0.006749740395,-0.01723741669,-0.02469135802,-0.007834034528,0.01580278129,-0.03913779564,0.003602305476,-0.02977371973,-0.04081916969,0.01723477595,-0.01569004163,-0.02152707703,-0.009907120743,0.01563517915,0.02743806836,0.01207464325,0.01865197117,0.005067567568,0.02366318377,0.02525832377,0.01265079972,-0.0169248401
0.04490484149,0.03337354242,0.01076487252,0.0636867098,0.06606990622,0.06436781609,0.04330927263,0.008793969849,0.02862254025,0.05615292712,0.04818542238,-0.01192586624,0.01019651465,0.04643002642,0.06044022863,0.0243805291,0.006663665016,0.05331010453,0.04845980466,0.002421719421,0.0716937355,-0.04009762901,0.06545176453,0.08146545061,0.03517915309,-0.03512672299,0.07333278423,0.03507113561,0.02302631579,0.07148468185,0.04537326777,0.05017826489,0.06528046422,0.08674787745,0.05673076923,0.02699054029,0.09414340449,0.03299856528,0.0663924123,0.08663729809,0.05387894288,0.02897238569,0.04383007417,0.09270516717,0.08148723928,0.06527977044,0.02549575071,-0.04413946588,0.06967213115,0.08963911525,0.05244029076,0.004006556183,0.1489711934,0.06775407779,0.1414634146,-0.0008896797153,0.05648330059,0.05195015375,0.1344982791,0.01957295374,0.06343476019,-0.0147333957,0.07879746835,0.06755373593,0.02800248911,0.01818741475,0.04486719311,0.05687397709,0.07450980392,0.2051957831,0.08523096942,0.06943966999,0.03689806129,0.03617703656,0.0578361056,0.05495300072,0.1389929255,0.04537815126,0.02281597118,0.0509518477,0.0797137582,0.03710626072
-0.00297626469,-0.007392996109,-0.03424378312,-0.0004148460599,-0.04038384646,0.005183585313,-0.01383714742,-0.02839352428,-0.005913043478,-0.004524886878,-0.01396566773,0.03832979938,0.005322077445,-0.002465693785,-0.03497706422,-0.01782964251,-0.01252348153,-0.03638769434,-0.01863131494,0.07330464905,-0.01926823988,-0.03668725027,-0.006142662068,-0.03602058319,-0.02643171806,0.000153609831,-0.01468255998,0.01400046436,-0.02572347267,-0.03152492669,0.0231986316,0.01760342009,-0.05129369042,-0.08627717391,-0.04276615105,-0.006232157788,0.005502751376,-0.0001736111111,0.001928846978,-0.008445945946,-0.04643261608,-0.04619445667,-0.06136950904,-0.04422809458,-0.006588404408,0.00202020202,-0.02209944751,-0.09817617385,-0.05300127714,0.02136752137,-0.04588061174,-0.02847814257,0.02435530086,-0.0357226792,-0.08485958486,-0.01751261502,-0.01859600186,-0.03738461538,-0.01750291715,0.01570680628,-0.01915615907,0.02563493947,-0.01906717512,-0.05766333379,-0.0411622276,-0.01081551597,-0.01923737547,-0.0189701897,0.002838605028,-0.00218681662,-0.0329736211,-0.04307296689,-0.01326899879,-0.02203788535,-0.01586843624,-0.06168608636,-0.06174643771,0.004180064309,0.05782213091,-0.01092168354,-0.01597643476,0.002215542155
-0.02457612131,0.0007840062721,-0.05376741241,-0.005693321657,-0.03770833333,-0.01740438333,-0.04533189423,-0.03947705716,0.05257172848,-0.008636363636,-0.03363824137,0.01445177505,-0.05220883534,-0.005493329528,-0.02483660131,-0.03294117103,-0.003623516623,-0.04050806728,0.004198612632,-0.1077534089,-0.04812362031,0.003016591252,-0.006180627575,-0.04878410439,-0.05494505495,0.03271386884,-0.0401155244,-0.04384860211,-0.03877887789,-0.03444360333,-0.004597220771,-0.0242184604,-0.03157894737,-0.02713754647,-0.03707224335,-0.00350487653,0.02562189055,-0.01979510332,-0.01069518717,0.131516184,-0.02052935188,-0.0846402214,-0.09463179628,-0.02619324796,-0.01929337996,-0.005376344086,0.02259887006,-0.03055077453,-0.05630478759,-0.04435146444,-0.08273009307,-0.009522031367,-0.03496503497,0.0114550329,-0.01667778519,-0.03746223565,-0.05826622454,-0.01038836503,-0.1719714964,-0.06443298969,-0.0217552534,-0.02615135385,-0.09688995215,-0.1058139535,-0.03472222222,-0.01169781693,-0.04798598949,-0.01736385162,-0.0354495215,-0.04070131497,-0.05114693118,-0.0450117568,-0.07885085575,-0.03304215724,-0.03166226913,-0.02994886779,-0.02102803738,-0.02849823887,-0.04633740289,-0.05305682736,-0.02967477612,-0.006993740729
0.05525682492,0.01958480219,-0.01143143925,0.01818895733,0.05650573717,0.04264159195,0.04381006218,0.04857219109,0.05858888058,0.04183860614,0.07908396947,0.04242799628,0.05219568567,0.04196978648,0.03168413356,0.04785417528,0.00727338849,0.06368515206,0.02854026541,0.08145607689,0.04939703154,0.04454887218,0.05597601882,0.00639127046,0.1073871409,0.02736466389,0.05164335121,0.03595319061,0.04721030043,0.04076832615,-0.003463839614,0.03267063442,0.05434782609,0.1119602598,0.06811451135,0.05893242762,0.05893766675,0.04145261293,0.04302702703,-0.01114122252,0.05924129569,0.04358780549,0.07715697453,0.08218768679,0.02373048076,0.008445945946,0,0.0270750111,0.06145051804,-0.01182136602,0.07046223224,0.005089538172,0.07391304348,0.05277108434,0.09938941655,0.05994978029,0.02615694165,0.05184108527,0.05938037866,0.1744719927,0.07252969421,0.07604562738,0.0201986755,0.008452535761,0.03237410072,0.06793595615,0.0353200883,0.06184738956,-0.008384572387,0.04895561358,0.05684416857,0.068237777,0.07199734572,0.02395915161,0.04056917953,0.2021837349,0.153540175,-0.05306526038,0.0183299389,0.03839590444,0.05020359876,0.02742870468
0.004141031092,-0.002689204764,-0.02357851986,0.02015356116,-0.006147540984,-0.005453020134,-0.02085025724,0.04174090099,0.008164547025,0.01243261085,-0.06451612903,0.004159239453,0.001281347245,-0.01007184339,-0.01582801795,-0.02910343969,-0.006679303186,-0.02085435587,-0.0007069635914,-0.04585369615,-0.01237569061,-0.00251934497,-0.005889400129,-0.003872366791,-0.003705991353,0.03503184713,0.01277509531,-0.01638182126,0.009836065574,-0.009604519774,-0.02949231093,-0.01961986511,-0.01312089972,0.04742268041,-0.0101663586,0.01168968485,-0.01694915254,-0.0008504847763,-0.01471807629,0.01126674787,0.001635322976,-0.005311443747,-0.02187720536,-0.0118751726,-0.001801585395,0.008710217755,0.005524861878,0.01123595506,-0.01817569842,-0.006424457244,-0.01342812006,-0.01462865716,0.01282051282,-0.001831082628,0.0009256402345,0.01806336985,-0.009068627451,-0.0107477353,0.002437043054,-0.0164190774,0.01225259189,0.002871024735,-0.01557935735,-0.02127659574,-0.008552423187,-0.01132795143,-0.01350390903,-0.01512859304,-0.01141488162,-0.03702551338,-0.008964451314,-0.01119525848,0.01516558341,-0.003707965733,0.01221995927,0.01096147823,-0.01793103448,0.008875739645,-0.01342857143,-0.006573541495,-0.001101582046,0.01118144582
0.04130867257,0.06856702619,0.03154246101,-0.03629086144,0.05010309278,0.06326444538,0.04922566372,0.0439775226,-0.0001557389815,0.01260595523,0.01330913491,0.009319526627,0.02212065814,0.009638396492,-0.05172827652,0.01789527699,0.04379827351,0.03607007901,0.009197028652,0.4169377488,0.1154620721,0.1813097601,0.01222003664,0.03623075727,-0.04153750775,0.03874125874,0.02858612021,0.005938018989,-0.00974025974,0.0112188629,0.04102452789,0.005628517824,0.09354226021,0.04396325459,0.05882352941,-0.0248586531,0.01164958062,0.003234593122,0.05996212918,0.0743751882,0.03102040816,-0.0572815534,0.04906204906,0.02291783119,0.00144386957,0.03387578877,0.1236263736,-0.04102564103,0.1028453891,-0.06176142698,0.0840672538,-0.02303007233,0.08427714857,0.03577161202,0.098027127,0.08115183246,0.02399208509,0.02266025144,0.04565099946,0.1589825119,0.01396648045,0.02620568157,0.02472799209,0.02602108037,0.001277955272,0.02022905389,0.02755763689,0.01382488479,0.006414825374,0.09046849758,0.02526512789,0.02331002331,0.1091463415,-0.007186858316,0.04757114113,0.01022304833,0.01088483146,0.02898050716,-0.01940341732,-0.03405017921,0.0231026598,-0.01320062566
-0.00455291624,0.0183850036,-0.0007840501792,0.004065075882,-0.01276261535,0.006743355811,0.004744333158,0.0505499649,0.05295950156,0.01652715175,-0.02597014925,0.06448776198,0.01126810946,0.001324986325,0.02025060119,0.01333831009,0.01009837207,0.02619363395,0.01542236243,-0.03870038572,-0.01404212638,0.2052535125,0.005120912757,0.02551020408,0.001293661061,0.004712535344,0.01417047776,0.00360563819,0.003278688525,0.03102670177,0.01115512927,0.01492537313,-0.003907946157,0.1222501571,0.01410934744,0.01758560354,0,0.0315628712,0.01528384279,0.03167040359,-0.02517814727,-0.0710607621,-0.05570839065,0.0005464480874,-0.005767151268,-0.004497269515,0.04645476773,0.08333333333,0.04227541187,0.06606463878,0.04480551452,-0.008377167349,0.03655913978,0.03143679433,-0.009545199326,-0.05864944848,0.03913043478,0.03080892396,-0.005424954792,-0.008230452675,0.02295684114,0.006223175966,0.02702702703,0.04093097913,0.01340140396,0.01744226334,-0.01349693252,-0.01704545455,0.1410764873,-0.01185185185,0.003650745361,-0.02180279857,0.07421660253,0.08660806618,0.01097544245,-0.01195952162,-0.001389371309,-0.01056160939,0.06467808624,-0.0301127444,0.01720368555,-0.02819734588
0.01810153936,0.05238938053,0.04298845421,-0.06315383629,0.06245027844,0.02167060678,0.04039874082,0.05524615727,0.002662721893,-0.0004222972973,0.03769537236,0.0110147322,0.02847541563,0.01853335599,0.01277757102,0.07377216876,0.002413169008,0.07237479806,0.0434932689,-0.004450081214,0.0510681587,-0.004688291941,0.03148376336,0.03321627158,0.01291989664,-0.003886357545,0.03224137826,0.04474172247,-0.01388888889,0.04705453219,0.08258583359,-0.004166666667,-0.01089799477,0.01680201624,0.06260869565,-0.03275727685,-0.008751727315,0.03355815101,0.01094819159,-0.02580820429,-0.02550357375,-0.00332594235,0.06409322651,0.07864554888,0.03673716012,0.04065827686,-0.01869158879,0.1406828466,0.03906949001,0.08047258136,0.04359095193,0.09685658153,0.03378778897,-0.01116119339,0.2069160998,-0.006001714776,0.04323570432,0.01884570082,0.09454545455,0.08782849239,0.01009874327,0.01834079761,0.085839599,0.05042405551,0.05730478589,0.06034189198,0.02700781805,0.06820809249,-0.000868917577,0.04077961019,0.08153986056,0.1034597472,0.007164790174,0.0005948132286,0.03297598046,-0.01551831161,-0.004173913043,0.05066079295,0.03966712899,0.09593878752,0.04492498533,0.03645772382
0.05989839236,-0.004036326942,0.03256488796,-0.01337240828,0.001123174841,0.01658310837,-0.01361573374,0.02702132151,0.00811448805,0.02408111534,-0.006792675724,-0.009669072586,0.008254514187,-0.007540663165,-0.00244977952,0.008474772586,0.002321382512,-0.03043085267,0.02547138604,0.3349276237,-0.009097948122,0.1315085933,-0.03140567337,0.005381673984,-0.008290816327,0.009148392305,-0.006249226216,-0.01281946539,0.008285004143,-0.01480578296,0.004857142857,0.01341373369,-0.0008814455707,0.4034701184,-0.01309328969,0.02729562486,-0.0250929368,-0.003501512017,-0.01953200541,-0.03123257111,0.01466911152,0.002780867631,0.01300479124,-0.01063291139,-0.009674787271,-0.02108527132,-0.03333333333,-0.0652722683,-0.005453501722,-0.01485454921,-0.002483630616,0.01146337095,0.005160550459,0.01215541567,0.02207609206,0.02357676826,0.1385918004,0.02471098266,0.007831039393,-0.03877940242,0.01466340813,0.003141361257,0.03606462781,-0.04521432766,0.01429422275,0.01372691154,0.02179930796,-0.02128427128,0.004969561436,0.06222990493,0.005044843049,0.002713295146,0.06148373984,-0.01450481512,-0.02863899107,0.01008827238,-0.007684247293,-0.01112723754,-0.0257470651,0.005102040816,-0.009608222851,-0.02369014393
0.024193511,0.01992570078,-0.04689045017,0.05435469088,-0.0007479431563,0.02769347496,0.03220858896,0.1515930113,0.01156153959,-0.003919141914,0.01932798097,0.01106985699,0.04161691967,0.01362268018,0.0442043222,0.02741161682,0.04726368159,0.04443753884,0.02758064516,0.03045438818,-0.0297909748,0.1379387939,0.004098675509,0.01943935766,0.01736334405,0.06319157446,0.02462016718,0.03357083205,0.0123253903,0.02369165488,-0.001137332954,0.0001214329083,-0.01543890604,0.01981946625,0.0456053068,0.07638244825,0.06410867493,0.04152691263,0.01222879684,0.1008923431,0.0313783473,0.05379922352,0.06047297297,0.0125383828,0.01024011299,0.004909724422,0.05911330049,-0.04861111111,0.04329004329,0.02073298429,-0.00837483024,0.02797945812,0.02681118083,0.03066695261,0.07720588235,0.075,0.03405088063,0.02933295727,0.0178949847,0.02182539683,-0.00481716663,0.01711899791,0.05137844612,0.06772755228,0.02935995302,0.04783714552,0.0751777853,0.005344636933,0.01434046236,0.05017629509,0.01254880089,0.0261575466,0.2635232169,0.0392085897,0.03340546389,0.04151061174,0.005983808518,0.01092628832,0.001506230316,0.06679134384,0.03166706197,0.03823704801
0.08326016047,0.01258278146,0.04613956536,0.00510660828,-0.000748502994,0.01181247693,-0.007924715206,-0.02008032129,-0.01331018519,0.01987989232,0.01487747958,-0.004964297858,0.01097101687,-0.007752550285,-0.01375823142,0.06412889162,-0.01711851913,-0.01056233264,0.01553916183,-0.08472024393,0.002516862982,0.1335772197,-0.01623472631,-0.02376675418,0.01896333755,0.05768025078,-0.007671775394,0.01592720655,-0.005681818182,-0.02262521589,0.03681563716,0.01056338028,-0.01702508961,0.04002309024,0.02537668517,0.02376910881,0.02844344905,-0.004140469253,0.01208106002,-0.05477840241,0.1191462249,-0.07947368421,0.02899012424,-0.001769016932,0.02202027263,-0.01308116627,0,0.002433090024,-0.005809128631,-0.01251538777,0.005249942935,-0.00826873385,0.01722222222,0.05243445693,0.008105802048,-0.006271230729,0.01324753974,-0.01205644609,-0.02012491325,0.01618122977,0.0006600660066,0.01375205255,0.01628923321,0.06011951904,0.02281802624,0.02814346429,0.02047244094,0.003116406966,0.03168799512,-0.01420454545,-0.001377031121,-0.01377087606,-0.01307065732,0.001160900859,0.05954717969,0.1558285886,-0.008047585724,-0.04218422326,-0.0177741318,-0.02379163536,-0.004457902263,-0.02514315551
-0.0009554317549,0.02190974493,-0.04744506498,-0.01234999037,0.02509363296,0.06421014228,0.01298052921,-0.1438979964,-0.006158357771,-0.01624365482,-0.002299511354,0.02050300711,0.01263362488,-0.0101574565,0.007153928699,0.01990703316,-0.02958333333,0.01007367313,0.01236476043,0.03000591716,0.04800160675,-0.09917139119,0.0003678464378,0.006086341118,-0.06885856079,-0.03971547125,0.009790764707,0.05730028733,-0.001632653061,0.01396006362,-0.02626521461,0.01585966599,-0.01595259799,-0.04125809436,0.00464037123,0.005804761089,0.02003484321,0.002617801047,-0.002117828263,0.08547717842,0.01038998007,-0.001143510577,-0.01857585139,0.02329113924,0.01858185135,0.005429575216,-0.002325581395,-0.001213592233,-0.02810239288,-0.006648659879,0.04859218892,0.007816571131,-0.04041507373,0.002965599051,0.05205247567,-0.04811990534,0.007844602167,0.03716544169,-0.008970727101,0.07388535032,0.01737027265,-0.0141729095,0.01407349492,0.01562075523,0.001115448968,0,0.001234567901,0.03179824561,-0.02232722977,0.05973277443,0.02799227799,0.01069518717,0.03186180422,0.02098794063,0.002964426877,-0.01996370236,0.02363315697,0.0016,-0.01865256125,0.08260646485,0.006961811423,0.00944467456
0.04707980048,0.0032,-0.02175342466,0.007724056799,-0.01753744976,0.0006856359273,-0.00591424347,-0.0385106383,-0.005016228976,-0.004540763674,-0.03370786517,-0.007768550763,0.01263595649,-0.002629758899,0.007339883982,0.0154844522,-0.0004293688278,-0.01428996725,0.0158778626,-0.1020905263,0.01667305481,0.02575522851,-0.002580281856,0.01294316263,-0.009993337775,0.03407407407,-0.00561064115,0.04278259691,-0.02616516762,0.008888114326,0.0765037594,0.01348314607,0.01157943492,-0.008104978773,-0.03541185527,0.0162945908,-0.009820666097,0.0210413147,0.02431024503,-0.01401630989,0.04634455557,-0.0377790498,-0.02397476341,-0.03958436418,-0.01063234471,-0.007941550191,0.03962703963,0.08586472256,-0.0008588605783,0.07027818448,0.001732351667,0.01585660117,-0.04951622083,0.03351074315,0.06979082864,0.00138121547,0.002223869533,-0.006417970317,-0.03168175322,0.01542111507,0.01383185649,-0.03676319573,-0.02287329735,0.00628594356,-0.00278551532,0.005679622255,-0.003390875462,0.002125398512,0.05630739488,-0.04103831891,-0.007377598927,-0.01851851852,-0.006324404762,-0.001022146508,0.005541871921,-0.01931216931,0.005858028946,0.01025727257,0.0734751773,0.02511848341,-0.008395981564,-0.01691210023
0.01407563724,0.01435406699,0.009690248138,0.008107875904,-0.01301599107,-0.003083247688,-0.02825979177,0.02301394114,-0.003113879004,0.01679452623,-0.007155635063,-0.01363390929,-0.0189543516,0.01160709246,0.02985074627,0.08646941423,0.01735395189,-0.02778616732,-0.001502855425,0.01279590531,-0.000754005655,0.02614687559,0.007023545943,-0.007777777778,-0.01615074024,0.005253104107,0,-0.02297349113,-0.01679261125,-0.01761962342,0.006984459577,0.04854708834,-0.06318681319,-0.01011673152,-0.03990422985,-0.001565432451,-0.02328589909,0.0009025270758,0.03465812771,0.04419746705,0.0189822294,-0.01903628792,-0.03943115708,-0.02215352911,0.04196832579,0.006404098623,0.01121076233,-0.01305483029,0.0335243553,0.007817080321,-0.02702118461,-0.01476077367,0.04610778443,0.0175472058,-0.01974055274,-0.04855172414,-0.006656804734,-0.01587942403,-0.0282902829,-0.04205607477,0.01470901727,0.03347547974,-0.03603366649,-0.02299308878,-0.0217877095,0.008467142308,0.02165171667,-0.04171085189,-0.008007320979,-0.008249548853,-0.03459459459,-0.035639413,0.03556720329,-0.01955434288,0.01187997551,-0.03506878878,0.007194244604,0.02746338216,-0.01929175476,-0.02172907998,-0.01194753913,-0.006224902489
0.03533611586,0.007547169811,0.01736380783,-0.01481509673,0.01676714393,0.0175257732,0.01173469388,-0.001514168289,0.01189944965,0.04221044046,0.00990990991,0.01833857944,0.02801481243,-0.005997999338,0.02054091065,0.01285238806,0.01781793616,-0.008698353526,0.01023479831,-0.04160454833,0.00792303339,0.01324625149,0.007156559412,0.01903695409,-0.008891928865,0.04358669834,-0.001539865073,0.01287764903,0.01964133219,0.03077193599,0.03329287324,0.002337228715,0.007820136852,-0.01375786164,0.02867830424,0.02539801441,0.006181015453,0.0250976856,0.03058438012,0.0301980198,0.0003963535474,0.02122498484,-0.01850605653,0.01791359326,0.01335359896,0.003818008272,0.0288248337,-0.1020408163,0.03909065706,0.04421175102,0.01955121084,0.03840192871,-0.05208929594,-0.009746954077,0.01457614116,-0.01014786895,0.01451973194,0.005059483112,0.05620253165,-0.01463414634,0.04243697479,-0.01918712606,0.0005457025921,0.0504693239,0.01656196459,0.005595987126,0.01089918256,0.02748063445,0.007264760148,0.03015336626,0.01287793953,0.03105590062,0.007953723789,0.0180890538,0.01428225611,0.02404249371,0.05782312925,0.00899076624,-0.01670708704,0.004962192817,-0.002021043978,-0.01325918041
0.08894950486,0.004993757803,0.01161459185,0.04764115372,0.02797850658,0.008443093549,0.01563287948,0.01971403813,0.0002939879465,0.04774016826,0.0127862028,0.01505174036,0.04541895067,0.006034192421,0.006597338701,0.07063507182,-0.004646146188,0.06048260733,0.02830750894,0.07655193324,-0.003930376193,0.04720835225,0.008017547212,0.04656593407,0.04554865424,0.02207806988,0.03391763857,0.04449873255,0.04857621441,0.02917093142,0.001845947307,-0.006107039751,0.07032007759,-0.01096054205,0.03676767677,0.005830911543,0.00351031154,0.01040903093,-0.01589825119,0.0004805382028,0.01505546751,0.01959619952,0.0037709976,0.04270186335,0.003749732162,0.01014263074,-0.02155172414,0.01851851852,0.01600853789,0.05366759517,0.03159729789,0.02819237148,0.1207729469,-0.01552148401,0.08355387524,0.03719976567,0.008440366972,0.04408163265,0.04458293384,0.06806930693,0.01128577187,0.01935212453,0.1289882738,0.01269101269,0.02921348315,0.01192878974,0.004192872117,0.03643870041,-0.01179164282,-0.03633610901,0.02598120509,0.02620481928,-0.05164992826,-0.01127562642,0.01706443914,0.01119301119,0.01061093248,0.05820020872,0.0005480953686,0.03597460616,0.03232209974,-0.00522522787
0.009782069467,0.01211180124,0.09352091419,0.02421167019,0.016222062,0.01640991293,0.03475670308,0.003186743149,-0.007788390889,0.04407096172,0.009101585437,0.03932212366,0.02756554307,0.007301219128,0.01666296379,0.05519923883,0.0485954822,0.004432624113,-0.003187481889,0.06700014694,0.005636978579,0.03996532293,0.007411849068,0.01942512141,0.02574257426,0.05010577887,0.003478632864,0.007670543854,0.01996805112,-0.02652080225,0.02897822446,0.02234387219,-0.02356139556,0.02135804957,0.01013250195,0.02345470539,0.01967643201,0.01508995937,0.05474780111,-0.01705091258,0.01652354931,-0.009900990099,0.005464480874,0.003723008191,0.02273455011,0.008158142454,-0.01101321586,-0.04338842975,0.01418067227,0.05604511808,0.004013519223,0.0314516129,0.07435344828,0.0492213036,-0.004884856943,-0.005365715899,0.01455604076,-0.002606202763,0.02092703075,-0.04403244496,0.01076125947,-0.02868345027,0.02342995169,0.02941176471,0.01910480349,-0.00098099076,0.02549955264,0.01108417042,0.05329008341,0.1154752553,-0.01373922414,-0.01408864103,0.0552193646,-0.01048266329,-0.006687785991,0.01970842333,0.05090677696,0.02002730997,0.06327033689,0.05152065365,-0.0009753232144,0.04896717079
0.01919355471,-0.009205277693,-0.02375905752,-0.003711001026,0.006739978716,-0.009884678748,0.01679462572,0.03303684879,0.008738151659,0.01359327491,-0.006109979633,-0.003821656051,-0.003936433882,-0.006472824818,0.003496503497,-0.0209816455,0.01454689984,-0.02162400706,0.008720930233,-0.06574243563,0.0369955157,0.002000666889,0.003767633938,-0.008497489378,-0.00546975547,-0.0133601951,-0.01337267353,-0.03912772197,0.003915426782,0.03218116806,0.03060393944,0.01475248607,0.02645011601,0.01341487473,-0.03549382716,0.007121927818,0.008147512864,0.006432246998,-0.003914227366,-0.01099438065,-0.01612696787,-0.01705882353,0.04144021739,-0.01335311573,-0.008975161762,-0.0115157174,0.06904231626,-0.06133909287,-0.01501812532,-0.0001668891856,-0.008205343993,0.008913213448,-0.01053159478,0.001466006964,-0.02840112202,-0.04088586031,-0.003586800574,-0.004050169846,-0.007237256136,-0.01878787879,0.003746056782,0.001487146803,-0.0007080481473,-0.006832298137,0.006963042314,-0.0009860285459,-0.007416024429,-0.02774922919,0.01033875935,-0.0161971831,0.00300464354,-0.01667162846,0.002150537634,-0.01979045402,-0.0140562249,-0.02753508075,0.01665152891,-0.005206009222,-0.002318392581,-0.0276278869,-0.0107723115,0.01270153846
0.02844899673,-0.03685351502,-0.03120424135,-0.02485655876,-0.02184637068,-0.02396006656,-0.05804624823,-0.04489544895,-0.01600352371,0.01323451562,-0.04683840749,0.01342710997,-0.02663934426,-0.02058435844,-0.0431184669,0.06219703599,-0.007991851446,-0.03352879266,-0.04265129683,-0.0639625585,0.01477477477,0.007737104825,-0.02449143442,-0.01428385924,-0.02296991265,-0.01257388501,-0.04468133493,-0.007922129364,-0.007800312012,-0.0249917519,-0.006476070131,0.001830712901,-0.0198915009,0.02433326844,-0.0512,-0.01236671883,-0.06507868992,-0.023292146,0.01144712113,-0.05854743083,-0.03122154286,-0.04847396768,-0.05805609915,-0.04661654135,0.003791069924,-0.02235516373,-0.03125,-0.02899217671,-0.01445846477,-0.03605408112,-0.0543063216,-0.04262244265,-0.03852002027,-0.05617566331,-0.0490797546,-0.02279455299,-0.03563714903,-0.01757838121,-0.0500339597,-0.09203211859,-0.0001964250638,-0.008273228681,-0.04251299008,-0.05228267667,-0.04414893617,-0.04133579676,-0.01435687079,-0.02114164905,0.01262791204,-0.0529706514,-0.04302832244,-0.02982137451,-0.05175250358,0.0067695962,-0.002396070444,-0.0283147291,-0.04169148303,0.06220095694,-0.03356571133,-0.05061043285,-0.0440631396,-0.03602940411
-0.0881748137,-0.0008038585209,-0.0331995622,-0.03926476709,0.02323487032,0.01483123082,-0.01177354709,-0.01566859841,-0.01133989854,0.03883664228,0.02272727273,-0.01375394322,-0.003759398496,-0.0002642878054,-0.01137915339,-0.08205295848,-0.006555564331,0.001711263223,-0.01128838049,-0.05183727034,0.008522727273,0.01164038636,0.002383419256,-0.04228691872,-0.02086092715,-0.03493687418,0.004731269825,-0.02203836915,-0.03616352201,0.02038744607,0.007631160572,0.01859615178,0.0184501845,-0.145381984,0,0.003747195632,0.005459508644,-0.0004362367311,0.0003378378378,-0.06874836001,-0.01651671814,-0.04339622642,-0.0311634349,-0.002891692955,0.0131137222,-0.003542673108,-0.06666666667,-0.002369668246,-0.004801280341,-0.03116883117,-0.03409600718,0.01877934272,-0.08539799684,-0.06455990694,-0.01138519924,-0.008482278098,-0.005599104143,-0.0150887969,0.004528122021,-0.03197278912,0.02671905697,-0.007486631016,0.01356684756,-0.002771545467,0.01140790206,0.004309684666,-0.07818073722,-0.01403887689,0.05364437755,-0.003023431595,0.003699487763,0.01451084413,0.07513295365,0.01592544532,0.02029542452,0.02913981507,-0.02299564947,-0.0209740991,-0.04648677531,-0.06967500585,0.006734046235,-0.001833500834
-0.01453140064,0.03362831858,0.01477088949,-0.01397591855,-0.0336208414,-0.02435746682,-0.002281368821,0.1210204972,0.030636885,-0.01827326069,0.06306306306,-0.009339815763,-0.07082264151,0.01090780425,-0.002992633517,-0.004273504274,0.0005565272698,-0.009473520733,-0.006850357741,0.006823529412,0.002992957746,0.03068385833,-0.002925822888,-0.01279229711,0.03686168414,0.03687831285,-0.007321147217,0.1168982411,0.008156606852,-0.05902835351,-0.004260018933,0.006226255804,-0.02672101449,-0.0237936402,-0.02360876897,0.0486982013,-0.02443438914,0.003782368344,0.008105369807,0.03324880248,0.001911523758,-0.02235371466,-0.05432451751,-0.01871869233,0.02402402402,-0.0116354234,-0.01382488479,-0.005225653207,0.03216295899,0.04843610366,-0.02577798421,-0.03448275862,0.06974063401,-0.03896373057,-0.1051823417,0.06630003055,-0.007132132132,-0.006372017354,-0.05338078292,-0.0681658468,-0.01262916188,-0.0002155172414,-0.05013385252,0.01707252515,-0.005777166437,-0.001431809036,0.02579812964,-0.01423877327,0.01428425671,0.04675259035,-0.03827615537,-0.0138418948,0.02859147518,0.01149558755,-0.01518361582,0.03729921045,-0.01017811705,-0.02113587347,-0.01653124124,-0.0278964564,-0.008227239621,0.01688547899
0.02147875511,-0.003268991283,0.2319379516,0.01213248471,0.03442622951,0.04493801653,0.02413617886,0.01186539584,0.04129447943,-0.02032103825,-0.009604519774,-0.05818158337,0.03690828162,0.04948885787,0.01800969753,0.08844034335,0.06483909416,0.001567889621,0.02851011649,-0.2130789217,-0.02071265578,0.07094220111,0.01980307695,0.02173610144,0.01369863014,-0.01762018708,0.03292559222,0.03455218783,0.04166666667,0.02149779736,0.02994771035,0.1065023597,0.03722661703,0.01435079727,0.03540587219,0.01896253683,0.006029684601,0.01869565217,0.03015075377,0.04935914917,0.1053420551,0.03429724277,-0.01738473167,0.04728640516,0.02801092123,0.01308044474,0.05373831776,0.03486150907,0.01506102311,0.0282986703,0.02383790226,-0.04336734694,0.2209051724,0.009704550356,0.1643071643,-0.005730659026,-0.001134215501,0.04707327057,0.04436090226,-0.006033182504,0.04244186047,0,0.008711247758,0.1139882889,-0.08494742667,0.01986195896,0.0562716127,0.09555555556,-0.01005935017,-0.06301303718,0.07252358491,0.02027448534,0.04911323329,-0.005854666514,-0.007171029043,-0.1446194226,0.02731362468,0.0339306698,0.00113960114,0.003748707342,0.02904596006,0.004333152342
-0.02482930899,-0.04263626425,-0.02906425183,0.004463886062,-0.02236309209,-0.02356236612,-0.05333664103,-0.04075355632,-0.02109407959,-0.03294404741,-0.04249857387,-0.03818992115,-0.02992323359,-0.01529927701,-0.05704241325,-0.03045386043,-0.01119319454,-0.04164057608,-0.03070044709,-0.08347745576,-0.02222620541,-0.0367440485,-0.03703764428,-0.232224192,-0.01222651223,-0.04351195748,-0.01045590036,-0.02315748013,-0.0454368932,-0.02397791961,0.03938461538,-0.01312733994,-0.0134589502,0.03188861442,-0.06672226856,-0.02455897613,-0.02950668511,-0.04595248257,0.01203252033,0.5103950104,0.003575391444,-0.01625487646,-0.04076923077,-0.03950743971,0.01170568562,-0.03776630084,-0.0399113082,-0.07706506691,0.005116398056,-0.003978779841,-0.04423748545,-0.04584946237,-0.007943512798,-0.06386159761,-0.06963890936,0.05619596542,-0.01059803179,-0.02619233776,-0.03695704344,-0.01365705615,0.01078267336,0.03362793706,-0.05511811024,-0.03118794533,-0.03598427578,0.0008027985641,-0.01994047619,-0.07234617985,-0.02459099685,0.008760628704,-0.06761957119,-0.04922042189,0.008127438231,-0.01593533487,0.081136391,-0.009512120282,-0.03253049734,-0.03224889899,-0.03813318156,-0.02150676111,-0.008067048419,0.006109497459
-0.0197715668,0.0009787928222,-0.009904068218,-0.005842741267,-0.02683717579,-0.02497468782,-0.124475891,0.05130260521,0.008475793708,-0.03262436914,-0.02144772118,0.01382948389,-0.007428940568,-0.00560592671,0.01383042694,-0.1009557515,0.03290317712,0.000653381248,-0.008917589176,0.04778469251,-0.002383134739,0.01013124568,-0.002988098684,0.06641089856,0.009771986971,-0.004282903114,0.03814405305,0.00448869229,0.02847843775,-0.02173913043,0.04854943754,-0.03102189781,-0.0204638472,-0.01980413493,-0.02144772118,-0.02383014184,0.01757719715,-0.01521025947,-0.02731362468,0.1132140399,-0.02665847666,-0.04957038995,0.05292702486,-0.006677350427,-0.03043266894,0.0026836632,-0.06697459584,-0.052,-0.01527106134,-0.06358189081,-0.04043848965,-0.04904435629,0.02402135231,-0.00912616929,-0.01346534653,0.05075034106,-0.001912777353,0.01579017797,0.02666334413,-0.04461538462,-0.04524553982,-0.004588112617,-0.03413978495,-0.05727031589,-0.04422835634,-0.001604309191,-0.03218949286,-0.03024781341,0.02250234399,0.01992337165,-0.02830188679,-0.02186495177,0.01160915834,-0.04423844168,-0.02627769736,-0.08116480793,-0.01099256385,0.04257193188,-0.009467455621,-0.05790997631,0.03658255825,-0.02197161531
0.00548117328,-0.03031290743,-0.02162113668,0.01673806539,-0.03201924857,-0.006230529595,-0.002095181084,-0.02992756386,-0.01253561254,0.0005589714925,-0.04566210046,-0.02376599634,-0.06898795965,-0.01152561749,-0.006761565836,-0.008293375598,-0.03368159567,-0.03754489063,-0.006825938567,-0.06782605532,-0.04796030871,-0.04133424512,-0.01310891005,0.01732178548,0.005161290323,0.03185305743,-0.03177718296,-0.01838220102,-0.03481012658,-0.001806684734,-0.01849237719,-0.05084745763,-0.009749303621,-0.02642095915,-0.02648401826,-0.04266566502,-0.009803921569,-0.0009085402786,-0.003138420879,-0.04018547141,-0.01274769658,0,-0.06397562833,-0.03549341221,-0.02837946249,-0.004014720642,-0.0198019802,0.02742616034,-0.01757560093,0.04105936722,-0.02234069561,0.02559726962,0.009556907037,-0.006447156344,0.007226013649,-0.02103349779,-0.03449597547,-0.01752074825,-0.07402912621,-0.0692431562,-0.02889616644,-0.01738948251,-0.113554133,-0.005627318071,-0.01476862488,-0.04661221567,-0.01945403201,-0.0402104472,-0.04350483953,-0.09942399199,-0.02882281553,-0.03517422748,-0.112209117,0.01682013505,-0.02081189251,-0.012137559,-0.06374632233,-0.01731906505,-0.004480286738,-0.06342553786,-0.03480288728,-0.03963371936
0.001799637828,-0.02319327731,-0.02393287791,-0.03676882072,-0.01567877629,0.004876349704,-0.02039592082,-0.007860090391,-0.003894979804,0.01601489758,0.0003189792663,-0.007490636704,0.001747640685,-0.0005188385937,0.008957362952,-0.007298383302,-0.005292605474,-0.01831750339,-0.01280849734,-0.02119313858,0.01582706041,0.04755488626,-0.0003785265152,-0.01768172888,-0.01412066752,0.04123479045,-0.0035892462,0.02125817102,0.003278688525,0.02171945701,0.02948367611,0.005639097744,0.001875293015,-0.000228050171,-0.01125703565,-0.0009865865963,0.0198019802,0.01803576841,0.03512841756,0.04428341385,0.01009971874,-0.01112656467,0.008950366151,0.008921103987,0.05480441738,0.01746724891,-0.02525252525,-0.05749486653,0.01657458564,-0.02236639918,-0.004154764996,-0.03383250139,-0.03571428571,0.02896871379,0.02351534476,0.024933687,-0.002778880508,0.01273799946,0.005766710354,0.03114186851,0.03689744098,0.02345415778,0.008477237049,-0.0298392283,0.004663557628,-0.002951720163,0.00032,-0.0007830853563,0.06114188326,-0.04866518354,-0.0009372071228,-0.006814310051,-0.05996409336,0.04213957981,0.0191521663,0.0003412969283,-0.01396648045,0.03739790801,0.007200720072,-0.1464797136,-0.003048920797,0.03385457564
0.003556707512,-0.01754989677,0.007891399314,-0.02187590145,-0.0271950272,0.003466204506,-0.01347213717,-0.02535155476,-0.005068790731,-0.01209677419,-0.02710459184,-0.05820029028,-0.02564549895,-0.02385122605,0.02462121212,-0.05566123264,-0.005852842809,-0.06392536282,-0.04082278481,-0.07433658313,-0.03496104883,-0.0471362639,-0.02145002423,-0.0345,-0.02278645833,-0.04360528024,-0.04323193229,-0.02948935368,-0.04820261438,-0.02710363153,0.02137468567,-0.02377985462,-0.04819840898,-0.07618613139,-0.04174573055,-0.01963688905,-0.0337494221,-0.01131457496,-0.008163918681,-0.1102544333,-0.03214782939,-0.08087201125,-0.05403225806,-0.01409229069,-0.002054794521,-0.03004291845,-0.01554404145,-0.03976034858,-0.0597826087,0.03405518687,-0.0631029987,-0.0208572522,-0.07050423918,-0.02297297297,0.006230529595,-0.06832298137,-0.02388535032,-0.03323182841,-0.06202762575,-0.09563758389,-0.01970537593,-0.046875,-0.0401618929,-0.04176057272,-0.04310344828,-0.03445255602,-0.02175303903,-0.03996865204,-0.1428428027,-0.1259865536,-0.02939337086,-0.01578044597,-0.154316272,-0.005445487197,-0.008250257821,-0.03241214603,-0.04922096317,-0.01906077348,-0.08042895442,0.04508912967,-0.04177101245,-0.01361341377
0.01219285275,0.01208406305,0.008994733653,-0.01743863602,0.03773961661,0.03419689119,0.02265673495,0.006705954074,-0.01324599709,-0.01985157699,0.02327105867,-0.01833872708,0.03473589973,0.01301469126,0.0155961183,0.04082493944,0.01123939139,0.02067183463,0.02705377763,-0.03076773964,0.02116558378,0.007463871685,0.03181338741,0.002244087692,0.01932045303,0.02330580382,0.02958341964,0.04519585477,-0.004721030043,0.009286234523,0.02297907263,0.03254972875,0.03146509341,-0.04148148148,0.04801980198,0.009065884039,0.01004784689,0.03071826532,0.02905100065,-0.04852686308,0.01843860337,-0.01912777353,0.04518329071,0.01807735426,0.03667026179,0.04901293397,-0.02105263158,-0.03233125355,0.01458849436,0.04374261105,0.05705538547,0.04182137971,0.05664906385,-0.1014292301,0.04102167183,-0.009722222222,0.02120717781,0.008079978088,0.03223117533,0.05844155844,0.01893052303,0.02841530055,0.03276029841,0.04012174875,-0.007623007623,0.01160216985,0.02648790059,0.04489795918,0.003747511418,0.0254180602,0.03656572165,0.02544440572,0.0189701897,0.02178471575,0.03708838821,0.04901269394,0.02495344507,-0.01647423261,-0.05409782961,-0.008361204013,0.02977183358,-0.01324396468
0.02557855377,0.03270462018,0.02845265589,0.00413354721,0.05522416779,0.04074816299,0.04036418816,0.01352442471,0.06239858386,0.02555366269,0.02370275464,0.03500784929,-0.01765011248,0.02202426035,0.04686611307,0.04953951162,0.07334039014,0.01338155515,0.04818503052,0.05921111111,0.03711558855,-0.07842055485,0.03590945913,0.03220806063,0.01241830065,0.03991155334,0.04963846582,0.03811569384,0.003880983182,0.05899332491,0.05254713197,0.04543113217,0.08150619638,0.04044307058,0.03920642419,0.04674711489,-0.00189483657,0.02790357925,0.06963613551,0.05227686703,0.103749358,-0.03042121685,0.01141924959,0.03399862354,0.06573347205,0.04899415964,-0.01344086022,0.007033997655,0.0412371134,-0.01181229773,0.03791469194,-0.07784655787,0.03907314857,0.01821446896,0.05055762082,0.0347826087,0.05630990415,0.07512566227,0.01130551817,0.0411919369,0.04750047884,0.0087141339,0.05653266332,0.07009843043,0.03212290503,0.0395993436,0.03281299777,0.023828125,0.04911912262,-0.003587736464,0.01973581974,0.03806934058,0.05673758865,0.01675977654,0.05993761141,0.0531092437,0.00363372093,0.06313528991,0.03253424658,0.03811129848,0.04904477594,0.03609967449
-0.02563250752,0.0008378016086,-0.01163208479,-0.01778043323,-0.04996353027,-0.02679717587,-0.01196032672,0.001294562836,-0.008816995279,-0.01633444075,-0.09292866083,-0.07128772941,-0.05663202396,-0.009492665828,-0.01260458546,-0.03244261321,0.0004930966469,-0.03729478944,-0.05470425988,0.004489714567,-0.03522959658,-0.02548533311,-0.02141612913,-0.03387285166,-0.003550677857,0.01956198171,-0.0002536769058,-0.01612136598,-0.02276632302,-0.04003407155,-0.06167428862,-0.06158849034,-0.06126046717,-0.01361723199,-0.005909090909,-0.009959283985,-0.01305173232,-0.02131893121,-0.04076246334,0.01142461485,-0.08969288041,-0.02534191472,0.01532258065,-0.01597444089,-0.02786652467,-0.01855861429,-0.01089918256,-0.03899883586,-0.01563314226,-0.07483215982,-0.04921359716,-0.006305939788,-0.004372540446,-0.02569916856,-0.09837225761,0.004066142586,-0.01965973535,-0.03879201415,-0.03007718925,-0.05892255892,0.01737063449,-0.02465233881,-0.02467300832,-0.02759477937,-0.05108254398,-0.001664754643,-0.02328809377,-0.06524227394,-0.03714412811,-0.05302782324,-0.03809814081,-0.02242960052,-0.02390939597,-0.008746355685,0.004414546983,-0.03989786147,-0.02280955829,-0.2009830326,-0.01028192371,-0.02469135802,-0.001967735822,0.01660145393
0.03811606396,0.02327138791,0.0420320807,0.03525955574,0.0236084453,0.0636438582,0.008562149395,0.0270512183,0.04167542201,-0.009475560559,0.0300103484,0.05961130165,0.03939874895,0.007121424443,0.03884670408,0.0448246827,0.02520594241,0.0483781279,0.04360512239,0.0122393141,0.06725118027,0.05976305397,0.03412526267,0.02573402418,0.02623906706,0.0826903024,0.1376687379,-0.01387341715,0.05010989011,0.05909494232,0.01238746362,-0.1063740418,0.04131455399,0.03325803213,0.03155006859,0.04846188417,0.04544361625,0.05431309904,-0.03362885968,-0.04911860346,0.05712460064,0.01361947998,0.06791104051,0.007575757576,-0.0482015702,-0.01103057044,0.09366391185,-0.0006056935191,0.03890947591,0.04442477876,0.02214514408,-0.007983623337,0.09090909091,0.009309542281,0.06907378336,0.1255399568,0.04049363671,0.03733403444,0.03265642151,0.1717352415,0.03864126528,0.032404407,0.0518134715,0.07362904257,0.03351158645,0.05275185761,0.02668561503,0.04040816327,-0.03095403095,0.03145523678,0.05196451204,0.05007536426,0.055221315,0.04705882353,-0.009732105483,0.04853723404,0.06409781401,0.03834161962,0.01876675603,0.0309793471,0.1316569948,0.01507090948
0.03606562413,-0.01832460733,-0.01862026862,0.00954403951,-0.01856366023,-0.0305379011,-0.02517564403,-0.002614505665,0.005917159763,-0.00757719265,-0.005358338915,0.00107891492,-0.006197790353,0.003730096652,-0.004555084746,-0.02348500771,-0.01682576746,-0.03076379066,-0.05467536502,0.2231323959,-0.01850681592,-0.03113613779,-0.00430530456,-0.03418083853,-0.005681818182,-0.03274583454,-0.04070162222,-0.01322136859,0.01130179992,-0.03753351206,-0.03035571008,0.01915393655,0.009918845807,-0.01372525203,-0.02393617021,-0.02576125943,0.003679852806,-0.007162534435,0.0580512496,-0.02555795536,0.001088007737,-0.02768729642,-0.01673484567,-0.02497314715,0.01668904661,0.001912045889,0.04534005038,-0.06181818182,-0.007388535032,-0.005422809693,-0.02349256069,-0.07222451506,0.04025764895,0.03945682808,-0.02165932452,0.01511153754,-0.02891030393,-0.007223419085,-0.06537337231,-0.009160305344,0.01107458038,-0.003766478343,-0.08982903506,-0.08846291225,-0.03966885133,0.006339996143,-0.02183943402,-0.02314633189,0.0063170441,0.05663538874,-0.02801204819,-0.0293460925,0.05762573814,-0.0005401901469,-0.005389411392,-0.0491439442,-0.01601671309,-0.006492452524,-0.01973684211,-0.05848142165,-0.03529388539,-0.0001737728164
-0.01137077601,-0.01866666667,-0.04016885137,-0.01892433098,-0.03974016049,0.01790853854,-0.02762762763,0.00854368932,0.03295454545,0.009734682191,0.02693602694,0.01847575058,-0.01735357918,0.01408958123,0.01255719911,-0.04081986566,0.01438949427,-0.03575337468,-0.000985869208,-0.0001180866587,0.06236203091,0.0147008547,0.00288261357,0.01569037657,-0.006666666667,-0.02917454944,-0.003192989889,-0.05112929509,0.002483443709,-0.005396935933,0,0.04450593797,0.008482142857,0.006157635468,-0.05767484105,-0.02696839387,0.01237396884,-0.01401220866,0.0242188668,-0.03213889915,-0.06303586523,-0.03433835846,-0.04727685325,-0.003717984026,-0.009245283019,0.01860687023,-0.002409638554,-0.04974160207,-0.07289527721,-0.03305503493,-0.01897888265,0.00756227758,-0.01393188854,0.05964998768,-0.0296435272,0.001890359168,-0.02099236641,-0.01136073526,-0.02829115724,-0.07550077042,-0.02361800445,-0.01312749422,-0.0006367398918,-0.002481713689,-0.04310344828,0.003539447716,-0.02389937107,-0.03353413655,-0.04548146393,0.002854424358,-0.02788968082,-0.0208675649,0.00269541779,0.005512917522,-0.002762430939,0.000666888963,-0.02264685067,-0.008658715896,0.0177852349,-0.01784488675,-0.005423048981,0.01979963988
-0.005073741686,-0.005434782609,0.04629415305,0.07060118413,0.005173099881,-0.01445177505,-0.007411982705,-0.0009626492106,0.00342975474,-0.04347826087,0.1121311475,-0.00559334845,0.0544518028,-0.009599789932,-0.007987388334,0.04920561993,-0.04124776202,0.01475595914,0.007894736842,-0.03663649477,-0.01281385281,0.03183962264,-0.002874327993,-0.03038105046,0.007350591243,0.009641025641,-0.001373548056,0.146110711,-0.01403798514,-0.0007001575354,-0.08757412771,-0.00320123634,-0.03098716246,0.04944920441,0.01108433735,-0.110060803,-0.004074241738,-0.01969888842,-0.02350021895,-0.05019083969,-0.01482149762,0.02515177797,0.03056768559,0.02252937111,-0.03542182441,0.004527712724,0.004830917874,-0.02651257648,-0.008859357697,-0.05022026432,0.02915531335,0.05673289183,-0.05298273155,0.02512212142,0.06496519722,-0.07099056604,0.0003898635478,-0.01588121369,0.008046817849,-0.06333333333,-0.01314636284,-0.02947749282,0.01274291176,0.01833180568,0.006756756757,0.01431914963,0.106314433,0.04342405984,0.001364933615,0.02087286528,-0.02040165763,0.0256754489,0.01958525346,-0.004192646743,-0.1070743661,-0.044985005,0.04706734251,0.02175346078,-0.01549620837,0.06918238994,-0.00090534048,-0.03016586111
-0.01457430554,0.01229508197,0.04459979647,0.02727772936,0.01979414093,0.02677717565,-0.01244555072,0.0716901137,0.07648652135,-0.07351778656,0.06928066038,0.0550319246,0.03192602931,0.007653677898,0.02193028923,0.02007129173,0.05781799899,0.01454138702,0.01207571802,-0.2775831874,0.01473425715,0.105877551,0.03278254335,0.01451584351,0.01395939086,0.06247460382,0.06645697736,0.03074179896,0.007537688442,0.02487300753,0.03083434099,-0.04706533776,0.04568296026,-0.01189643107,0.03145853194,0.0296142166,0.06090909091,0.03703172097,0.003288490284,0.00381756078,-0.034144427,-0.04991539763,0.02696456086,0.06028656394,0.01559723593,0.02207025179,0.05288461538,-0.1201117318,0.01955307263,-0.01428571429,0.07095578501,0.009400459578,0.05760464153,-0.005899705015,0.01053013798,0.004315816197,-0.05494933749,0.007609551299,-0.007256894049,0.0871886121,0.05523978686,0.02412280702,0.07329348852,-0.05812009772,0.153616704,0.01914048104,0.03261502621,0.07925129431,0.1389095415,0.2444237918,0.06150341686,0.05431937173,0.1461393597,0.01468206844,0.0953346856,0.2498255408,0.07607192254,0.01,-0.003683858004,0.06176470588,0.06727214688,0.03074565596
0.04624947944,0.01045883941,-0.008894912957,0.01663798974,0.02135093168,0.08475628687,0.05166981727,0.03650422586,-0.01234124131,-0.07252559727,-0.01323407775,0.02406340058,0.01656804734,0.02784774862,0.00041467966,-0.02552217468,-0.01235741445,0.03785373025,0.03643985811,-0.01661818182,-0.03232497839,0.01461578209,-0.00959196859,0.1203978363,0.003754693367,0.01472416101,0.01417725215,-0.01820029179,-0.05070656692,0.01897111605,-0.03196480938,0.0005810575247,0.000873743993,0.004485363551,0.04251386322,-0.001647851274,-0.003856041131,-0.036816609,0.01042908224,0.03963170536,-0.01801435731,0.08637577916,0.05101275319,0.01580826109,-0.008748055988,-0.01368613139,0.004566210046,0.06904761905,0.02328767123,0.03820816864,-0.01013597033,0.02607615894,-0.2829153605,-0.02488016435,0.02407473949,-0.05283114257,0.03422680412,-0.003385416667,0.01228070175,0.07528641571,0.009930988049,0.04518201285,0.01670574443,-0.007645051195,0.09049773756,0.03870191741,-0.005076142132,0.01808118081,-0.01936677184,0.02688573562,0.0162477008,0.01582867784,0.04830759119,-0.0273433344,0.02755991285,0,-0.01992287918,-0.009262216544,0.001008403361,-0.01323484149,0.01107616309,0.0312197384
0.0119670863,0.01469115192,-0.00662421471,0.02674143522,0.0144431775,-0.01116199199,0.03894547633,-0.01752255378,-0.002426301104,0.0604875805,0.005029337804,0.01097509498,0.03276234825,0.009851753138,-0.009015544041,-0.155039565,-0.006324762821,0.04603399433,0.004044803983,0.05493719878,0.1014648089,-0.01520552928,0.006690084303,0.01136894565,-0.06359102244,-0.02308489588,-0.01397906739,0.01228592505,0.008756567426,-0.02222408588,-0.193123296,-0.01335656214,-0.001309471846,-0.01292596945,0.0469858156,0.03567646116,0.01032258065,0.01753125449,-0.002064287821,-0.01001155179,-0.01779310345,0.05491803279,0.05710206995,0.01731927711,-0.0164738184,0.02189330866,0.1386363636,0.07052709725,-0.01124497992,0.004713560551,0.02972027972,0.02279144816,-0.006010928962,-0.01217228464,0.03122807018,0.02855617828,0.008373205742,0.008100339692,0.01877527441,0.02207001522,0.006666666667,0.01085843065,-0.0002882675123,0.04526069611,0.02074688797,0.02027610009,0.008786848073,0.02682131207,0.008765117053,0.07442424242,0.01508295626,0.01252673388,0.07210031348,-0.01804856705,-0.003604367645,-0.002233389168,0.01672131148,0.02417794971,0.08294157152,-0.007797878977,-0.01284901807,0.00571698762
0.05579339533,0.01151694636,0.03403028739,0.02352955423,-0.01723491945,-0.01881331404,0.092272203,-0.002472187886,0.01228262191,0.04207330297,0.001668056714,-0.01447459986,0.01127214171,-0.005610333451,0.004078218132,0.04378985765,0.00103777501,-0.0003385240352,0.0511310815,0.07226649218,-0.02416477457,0.007904846336,0.0208161776,-0.01278102864,-0.003994673768,-0.02015817901,-0.009028081958,0.02382799803,0.03993055556,0.018097607,0.1342218885,0.01812831077,0.02229020979,-0.01857142857,0.01354784081,0.003954281424,0.01660280971,-0.0008473379466,0.0298463357,0.06728899261,-0.001404297149,0.05361305361,-0.01080351114,0.0002467308167,-0.0295114656,-0.01116475558,0.02195608782,-0.009708737864,0.01678851882,-0.1187297005,0.0002425418385,-0.00177479787,0.03243540407,0.03483412322,0.002381762504,-0.03943954333,0.03281929616,0.006480041472,-0.001134108307,-0.03350707372,0.002649006623,0.03404945278,-0.02076124567,0.01026585944,0.03774680604,-0.01360854568,0.003933689239,-0.0007059654077,0.03321601408,0.0225631769,0.009806835067,-0.008147254074,0.02573099415,0.00880026735,0.0117033727,0.0366536094,0.01547887778,0.0407617249,0.008062015504,0.03992455203,-0.007042219483,-0.01538330029
0.01583223972,-0.001626545218,0.01485333888,-0.009354700746,-0.05299275639,0.002064896755,0.02217529039,0.01239157373,0.01429601153,0.02268470343,-0.01193449903,0.01242762322,-0.006847133758,0.02354639175,0.006456988127,0.003051431624,0.0186605847,-0.007111412123,-0.04716981132,-0.02878905101,0.0287518697,0.06640768159,0.002570448051,0.006863203868,-0.007352941176,0.05266266365,0.01387913464,0.01249955194,-0.0225375626,-0.007076663858,-0.006454816286,0.002659266967,-0.02607952116,0.01310043668,-0.02923976608,-0.01887032406,-0.0121440536,-0.001978798587,-0.0005738880918,-0.02496355685,0.0009843903811,-0.04646017699,-0.0204778157,-0.02318697583,-0.005958495993,0.01403722917,-0.0078125,0.1953781513,-0.005059920107,0.04954954955,-0.03394762367,-0.04444883445,0.08040468584,0.01648729105,-0.01731160896,0.02377093463,-0.01416539051,-0.02137522534,-0.0332954868,-0.04006163328,-0.01106340819,-0.01450411603,-0.101590106,0.005341323606,-0.01343033016,0.0003647425557,-0.01511335013,-0.04380077711,0.03012561209,-0.03375992939,-0.01118304885,-0.004867660481,-0.0350627138,0.005962897527,0.01819329057,0.005128205128,0.01683073992,0.005897474671,-0.001537988311,0.05532043531,0.01504103428,-0.005095464836
-0.0154518434,0.004235907462,0.01783371597,0.02371388325,-0.0004025764895,-0.01295260524,-0.01446280992,0.008742787201,-0.006040506929,0.009564509565,0.004494382022,0.004882131399,-0.01459034792,-0.005270463793,0.01272764901,0.02748113995,-0.005427776647,-0.009549795362,-0.03248762376,-0.04280312805,0.01163166397,0.01759571105,-0.007350634828,-0.004182804028,-0.01346801347,0.002524780251,0.000426271913,0.01043352484,0.004269854825,-0.006618021381,-0.01815758787,-0.02041051661,-0.01404741001,0.007662835249,0.006024096386,-0.01777567313,-0.0008478168716,0.00991360997,-0.006747057135,-0.003363857223,0.02753582467,0.0309358082,-0.02229965157,0.003535353535,-0.004340636627,0.0009027986759,-0.003937007874,-0.05506736965,0.008565310493,0.01580179477,0.001757028112,-0.04713665495,-0.01379990143,-0.0292858752,0.05215889465,-0.01477572559,0.01087378641,0.01065789474,0.002143465367,-0.003210272873,-0.001836700618,-0.005369928401,0.01769911504,0.006738369833,0.01134429949,0.002721415738,-0.001420858198,0.002585888437,-0.01333057766,-0.04498744005,0.009226190476,0.009630082544,-0.05435745938,0.004610318332,-0.0007229911175,0.007250268528,-0.0009369144285,0.009771497294,-0.01971657425,-0.01117158407,-0.002963630783,-0.01263273772
-0.003757594634,-0.003244646334,0.03552503323,0.02288691112,-0.06322996375,0.01908738443,0.003668763103,0.03414803259,0.001549094376,0.02459181617,-0.01733780761,0.02137701277,-0.002766026684,-0.03131903738,0.02636149995,0.00620275773,0.03417695614,-0.01274104683,0.02750239846,-0.06362378976,-0.01389332482,0.01513002364,0.01652941223,0.03951462352,0.03139931741,0.02667661599,0.03227633892,0.02232833311,0.01870748299,0.01844892381,-0.02918221921,0.001294879341,-0.008014247551,0.06226235741,-0.0004277159966,0.006913726149,0.01612218922,0.01528537372,-0.0333863275,0.06206637915,0.009023789992,0.03825956489,-0.05345687812,0.008303975843,-0.01577745485,0.0261575466,-0.00790513834,0.06323620583,0.03423566879,-0.05915114269,0.04059133049,0.02961596876,-0.1059470265,-0.01949408215,-0.0180564675,0.03401178361,0.03150211295,0.01340971228,0.005713448579,0.03220611916,0.0008364001338,0.0149970006,0.02962962963,0.03410992406,0.06337633202,0.03329184816,0.01166761525,0.009579955785,0.05100544617,-0.01530368245,0.02123267473,0.001059803179,-0.06685410809,0.01649912587,0.01064599483,0.02599306852,0.008440137543,0.02337352985,0.04902576996,0.01622247972,0.03397142995,-0.02662546908
0.05588996706,0.01595052083,0.003540397169,0.01314307579,0.00214961307,0.02604623939,0.0005221932115,0.102916527,-0.02331945271,-0.02301790281,0.01593625498,0.04389779831,0.05743188122,-0.01268406529,0.01791936287,0.0575850071,0.01853562005,0.01499825602,0.03983815749,0.01966552337,0.01376518219,-0.003859205536,-0.01067116141,0.03337324154,0.03772336201,0.01508131189,0.01884659584,0.0401807571,0,0.008889634351,-0.0699056274,-0.05384434517,0.04398563734,0.06711409396,0.02182284981,0.03053353875,0.01043841336,-0.00773480663,0.007027511962,0.01588983051,-0.0379403794,0.02673410405,0.01355421687,0.02720239581,-0.01012444632,0.003222970993,-0.04780876494,0.03906705539,0.05619707467,0.02469891815,0.025282928,-0.003055526288,0.00447177194,0.04094674556,-0.03042460715,-0.00518000518,0.006145251397,-0.01104830421,-0.007720320466,0.02496099844,0.001504262076,0.03368794326,0.05067250547,0.01082897685,0.007911392405,0.007527853056,0.01659634318,0.009124087591,-0.02471350274,-0.04128217581,0.01414958129,0.01028433152,-0.004017408771,0.009351821993,-0.001636326447,0.009224373132,-0.007749535028,0.02953156823,0.004493708808,0.009407069555,0.01930009815,0.003551486072
-0.01284803428,-0.01377763537,-0.01238372093,0.05549508041,-0.02209352209,0.03907586994,-0.01852818372,0.02066869301,0.009989036423,0.0302053967,-0.0008403361345,0.001301913813,-0.01766702669,0.04861616407,0.003520782396,-0.01891661132,-6.476264491e-05,-0.01443298969,0.0001496557917,-0.0110487742,0.006869009585,-0.0370716719,0.00770475263,-0.008544532947,0.02040816327,0.01065067574,0.00873796688,-0.02317623636,0.006677796327,-0.03291770574,0.02217211575,0.04671968191,-0.08168529665,0.008805031447,-0.04899497487,0.01408987247,-0.0002066115702,0.02978841871,-0.02227171492,0.02050747306,0.04746478873,-0.06368754398,0.01485884101,-0.03231292517,0.04474749627,0.004088785047,0.04811715481,-0.02356902357,-0.02283770651,0.02689243028,-0.02724283701,0.000211371803,0.03561491375,-0.0102319236,-0.1713793103,0.05102837803,-0.01906348325,0.03728241102,-0.04580152672,-0.04794520548,0.02703604806,0.05212502382,-0.003274784162,-0.05184090629,-0.04552590267,0.04762024788,-0.00996126176,-0.04303797468,-0.00623275774,0.01367781155,-0.02164009112,-0.0244011976,0.05411764706,-0.0202342918,0.02519975415,-0.01235839341,-0.02124336145,-0.1247703829,-0.01759618252,-0.0002824061,0.008461039969,0.02371805579
-0.04545509818,-0.04191033138,-0.0109691725,0.01654643937,-0.001754770783,-0.02882239912,0.01249667642,0.004169148303,0.02617295863,-0.01983971853,0.03588449678,-0.001690287349,-0.02756616665,0.02137845707,-0.02046584154,-0.01001299313,-0.02888601036,-0.03730822873,-0.02379171031,-0.00603299527,0.003014437569,0.0711709212,-0.005945475919,0.0407537248,-0.0109375,0.02727594757,-0.0106749547,-0.0218999205,-0.07877280265,0.02002750559,0.01158088235,-0.004748338082,-0.02574906367,0.01887157107,-0.0202553941,-0.03420328502,0.00557966522,0.00168964585,0.004555808656,-0.03882833787,0.04087669759,-0.07177752725,-0.03989751098,-0.008285212152,-0.01488884357,-0.04857475276,0.02395209581,-0.03735632184,-0.03107906514,0.08205625606,-0.01979719942,-0.01267962806,-0.03815153143,0.0244658856,-0.04327923429,-0.01238543473,-0.03955849057,-0.008077645585,-0.02861538462,-0.07753796962,0.02648683783,-0.02871116747,-0.002986857826,-0.01441558442,-0.02549342105,0.01426739946,-0.01369480157,0.02796674225,0.00745424635,-0.04747626187,-0.0227008149,-0.0004603345097,-0.04065688776,-0.01483695652,-0.02587929656,-0.004040667362,-0.03319502075,0.01888924766,-0.02109896782,-0.06949152542,-0.007589059445,-0.01798145429
-0.03218097953,0.00983384198,0.02797428673,-0.005172070557,-0.01076686443,0.02345958168,-0.007352941176,0.03514234875,0.01128349788,-0.02761990228,-0.02787550744,0.04564990883,-0.008237764497,-0.009705248023,0.008357377375,0.009762348328,0.008536748033,0.0137631293,-0.0119558553,0.3116983677,0.01455235685,0.005569226784,0.01213351543,0.001403508772,0.01295418641,-0.006551724138,0.02362389977,-0.006428888123,0.01710171017,0.02081402208,0.03561693622,0.02146946565,0.03844305622,0.05959643551,-0.01033707865,0.01904762667,0.009042334566,0.007084542204,-0.01330309902,0.03632175762,0.007621754295,0.05101214575,0.004193671369,-0.005316455696,-0.02132505176,0.01956588199,0.03898635478,0.0776119403,-0.006158583526,-0.04822517031,0.02019704433,-0.001284246575,0.0312849162,-0.01423926449,0.006959547629,0.04665161776,-0.006353210198,0.004103276308,0.01742160279,0.01334488735,0.02137090391,0.05632226781,-0.02786099461,-0.06970615364,-0.0008438818565,0.001962086657,0.01870218192,0.02242647059,0.03587283768,0.005771248688,0.004169148303,0.01105311636,-0.01844773143,0.005902796933,0.03036208842,0.03651354535,0.06041597887,-0.009031849152,-0.03364862769,-0.07346690953,0.0265710286,0.02218399319
-0.0053440331,-0.009066487576,-0.05743770357,-0.0222469821,-0.0346512661,0.006075669705,-0.01851851852,-0.03566824237,0.002092050209,-0.02235438884,0.006959910913,-0.02883477611,-0.03436482085,-0.01197822142,-0.0477553034,-0.04745181945,-0.01196997752,0.008217220436,0.003102699348,-0.119157566,-0.006859993764,-0.00508758372,-0.005233707463,-0.02172389629,-0.02183406114,-0.03314821243,-0.03064089449,-0.01085355877,0.0008849557522,-0.007594518739,0.02316195824,-0.0365483419,-0.007403979639,-0.07468719923,-0.004541326067,0.006302523483,-0.02403258656,0.00777167359,-0.0458097135,-0.08975893315,-0.06730769231,0.05469953775,-0.02885345482,-0.0185797913,-0.1427966998,-0.01529235382,0.05065666041,0.01606648199,-0.00516395559,-0.002637031456,-0.02752293578,-0.002571795971,-0.07204767064,0.03616924477,-0.02764578834,0.01557632399,-0.01265322262,-0.02992581416,0.01712328767,-0.02172054045,0.0265034098,-0.03937146893,-0.01694915254,-0.05396600567,0.01126126126,-0.0006527481373,-0.01474269819,-0.03056454513,-0.04532019704,-0.06755346896,-0.01690391459,-0.02702702703,-0.03725025398,0.001206537238,-0.03006470881,-0.04292929293,0.07503113325,-0.03549728174,-0.01379974326,-0.04357798165,-0.02745129394,-0.03479382752
-0.001150199769,-0.05116909522,-0.04259153084,-0.08409154767,-0.01242521859,0.01646994236,-0.01940700809,-0.01396316102,0.01832521457,-0.04971680302,0.004423555433,-0.03809157368,-0.01028841289,-0.008082292432,-0.01564604704,-0.05627069191,-0.02750754803,-0.01523742027,0.03587998763,0.04817649221,-0.008477237049,0.05476082594,-0.01205306522,0.0001432664756,0.005739795918,-0.06632561479,0.01518870819,0.05801620083,-0.01503094607,-0.002828148395,-0.2157434402,-0.0265422373,-0.007459207459,-0.03016434367,-0.009124087591,0.07542995549,-0.01168614357,0.004653636485,-0.03147077714,-0.06329827198,-0.0489347079,-0.04674945215,-0.06411258796,-0.003112033195,-0.038005923,-0.006090133983,0.03928571429,0.08233369684,-0.01531274332,0.01359773371,0.02035749752,-0.09282337774,-0.02977232925,-0.02524698134,0.003553976011,-0.02760736196,-0.0188225871,-0.02644199611,0.09733700643,-0.04895104895,-0.008002415824,0.01543833854,-0.02978056426,-0.04326995059,-0.035077951,0.01355760119,0.04884246189,-0.01224035608,-0.02476780186,-0.01314685315,-0.0006033182504,-0.02496878901,-0.004220893422,0.009640666082,-0.01580621985,-0.03509234828,0.06081668115,0.0009946949602,-0.02147738366,0.02432339842,0.01572533867,0.01463323931
-0.04736264513,0.0075,0.01907776542,-0.005186889047,0.02283317801,0.01431271942,-0.04947773502,0.0103946972,-0.001936218679,0.01258278146,-0.0313790256,0.002666666667,0.006134969325,-0.01481481481,0.02042105263,0.02161495063,-0.01631108052,0.04066210867,0.01552702299,0.02504872591,-0.01456618113,-0.08407486959,-0.0001723567236,-0.04411975362,0.06467977172,-0.08430260502,-0.03801045058,-0.0127588004,-0.03141831239,-0.009175842509,0.002842772797,0.05303784861,-0.0347581024,0.0280995281,-0.01933701657,-0.02784902263,0.06503378378,-0.004102699841,0.009946949602,-0.006216162021,0.118225177,-0.08735632184,0.006683375104,0.01560874089,0.02231913802,0.008884803922,-0.03092783505,-0.01561712846,-0.0295202952,0.006521334079,0.05450121655,0.04855518712,-0.02647412756,-0.02612612613,0.02567507747,-0.05726765348,-0.07224489796,-0.01238183997,-0.01366806137,0.005514705882,0.005631659056,-0.04923076923,0.04394184168,-0.01690140845,0.06116560877,-0.02659222802,-0.008075370121,0.04280886219,-0.02560846561,-0.03287981859,-0.009055236945,0.01088348271,-0.01412928294,0.02615017361,-0.01752007509,0.04976756905,-0.02948402948,-0.04852600199,-0.03126039242,-0.06755852843,-0.03890480195,-0.03587741652
-0.03208411127,0.05033676001,-0.01641202149,0.01156843265,-0.0050523918,-0.00346112886,0.006362058994,-0.0004472938721,-0.01460686979,0.1120558099,-0.031543052,-0.02526595745,0.02354336043,-0.007142857143,0.008149370745,0.09548510682,-0.02329811796,0.01901798064,0.006762716848,0.1244567404,0.01028277635,-0.02948073702,-0.03076118406,-0.0106398921,0.03442525313,-0.04902372454,0.005465079191,-0.003234522044,0.04263206673,0.02609866981,-0.01788050589,0.04067155356,0.007785888078,0.007302315877,0.04131455399,0.009293822519,0.02458366376,-0.005714285714,-0.0507222587,-0.06355932203,0.02210158976,0.1083123426,0.08049792531,0.04431352459,-0.008030112923,-0.005466140298,0.003546099291,0.02610030706,-0.004888647474,0.008885597927,0.03945546839,0.007454257963,0.08158220025,-0.001156336725,-0.1003452741,0.263037323,0.0136383634,0.02237799946,0.04185520362,0.0676416819,0.001210836991,-0.03502760327,-0.01017951099,0.001591849729,0.01740076128,-0.03807945884,-0.01004070556,0.03420957868,0.02812771503,0.04220398593,0.01858056655,0.04243191894,0.03332139018,-0.0004811250925,0.04203375438,0.01484761657,-0.02025316456,0.001566579634,-0.08238928939,0.003540172166,0.00619452879,-0.01823326675
-0.07148459062,-0.04758690516,-0.03354244015,-0.02497986462,-0.04918242968,-0.03379641998,-0.03132183908,0.1027446301,-0.009612044007,-0.006469319741,-0.03873239437,0.03219645293,0.01969220586,-0.01703900038,-0.01790647703,-0.00214228395,-0.0008595988539,0.001187648456,-0.04497663551,-0.0006352273846,-0.1743002545,0.0003451846738,-0.0173754694,-0.001060284762,0.008175955781,0.01534385694,0.01546809085,-0.03809285374,-0.04266666667,-0.02609123728,0.002664298401,0.001931379232,-0.03621438918,-0.001242750621,-0.04147880974,-0.01327595624,0.007546439628,-0.01149425287,-0.04565104617,-0.05192846369,-0.02604957006,-0.01363636364,-0.08486943164,-0.01275447633,-0.04199342272,-0.01603053435,-0.01766784452,0.005486284289,-0.03629912664,-0.03155963303,-0.04461709212,-0.0002242152466,-0.04057142857,-0.03310951609,-0.001918925402,-0.01913631825,-0.04123263889,0.01621835443,-0.00434310532,-0.0470890411,0.01375661376,-0.03136713356,-0.03067749389,-0.05769230769,-0.04008551577,-0.008262576626,-0.01864035088,-0.008008356546,-0.03528044787,-0.02320022497,0.00269138756,-0.01488456865,-0.02756588072,-0.02268723982,-0.0729347051,-0.0613449692,0.0261269021,0,0.006921062477,-0.04159235418,0.01272662175,-0.0193317187
0.04218597472,-0.05288093551,0.01430653067,0.003468928917,-0.02480134842,-0.004285911793,0.08577870068,0.01206579375,-0.001403180543,-0.01854775059,-0.003357753358,-0.006344171293,0.007627393703,-0.00498844376,0.006150239633,-0.01252166972,0.02903642099,-0.02050499915,0.006727828746,0.04055505819,0.00500770416,0.1072463768,-0.003607709886,0.003032600455,0.04854368932,0.005327245053,-0.01317629945,0.009479906502,0.04363045497,-0.006739679865,0.001550044287,0.03730581699,-0.01402805611,0.03836582331,-0.02539981185,0.01658440458,-0.003648934127,-0.004597079502,0.006522920819,-0.05840909091,0.005842638276,0.05299539171,-0.01818715904,-0.0009937888199,0.06812780565,-0.009154383243,-0.02877697842,-0.1264880952,0.00396488247,-0.1464569913,-0.01649628253,0.00605516932,0.04645622394,-0.006944444444,-0.006969478491,0.003012674008,-0.004526935265,0.03140002595,-0.05452562704,-0.00539083558,-0.0007456009544,0.02647657841,0.01032258065,0.03153651543,0.01280623608,-0.01422849006,0.001117318436,-0.0365040365,-0.02200810249,0.007629192457,-0.0008947211452,-0.01418439716,-0.03402032448,-0.02684563758,0.004395121415,-0.01914137271,-0.02014549524,-0.0001737921446,0.01207505109,0.1519671825,-0.008916518976,-0.03069415731
0.04206957565,0.024592464,0.06055461234,-0.01056577031,-0.01802469136,0.0172174396,0.04121131317,0.008687516707,0.02207259953,0.02312022517,0.01286370597,0.04795158287,0.006442261234,-0.01240781247,-0.003213203231,0.02316824842,0.03887688985,0.02508650519,0.01139125152,0.008595027101,-0.01705634343,0.08694839192,0.008147770459,-0.002418745276,0.02151416122,0.01726073321,0.00667611623,0.07261819173,0.008905773183,-0.008821034775,0.01426044661,0.01071272409,0.01676829268,0.02196924306,0.01013513514,-0.01518922008,0.04047802621,0.02390654713,0.02322232223,-0.02244750181,-0.005808700142,0.06455142232,0.03476573519,0.004227804029,0.04264524104,0.009708737864,0.02222222222,0.09653605906,-0.02087447109,-0.02219755827,0.02220647295,0.02831029871,0.02276607854,-0.006751868821,0.04695062924,0.00652511652,0.006366530241,0.01371241666,0.01643598616,0.02890695574,0.003581554992,-0.005357142857,0.02937420179,0.0165173856,0.006047278725,0.008272933864,0.02455357143,0.03096539162,0.005038065383,0.02314285714,0.02326567164,0.01407569596,0.009379533349,0.02836484983,0.008095394377,-0.003902982994,0.007995431182,0.02398748479,0.03707782673,0.01521528003,0.01042824846,-0.01270487866
-0.005665026093,-0.03489501552,0.02753920039,0.05157731066,-0.01734976113,0.01228501229,-0.00130149567,-0.01138730621,0.01277424529,0.0176694832,0.03658905352,-0.001586596433,0.01408225316,0.006272050176,0.08653646374,0.04345349146,0.00965729998,-0.0005063291139,0.04219852831,-0.07385544532,0.04328329109,0.03618326739,0.01329309095,0.01500227307,-0.01093041856,0.01194798126,0.01657725649,0.01245313894,-0.002645502646,0.01694335102,0.1308991826,0.00930131949,-0.0219890055,0.01934727379,0.01863354037,-0.01654674778,0.01370878103,0.02016449987,-0.008268824771,-0.0350617284,0.001947546092,-0.004453579993,-0.02932672449,0.001485884101,-0.0197984588,0.007444168734,0.01449275362,0.01035732781,0.03399596658,-0.007409761635,0.004853247053,-0.0062865814,-0.02613800779,0.02184996358,0.05177993528,0.002058036633,-0.01626751017,0.001116902457,-0.01106382979,0.0412642669,0.01739776952,0.01815280271,0.0232630273,-0.03088306257,0.01639344262,0.002792901977,0.004901960784,0.01166077739,-0.01113957892,-0.06702038537,0.002351266358,0.01727328809,-0.07259096727,0.008412114657,0.002871405317,0.0103554436,0.03626062323,-0.007441860465,0.01451327434,0.02485969388,0.0176060374,0.01564367149
-0.09616151629,0.01931939431,-0.01022294252,-0.01413946687,0.02763561924,0.004584681769,0.03992601234,-0.004833093421,0.01515837104,0.02260703004,0.06038506418,0.02339181287,0.008836989112,0.01051811453,-0.05392484941,-0.06265320834,0.01720358685,0.007092198582,0.03025936599,0.1157951939,0.01924873855,0.0220807969,0.01630946559,0.0595700209,0.0474393531,-0.02668347515,0.01345368083,-0.01681543203,0.01061007958,0.003197576574,0.01850424056,-0.03300471496,0.01839550332,-0.0001917177914,0.03658536585,0.002740717295,0.02412280702,0.04174252276,-0.01933652652,0.02993858751,0.01632758844,0.01995870613,0.05191489362,0.02448071217,-0.04594097726,0.02401477833,-0.02132142857,-0.05535622758,-0.008358874338,-0.1503444364,0.02368905244,0.01156195462,0.03769649663,-0.0009503444999,-0.01846153846,-0.008009858287,0.01515847497,-0.009049212842,0.03419104991,0.1247892074,0.007015492546,0.06230407524,0.02940284935,0.03834024896,0.006451612903,0.0499734836,0.00460704607,0.04051694027,-0.04460966543,0.150853038,0.02095459837,0.02395391146,0.1399842271,0.01793780175,-0.01898617751,0.08587257618,0.0155822854,-0.01080182516,-0.02372644801,0.04450584326,0.01750417893,0.00857324626
-0.02074550098,0.005753526355,0.02457924688,0.05158927969,0.02440239044,0.007651006711,0.01616978272,0.0162962963,-0.00267439269,0.03058912387,0.02173314993,-0.0007453416149,-0.02956358517,0.004240555127,-0.001718039414,-0.01452185443,-0.003199686561,0.03638497653,0.04671328671,0.1167463246,0.01430143014,-0.02864259029,0.01081447577,0.02775820769,0.01338136902,0.0274150027,0.007844780852,0.002934866399,-0.02668416448,0.02617010569,-0.001514004542,0.003878546099,-0.001003512293,-0.005560882071,0.004977375566,0.04583867246,0.006067094932,0.004868306079,-0.01121562952,0.03875776398,-0.004335075864,0.04048582996,0.01415857605,0.002896451846,0.0007403500943,0.01984365604,0.06557676167,0.198046663,0.03512222534,0.05491251682,-0.004493372276,0.001293940047,-0.1159140969,0.03923900119,-0.07053291536,0.02898550725,-0.004298642534,0.02626970228,0.006326989701,-0.009745127436,0.01770682148,-0.01549243821,0.02709069494,0.05786445013,-0.01068376068,0.02205889932,0.003506878878,-0.007049345418,0.02818063908,-0.01066319896,0.01140250855,-0.0008883624519,-0.02974749222,-0.01317175975,-0.009044782705,0.006632653061,-0.02489905787,0.0198824343,-0.08112937813,-0.01161751564,0.006646533706,-0.00927554956
0.002579652853,-0.001291751246,0.01875009848,-0.01564979715,0.003403014098,-0.004662315173,-0.01392342118,-0.03710575139,-0.02346368715,-0.01630633932,-0.01803984922,-0.01454500249,-0.00225660864,-0.01458733205,0.006681514477,0.0007617489523,-0.02345234196,0.0008089305938,0.00293960449,-0.04720370179,-0.02783803326,-0.03545150502,-0.008110138952,0.005621058404,-0.002031488065,0.002101061036,0.003792416072,-0.004583885097,-0.04,0.001961745954,-0.006444275967,-0.006512860139,-0.003013561025,0.08175858079,0.02386312472,-0.1111978221,-0.008513657325,-0.009440993789,-0.01628247347,0.01626405166,0.005506466897,-0.08495460441,-0.02273633825,0.01347773767,0.01469470484,-0.07134433962,0.0102739726,0.01494565217,0.007600434311,0.06047461087,0.008124576845,0.02347620073,0.009031454376,0.06086956522,-0.02336786317,-0.01549295775,0.01522381277,-0.01011701609,0.01846747519,-0.05677517033,0.008841985168,-0.00412139378,0.02293577982,-0.0132970686,-0.005399568035,0.01054599121,-0.01612903226,-0.003042596349,0.009747706422,0.099106204,0.01352874859,0.01481920569,0.0798573975,-0.01847303791,0.01291184328,0.0489102889,-0.02995169082,-0.0564502458,0.00427849086,0.01567209162,-0.001552788201,-0.01989843666
0.02307908658,-0.01294530673,-0.0299663715,-0.002987941221,-0.0009689922481,0,-0.009107413011,0.01087255712,-0.01372997712,-0.001117526541,0.01480669043,-0.01009209032,-0.0006526655897,-0.008445656408,-0.00713998391,0.004940714984,-0.01811229624,-0.001293242806,0.003996802558,0.02615205586,0.004090740052,-0.01138465095,-0.009568609408,0.007255623722,0.01272264631,-0.01729741063,0.0143108029,-0.001609422097,-0.005617977528,-0.0296067874,0.008012209081,-0.006444444444,-0.00604534005,-0.009090909091,0.006156552331,0.001306638352,-0.01788908766,-0.008903937798,0.005951273945,-0.01388562015,-0.01286296485,0.02905740609,0.0008163265306,-0.001187366421,0.0127340824,-0.0126984127,-0.02033898305,0.01115573405,0.004040948276,0.02333974976,0.0120886501,0.002525252525,0.02530864198,0.00625539258,0.001480019734,0.005518087063,-0.01611459266,-0.009727866026,-0.02219215156,0.0176565008,0.003392705683,-0.007900677201,-0.009248878924,0.004900459418,0.0217155266,0.01091830896,0.0005464480874,-0.003051881994,0.00352072686,0.01626405166,-0.002753058954,0.001752336449,0.004291845494,0.01479547433,0.001758241758,-0.01159700411,0.03585657371,0.004491555875,0.01588303641,-0.004451038576,0.02061415103,0.002786300169
-0.01554626325,-0.0007375597629,0.0701120102,0.03869243828,0.0305528613,0.01445396146,0.03261677201,0.04669843431,0.02703016241,0.03897818385,0.02756011889,0.09251943418,0.03476259142,0.04741250609,0.02673959283,0.05962379465,0.0003416000547,0.03334412431,0.006900212314,0.0713988705,0.009440740741,0.066990121,0.03477978808,0.02203237045,-0.02512562814,0.0380840623,0.02705018469,0.04926434275,0.0527306968,0.04732376747,-0.05261165783,0.007045403713,0.03699949316,-0.08443604965,0.0201048951,0.02371699405,0.01675774135,0.0275844616,0.06424477722,0.1286396181,0.0710876016,-0.004820936639,0.04159869494,0.01402757965,-0.01481508876,0.02958199357,0.06584775087,0.04589585172,0.0466863429,0.0115212791,0.02388852024,-0.009235936188,0.07715833835,0.02508038585,0.04729064039,0.05975609756,0.03821656051,0.03307634917,0.03985607528,0.1324921136,-0.016765286,0.06731133864,0.02093352192,0.03870771106,0.04410201913,0.03732418931,-0.01638448935,0.01836734694,0.02252150294,0.009649329254,0.01363598338,0.04693877551,0.03490138067,0.02722984563,-0.03015577007,-0.003422146175,-0.001648351648,0.009121802898,-0.01031639224,-0.009239940387,0.02210145084,0.05359261341
-0.04227794791,0.007493443237,0.01590931949,-0.01565164139,0.03524705882,0.02691292876,0.03349876542,0.01157648283,-0.01818592567,-0.01885126453,0.02655798054,0.1392744663,0.003593188564,0.03075768942,-0.009864851534,0.008427394875,-0.01734735692,0.01315789474,0.005798629415,0.0427901069,0.003305827576,-0.0171478661,0.008486874949,0.03893524037,0.001546391753,0.02096392971,0.02290125832,-0.006167522157,0.02862254025,0.006261037085,0.01418298042,-0.01665741255,0.009286412512,0.03386893324,0.006855184233,0.02135458167,-0.01325689717,0.02081024504,-0.02284374186,0.001057305984,-0.01035894965,-0.001384083045,-0.04463586531,-0.009613130129,-0.04802660721,0.007807620237,0.02262766614,0.02489451477,-0.007177646757,0.02812645281,-0.0021602938,0.02012711864,0.07424713273,-0.02823086575,-0.01175917215,0.01611047181,0.032427695,0.0116754935,0.01730103806,0.05849582173,0.01060323829,0.02611476284,0.02050429482,0.03741197183,0.01323155216,0.02235581499,0.0222098834,-0.02638610554,0.01460985058,0.04195804196,-0.01403026135,-0.003341687552,0.07903956902,-0.01419327906,0.008471796496,-0.0190090753,0.01018161805,-0.01222970578,0.01928003236,0,0.02088023009,-0.01017479008
-0.003487791335,0.01338787653,-0.002237010963,-0.02591084818,-0.03404700214,0.03455806783,0.002145922747,0.006557798637,-0.05568338702,0.002560819462,0.004354508197,0.02416299785,0.006849315068,0.02183406114,0.008269403208,0.01478323399,0.002780094523,0.0364873222,-0.004716981132,-0.04133198898,0.008411044067,-0.06371237458,0.005218886228,0.01108986616,0.03036541431,-0.01942627076,0.01716116109,0.01936798274,-0.01217391304,0.01595405233,-0.05810518022,0.004065499718,0.01259079903,-0.03021664766,0.07659574468,-0.008562568263,0.01670297749,-0.02002412545,0.03502222222,-0.02175749894,-0.01180623174,0.002079002079,-0.002459016393,0.01941287879,0.01261829653,0.003408738767,0.003174603175,0.008233841087,0.01394268009,0.002034817997,0.003896947391,-0.0006230529595,-0.002081165453,0.04583602324,-0.006187529748,0.02076255191,0.04286926995,0.01094586556,0.04971219257,0.0375,0.01091734014,0.002077562327,0.01819169156,-0.04327535002,0.03867403315,0.03983963608,0.03286257469,0.04734133791,0.02585360532,0.002460850112,0.037109375,0.01927912825,0.04150721225,0.005716705484,0.01547779273,-0.0008751093887,0.03296104604,-0.005921406783,0.01360544218,0.03369434416,0.01643616867,-0.01560430185
-0.1003407599,0.02425688073,0.01440504719,0.06560554878,-0.009411764706,-0.01726064821,0.002141327623,0.007664793051,0.04276315789,0.02207626346,0.02269829125,-0.01079676097,-0.01561533704,-0.009615384615,0.01274703557,0.04795457248,0.03957582479,-0.01431980907,0.006845708268,0.6346747041,-0.02393472348,0.01744359112,-0.001339940142,-0.01991931417,0.01448551449,-0.02997331144,0.01100540091,0.03209617896,0.003521126761,0.003140703518,-0.00773734839,0.03970307052,0.06743185079,0.01156182638,0.02450592885,0.1369191812,0.008928571429,-0.005662235352,0.03589831673,-0.008421507234,0.0238945683,0.04011065007,0.03615447823,0.02252670692,0.06386292835,-0.01327980235,-0.003164556962,-0.1906900776,0.02113572702,0.06836642599,0.03881820142,0.02535328346,-0.02294056309,0.01049382716,0.02059386973,0.01978550296,0.02075702076,0.02577380252,0.04037886341,-0.008243500317,0.001683029453,0.01468555632,0.03626666667,0.05558019217,0.0585106383,-0.006627753606,-0.02839863266,0.05470029479,0.007443641004,0.08547199286,-0.01210653753,0.007675438596,0.05737704918,-0.007368421053,0.06394963552,0.01826826827,-0.01081223629,0.05613718412,0.05257270694,0.05878928987,0.01006121386,0.0460154183
-0.01670365103,-0.01687506718,-0.05817929154,0.01104226717,0.005225653207,-0.03487490523,-0.0113960114,0.003803245436,0.001752541185,0.001249553731,-0.002244389027,-0.003638201112,0.03094078844,0.002517080187,-9.757049468e-05,-0.03644103379,0.03826921795,0.00696125908,-0.003661087866,0.07790626376,0.005201560468,-0.001287302516,-0.001509933066,0.0003859017237,-0.04775972427,0.007619047619,0.01397170319,-0.004645810065,0.01754385965,-0.02802128992,0.003161222339,0.002055387278,-0.03001792115,-0.01975978303,0.003086419753,-0.007474955008,0.01380530973,-0.008541718247,-0.02851931686,-0.02809233449,-0.0004811740647,0.06382978723,-0.03568596352,0.0004542357484,-0.03416300634,0.02378716745,0.004761904762,0.0297679112,-0.008229426434,-0.02217529039,-0.02491177081,0.01803810296,-0.03735325507,0.01058847485,0.104176443,0.008159564823,-0.01475279107,-0.0002294630564,0.005270723527,-0.007672634271,-0.02506300756,0.007151370679,-0.008492022645,0.017784624,-0.01096391046,0.007104555627,0.04952638701,-0.03167701863,0.07831961157,-0.04646381579,-0.007352941176,0.0005440696409,-0.0964982625,-0.0009544008484,-0.02128101318,0.01646596215,-0.02266062383,-0.002734575286,0.08607863974,-0.0192413414,0.01102881919,-0.002958182063
0.08503829841,0.01530612245,-0.01065466574,0.03082964289,-0.006143667297,0.01178318932,0.02161383285,0.02045971205,-0.009563797527,0.0008914244963,0.0367408148,0.01369307232,0.02346130408,-0.004662840746,-0.004781420765,0.02476130217,0.05284787774,0.01262398557,0.01417322835,0.01802682391,0.01737201996,-0.0019334427,0.01326539207,-0.008357978655,0.08066184074,-0.03066582651,0.01306185638,0.01292733812,0.1698275862,-0.01079078757,-0.003151260504,0.1054733888,0.04618937644,-0.006916996047,0.05076923077,-0.003643765563,0.007332402235,0.009364464977,0.03874381294,0.02397490477,0.05307497894,0.088125,0.02878289474,0.04608399546,0.03486609399,0.01864873127,-0.007898894155,0.03772660461,0.03645964295,0.1060475162,0.01745795188,0.01672307386,0.0177383592,0.02236550474,0.03059923502,-0.01366906475,0.006070416835,0.02650906587,0.01787416587,0.01932989691,-0.005026569008,0.00270498732,0.009343368804,-0.003852504128,0.04572748268,-0.02188217748,0.03842186694,0.03303399615,0.01018010963,0.04786545925,0.02770919067,0.02474170745,0.03698224852,0.02165375226,0.01739499364,-0.1462765957,0.01227495908,0.01628106255,-0.04076973255,-0.008968609865,0.01090851119,0.008529095515
-0.04119373292,0.005384063173,0.03063566735,0.01338187397,0.004041844983,0.06728778468,-0.01316408087,0.0297029703,-0.01542628356,-0.03206270039,-0.007955641273,-0.01170702421,-0.02604941947,-0.03711711712,0.00176487891,0.008834668204,0.02915345206,-0.003116651825,-0.0001293995859,0.06533321791,0.00944595822,-0.03181684767,0.01458414409,-0.003501037344,0.005502392344,-0.06814734561,0.02083833389,0.005142849922,0.05895357406,0.01058287203,0.07650158061,-0.01064453125,0.006181015453,-0.03024875622,0.005856515373,-0.004041504774,0.01282495667,0.0003711034142,-0.01560959579,-0.001969365427,0.004914285714,-0.02527283171,0.01766586731,0.002061631944,0.00390625,0.01950780312,0.003184713376,-0.008026440038,0.0002426006793,0.00390548721,0.006277463905,0.005698061484,0.1982570806,0.03981080016,0.01030927835,0.02625820569,0.007642799678,-0.008608160984,-0.004916881292,0,-0.008516166282,0.002529084471,0.002828490615,0.003038674033,-0.004858657244,-0.0342955775,0.01437794885,0.001862775536,0.005523255814,-0.0002057613169,0.01761879338,0.0063677368,-0.01726105563,0.009038961039,-0.0813177648,0.09005947324,-0.004850444624,-0.02715008432,-0.007480448827,0.03365384615,0.021230711,-0.04595673937
-0.03772603294,-0.02284898251,-0.01969106318,-0.002674447672,-0.04191333175,-0.04437439379,-0.01572177227,0.01177884615,0.07104413348,-0.02079499448,-0.01239368165,0.0023286423,-0.009628610729,-0.008607784431,-0.02035822649,-0.04374449456,-0.04373592509,0.004317403603,-0.0135887149,-0.05378032069,-0.007018175274,-0.03371127145,-0.007349244594,-0.01782693559,-0.01356174161,0.003255435414,-0.03113868196,-0.05449676917,-0.002783576896,-0.0008055421299,-0.02819107283,0.0003948277564,-0.02501096972,0.0006156371845,-0.03711790393,-0.005042427224,-0.02395619439,-0.01582787189,-0.05591720915,-0.01644376233,-0.02900034118,0.04301708898,-0.03385437122,-0.03042772063,-0.007295719844,-0.02826022961,-0.0380952381,-0.07425035697,-0.06378850352,0.006418984633,-0.03930131004,0.01127314499,-0.05227272727,-0.03525398029,-0.1457142857,-0.01936744847,-0.03313373253,-0.0147722147,-0.03858823529,0.002528445006,0.02096375018,-0.03615876219,-0.06102564103,-0.0194161388,-0.004438526409,-0.006249447371,-0.02176307866,-0.04493337465,-0.02389900742,-0.07779378473,-0.02151101784,-0.01450039547,-0.1046596023,-0.02193163097,-0.04108034498,-0.05663808782,-0.05632277281,-0.01386722136,0.03665638917,-0.08125854993,-0.03033274524,-0.05202307759
-0.05137763192,0.02849835586,0.0509485708,0.03886642765,0.05140879881,0.02461304238,0.003872216844,0.04229033024,0.03551088777,0.04679571509,0.02780511811,0.06626262626,0.02824074074,0.06738391846,0.03336996703,0.06324271473,0.05329697571,0.02460717462,0.06166360535,0.01053983472,0.04893077202,0.08332810441,0.01752529942,0.04120296767,0.09503135552,0.04183567041,0.05321253059,0.0348796497,0.002442428472,0.06852628184,0.003424657534,0.02229896399,0.04185418542,0.07977850697,0.02569916856,-0.04417842433,0.07748948107,0.04058298781,0.04137199434,0.03232278199,0.0494260951,0.02824858757,0.02886178862,0.01183828457,0.1386575208,0.01529839443,0.05610561056,-0.008740359897,0.01554404145,0.005218399691,0.01385281385,-0.006546014632,0.0896882494,0.01768172888,-0.02436693741,0.0938575829,0.009496284063,0.01590935104,0.04233969652,0.05926860025,0.03251105091,0.0390856744,0.05543418897,0.02359219211,0.06798930004,0.07500103277,0.01601601602,0.01038286827,0.02359561655,0.06694934166,-0.02439678284,0.0101658641,0.03891050584,0.02821349616,0.01834319527,0.03001927844,-0.007460545194,-0.002460889436,0.02048909451,0.0002977963073,0.04920571724,0.03130119962
0.04242331324,-0.009946714032,-0.006846694316,0.01620891041,0.0197461213,0.01869737494,0.05496624879,0.04718486437,-0.01391135555,0.05224416517,-0.01173090735,0.06025009473,0.001050577818,0.005481874447,-0.009571690999,0.01548998347,0.02459402212,0.02777777778,0.02521008403,-0.004195139664,0.02539737388,-0.005212858384,0.03290946027,0.01514187556,-0.004405286344,0.01968854283,0.04069265067,-0.04902720736,0.03167420814,0.004376037423,-0.05460750853,0.006659588843,0.008207343413,0.02165242165,-0.003684598379,-0.04537059239,0.001301659616,0.02257908718,-0.04617996604,0.1347441157,0.03549107143,0.0510989011,0.003160806006,0.02516556291,-0.03162650602,0.01297926302,0,0.05757261411,0.02653061224,0.05133628148,0.08603757472,-0.01298449612,0.02948943662,-0.009266409266,0.0499510284,0.01126387278,0.02658486708,0.01306894998,-0.004226344212,0.1125,0.008976660682,0.03862300588,0.04424320828,0.02414597338,0.02191609267,0.02397048695,0.0263546798,0.03179190751,0.00356867284,0.004183225267,0.05331134927,0.01403601695,0.04026217228,0.01494829528,-0.0005810575247,-0.04812834225,0.01040763226,0.07171806167,-0.002914507772,0.03245013397,0.04120609117,0.09105351462
0.04076556125,0.008252601363,-0.04921877304,-0.03237822891,-0.01982480406,-0.01859730157,-0.009597806216,-0.02481497606,-0.01148293963,-0.0286640505,0.02785852713,-0.0001786990708,-0.03208395802,-0.004220893422,-0.007418976962,-0.03897555794,0.007924658321,-0.02533783784,-0.01012536162,0.02848497779,-0.002695871946,-0.009548762737,0.005479109779,-0.02719979945,-0.02610619469,0.02149012763,-0.01727020115,-0.05022629529,-0.03036437247,-0.01727764423,0.02187300913,0.0005752636625,0.02570694087,-0.02993121398,-0.03476331361,-0.06045361888,-0.002924926877,0.003896563939,-0.002491990032,-0.02245480495,-0.01789178702,-0.02195504443,-0.01142181961,-0.0342377261,-0.002221728505,-0.004860088365,-0.03125,-0.02893575282,-0.008449304175,-0.04389173372,-0.0108118734,-0.02670331828,0.01710132535,-0.01646531567,0.006063432836,0.007043407043,0.004780876494,-0.002112989324,-0.03077104456,-0.0176565008,-0.03161784834,0.01083265966,-0.008176412289,-0.03295378433,0.001225490196,-0.04918591224,0.002879769618,0.008403361345,-0.027006247,0.0331181004,-0.01487085834,-0.02742230347,0.05880588059,0.01987289418,0.005,-0.02949438202,-0.006580829757,0.01808615587,-0.0120168886,-0.01643598616,-0.01608670933,0.009031245339
0.01724810607,0.002135231317,-0.007251544167,0.002290454346,-0.005174035748,0.03331681942,-0.03784033226,0.004017857143,0.07102555592,-0.004215703496,0.0886165449,-0.0009830205541,0.01719330855,0.05545743554,0.03727380016,-0.001678937351,0.003988149499,-0.004043905257,0.03482708232,-0.02586297939,-0.02449738131,0.0001763564752,-0.004515602258,-0.04148949878,0.06224443435,-0.01377616403,0.00232062995,0.02394477056,-0.001391788448,-0.008714263874,0.00540315877,-0.00986968187,-0.00208855472,0.01341510157,0.02068965517,0.005931992887,-0.04595827901,0.008115737474,0.05353319058,0.05616118357,0.0153643547,-0.06146445751,-0.01115537849,-0.004682274247,0.0469828546,0.01672339796,-0.009677419355,0.08232323232,-0.00350877193,0.05202754399,-0.01728934817,-0.04841638088,-0.06893652795,-0.002080237741,-0.01390820584,-0.0126870527,-0.006740681998,0.006352390505,-0.004257389612,0.07625272331,0.01512367491,-0.01935380678,0.008743442418,-0.02881285497,0.00203998368,0.01875747658,0.04115817181,-0.01882716049,0.002271829316,-0.04173387097,0.003707627119,0.001879699248,-0.01615188439,0.02611275964,-0.0009256045355,-0.004341534009,0.09360599078,0.03666020672,0.006245890861,-0.02697156259,-0.004578218643,0.01718633962
-0.07478818646,0.01598011364,0.02183463935,-0.01043649679,0.01323877069,-0.008030684406,-0.0009592326139,0.06669630947,0.05681231278,0.003175163168,0.01688677203,0.04696305573,0.005025125628,0.02677376171,0.003223665497,0.0001723592911,0.09391669504,0.0153712297,0.02094610497,0.009071866373,0.001039140977,0.04919478077,0.01181093938,0.03159026751,0.005132591959,0.03519220357,0.003637725953,0.08575516782,0.006271777003,0.00400987045,-0.01488218272,-0.00609697087,0.01297614064,0.02571860817,0.003003003003,-0.007821664173,-0.01947386402,0.01516742504,0.01338075881,-0.004700027647,0.01848249027,0.02021640091,0,0.01724910394,0.01233517652,0.02852983988,0.00325732899,-0.01119925338,0.04703219316,0.001454545455,0.009302325581,-0.02013991944,0.03837471783,-0.01171332142,-0.003291020216,0.01466227348,-0.007984031936,0.01805094131,-0.00317615441,-0.05060728745,0.003898635478,0.0066873267,-0.01114413076,0.0188275567,-0.004071661238,0.0595517673,0.0009193288899,0.00597672224,0.01291021977,0.06038291605,-0.006596306069,-0.008040739748,0.05760368664,0.00983227299,-0.01169658367,0.01453488372,0.001843560706,-0.005764137716,0.003920287488,0.02621271467,0.00525790919,-0.002463633721
-0.00629479965,-0.000699056274,-0.01016742868,-0.03287615753,-0.01586560896,0.006041565974,-0.01248199712,-0.01625677366,0.02727006158,0.02197995428,0.0146902278,-0.002734107997,-0.002121212121,-0.01727509778,0.01162461015,0.001106703779,0.007055039685,0.001713796058,0.009451360074,-0.1061761839,-0.009169550173,0.05579519355,-0.006571388292,-0.0280166797,-0.0008510638298,0.0269874477,0.03526741721,0.002874555915,0.01523545706,-0.01935483871,0.0912715065,0.011781889,-0.01033057851,0.01825221239,0.001497005988,0.01943993538,-0.01149825784,-0.01551545799,-0.008524151763,-0.02333333333,-0.008595988539,-0.03600334915,0.001611603546,-0.03105042942,-0.01197478992,-0.007642230399,-0.01298701299,-0.006134969325,-0.007926975739,-0.0058097313,-0.03406131036,0,-0.0752173913,0.01024507834,0.001886792453,0.009092385127,-0.02213279678,-0.00598281301,0.01102941176,0.001066098081,0.02246879334,0.06108230719,-0.03956924618,-0.04745905082,-0.008585445626,0.00597150106,-0.01469575201,-0.01375859912,0.05711227865,-0.003373015873,-0.02416998672,-0.03080248581,-0.02015250545,0.003436426117,-0.01874853527,-0.011747851,-0.04311251314,0.0189595738,0.1142206313,-0.003816793893,0.03169708792,0.006705007423
-0.0149227012,0.003497726478,0.033867542,0.009137165266,0.0137505927,-0.01153014653,0.02333495382,0.07372881356,0.03215984776,-0.007054370268,0.0201426773,0.03127141878,-0.005617977528,0.001326699834,-0.0264387145,0.02132012155,0.02379848555,0.005702879954,0.01849737383,0.08242359719,-0.03509690938,0.1091950974,0.003113186963,-0.02051213299,0.02129471891,-0.01996333265,-0.03215501327,-0.0005400922835,-0.02592087312,-0.0119047619,0.06364160738,-0.03772495429,-0.02004175365,0.00597501358,-0.005231689088,0.03236842105,-0.009517095523,0.0005837030119,0.06321645314,0.02502844141,-0.01991008349,-0.02084539664,0.03137570394,-0.003636363636,-0.00318945354,0.007986309184,-0.003289473684,-0.01424501425,-0.01428571429,-0.05496712929,-0.004148516905,-0.01038511467,-0.01128349788,-0.044143965,0.0004708097928,0.01705551086,0.01481481481,-0.01499233968,-0.02012121212,0.01810436635,0.009495387954,-0.02244617499,-0.04276401565,0.01352145797,-0.01237113402,-0.0004026338967,0.00256350501,0.00634115409,-0.03534284399,0.01851483177,-0.004354926511,0.004739336493,-0.03279599778,0.01636225266,0.03379508001,-0.001449695564,0.01016483516,0.004613255421,0.001460280374,0.02357795461,-0.03262484124,0.01752433457
-0.05044640996,0.07459044963,-0.01557672195,0.02325472052,0.07015902713,-0.01652490887,-0.02185273159,0.06649565904,0.04553834808,0.01611505805,0.02262443439,0.05375093462,-0.01389525118,0.04438555813,0.009116207658,-0.02883128972,0.0827672956,-0.01304224553,-0.001569506726,-0.0120685484,0.003076366269,0.02276967233,0.0161330254,-0.0870517383,-0.001251042535,-0.05996674288,0.04078964035,-0.07539422512,0.01400560224,-0.00348763475,0.004880694143,-0.005100510051,0.01406050277,-0.007919366451,-0.01728024042,-0.06886429146,0.008185053381,0.02286781006,-0.001109877913,0.5229374769,-0.0002184359983,0.02188054406,-0.01794071763,-0.02691605839,0.01770477816,0.006225240521,-0.001650165017,0.01878612717,0.0152296733,0.01198067633,0.02145386378,-0.003279405334,0.0204469805,0.01123361764,-0.03152941176,0.03670305331,-0.007299270073,0.007888012443,0.03537852548,-0.02615062762,0.02862133835,0.03905029678,-0.01280305094,-0.02624709977,-0.01169102296,-0.01795799173,0.02440725244,0.004095778198,0.04560633527,-0.01270523847,-0.01834335703,-0.02885682575,0.0002873563218,0.01057656308,0.006122213238,-0.004645760743,0.09056295893,0.01729680086,0.05482648002,-0.01756406565,0.0383093305,0.02445557395
0.07888813193,0.05773597146,-0.05239920501,0.02367966821,0.03846153846,0.02520385471,0.01894123361,-0.05476410731,-0.05951331335,0.03308321965,-0.00603378922,-0.06598864711,-0.04598947042,0.002854424358,0.03299733739,0.0123901765,0.03907992565,0.03332375754,0.01190208848,0.2330830992,0.05430272416,0.007810673027,0.02503963565,-0.05652173913,0.02004175365,0.09076838032,-0.02054228188,0.02343775167,0.03107734807,-0.03054406618,0.01636985069,0.08252915159,0.03403361345,0.1681785196,0.1009174312,0.03009245269,0.02400282386,0.03615832098,0.04317460317,-0.04858496295,0.03550360498,0.02835648148,0.0778395552,0.02344116268,0.001676797317,0.01602924634,0.01487603306,0.03262411348,0.007016694895,0.06568646171,0.01610929853,0.0004386926958,0.02609506058,0.02694918741,0.07142857143,-0.01693880665,0.08782679739,-0.008597883598,0.08912783751,0.004296455424,0.01724363161,-0.04314491882,0.0543598234,-0.07446016381,0.0388677651,0.007562357405,0.01679146812,-0.03639786633,-0.01779359431,0.07147099584,0.04959759392,0.02257142857,0.04050560184,0.004075206076,0.01182548794,0.2552508751,0.0114713217,0.02904002407,0.007741222007,0.01201641266,-0.02018217539,0.02858200593
0.07111970406,0.03495860166,0.0239449027,0.05187604043,0.006313131313,0.03109182936,-0.008102955195,0.06537482873,-0.01724946095,0.0313634863,-0.031970862,0.02321262767,0.03652004545,-0.01486401012,0.004234557673,0.03900333686,-0.03523992666,0.0297470114,0.03173546383,-0.02010346366,0.03353867214,0.2193707073,0.02301030396,0.04322262832,0.03029062628,-0.01611595378,0.0329123361,0.02365642649,-0.003348961822,-0.003117820807,-0.005663716814,0.02395765624,0.02519301097,0.02857586582,0.02847222222,0.02539026605,0.01516718373,-0.04755614267,-0.007912355447,-0.01378782076,0.00843970883,0.02926280248,0.01915991157,0.04947320202,0.01904164051,0.02712427346,0.1042345277,0.0641025641,0.03580009611,0.0397778176,0.04294601646,0.04143828108,0.02361489555,-0.04126602564,0.04489795918,0.03415088482,0.03905369884,0.01323104292,0.01535761299,0.04385026738,0.009888275331,0.05970149254,0.03637791154,0.03250201126,0.0146400976,0.02578759301,0.01584467753,0.0319114295,0.03939056113,0.07409460458,0.008490315734,0.05588153115,0.1587520707,0.007379393045,0.04164302735,0.04717638857,-0.01429980276,0.01842374616,0.04032921811,0.02780191138,0.0325082027,-0.01405617328
-0.01295891406,-0.02133333333,0.03437275145,0.01854809197,0.007109995818,0.009583917719,0.02210475733,0.0007348888481,0.0196508633,0.005441741357,0.02571070234,0.06962547434,0.01495458816,-0.01027287319,0.008433403612,0.06980762615,0.03249432161,-0.01349892009,-0.06194880619,0.08870180008,0.02549668874,0.06759200761,0.02031034769,-0.04219345011,0.04847040127,0.08025136499,0.04061321389,0.02292524149,-0.01344086022,-0.02897119342,-0.04182983268,-0.0056225628,0.003170828379,0.0388041673,-0.008102633356,-0.0316797048,-0.008488964346,0.03317152104,-0.003834355828,0.03754045307,-0.005649126478,0.1886276654,0.02964569776,0.009384548232,0.007597535934,0.01131770412,0.002949852507,0.2439759036,0.01206216655,0.002240220576,0.008851260343,0.009894736842,0.05989352263,0.0643543669,0.02256944444,0.0334734314,-0.02493675461,0.03994293866,0.01404494382,0.09221311475,0.01716683622,0.01660489251,-0.01767676768,0.02540127786,-0.02925851703,0.02274443446,0.01427943761,0.007257810035,0.01912763675,-0.003784620678,-0.003157063931,0.001852341889,-0.04050512271,0.007233769801,0.1041394336,0.03661784288,-0.02926463232,-0.008758076095,-0.1110232068,0.01690617075,0.04239505397,-0.01657725077
-0.02597024759,0.06206478959,0.01179578224,0.03532681953,0,-0.03866635795,0.1257639868,0.02331558656,-0.04406399102,0.01607768227,0.01385775423,-0.05043961129,0.01982565764,-0.0009730781706,0.01827106627,0.08368505398,0.01095447607,0.002463054187,0.01559275396,0.04434149974,-0.009848240232,-0.06014014484,0.01384216998,0.02624045802,0.007199696855,-0.04606141522,-0.007806311008,0.01120357965,0.0340599455,0.01101881675,0.04532788408,0.01149110807,0.03200316081,0.06220930233,0.01497617427,-0.01290947166,0.07123287671,0.009083790133,0.002617397998,-0.03456019963,0.02072593372,0.002299908004,0.04213483146,0.01340540541,0.008151620135,0.01731947775,0.02941176471,0.1044621238,-0.006188402475,0.08167125172,0.04062559603,0.05878674171,-0.03097530347,-0.00274833137,0.007215619694,-0.09324618736,0.02705707932,0.005592487074,0.02152141487,0.05159474672,0.008001000125,0.00641680035,-0.04910025707,0.005927051672,-0.00289017341,-0.0228880308,0,-0.0313283208,-0.01569900018,0.02659298912,0.02797571919,-0.003961965135,0.0191209337,0.01281818182,0.02348066298,0.02526225648,-0.002834321051,-0.02447856315,0.0005932957579,0.03047935716,-0.008075224237,0.01483494631
0.005011402482,-0.02311858609,-0.02200763069,-0.03875496585,-0.006519933555,0.01035645472,-0.01733138442,0.001255830642,0.03650420826,-0.007363308789,0.02050251256,-0.004385964912,-0.0278366112,0.00487012987,0.02115693626,-0.0491158457,0.04467537081,-0.01747201747,-0.04199593588,-0.04512673356,0.02201206587,-0.05056101144,-0.01688919265,-0.01177746784,-0.009405568096,-0.008597420774,0.001209629059,-0.02341165529,0.02832674572,-0.0291750503,-0.006397725253,-0.001532774322,-0.02373660031,-0.03790366721,-0.02749832327,0.04611802722,-0.003356777494,-0.02341411499,0.01105651106,0.0131817007,-0.009585652443,0.04497475906,-0.02021563342,-0.0320034137,0.01556498888,-0.008381351493,0.02285714286,-0.01346695897,-0.01360701107,-0.01351136544,-0.02217741935,-0.03012404017,-0.006479481641,0.0218503937,-0.04593341761,0.03139516258,-0.011187297,-0.001993704092,-0.0277430121,0.03389830508,-0.0310058291,-0.0007245326764,-0.02460124358,-0.04169814171,-0.05383022774,0.005722291012,-0.01169590643,-0.02716688228,-0.009177581752,0.04793944491,0.01155327343,-0.01750198886,0.04410331384,0.000718068396,0.01021785232,-0.0386301942,0.01627906977,0.02034149963,0.004447079751,-0.019897822,0.002410872832,-0.01628042169
0.0125139953,0.0385479588,0.01963742645,-0.006515231071,0.05505162396,-0.03551847437,0.0361240969,-0.04819924745,-0.06401661788,0.001578282828,-0.04471144377,-0.01380323054,-0.01602863368,-0.03909531502,-0.03068450039,0.001872378904,-0.03337017514,0.001111419839,0.02427527693,-0.02959564955,0.003031269943,-0.05688945707,-0.004295242432,0.01724949036,0.002278769464,-0.03720883332,-0.01843396833,-0.02251182773,-0.06278026906,0.002936096718,-0.03487748167,-0.00514719162,-0.01254901961,0.008106954914,0.06413793103,-0.002591670525,-0.02485966319,-0.009989783176,-0.01564398542,0.0118622449,0.02882714122,0.009661835749,-0.006189821183,0.009918448314,-0.0212977707,-0.01267828843,-0.03351955307,-0.03619047619,-0.01332709843,0.02159200773,0.006935332709,0.0107592367,-0.04739130435,0.001348487767,0.04107773852,-0.07159496816,-0.002189781022,0.01251182841,0.03518558249,0.01207937877,-0.03673364905,-0.02943735499,0.03603104213,-0.001418886962,-0.01969365427,-0.02064481809,-0.01512163051,-0.02526595745,-0.008992805755,0.02407704655,0.02969543147,0.009446693657,0.02590431739,-0.01094268544,-0.0003816793893,-0.002823631625,-0.01754385965,-0.005238649593,0.08412042503,0.03264746228,-0.01894762661,-0.02600502638
-0.02624843528,-0.003371733633,0.05316960925,0.02603631483,-0.00911251981,0.005190311419,-0.0008203445447,-0.01280120482,-0.008271966105,0.04175858809,0.02371134021,-0.02529614188,-0.01897833307,-0.00537995965,-0.005140692641,0.02595263337,-0.02286820001,0.01637524285,0.01449608836,-0.004686218858,-0.002226817242,0.07099589105,-0.0110712477,-0.01171573917,0.01326259947,-0.03739002933,-0.01631844682,-0.002993892104,-0.005468215995,0.01549853625,0.1527057079,0.008441499501,-0.003971405878,-0.01622460497,0.00194426442,0.01995082262,0.01019736842,-0.009058594198,-0.0004628915291,0.04802722803,-0.00414727898,-0.005219660722,-0.0006920415225,0.002837189,0.01281269067,-0.008025682183,-0.01734104046,0.115942029,-0.01706161137,0.008517350158,0.006887565153,0.01436031332,-0.0451848471,-0.0665640631,-0.05939753924,-0.02910672466,0.06912948061,-0.0003115264798,0.005803108808,0.1040068201,-0.003986181238,0.009113999701,-0.03772070626,0.0004736343543,-0.006696428571,0.002433062775,-0.0002225189141,-0.05286493861,0.03230490018,0.01269592476,-0.004929751048,-0.006417112299,0.0002274795268,-0.01632356942,-0.006300114548,-0.0252668264,0.005693581781,0.01067875951,0.04927851892,0.0132837407,-0.01655300294,0.03536734179
-0.01569734523,-0.01325063434,-0.01070908365,-0.004459290791,0.003598560576,-0.01450700762,0.01395730706,-0.02688787185,0.007832367002,-0.001210104372,0.01470292044,-0.001103284393,0.0006448492665,0.02569303584,0.01260085214,0.002537859008,-0.06498942347,-0.02293828509,-0.01587661601,0.03756804198,0.003985333971,-0.07957916387,-0.001163438209,-0.0101388239,-0.007479431563,-0.006419323251,-0.02097039474,-0.02216243229,0.01237113402,-0.01594030863,-0.04163987138,0.007650765077,-0.00956937799,0.01276351642,0.02069857697,-0.0213445444,0.02702702703,0.0170099514,-0.003704847175,-0.0528025018,-0.002336211275,-0.01923917796,0.003462603878,0,0.006827309237,0.02049622438,-0.01764705882,0.02981109799,-0.01976856316,-0.02908977166,-0.004252172305,-0.01930501931,0.006692160612,-0.02720527617,-0.01533603969,0.002239834597,-0.02189531303,0.01423080918,-0.02596332166,0.02239382239,0.008671291355,-0.003849570625,-0.01501251043,-0.03187628215,0.003595505618,-0.02898344282,-0.01046071667,0.01512423479,0.01555907173,0.0006190992106,-0.02179836512,-0.008073196986,0.0009097111667,0.007928459482,0.004995196926,-0.04044692737,-0.0007720020587,0.03082935302,0.01971977167,0.01232302045,-0.02182072404,-0.04353522917
-0.06819489162,-0.03671428571,-0.02679243817,-0.01857312364,-0.06055776892,-0.00748502994,-0.02611336032,-0.04115226337,-0.02967299152,-0.03059215508,-0.04624851131,-0.03993203059,-0.03520219107,-0.0560316414,-0.01844225604,-0.0248685769,-0.03509025271,-0.04443823365,0.004839824844,-0.05945870016,-0.02508732931,-0.06157878905,-0.004657514245,-0.02773400567,-0.09325546345,-0.0364651774,-0.004475082912,-0.02400627878,-0.08418194162,-0.009047044632,-0.04680422748,-0.006967396159,-0.08816425121,0.02180685358,-0.05069708492,0.009705202958,-0.04090044388,-0.0277619752,-0.0193678339,-0.02641269841,-0.03644878843,-0.03655818101,-0.02553485162,-0.04178454842,-0.01037096131,-0.01598837209,-0.03592814371,-0.1410146174,-0.04795868175,-0.09487757732,-0.05050129967,-0.004643650313,-0.0811965812,-0.04279661017,-0.03069170866,-0.05930892212,-0.04721930745,-0.03656288406,-0.07954305056,0.0166163142,-0.05435788917,-0.03091557669,-0.0550381033,-0.04580277099,-0.01455441111,-0.03234816125,-0.01214574899,-0.03440936502,-0.03756600017,-0.09450889404,-0.02228412256,-0.02930005426,-0.06316746194,-0.0169212476,-0.02829286943,-0.03563111318,0.008756116405,-0.03959561921,-0.05368956743,-0.0315980316,0,-0.043661584
0.01659487668,0.01913095062,0.04245964394,0.02079842101,0.01297709924,0.02212166918,0.01163999169,0.05569180462,0.01404202205,0.03483830651,-0.07721123829,0.05230088496,0.01795107289,0.01414106145,0.007205399489,0.04437846595,0.08687518707,0.02500731208,0.06043577982,0.04025974026,0.008469055375,0.05385108526,0.01564826005,0.03841166937,0.04882609599,0.08944198204,0.06924643585,0.04103043621,0.0585618977,0.09816537692,0.07039774727,0.0320230278,0.02516556291,0.05695676275,-0.01101468625,-0.00518876925,0.02016528926,0.02153306027,0.03333860009,0.04904134603,0.03021978022,0.07265155021,-0.001416430595,0.03043379514,0.04060862555,-0.01544246005,0.04968944099,0.1021021021,0.04159132007,0.1284926143,0.06081345327,0.01967545639,0.184496124,0.01460823373,0.0359168242,0.08625730994,0.03634361233,0.03189114489,0.01608825557,0.06017830609,0.0372027972,0.03972392638,0.009557945042,0.04526819269,0.02135878209,0.06757548104,0.03938979964,0.01542983101,0.04667685943,0.07721216262,0.03367003367,0.02711011738,0.1028377395,0.03693710458,0.02419830809,0.03767205989,0.09573653306,0.04912280702,0.01344447432,0.01203530356,0.0659226024,0.05224495672
0.01424563804,-0.00101862631,0.03009536692,0.01938314551,-0.02934773507,0.0430398426,0.01191699199,0.03223308489,0.00707764899,0.03094806763,0.02232746955,0.02548145656,-0.01591207349,-0.01015665347,0.01983156751,0.05696563804,0.0008950086059,0.01840490798,0.008435168163,0.0393258427,0.02180232558,-0.004866602937,0.02188549425,0.03121585766,0.01129160063,-0.01585645733,0.03299319728,0.01523357854,0.01260504202,-0.002850356295,-0.003288391976,0.02309770766,0.002153316107,-0.02543595123,0.02193722578,-0.002930915335,0.00129617628,0.02474510253,0.01681957187,-0.0006216585851,0.003692307692,0.01553062985,0.004609929078,0.008595988539,0.03147090152,0.03764320786,0.02958579882,-0.02815622162,0.03472222222,0.01671660621,0.006267281106,0.01253232544,-0.001745200698,0.002835951134,-0.04265510949,-0.0134589502,0.01806588735,0.01650355414,0.03257181633,-0.01681850035,0.001618122977,0.02994541968,0.01715976331,0.03464618402,0.01401557286,0.03964448603,0.008105147864,-0.01917510854,0.02371541502,0.03425309229,-0.002505637685,0.007891156463,-0.0004398504508,0.02270076267,0.03438340376,0.001396323016,-0.002562907735,0.02856744705,0.04192093393,0.0182346723,0.02980020318,0.0001744418715
0.02985185385,0.05375091042,0.05499160673,0.02165551579,0.03256415786,0.04102805942,0.05299492386,0.08139534884,0.06386229375,0.02006150242,0.08691815575,0.1066098081,0.02150358393,0.04973913043,0.02903569526,0.02591861003,0.02870637869,0.05884001121,0.03206434316,0.1067357357,0.02765923819,0.1729975548,0.01958573457,0.07386105646,0.07110675808,0.1440534238,-0.0121830754,0.05099576215,0.04633471646,0.02953787518,0.002969317057,-0.009797239734,0.04598195101,0.0176241087,0.08784676354,-0.1465766064,0.03980582524,0.02001117943,0.002706766917,0.0792485693,0.01246678929,0.02761257434,0.03141546064,0.05769230769,0.004693954187,0.02576235542,0.05172413793,0.05638629283,-0.003355704698,0.005894214363,0.04707821945,0.05618860511,0.01704545455,0.02197085055,0.04550869669,0.09174624829,0.02922755741,0.03778174153,0.08674698795,-0.06842480399,0.06152396338,0.03580635921,0.05090168703,0.05133470226,0.0495831505,0.03128180406,0.01325510648,0.08004426411,0.02878965922,0.04630481447,0.0844009043,0.06776457883,0.02772277228,0.02158273381,0.05236768802,0.03857773646,0.03830880635,0.03766427313,-0.004329004329,0.0407474695,-0.008549819138,0.02452361736
-0.002643180463,-0.1150124412,-0.01007861831,-0.01512942598,-0.04887218045,0.01766704417,-0.008098727343,0.03555324315,0.04308281474,-0.009187482056,0.04038968947,0.0232696013,0.01517624021,0.01722995361,0.01863836397,-0.01226323545,0.03271965408,-0.009790949987,0.003325020781,0.01542560841,0.03152876038,0.03480532862,0.01105562469,0.02706131078,0.01901975128,0.04512183823,0.029,-0.07334186358,0.001321877065,-0.006478482184,0.06299342105,0.02908027187,0.04026294166,-0.0120306716,-0.007285974499,-0.0723321488,0.01618425148,0.009973695747,0.01214757049,0.01717579251,0.02018570852,-0.00744109136,-0.02600958248,-0.009504132231,0.003737619137,0.009738595592,0.005464480874,0.02211736951,-0.002645502646,0.02713955281,0.01137158852,0.02529761905,-0.00128921358,-0.001702852278,0.09070191431,0.009684473602,0.01048005409,0.01513671875,0.006651884701,0.05814843152,-0.000634115409,0.01382743363,0.00941046222,-0.008413461538,0.004180602007,0.01980470576,-0.09757666738,-0.05601092896,-0.004079301624,0.0271101993,0.06347000232,0.01643489254,0.002354956112,0.01949501889,-0.01235221458,-0.01320205863,0.02632170979,0.0002611306959,-0.01585677749,0.02942643392,0.02421227197,0.005434220233
0.05038636222,-0.01468291159,0.008632858837,-0.03121820779,0.02064119455,-0.03405297129,-0.01516329705,0.0386869871,0.003854979348,0.04969574037,-0.01248536871,0.03316917729,0.03263140974,0.02964169381,-0.007708598052,-0.01373722903,-0.06781197393,0.0312667023,-0.0229908865,-0.06489359428,-0.002087371403,-0.03161984244,-0.01448875676,-0.004116920543,0.00247666906,-0.02437943262,-0.03109815355,-0.0128088081,0.2059405941,-0.01350721938,-0.06220021662,0.0331075997,-0.02646129542,0.08256389669,-0.02018348624,-0.01240155904,0.01378254211,0.002712967987,-0.005926803971,-0.09723481414,-0.04451919272,0.0612244898,-0.004216444132,0.01168126825,-0.01433625023,-0.003299492386,0.01902173913,0.0178880554,-0.01229804678,-0.04038432668,-0.03044455976,0.02793904209,-0.009036144578,0.003624733475,-0.01379022148,-0.03449876238,-0.005018400803,-0.006541606542,-0.02382859431,-0.09833694866,-0.03312182741,-0.01418439716,-0.008500137099,0.04515151515,0.002081598668,-0.01278375088,0.01069391635,0.01953690304,-0.02211845662,-0.1068626052,-0.005227619255,-0.0144278607,-0.1392567279,-0.02712492629,-0.008218688583,0.06009070295,-0.04384042087,-0.01957968934,-0.01481288981,-0.0101744186,-0.02882124352,0.009119852861
0.04837111146,0.005072923272,-0.01669356965,0.02576372506,-0.01359724613,0.05138248848,0.03868930122,-0.01725249919,-0.01773795374,0.0209799862,0.006716712762,0.02923033787,0.03128891656,0.005061689339,0.02501280519,0.04556857209,0.05375995555,0.03291008033,0.009751960992,0.03624876051,-0.01643508143,0.006649331352,-0.006934288682,0.011575031,-0.009273514984,0.06469786461,0.04847876964,0.02072319535,-0.02955665025,0.005980484734,0.04669196502,0.03746864126,0.0490872211,-0.03127317676,0.004993757803,0.006726086957,0.1141993958,0.08603896104,0.02563720376,-0.008410745669,0.02961275626,0.04120879121,0.04657727594,0.02226804124,0.02644503211,0.03157626687,0.01066666667,0.2063492063,0.02954101563,-0.004224030038,0.005976806423,0.04465231204,0.1654363873,0.04695134905,0.04449152542,0.03236660792,0.0292535306,0.019076208,0.01641025641,0.1366479551,-0.01076256727,0.08951300498,-0.02488938053,0.05958248768,0.1076028251,-0.008963901916,0.00775922878,0.03087295955,0.02739381754,0.03514376997,0.0100722575,0.02246340232,0.003225806452,0.01636505325,0.003963249865,0.00320855615,0.02498853737,0.0408733857,0.02110261145,0.02006852668,0.04668222741,0.02141743267
-0.004452443401,0.03690851735,-0.01428652115,-0.02153645414,-0.01238876287,-0.01862809555,0.001140250855,-0.03363412633,0.007260541748,-0.01405975395,-0.01510989011,-0.04086358374,0.003169811321,0.003462385899,-0.03614558174,0.03170432956,-0.09087313794,-0.003763171099,-0.009027923578,0.01087340194,-0.01048154337,-0.09236503192,0.01675945635,-0.0002724424465,0.02457535237,-0.06750874797,0.04145408163,0.01081385652,-0.03102086858,0.01173341677,-0.01071878941,-0.009672386895,-0.01778808971,0.004465994641,-0.02795031056,-0.01282956401,0.008405639913,0.01116093672,-0.01584072083,-0.01911634384,-0.01588897828,0.00565397663,-0.03101820634,-0.003428801936,-0.02521163047,-0.003702789435,0.01055408971,0.01621240602,-0.03414749822,-0.04807541241,-0.0004433803316,-0.005406318635,0.0152757079,-0.05073051948,-0.01622718053,0.002793729629,0.01666122182,0.01197263398,-0.0316851665,-0.02426978976,-0.02547432666,0.01066666667,0.01956891662,0.003420440553,0.01012753188,-0.02185891913,-0.01119925338,-0.01170395869,-0.01965101109,0.05200617284,-0.0160416215,-0.008146136756,0.02250803859,-0.000596353723,-0.005921406783,-0.004051172708,0.02348467904,-0.02826809926,-0.05218289848,0.02039347409,0.04205160879,-0.00819086025
0.08640065183,-0.04493459081,-0.03748054787,-0.02242791543,-0.01590106007,-0.05783832068,-0.07858769932,-0.02648556876,-0.03456242491,-0.03619909502,-0.03327356047,-0.05957537457,-0.001956063798,-0.0382685069,-0.03153892681,-0.0259805695,-9.666972787e-05,-0.03198186855,-0.04894067797,0.01239323351,-0.01350936445,-0.07444299886,-0.01236201362,-0.032702003,-0.05079365079,-0.04420647996,-0.03735456216,-0.02271186743,-0.0227008149,-0.01932890057,-0.05815806246,-0.03938248267,-0.02007874016,-0.01308434959,-0.006389776358,-0.009341195811,-0.03226673837,-0.02611609343,-0.03750738334,-0.02839442437,-0.02942979767,-0.004122938531,0.040361865,-0.03298927343,-0.0388899377,-0.02477700694,-0.05744125326,0.06289017341,-0.01178492512,0.1064532101,-0.03459900639,-0.04110752506,-0.02678899083,-0.0555793074,0.009896907216,-0.02832378889,-0.02731362468,-0.02929577465,-0.002709462276,-0.002169197397,-0.02355343771,-0.0239979897,-0.01502086231,-0.02508862831,-0.02747864835,-0.0387873111,-0.01816894762,-0.03517938001,-0.02079347916,-0.05823676104,-0.02423441287,-0.02737680438,-0.06216739236,-0.02156678885,-0.05144404332,-0.01520017127,-0.03693181818,-0.03567197578,0.01907876806,-0.01504820127,-0.03576887802,-0.025769262
-0.009395554931,0.08782212595,0.002241833695,0.00085540593,-0.0002244165171,-0.01777672434,-0.01812937783,0.05371468434,0.08882932899,0.02262057192,0.006183017312,0.06584113561,0.009347203377,0.001793868232,-0.00187366167,0.01758586881,0.02644172669,0.01951092612,0.02606371129,0.08830440242,0.007158418923,0.07625741269,0.001807357849,0.03704747147,0.02954292085,0.02642918702,0.0203562341,-0.00211269855,-0.01369863014,0.01419110691,-0.002030113348,0.01623483109,0.02249899558,0.02625820569,-0.006430868167,0.0175085076,-0.01305918311,-0.0001011940903,0.05952746241,0.03546758767,-0.0004211412929,0.04855099737,0.003010033445,-0.0117203851,0.06305244549,-0.005843495935,0.01523545706,0.02914944529,0.02434782609,0.1354415274,0.007351589781,0.007794508415,0.3793363499,0.01607062019,0.029399755,0.04539662313,-0.008259002313,0.0008705745792,0.0008568443051,-0.001449275362,0.02523703291,0.02355818744,0.07003671279,0.006993006993,-0.006109201985,0.01610112481,-0.004566210046,-0.003610108303,0.03244712478,0.009345794393,-0.0002257846015,-0.004350051177,0.0343048749,0.006011500261,-0.003044719315,0.01304347826,0.02019514409,0.0187005187,0.05188553089,-0.0009548818334,0.02029169309,0.01187039568
-0.03132237018,-0.02196193265,-0.01827329583,-0.02249598261,-0.01324354658,0.01568532819,-0.02182123374,-0.002482621648,-0.04228571429,-0.01892042293,-0.01536255633,-0.008359308586,-0.01000746826,-0.001465082207,0,-0.01159509059,0.003202411227,-0.02526154631,-0.006730351715,0.004209118932,-0.0129789864,-0.01101995837,-0.01207795599,-0.004346644933,-0.02111532214,0.005317660229,-0.02337905237,-0.03791245976,-0.01449275362,-0.01228233831,-0.02712324123,-0.00992415685,-0.03300589391,-0.02370500439,-0.0284789644,-0.01319947234,-0.005067567568,-0.02570590021,-0.02606429192,-0.03592046183,-0.0297029703,-0.04379038047,-0.01633877959,-0.01990681914,-0.02623798965,-0.01150012778,-0.02319236016,-0.02726696259,-0.03007518797,-0.07067787704,-0.021893815,-0.01441378098,-0.07353745216,-0.02004900869,0.005950019833,-0.002437909493,-0.02564956696,-0.02338842176,-0.02549539579,-0.0152394775,0.01999184007,0.0006288517168,-0.03008709422,-0.01708333333,-0.01613522858,0.02149942921,-0.02221149203,0.008876811594,0.006746194981,-0.04320987654,-0.01942186089,-0.01490619378,-0.04438902743,-0.025201351,0.00687154037,-0.01330472103,0,-0.01192549913,0.04474955505,-0.007407407407,-0.02454940957,0.08411436628
0.03890394269,-0.05224550898,0.06665954872,0.0485942784,0.04231119199,0.004870515562,0.02616902617,0.03965488634,0.02505966587,0.02722631877,0.04472644061,0.06065152165,0.04554918527,0.01434626671,0.03110753553,0.02891117576,0.07434982631,0.04057591623,0.03278688525,0.03606888815,0.0139323732,0.1423375015,0.0369587818,0.06848567531,0.07817109145,0.04658500371,0.02553463134,0.05360817882,0.04411764706,0.03022194239,-0.02038682697,0.00855675984,0.0426655831,0.022327852,0.0383077948,-0.004190988405,0.03268251273,0.03375921886,0.02720785013,0.09021956088,0.02865827182,0.01764264264,0.02542372881,0.02203975799,0.01878557875,0.02223371251,0.06145251397,0.02390265102,0.02675668917,0.01540853831,0.02835291923,0.01460674157,0.1091472411,0.1154807911,0.02484227129,0.1620589583,0.02051282051,0.02375061851,0.05613884723,0.1507000737,0.02693333333,0.01043237808,0.02585034014,0.01681503462,-0.008629441624,-0.01158368096,0.03456790123,0.016699587,0.03652856092,0.05483870968,0.06690465223,0.01747978085,0.04801670146,0.01261549396,0.0409478673,0.06328838625,0.02557829181,-0.01749389748,0.07495741056,0.02936928262,0.02484867792,0.03060312868
-0.1107343383,0.03620281156,-0.01217910647,-0.000331415041,0.02095154954,0.05024234543,0.01923076923,0.005745292052,0.04934181069,0.03865267808,0.0908004779,-0.002896207988,-0.01744613919,0.02410800386,0.01733853489,0.002150023642,0.04680631658,0.01761006289,0.01883597884,0.02723136307,0.01543924656,0.06343971347,0.004200298145,0.03230337079,0.01299589603,0.008512147544,0.01462807345,0.01860823905,0.01232394366,0.007028265852,-0.00836001423,0.0114738203,0.02143413874,0.07240694664,0.02341995509,-0.02553936751,0.06726948897,0.0172829582,0.02605297438,-0.07018186257,0.04812157028,-0.005533013648,0.0452892562,0.02114164905,0.04041720991,0.02807283763,0.007894736842,0.03989813243,0.05017048222,0.04273980231,0.03337565754,0.02322065777,-0.04972199314,0.02465865091,-0.0261639092,-0.03522607781,0.02211055276,0.02087965201,0.01866504362,0.05283381364,0.003245910153,0.02935688518,0.03633952255,0.0233463035,-0.0003544842255,0.01393487524,0.0007159904535,0.02825856588,0.02901292968,-0.005810397554,0.02536427415,0.0341025641,0.01942231076,0.01640638709,0.05099253324,0.05072611986,0.01800043375,0.02843340235,-0.009735114331,0.01847521048,0.01460988499,0.01649688196
0.09002096332,-0.001859699399,0.0521185247,-0.001419277735,0.009833262078,-0.01080594327,-0.00430680886,-0.006981910505,-0.01817716334,0.001594896332,0.02646951442,-0.008511213186,0.01307093553,0.002667922159,0.001874733703,0.02998718664,0.01295654715,0.0004944375773,0.07602825093,-0.0003984645216,-0.05306370686,0.004755742885,-0.01308968178,0.0195423624,0.02160702228,-0.01090205732,0.004294478528,0.02069078525,-0.0168115942,0.007586102261,-0.01596412556,-0.002716088832,-0.0003815337657,-0.0435903445,0.002570532915,-0.01130456251,-0.02259306804,-0.003358356381,0.01100296234,-0.007757941717,-0.008054772453,-0.02856083086,-0.01075268817,-0.01532091097,0.03616183315,0.00049200492,0.007571801567,0.04142857143,-0.002782931354,-0.02843791722,0.006143584343,-0.008074214053,-0.007838745801,-0.009745425617,0.02173054129,0.00408719346,-0.0009832841691,-0.005775968185,-0.01573391755,0.03710462287,-0.0006470816617,0.007613293051,0.04325569491,0.01004888647,-0.02517730496,0.007065962288,0.01764846172,0.03194778427,-0.005133312902,-0.02691479545,-0.01894736842,-0.005950905033,0,-0.002416918429,0.009183850286,0.01185516839,-0.002130379207,-0.004160515367,0.04046639232,-0.006659012629,0.002757352941,-0.005018129079
-0.02831017785,0.01649358583,0.003691611288,-0.01194554903,-0.02959356478,0.02674101047,-0.03476828012,0.004634068392,-0.02716210343,0.0213641189,-0.04321536546,0.05012263251,-0.02406494636,-0.01640319299,-0.02041337076,0.01423632855,-0.00788712429,-0.004447739066,0.002702702703,0.02373894805,-0.007707129094,0.05785133747,-0.01025649019,-0.003760766711,0.09616655651,0.03253333333,0.02351863164,0.01890026164,-0.01650943396,-0.00150579732,-0.0475756471,0.02202819609,-0.01755725191,-0.009679000245,0.0963041711,0.0146698027,0.002626740215,0.001486620416,0.01576670853,0.003056000212,0.06678846935,-0.02443680794,-0.005115089514,-0.01072329689,-0.01243953006,-0.0007376444554,0.004146151853,0.1436409955,-0.02186046512,-0.002336127525,-0.02896022331,-0.02043643921,0.07646726862,0.009640490058,-0.03944315545,-0.02075983718,-0.02657480315,-0.01176190476,0.03601780656,0.02457478006,0.04195804196,0.002398656752,0.01005888126,-0.05068566819,0.0003637686431,0.01211680761,-0.01851417858,-0.007323568575,0.03457835965,0.002054686265,0.005386266094,-0.0107258668,0.06888128969,-0.001470969975,0.004464285714,-0.005367552281,-0.03906917165,0.04258760108,-0.001538123489,-0.01479426722,0.02047051635,0.04329776689
0.02307395264,0.0006009615385,-0.008348582507,-0.01161116192,-0.00397015837,-0.0003324836529,-0.02308907004,-0.01749642119,-0.01523341523,-0.001416136157,0.02583643123,-0.001732225228,-0.00193107546,-0.02103688616,-0.0152817574,0.03039715119,-0.01732015285,-0.01067262348,-0.02156334232,0.02894541437,0.01294498382,-0.04449101687,-0.01878843716,0.02411105699,0.02924329213,-0.01437672176,-0.01253357207,-0.02195640232,-0.01019184652,-0.001055647715,-0.01148325359,-0.005564699428,-0.01476301476,-0.02721761722,0.01391820204,0.0125447219,0.04938433325,-0.0161306284,-0.005357142857,-0.004484304933,0.03120837298,-0.01174168297,0.001928020566,-0.0087141339,0.01854443667,-0.02411417323,0.02193548387,-0.04215215901,-0.002377555873,-0.02134986226,-0.01329500539,0.0001768033946,0.003145478375,0.003580664412,0.01811594203,0.002216987668,-0.01348163128,0.0005300438491,0.0107421875,0.05816016944,-0.02995277156,-0.01483608519,0.01263055623,-0.002265967993,0.002828282828,-0.01966134444,-0.01743075454,0.002012072435,-0.00565728748,0.01577287066,-0.009412819364,-0.00378214826,0.03199268739,-0.0001733102253,0.01111111111,-0.000580270793,0.08198178183,-0.00904860393,-0.008142605634,-0.01642421398,-0.01107784431,-0.001134483838
0.01699517499,0.03453453453,0.002161727679,0.011978588,0.02715724923,0.03015521064,0.01965923984,0.03399708596,0.01233895845,0.01612000885,0.02736002899,0.003054526548,0.008334573597,-0.002600780234,0.02513005908,-0.02308770448,0.009510122998,0.01731058705,0.03561589925,0.01948674848,0.00750798722,-0.01110587055,0.02590705177,0.04898929845,-0.00410076157,-0.06533321687,0.01813236627,0.003666081777,0.07995154452,0.01796497585,0.06737657309,0.01757566204,0.02602523659,0.03268472593,0.01828410689,0.05430562482,-0.01435526152,0.02967209817,0.007871840906,-0.02344992051,0.03247831703,-0.02613861386,-0.006414368185,0.0135077187,0.01099278598,0.03126575895,-0.006313131313,0.008050089445,0.001906577693,-0.02097114708,0.03022578296,0.05091037652,-0.02430101907,-0.04658077304,-0.003163305654,-0.05875846813,0.01708233686,0.04189944134,0.02995169082,-0.07654855288,0.02383087764,0.006072382803,-0.01655073159,-0.1690560681,0.01450443191,-0.01066972074,0.01919805589,0.006693440428,-0.01617008534,0.06986024845,0.02240896359,0.01265502404,0.0480513729,0.01490726296,0.04632290786,0.00425778982,-0.02156057495,0.007957213671,-0.01264699357,-0.004532442748,0.01665152891,0.01109755893
0.0510493517,0.01567489115,0.0506594786,0.1451753786,0.02921108742,0.01356005166,-0.0175664096,0.04884922499,0.01846208998,0.01741357234,0.02962962963,0.03168329662,0.01505535055,0.05899608866,0.009633579907,0.06825663552,0.01771060124,0.01085080148,0.008550256508,0.09443189151,0.01934358649,-0.002503129758,0.02525439003,-0.01711630016,0.001764705882,-0.01055976077,0.02107450282,-0.05167125784,-0.02075154234,0.02343170696,0.04171957192,0.04337386724,0.000384319754,0.006896551724,-0.01270718232,-0.07384013987,-0.0233029382,0.02930546058,0.02082762401,0.01261701262,0.03789097408,-0.0036600244,0.02324080052,0.01015443199,0.0127420999,0.03325183374,0.04193138501,0.0330079858,0.04614652712,0.0264519839,0.01908801697,0.00370058873,-0.004552758436,0.02120582121,0.01547005157,-0.02041715629,0.01310043668,0.02930572247,0.01069418386,-0.02958406561,0.07696158178,0.01231289232,-0.02390243902,-0.02801503246,0.009134233519,0.009745617837,0.01859799714,-0.005319148936,0.04778572516,0.04950724974,-0.02908324552,-0.01724568858,0.06676526516,0.01784799317,0.03183066731,0.005974176142,0.03294858342,-0.00608256762,-0.0008988764045,-0.001917086029,0.01995235259,0.03940426026
0.01633049276,0.01657616462,0.09716949429,0.01166157011,0.009322560597,0.02420896156,-0.01657217619,0.02598895358,0.04127067934,-0.009438711301,0.01764302843,-0.01884067073,-0.003344481605,0.03324099723,-0.000255580167,-0.0247817568,0.04673550829,0.0004879238839,0.01601356443,-0.1154678898,-0.03701975424,0.02736648492,0.01298606173,0.02456464076,-0.05020551967,0.1730260672,0.01252906977,0.0005763846956,-0.009163802978,0.02651789596,0.01863137733,-0.08165689258,0.0253553592,0.1345401174,-0.007834359261,0.009623412517,-0.008298755187,0.01224257379,0.02187919463,0.04273847803,-0.02634751162,0.01346938776,-0.0403785489,-0.005654450262,-0.006374769334,0.02389966872,-0.09024390244,-0.04243257172,0.00272851296,-0.08459383754,0.009538674991,-0.01944025473,0.06080172182,0.02809446254,-0.053125,0.003898635478,0.04277188329,0.003682414227,0.003898273622,0.009357078177,0.01498954218,0.00798950632,-0.008745627186,0.01388400703,-0.1326249508,0.04388259227,0.03265449438,-0.01236631016,0.04360203341,0.001659521505,-0.03516388105,0.01144455748,-0.01267577738,-0.0275358671,0.01518947698,-0.1229885057,-0.01137748883,-0.001822916667,0.01709401709,-0.04705882353,0.01080291971,-0.01232182072
-0.005899868686,0.01040202418,0.00161966764,0.010942294,-0.004310344828,-0.00103669915,0.00133037694,0.008860630574,-0.008873489394,0.0210900775,0.01245581552,-0.03526851437,0.01502772104,0.001191540066,0.02547933532,0.009828797812,-0.05643988523,0.02389661058,0.02707213054,0.07515867053,0.005491842998,-0.07017428043,-0.002115005694,-0.0223998199,0.02596599691,-0.01022544283,-0.01955154891,-0.01154391259,-0.02658959538,0.008046301525,-0.03076923077,0.004284213079,-0.007868115399,0.04376886589,0.001128031585,0.01765202813,0.02981171548,-0.01462591412,0.01615657428,-0.1492997559,-0.0008843296781,0.03624647604,-0.02564102564,0.03538331929,-0.02144183691,-0.02946614282,0.01608579088,0.04251883746,0.04285714286,0.0223378213,-0.02817385329,0.003247308152,0.03601318793,0.02752475248,0.0647689769,-0.06094100075,0.01303656598,0.01199105145,-0.005917159763,0.06997607656,0.004350314825,-0.01727197445,0.05369296698,-0.0005200208008,0.03947368421,-0.04573619256,0.03230193812,-0.008121827411,-0.01199688248,-0.004970316167,0.0209223847,0.02137289414,-0.01183550652,0.002864340684,-0.02082369273,-0.002402795981,-0.004521167283,0.00430472215,-0.03494029191,-0.02368354749,-0.01733102253,0.009184845006
-0.01462192691,0.04590984975,-0.0121595027,-0.01512138624,-0.003545660689,-0.01722706517,0.03830823738,-0.02639169311,-0.03504433834,0.007714321264,-0.01163757273,-0.01486199575,-0.02802932298,-0.03704254686,0.02227023434,0.02422074222,-0.0219935852,-0.004763038819,0.01426250226,0.0009185440144,0.04128514056,-0.008874689386,0.003310568458,0.04455958549,0.01883097318,-0.05499064508,-0.02020497804,0.02822783932,0.00890736342,0.01211314942,-0.01587301587,-0.0003219575016,0.01737160121,-0.006403635612,0.002816901408,0.03440807891,0.04266124937,0.002664129401,0.01473629783,-0.0854855762,-0.001770224819,0.01010493587,0.05870445344,0.01017087063,0.01897860594,0.0007143707584,-0.02110817942,-0.1171915333,0.00239182431,0.0005986231667,0.007601202051,0.01652470187,-0.03476132191,-0.09751397186,-0.02557148392,-0.01383807857,0.00721908349,-0.01627022725,-0.0193452381,0.02124091671,0.04046506326,-0.008547008547,0.04019138756,0.04457162678,0.01309471846,0.02674100225,-0.02635046113,-0.005800068236,0.01112832793,-0.007076453448,-0.02853680035,0.005908419498,-0.02760860739,-0.006280110117,-0.08947700063,-0.009415371141,-0.01940545004,-0.005585140927,0.4175068744,0.02890322581,-0.02292768959,-0.01412723592
-0.0008078252508,-0.01037509976,0.03330343117,0.02073983185,0.01783276097,0.0006335797254,-0.09191725315,0.02162642571,0.02527171512,-0.005556241511,0.01126997477,0.03030711207,0.06388642413,0.04928163139,0.00235734027,0.02866393069,0.02759913114,0.01555396028,0.007475970096,0.01142258166,0.002622647331,-0.0172997851,0.02111893015,0.03108465608,0.03430430282,0.04131875699,0.008667065152,-0.01401209133,0.03148911124,0.01570390868,0.02204301075,0.002254428341,0.01076466221,-0.04261954262,-0.04831460674,-0.006099926704,0.01816853385,0.0390017081,0.0301910828,0.01882741536,0.004433410179,-0.07195075029,0.005736137667,0.009061619009,0.008127328141,0.03343248067,0.01212938005,0.004873294347,0.01908893709,0.009572240503,-0.01087719298,0.0463381934,0.1909713416,0.001281229981,0.007157057654,0.07919354839,0.02056715488,0.02076404494,-0.02276176024,0.05582922824,-0.01511831727,-0.03423992229,-0.004139834407,-0.05080524655,0.01874192159,0.00490860557,0.03856562923,0.001750171585,0.0165784341,0.03773057574,-0.007145287513,0.02924620656,0.01252609603,0.02969439875,-0.01401384083,0.0108311229,0.06484210526,0.008098223615,0.04130294213,0.01755706045,0.005415162455,0.03113792244
0.009855607654,0.01182795699,0.02856519432,0.01394043602,-0.03455284553,0.05339805825,-0.0009394081729,0.08162969407,-0.01784021374,0.002110752421,-0.003825681969,0.07177408812,0.007645259939,-0.01030624264,0.0150839348,0.02769675423,0.2263435156,0.002591894439,0.006183745583,0.0247848403,0.02538852131,0.07191022047,0.03567802692,-0.009728458414,0.03759828449,0.00991981483,-0.0162962963,-0.05836865228,-0.006562054208,-0.009263043182,0.00333157987,0.006426735219,0.006243114212,0.06786102063,0.01948051948,-0.02155380818,0.05774290772,9.133254178e-05,-0.06627921355,0.1016372183,0.02824858757,-0.05555555556,-0.01711026616,-0.008980243464,-0.05021834061,0.001611789086,-0.02529960053,-0.1249272551,-0.007449978714,-0.003407407407,0.006207875133,-0.03147273164,0.0155451448,-0.002985711239,0.05487564153,0.05529816171,0.003358778626,0.01030292356,0.007181677019,0.02954898911,-0.0552836485,0.0006286145336,0.04826789838,0.02956095854,-0.02304927046,0.03755950142,-0.01107491857,-0.02709739303,0.007263258874,0.007339078912,0.01370801919,0.008679110688,-0.000824742268,-0.004203800235,-0.01526583611,-0.02405423136,0.02807433768,0.006996631252,0.03981991772,0.004929751048,-0.02094554159,-0.01255979761
0.05248730286,0.02151965994,0.04157791036,0.008174837174,-0.002105263158,-0.01582849128,-0.008462623413,-0.001072386059,0.004475254475,0.004460413827,-0.01319084989,-0.005184191266,0.0131052559,-0.005058018447,-0.01182391947,0.0253025872,-0.003515277652,0.006110458284,-0.003336259877,0.03905720676,0.005852340936,0.008806531386,-0.006864750891,0.01003994386,0.01984017636,0.01334206434,0.009939759036,0.04710294139,-0.00459506031,0.02062422659,0.04002097169,-0.005667305236,-0.002554744526,0.001321809863,-0.00926462073,-0.02345903771,0.002939846223,0.01369863014,-0.01085948881,0.01898175397,-0.009615384615,-0.03863037752,0.01547388781,-0.02537253323,-0.01874447392,0.002068965517,0.03005464481,0.04810463312,-0.002787904782,0.07313810019,0.007050943064,0.02563254506,-0.009435940449,0.007700534759,0.01721556886,-0.006231411981,0.0003043213634,-0.001133095093,-0.007708614377,0.07099697885,0.01177440245,0.01545420279,0.0006609385327,-0.01172273191,-0.02683982684,0.02654672554,0.005709266579,-0.006338028169,0.002585034014,0.008488737384,-0.002028397566,0.000942951438,0.02847709451,-0.001519756839,0.01086956522,-0.01165135559,0.03538461538,0.003602676274,-0.000298596596,0.005641402992,0.007946210269,0.0005400688521
0.02757434877,0.006631989597,-0.01888836038,0.02243726451,0.05189873418,0.0004071661238,0.006164058796,0.008990874933,-0.004280597536,-0.01652892562,-0.04128595601,0.04230274048,-0.0009531590414,0.03738038278,-0.01641199774,-0.008262515776,-0.02937154346,0.01798645176,-0.02325581395,-0.02266847476,0.001939430106,-0.05797265091,-0.007038268526,0.01325352715,0.05025668738,0.01647819063,-0.01282433642,0.006621290851,-0.001731102135,0.002290179173,0.06049403462,-0.005699606647,0.02744237102,0.02893988627,-0.01636469901,0.002955683392,-0.01104847802,0.001081081081,-0.03762217164,-0.03610108303,-0.01681692094,0.01324200913,-0.0346031746,0.01260330579,-0.003784465669,-0.002294104152,-0.02519893899,-0.0114213198,0.001290322581,-0.01274414739,-0.00455102398,-0.01757497581,-0.02307366638,0.008278497134,0.04598969831,-0.002422687758,-0.00121691512,-0.009773123909,0.003301611963,0.08697696286,0.01617595717,0.01670378619,0.02994275649,0.01994155063,0.004448398577,0.005056114099,0.007751091703,0.002126151665,-0.01614873117,0.04453870626,-0.0009033423668,0.03579839849,0.01745585875,-0.01826484018,-0.01833245197,0.005440943097,0.01485884101,-0.004102564103,-0.01583034648,0.006341463415,-0.02698605215,0.03191865582
-0.01576524528,-0.04702234853,0.01060069386,-0.004785645768,-0.01925391095,0.002035002035,-0.02544769086,-0.05013964623,-0.0163186524,-0.04101342029,0.003882809742,-0.03901299924,-0.00790513834,-0.02407033727,-0.03008384021,-0.003758441647,-0.04395836325,-0.02960073428,0.05519480519,0.02991537099,0.003648004765,-0.0395005188,-0.01892146905,-0.005063291139,0.02212503216,-0.01636999364,-0.007854984894,0.0274692947,-0.0323699422,0.00625,0.007764221201,0.0329404166,-0.008547008547,0.01253330702,-0.01039809863,-0.03799890491,-0.0446876425,0.02033837293,0.01015581525,-0.02981273408,-0.04214424264,-0.005858494817,-0.01085169352,-0.00550907978,0.01501447178,-0.007358013336,-0.04353741497,0.01690201113,0.0112757732,-0.005191525186,0.007736943907,0.0008206138191,0.0758396533,-0.01031578947,-0.02673232501,-0.01128571429,-0.009594882729,-0.01224885442,-0.008130081301,-0.0151384083,-0.02141548328,-0.001582085919,0.00865754596,-0.01045002528,-0.001328609389,-0.006433743348,-0.02220777814,-0.0130834512,0.01503448276,0.03629441624,-0.01356238698,-0.0006821282401,0.01232498521,-0.006373815676,0.007182618064,0.02344983089,-0.01830161054,-0.01119979403,0.0001517450683,-0.02981095492,-0.00249298847,-0.03171727843
0.02258207898,-0.007184492341,0.03586369129,0.03925491215,0.03558282209,0.03554021121,0.04303675048,0.04998599832,0.009632536568,0.0243264452,0.01160337553,0.03043627821,0.0006869075422,0.02495938562,0.005847457627,0.01107089632,0.02927632649,0.02530148971,0.01658119658,0.03895471049,0.0382019138,0.03561110076,0.03128469603,0.04580152672,0.02617669268,0.05752140895,0.05328867235,0.04123868151,0.08422939068,0.01943498297,0.05518867925,0.002423010786,0.01436781609,0.04658869396,0.05133593515,0.02465000809,0.01957040573,0.02998765214,0.0184547583,0.1346510191,0.01822533137,0.08159564823,0.04920212766,0.03857201477,-0.002138656211,0.05350938151,0.001422475107,0.06501157164,0.02537963258,0.06516220028,0.009073460129,0.02476221712,0.03282980866,-0.0185067007,0.006866642573,0,0.01706904506,0.0153448122,0.06167056987,-0.05621431708,0.02480983031,0.04180887372,0.04821447494,0.04292284108,0.01507760532,0.01836527135,0.01861289608,0.01039054102,0.03206957467,0.0118785207,0.03437213566,0.02821387941,0.0910684718,-0.007194868239,0.03316099126,0.04670632298,0.05518269948,0.02096081239,0.01608253679,0.008743442418,0.05966885348,0.04331569871
-0.02731046778,0.01829601311,-0.02370198146,-0.005057779128,0.02093206951,0.01725828594,0.03152526657,0.001200160021,0.02022968198,0.002936670072,0.005213764338,0.003742203742,0.01002196595,0.01239193084,0.0006740247704,-0.02894082965,-0.007244418609,0.01245387454,0.001345216075,-0.03570817661,0.003000857388,0.0002517896851,0.01425949718,0.0146999189,-0.01398086829,0.01375095493,0.01243133854,-0.0233301539,-0.01928374656,0.003275681342,0.01028162718,0.001637426901,0.003541076487,0.02626187372,-0.001142204455,0.03194903155,0.004447565543,0.00565165268,0.005409060176,0.005579749592,0.008135960947,-0.04065381391,0.01204055767,0.004543658633,0.006429719593,0.00417766051,-0.002840909091,0.01185302252,0.01512013256,0.03641419492,0.01746498357,0.02832453193,-0.01384555382,0.0329432163,0.01651112706,0.001589365699,0.01784094345,0.006062736139,0.0007352941176,-0.008841321545,0.02021240151,0.01965601966,0.002426202992,0.02792748653,0.0253385758,0.01179040243,0.04024363715,-0.01028368794,0.003686635945,0.0116180564,0.01107665042,0.006859924762,0.009284056418,0.01091417096,-0.005004314064,-0.01199747422,0.01996466431,0.02180566182,-0.0004479617739,0.01485884101,0.01533018868,0.01219477979
-0.01909688691,-0.03110753553,0.0006609555027,0.007084505665,-0.01508704062,-0.01638712165,-0.01078651685,-0.02450719233,-0.01740410425,-0.0302991725,-0.01210235131,-0.03763759025,-0.01182547234,-0.0170794193,-0.01995453397,-0.01158826948,-0.01645313621,-0.02209567198,-0.02401343409,-0.02021855109,-0.004416583559,-0.03315559059,-0.01566315707,-0.02218003797,-0.00671641791,-0.02140165787,-0.0062821245,-0.04128613912,0.01573033708,-0.01083975447,-0.0197640118,0.008251595827,-0.004234297812,-0.01206896552,-0.01143510577,-0.03166498638,-0.01514798415,-0.01038828338,-0.002286482851,0.02178914603,-0.02797704448,-0.01572739187,-0.005635566688,-0.02989183874,0.00727595386,-0.01839281804,0.09116809117,-0.1325654041,-0.01142623954,-0.003066308931,0.005438477226,-0.005291005291,0.03440775163,-0.04154427193,-0.02436440678,-0.0320253895,-0.02168746286,-0.007423580786,-0.02185892726,-0.02957746479,-0.0170136557,-0.01629374641,-0.02077450585,-0.0307435653,-0.01406050277,0.02799041816,-0.02509410289,0.0376209244,-0.0101010101,-0.008374207441,-0.004820333041,-0.01604395604,0.007429683354,-0.008896182415,-0.05827263267,-0.01768214742,0.002251862117,-0.01223012605,-0.03181953989,-0.02025378233,-0.00493612079,-0.006922289925
-0.01507638573,-0.03182950457,-0.006731958116,0.005065791085,0.001571091909,0.02234417875,0.008178100863,-0.001365374113,0.02573140642,-0.01378495471,0.05355267763,0.01402041569,0.007152682256,0.01940341732,-0.01400343643,0.0001667354085,0.03163945158,-0.01607267645,0.008258774948,-0.06329732455,0.03921007441,-0.0006694936657,-0.009522299635,0.003473996117,0.001502629602,0.005775450485,-0.07040229885,0.01467436941,-0.01161504425,-0.009638236071,0.04905206139,0.005404570723,0.007441530829,0.04647745017,0.001735106998,0.05966438229,0.07051585424,-0.01239029427,-0.01199784308,0.02039735099,-0.006826568266,-0.006657789614,-0.03274559194,-0.009324954389,-0.02871740662,-0.02788311399,-0.04177545692,-0.1190636957,0.006191950464,0.00461361015,-0.01284651792,-0.009699624531,0.129994265,0.03830998249,0.02931596091,0.02295081967,0.01548739751,0.005807303124,0.02497652582,0.1286889211,0.01480300615,-0.0152805319,0.06220391349,-0.0363084993,-0.04062229905,-0.002445364974,-0.04204204204,-0.03453038674,-0.02729923138,0.02075039209,-0.005284015852,-0.006254188072,0.02791922739,0.002352941176,-0.03314917127,0.004120581219,-0.03301071552,-0.1370814908,0.08933806511,-0.01120797011,-0.06828129559,-0.01858472875
0.009220883072,0.04002287021,0.02207248453,0.02453282689,0.0137254902,0.02645705521,0.02478593961,0.07191687175,0.02362542955,-0.002928647497,-0.01727574751,0.01297756216,0.02062278066,0.001420454545,0.01324387906,0.03362229319,0.0486836989,0.02864583333,0.04726962457,-0.0201015469,0.01377031121,0.08679510451,0.0116384202,0.01150595662,0.0005001250313,0.06967307251,-0.009582689335,0.01256280271,-0.0509233352,0.02639648047,-0.008605851979,0.04039318077,-0.04220893422,0.1966997279,0.01327944573,0.09430363613,0.01127320955,-0.002439449381,-0.02592440988,0.06555036345,0.03548207319,0.07685433423,0.041015625,0.01043585021,-0.01469254489,0.01193207894,0.01226158038,0.03653551354,0.03835897436,0.01352213293,0.01934931507,0.01911532385,0.046692607,0.003795066414,0.07348804501,0.07007575758,0.02960526316,0.01618406089,-0.00641260535,-0.04072010287,0.009986535009,-0.01587301587,0.03238316851,0.02806599762,0.0481981982,-0.02183602667,-0.01477832512,0.02110157368,0.01049046322,0.04975771185,0.04515272244,0.03394021128,0.04543901606,0.04407929056,-0.003714285714,0.04924406048,-0.01966041108,-0.03294289898,-0.008073654391,0.1206549118,-0.01471969934,0.0318256917
0.01818134739,-0.009620670698,-0.03335778218,-0.04284962567,-0.04371373308,-0.01961150542,-0.03254177661,0.005867346939,-0.005287452791,-0.009212283044,-0.02974983097,-0.06447557471,-0.02047370534,-0.0465248227,-0.02760340528,-0.02954059285,0.001344292053,-0.01864211738,-0.04904676552,0.1551035558,-0.003667481663,-0.07280821918,-0.04339106265,-0.03503120596,-0.08397900525,-0.07078949252,-0.0308988764,-0.006015890526,-0.0170990566,-0.05104559034,-0.02025462963,-0.01786241512,-0.04002937936,0.02867830424,-0.04729344729,-0.0500069861,-0.03803278689,-0.02358078603,-0.0435635243,-0.03313436472,-0.02870470039,0.0153526971,-0.03314571607,-0.02349129202,-0.05983063328,-0.05034013605,-0.01480484522,-0.06679812669,-0.03101540893,-0.06381371932,-0.05005879389,-0.01503642846,0.01018264102,-0.06406217181,-0.004913200131,-0.06044928523,-0.0636073192,-0.02772038567,-0.06029872764,0.02323503128,-0.004555049439,-0.02455464612,-0.04977460556,-0.0380542687,-0.01633003868,-0.07266458849,-0.02181818182,0.001401050788,-0.05002022381,-0.04762440892,-0.01567132571,-0.03260869565,-0.05147058824,-0.03555666583,-0.02475862728,-0.01523260601,-0.00127620784,-0.02619227858,-0.08182207625,-0.01753202967,-0.02892561983,-0.06194370941
-0.08895537799,0.01248959201,-0.103888166,0.02923963239,-0.03114886731,0.0053343494,-0.02045454545,-0.0003804209992,-0.01493418832,-0.07061042986,-0.0318815331,-0.04908171754,0.001639344262,-0.04552216602,-0.02564556067,-0.02602253245,0.008426214726,-0.02673545966,-0.004626456477,0.06072374195,0.01090661213,0.04827435916,-0.03163420547,-0.007093678281,-0.04774897681,0.1914188877,-0.005475040258,-0.009264917326,0.02339532094,-0.03079660553,-0.01151801536,-0.01548173756,-0.004590665647,0.0767201426,0.002392344498,-0.01825612859,-0.0081799591,-0.02683363148,-0.03441710603,-0.0219226408,0.02807536018,0.06579485084,0.001940491591,-0.01990875156,-0.02721754455,-0.03533906399,-0.03005464481,-0.01822503962,-0.03221202854,-0.02796450659,-0.0450928382,-0.001731192949,0.008,-0.04174147217,-0.02666227781,-0.02651789596,-0.03256823821,-0.02417212679,-0.0467032967,-0.003930131004,0.02667410714,-0.02764067127,-0.02490610793,-0.09322325421,-0.09349060725,-0.02935548227,-0.1624070632,0.04442112627,-0.0999148453,-0.01288568389,-0.03141135972,-0.0206741573,-0.1198966408,0.0006907269902,0.02391687904,-0.03825250836,-0.003285870756,-0.02549751244,0.02457231726,-0.04049416609,-0.00294599018,-0.02309858101
0.0547530884,0.008771929825,0.04252492923,0.03485022686,0.01419624217,0.0299412545,0.05939675174,0.0272738805,0.03040685225,0.08452950558,0.09141623178,0.05397039031,0.01868521549,0.03241895262,0.03330913051,0.08471562385,0.05849098122,0.02072289157,0.09795145464,0.0644451561,0.007417397168,0.07113989721,0.004994775951,0.009140575751,0.08194842407,0.0998254348,0.04112694301,0.02653085289,0.1348182884,0.009038271431,0.0560203167,0.131221374,0.04035357417,0.07105489703,0.02923627685,0.07101729217,0.02726231386,0.006985294118,0.04853632641,0.05848254541,0.00790513834,0.03067484663,0.02775984506,0.04147270419,0.03321256039,0.008168316832,-0.01690140845,0.09550712941,0.03981461976,0.001244813278,0.08314814815,0.01655368122,0.04968253968,0.03395784543,0.03821440649,0.04301875558,0.02821417121,0.04201070683,0.06216550021,0.09031126699,0.01282748125,0.04784263959,0.05980133793,0.05102427921,0.006746987952,0.04011115772,0.02024965326,0.01373074347,0.04099653106,0.01425149701,0.0324300311,0.01698026618,-0.02348796242,0.001294219154,0.05226881103,0.2608128668,0.04432234432,0.0260051053,0.0613236187,0.03171196948,0.03217334209,0.008345524398
0.02835516739,0.0222826087,-0.009754207818,0.02546616132,0.01914368053,-0.01195952162,-0.01182654402,0.002840207459,0.02942643392,0.00307486631,0.06809563067,0.04667347721,0.02128799036,0.03019323671,0.01976284585,0.05974400159,0.03248773431,0.03541076487,0.0714957667,0.0117788829,0.02744310576,0.06575657895,0.02444555024,0.04466423738,0.0124470339,0.06137205338,0.01368584759,0.01840970541,0.02272727273,0.003358992302,0.01273164521,0.04467238005,0.01699298116,0.01601335477,0.09913043478,0.02134222905,0.02809991079,0.02446148229,0.004194994937,-0.006815139345,0.07272727273,0.02604166667,0.125,0.03149126371,0.01149425287,0.0211146575,0.01862464183,0.1254911591,0.04376012966,0.0127089377,0.05214566593,0.03830645161,-0.02963859065,0.018799547,0.04234527687,0.08191808192,0.02868724665,0.01907001045,0.01705426357,0.008443908323,0.03423848878,0.03524282427,0.03615149197,0.03122180112,0.02202010531,0.01703130514,-0.003534529636,0.04030393129,-0.004847016056,0.02385169441,0.07336488812,0.03768050542,0.005011024253,0.007065919862,-0.04930858806,0.03482158249,-0.002104524728,0.02565697403,0.02459954233,-0.05893228565,0.01240458015,0.01544919825
-0.03022153365,0.001860712387,-0.01558724376,0.00807264785,-0.005049484953,-0.04748603352,-0.0195035461,0.02906046053,0.01574612403,-0.03292016527,0.02686014202,0.0009760263527,-0.01114315679,0.008206330598,-0.01860465116,0.02632072376,0.05281949058,0.01345189238,0.006218905473,0.0263824083,-0.03127035831,0.07293404117,0.006948232752,0.03886784931,-0.02118754905,0.01661589587,0.01779687021,0.02793310631,-0.005555555556,0.07978797601,0.04092750384,-0.006071959176,0.005811841627,0.08641148908,0.005801687764,-0.0006608484656,0.1073752711,0.0256593015,-0.002160760588,0.02867295675,0.03772017281,0.01377810007,0.0558347292,0.00374236754,0.007896764253,-0.001442654484,0.009845288326,0.09317041239,0.03784937888,-0.07256854454,0.04306142346,-0.001045556385,0.04456911329,0.02267674522,0.075,0.0825748582,-0.009699909063,0.0217892848,0.002667682927,-0.01315789474,-0.004773765048,0.01754796444,0.005538120731,0.04322716136,-0.02388758782,0.03732121924,-0.01882673943,0.007939028263,0.01628614916,0.02179679391,0.02906394067,0.005870841487,0.02034303949,-0.01411825105,0.01205741627,0.04347826087,0.008260105448,0.0004548211037,0.1013400335,-0.01559430255,0.01476594408,0.1002686578
0.0003980669867,0.0023879013,0.02274149909,-0.008098964642,-0.005278116119,-0.00293255132,-0.02486437613,-0.02536795501,-0.01669449082,-0.02880374862,0.01322910403,-0.0232189652,-0.02386318441,-0.01744186047,0.0158855538,0.01870332732,-0.02097619448,0.002924634421,-0.01316076492,-0.003153917106,0.001479488904,-0.02333036745,-0.001692047377,-0.01285495012,0.02218065206,-0.06058294743,-0.003316249623,0.03570313225,-0.008633824276,0.005942384705,-0.02589908749,-0.01780723988,-0.003250270856,-0.03108721223,-0.01887781856,0.03488850955,0.0875612145,0.001216122307,0.04359751696,-0.02846932698,-0.02802241793,0.004649499285,-0.03278688525,-0.007456828885,0.04567169883,-0.008427642668,-0.005571030641,0.06387225549,-0.003366373667,-0.002500367701,0.01386508802,0.005532296651,-0.04893331344,0.01130434783,0.0523255814,-0.02863409285,0.01438628711,-0.01981936779,-0.02850627138,-0.01090909091,-0.007507820647,-0.01241664751,-0.05140444281,0.003522898842,0.0263915547,-0.0207570791,0.02614015573,0.01102709515,0.05062153662,-0.007900677201,0.01090767433,0.006052745352,0.02208756841,-0.009633744142,0.01229198185,-0.02203065134,0.0263203765,0.02833762691,-0.02636248416,0.01035299988,-0.006501547988,-0.007766990291
0.005988524316,0.001058761249,0.02987938734,0.007383604888,0.01387755102,0.01019607843,0.005563282337,-0.01497851443,0.01382488479,0.04384844615,-0.009198813056,-0.01160469179,0.04672008692,0.03786982249,-0.01002159827,0.003885700622,-0.001122702619,0.02893674293,0.002652519894,-0.01265715403,0.0561375235,-0.03036672285,0.02008623253,0.02818270165,-0.00522875817,0.04390187322,0.01905626134,-0.001544329174,0.03944672131,0.05072556825,0.01005648161,-0.001720373189,0.04673913043,-0.03717192739,0.03580972742,-0.03360216535,-0.03800432277,0.01769911504,0.0009683220362,-0.02341834232,0,0.03987184051,-0.01093493712,0.02412020561,-0.007858187135,0.03035454104,-0.02801120448,-0.0669793621,0.01688872209,0.03214391035,0.0073755378,0.01338289963,-0.007058823529,0.0554600172,0.008287292818,-0.03161063723,-0.009656004828,0.02525381793,0.03834115806,0.01511437908,-0.006513973524,0.03492433062,0.01780530288,0.01554663992,-0.03880317906,0.0005587164648,0.02032520325,0.02025553132,0.034212402,-0.03174061433,0.02350674374,0.02664374731,-0.04111684835,0.02269739725,0.005977956286,-0.03052562847,0.03532608696,0.02357795461,-0.04907576152,-0.06641975309,0.02648800249,-0.06702544031
-0.007872562321,0.006081438392,0.01217176054,-0.01606998733,-0.005636070853,-0.01436335404,-0.008298755187,-0.05957871121,-0.01228070175,0.008428493747,0.008385744235,-0.05169801793,-0.0006487608667,-0.02366020525,-0.009861244437,-0.04129696898,0.02248491124,-0.01308044474,0.0019106408,-0.0391646778,-0.0247965412,-0.003372417983,0.003579600939,-0.03497164461,0.02785808147,-0.01116666667,-0.03858711784,-0.01374089416,0.04632824051,-0.01552187729,-0.03286961266,-0.01610658183,-0.008999653859,-0.04100870609,-0.02063983488,-0.02731458871,0.002059539412,-0.008184143223,0.02390823659,-0.02448210923,-0.0194398682,0.03046901746,-0.01492537313,-0.02162162162,-0.01123595506,-0.004477963705,-0.0144092219,0.0008043434547,-0.002029894815,-0.07528571429,0.01449054301,0.01276595745,-0.01706161137,0.01649694501,0.0104109589,0.01943005181,-0.0295551493,-0.00990263793,0.003579502638,-0.0370221328,-0.0005287648054,-0.007424071991,-0.02490967865,0.000658436214,-0.0126459144,-0.01474529197,0.0002656042497,-0.01069028711,-0.003170227429,0.0003524850194,-0.003953313253,-0.01590623692,0.01156761069,-0.01319622965,0.01281337047,0.006903519111,0.01656824147,-0.01957961417,-0.01779603012,-0.01348849511,-0.03460837887,-0.01782905087
0.02363499122,0.06438896189,-0.06183317077,-0.02866374737,0.01700404858,-0.00945254037,0.002789400279,-0.04400265076,-0.02082996932,0.02143434888,-0.044995545,-0.05824402583,0.009348221241,-0.01197080292,-0.0007932310947,-0.04660859033,-0.09548613874,0.02871658935,-0.04298078334,-0.1036621211,-0.01095318816,-0.06620108275,-0.0259902464,-0.03878550441,-0.06213244694,-0.158604416,-0.003704847175,-0.01532681199,-0.03480923222,-0.02160148976,-0.04258919757,-0.01098086769,0.002095703807,-0.0549711996,0.05900948367,-0.01064672901,-0.0663303438,-0.02733367715,-0.0107976785,-0.0676962677,-0.03612231183,-0.0365448505,0.03535353535,0.05781373323,-0.02589418778,0.002604166667,-0.04678362573,-0.03978300181,0.01980399408,0.002471805963,0.001804239964,-0.0347725297,-0.1047894568,-0.01562813064,0.01355748373,-0.06340533672,-0.02637362637,-0.02386955791,0.05875727426,-0.01880484747,-0.03301237964,-0.02697189483,-0.03003120125,0.005757525909,-0.05960591133,-0.03274347234,0.03133297929,-0.005557270763,0.01216814159,0.03335682405,0.03005103005,0.0263717567,0.04495268139,-0.02379298367,-0.01448478181,-0.003678929766,-0.04566725835,-0.01233480176,-0.05101045296,-0.01930294906,-0.01003144654,-0.02028830753
-0.004543855344,0.01209876543,-0.04400995993,-0.03749819249,0.02762738854,-0.005168986083,0.03917477979,-0.01760709829,0.01698548813,-0.03154282698,0.02674545172,-0.01328809726,0.01440699768,0.02098108747,-0.01490694187,-0.02935020726,-0.02152911757,0.01266910028,0.00766400981,-0.07091643035,-0.01001977587,-0.01987825828,0.01059537477,0.03117994701,-0.02126499455,0.01582532051,-0.009296560273,-0.02299087257,-0.002488897565,-0.01370384469,0.02297834733,0.01076220966,0.009759498083,-0.01510533987,0.01567164179,0.03772402497,-0.02281368821,0.001944149876,-0.02346841315,-0.02374378796,-0.01952239847,0.0003448275862,-0.02926829268,-0.008767021078,-0.002103652706,0.005903187721,-0.01840490798,0.05503243356,0.01575674058,0.037139775,0.01215668618,0.01516061243,-0.03913824057,0.003460207612,0.003745318352,-0.07461674128,-0.0009674298613,0.02781126227,-0.02482269504,0.007666098807,-0.004705109968,-0.01013277428,-0.01125854443,-0.06051684658,0.04609743321,0.005803183051,0.03269824923,0.02825209562,-0.03510928962,0.04364628325,-0.004220183486,0.008910070452,0.05962264151,0.01067425725,-0.05655813953,-0.02299429339,0.05191072032,0.02289622361,0.008224408871,0.008747949699,-0.0114672342,0.002997275204
-0.02472315724,-0.02903147109,-0.05531253252,-0.03077382854,0.02599364686,-0.01918465228,0.01940664733,0.01933389783,-0.03664666775,-0.04020168983,-0.01408450704,-0.003151862464,-0.00989094598,-0.009406657019,-0.007978151862,-0.01859231976,-0.03818617,-0.01929601357,-0.08016428354,-0.0398529327,-0.03169529897,-0.04359234287,-0.02575777248,-0.03794466403,-0.07883008357,-0.04252941563,0.000938379731,-0.04145501155,-0.04946183953,-0.03779750418,-0.037724982,-0.03612103241,-0.02002071108,-0.05515942419,-0.01885868234,0.1347971415,-0.008806061847,-0.004586346798,-0.01118066229,-0.06108597285,-0.05333333333,-0.02309548432,0.01675041876,-0.0003763643207,-0.02376389421,-0.02957746479,-0.025,-0.003371677906,-0.003927168868,-0.03863298663,-0.03833036773,-0.02306668638,-0.0629671151,0.02109533469,-0.04797441365,-0.07359624688,0.00903808909,-0.04540504314,-0.003090909091,-0.08241758242,-0.03913808267,-0.02612072008,-0.05266368442,-0.04038997214,0.02203304957,-0.07475934142,-0.04612316131,-0.0184178744,-0.05167775733,-0.02417773905,-0.02469135802,-0.01848428835,-0.02136752137,-0.01170568562,-0.008282390061,-0.07507301151,-0.04340138241,-0.02078488372,-0.1069191551,-0.0162601626,0.001928020566,-0.02091822874
-0.003419299451,-0.01557788945,-0.005821692989,0.008453287545,0.00283179158,-0.008557457213,0,-0.07531496608,-0.04628850362,-0.01590231435,0.008755760369,-0.007904570279,0.01357581967,0.006574141709,0.01598534151,-0.00215434331,-0.0498660899,-0.02010810811,0.01521415578,-0.01899527189,-0.006464035208,0.009818938619,-0.01368280132,-0.004108463435,0.0113395827,-0.02533296718,-0.0034375,0.01945211012,-0.009727726594,-0.01887902449,-0.04249588508,-0.0002097462071,-0.0003522367031,-0.06065783853,-0.05042436345,-0.1449204857,-0.04896694215,-0.01594896332,-0.02119265562,-0.05963855422,-0.007136150235,-0.03740296401,0.006040637013,-0.0124246988,0,-0.0251572327,0.001602564103,0.08199004975,-0.006810035842,0.06877897991,-0.008711741577,-0.003027092478,-0.1162512463,0.001589193484,-0.01091825308,-0.09210318088,-0.04990403071,-0.005528740676,-0.03994163779,0.008751727315,0.006979405034,-0.0004832668841,-0.01631251341,-0.007982583454,0.009309162175,0.01870767471,-0.003136434919,-0.01937865272,-0.001940877874,0.008370535714,-0.02342716796,-0.02490060682,-0.002547307132,-0.0191468519,-0.01590773514,-0.01634472511,-0.02722231558,-0.04408490426,-0.07388680476,0.01349862259,-0.002886465683,-0.01442841287
0.01819104014,0.01939765186,0.0473552744,-0.01069350697,0.01468373494,0.02507192766,0.02407002188,0.07201676898,0.03265090011,0.016880681,0.007004720573,0.04179342315,0.02261814506,0.009579100145,0.01368159204,0.04611852195,0.06604254869,0.01743159753,0.04740185698,0.05100013722,-0.01259689922,0.0413441201,0.0245146887,0.01031353135,0.08835401405,0.07198703952,0.02195045469,0.01759760553,0.02338877339,0.008449168711,0.05063291139,0.03468531469,-0.00704721635,0.07025920873,0.006309148265,-0.03268258824,0.04975016294,0.02971366829,-0.003464703335,0.04852658552,0.02345375449,0.02565982405,0.02128820961,0.008387342737,-0.005300353357,0.01339950372,0.0208,-0.04193489056,0.01479610249,0.07071583514,0.02488722974,0.03142553514,0.07062274368,-0.008330027767,0.04783470139,0.06919993028,0.02962962963,0.007589128133,0.002469604863,0.1561643836,0.04442676969,0.01897739635,0.05607680559,0.03438185808,0.01019417476,0.009945884671,-0.004195070792,0.01066499373,0.005385190726,0.02114001107,0.01470303734,-0.002145922747,0.01587012039,0.01361903033,-0.01737724793,0.02756797583,0.03593021247,-0.01118012422,0.05424445227,-0.02310410438,0.01962045674,0.01801801802
0.1184545883,0.02328492739,-0.1036362026,-0.03038712394,-0.02300556586,0.03648757017,-0.01623931624,0.03463687151,-0.04734233464,0.006384790011,0.0199606835,-0.007369811583,-0.03558630916,0.03335250144,0.01305872042,-0.06659896482,-0.04986945433,-0.01431359792,-0.06065318818,-0.09836836111,-0.01037431656,-0.06867615894,-0.004996635439,-0.01102490813,-0.06620879121,-0.003613903673,-0.02485424977,-0.02348305275,-0.01828339259,0.009324324324,-0.007288412911,0.003514463368,-0.001064584812,-0.05282911975,-0.02455590387,-0.1053492022,0.04863410596,-0.006820566632,-0.01100970592,-0.01466320452,-0.08649048235,0.007147962831,-0.003206841261,-0.03610586011,0.02407736333,-0.003917727718,-0.03761755486,-0.1356306393,-0.004800853485,-0.08184764992,-0.001214144787,-0.03046806005,-0.04994731296,-0.0112,0.1177741761,-0.06276491686,-0.02681491171,-0.003328078473,0.07106310404,-0.02922590837,-0.03067885117,-0.006287069988,-0.0367768595,0.03925035361,-0.03555982701,-0.002271573265,0.01132174829,-0.002793296089,-0.01145662848,-0.05126815521,-0.1075309819,-0.04537634409,-0.05548572455,0.03233608026,0.02693810405,-0.06027195884,-0.06236451559,-0.01554648241,0.01169395256,-0.02170283806,-0.02113564669,0.01935840708
0.01156358143,-0.03523366773,0.04541779312,0.02361428735,-0.006076718572,0.01470019342,-0.002823631625,0.0776187905,0.01524937208,-0.0001409840688,0.03558191253,0.03915388387,0.01934657271,-0.00918196995,-0.009516394152,0.04552872635,0.02451222962,0.005940594059,0.01721854305,0.09601867797,-0.05326533503,0.06300296025,0.02893743928,0.01692815855,0.08590761989,0.05315220259,0.03272498427,-0.03057242458,0.004655975168,0.0117820324,-0.003296373989,-0.005455280172,-0.006039076377,0.05914018692,0.01606855919,-0.01041272997,-0.0153937241,0.08716323296,-0.002929544456,0.0604557433,0.04005664576,0.02058197303,-0.001072386059,0.003726220828,0.002312584313,0.01991150442,0.05211726384,0.07273736813,0.05199213865,0.03192115328,-0.03692447956,-0.0332473053,0.1863354037,-0.0145631068,0.0142580957,0.04592102974,-0.003360215054,0.01212653779,0.01220806794,0.08787632221,0.08327721661,0.005610600454,0.01930501931,0.008166042872,0.001494768311,0.08073873681,0.02421244468,0.001556178027,0.005719446117,-0.04147149549,-0.01089510788,0.00292858752,-0.0397338403,0.001995661605,-0.03323988787,0.05846695346,0.1168415437,-0.01116605519,0.1126155878,0.01934015927,0.0312600709,0.02197504069
-0.01352804209,0.01369515597,-0.02318950053,0.00579100958,0.007642338556,-0.03450247808,0.01023742104,0.006513841914,-0.01281145079,0.003243090807,-0.007158196135,0.01462658398,0.005153343389,0.05560235889,0.01764346231,-0.02374098908,0.03613048068,0.02690288714,-0.01204427083,0.003107906767,0.02528804429,-0.02538664794,0.01309858928,-0.004872107186,-0.06664860471,0.00876643707,0.07221206581,-0.0128851259,0.06436663234,0.007145692735,0.05381840048,0.01997697569,0.04181558256,0.04637865311,0.02635740643,0.004670439871,-0.04650230507,-0.002267573696,0.02335830762,-0.009793889782,0.004668352461,0.2277468707,-0.002683843264,0.02051582649,0.02499519323,-0.004338394794,-0.009287925697,0.05672877847,0.005774456522,0.0188168211,0.006942253077,0.02983668342,0.01701570681,0.009646962233,0.01786990708,-0.01380342591,0.01719487525,0.009116166001,0.0181786401,0.02879581152,0.01647326979,0.003798670465,0.02293771044,0.03003712454,0.05771144279,0.01522245051,0.008642602949,-0.002486016159,-0.004788985334,-0.01716328963,0.02030237581,0.02156334232,-0.01445258365,-0.01047800485,-0.1789560895,-0.01293183078,-0.02914012739,0.01355057267,0.03561887801,-0.06277901786,0.073125,0.003716485267
0.0198370762,-0.005504128096,-0.02015783536,0.0007427150684,-0.01251422071,0.004935834156,0.05002156102,0.02115743622,0.003132551687,-0.001827125791,0.002739726027,-0.02092606125,-0.002000750281,-0.005586592179,-0.001201613595,-0.003894027439,-0.03257405508,-0.02875399361,0.02471169687,0.05514488349,0.005107997665,0.03689215035,-0.01064768992,-0.02917176663,-0.01625544267,-0.01663563004,-0.03040636544,0.01947814495,0.005321722303,0.01261332282,0.004992867332,-0.02615854468,0.003773584906,0.02617553802,0.0333846944,0.01438455831,-0.00903931049,-0.02792207792,-0.00645994832,-0.007676409802,-0.007550822846,-0.02095723591,-0.00215285253,-0.004786521156,-0.02419808666,-0.006051803437,-0.0140625,0.05603448276,-0.01030057413,-0.01077375122,-0.02616734566,-0.02226288503,-0.08255193969,-0.009758080911,-0.03768726592,-0.02782462057,-0.03049386808,-0.001634689839,0.01201716738,-0.02071973828,0.02028335542,-0.003666035951,0.06048138243,-0.0009829619921,0.05362182502,0.01361000915,-0.02419354839,0.0445482866,-0.04255639098,0.03456221198,-0.02942421677,-0.01956904134,0.03897147449,-0.01137656428,-0.04742684157,-0.00168444694,-0.02640642939,-0.006843864396,0.01519059903,0.02083953558,-0.03086779266,-0.03967204443
0.01577980292,0.009308176101,0.05218144671,0.04634116376,0.009562211982,0.021021611,0.006981519507,-0.01352833638,0.02007494647,0.01351731907,0.003595053207,0.0186592482,0.0008770830723,-0.003745318352,-0.01228839048,0.03307760681,0.03081685297,0.01425438596,0.03376205788,0.1038401118,0.01844054015,-0.0144638295,0.0102496546,0.02164320235,0.03334316908,0.02449185709,0.02432590856,-0.005920679244,-0.004812319538,0.03269754768,-0.01107168204,0.0133624216,0.005809979494,0.04661100519,-0.003976143141,-0.01906020518,0.01866779805,-0.00083500334,-0.005201560468,0.0568283249,0.03628560281,0.008967312699,-0.002696871629,0.007887649096,0.01268742791,-0.005845104725,0.03645007924,0.03914656772,0.01109025764,0.004809052334,0.01287208367,0.02167810356,-0.05631262525,-0.005132416342,0.01654098759,-0.02029488291,-0.002051282051,0.006549465701,0.02815945717,0.0144766147,0.004995004995,0.008783382789,0.008729388943,0.007543456871,-0.005803571429,0.03800578035,-0.004132231405,0.02564867283,0.001099418879,-0.005626538507,0.003925845147,0.03117290872,0.004447022428,-0.004337434717,0.0005296610169,0.005811773528,0.008591644205,-0.01666666667,0.04376058724,0.04286964129,0.02283653846,-0.04709446433
0.02364338081,0.0166999003,-0.01088970023,0.0009577867889,0.03693560044,0.01135270348,0.01060358891,0.007536446751,0.01854281466,0.02597943873,0.03180971486,0.03157263705,0.0075112669,0.01423200859,0.006438141639,0.06823041967,0.06175970104,0.016,0.005287713841,0.04898875232,-0.001425719989,0.03862043767,0.006722334341,-0.005553270259,-0.004283266705,0.0292667899,0.01688125894,-0.0294143171,-0.002901353965,-0.002010302802,-0.009616764748,0.001480086114,0.004077471967,-0.003266331658,0.02395209581,0.01934810624,0.04081632653,0.01002841384,-0.007262164125,0.02238175676,0.0203313253,-0.009174311927,0.02433747972,-0.0003817522428,0.01214882308,0.001469867712,0.003058103976,0.005356186395,0.03847451907,-0.01182432432,0.003971405878,-0.01557014196,0.03822467615,0.01320676847,0.03062933716,0.0269121813,-0.01712915382,0.02482876712,0.02804817687,0.04866447128,-0.001988071571,0.02012001412,0.01,-0.0006510416667,-0.0184104176,0,0.002074688797,-0.005524861878,0.02055224349,0.03336083933,0.007386487074,0.0002174858634,0.03599615014,0.01840327169,-0.0005293806247,0.01323392358,-0.01286119927,-0.006355932203,-0.0566675683,0.04893736018,0.01703877791,0.00838150289
0.04334735227,0.0117675901,0.06042032147,0.01132331974,0.02384446075,0.007420091324,0.000807102502,-0.03120784795,-0.0004293688278,0.01800947867,0.04041105402,0.04435978563,-0.006585487078,0.007942811755,0.01815352697,-0.03822333438,-0.0001888630507,0.01894020004,0.0354269802,0.002439699938,0.02327241576,0.01445404627,0.007810458173,0.0304033092,0.03355319759,0.004549536067,0.01885199775,-0.0180234446,0.03249272551,0.005161777666,-0.01043478261,0.02351202472,0.02944162437,0.07984623141,0.06773879142,0.01062254263,-0.01120448179,0.01340393844,0.005413313826,0.02726146221,-0.008118081181,0.01012731481,0.00580781415,0.05613901088,0.04088522131,0.01149706458,0.02743902439,0.01527259812,0.02079948001,0.01737891738,0.02768987342,0.01705690805,0.09797504602,0.03034623218,0.0840492222,0.06051724138,0.01324503311,0.002339181287,0.0438131921,0.01186322401,-0.001494023904,0.01326412918,0.03789032749,0.02214983713,-0.02150045746,-0.01052485034,0.01268115942,0.03538011696,0.01752498078,0.04540269222,-0.006038386888,0.02283105023,0.01542177629,0.01335661283,0.08951271186,0.06935246505,-0.002538071066,0.01935378055,-0.01620071685,-0.04718741669,0.02137492779,-0.0005732301519
-0.01600853789,0.005573055488,0.0003661068702,-0.03229232737,0.0752418488,-0.01133144476,-0.01088709677,0.02234035821,-0.00206185567,-0.001197126895,-0.02175654031,-0.004142450847,-0.0162601626,-0.02153926977,-0.01995245373,-0.02231039417,-0.03202760624,0.0052213868,0.01030927835,0.01694699329,-0.01297614064,-0.01702078154,-0.01687486553,-0.04114813328,-0.03412874584,-0.02973601096,-0.01325600663,-0.01169784014,0.00657585721,-0.01164829659,0.03075571178,-0.02467839328,-0.005259697567,-0.0114969361,0.02008215427,0.09331986625,0.01983002833,-0.02808621816,-0.02575669383,-0.1003886878,-0.01041666667,0.02262961902,0.02257217848,0.003435183511,-0.02702702703,-0.007255139057,-0.0118694362,0.05055098828,-0.01910219675,0.05180621675,-0.02494226328,0.01051989633,0.01844262295,-0.02292943269,0.0145641465,-0.01642009429,-0.004471964224,-0.01850308385,0.02229397294,0.1003448276,-0.02473815461,-0.01570859419,0.001284168043,0.02294455067,0.008415147265,-0.05317931546,-0.01380015334,-0.0110138379,-0.02764768092,-0.00196420777,0.02169668041,0.001700680272,0.0230558097,0.01188835286,0.01823043267,0.03646998108,0.004240882103,-0.02928399035,0.001748761294,-0.00167879127,-0.02488687783,-0.05649555492
-0.01485900217,0.01180722892,-0.001159575471,0.03981533218,0.007330889703,0.00152817574,0.006930289442,0.000371425034,0.02556818182,0.02184045812,0.006003547551,0.06158812938,0.009917355372,-0.0005369127517,-0.001819284415,0.002594637749,0.01782641166,-0.001038853106,0.07793552203,0.02152094583,-0.02954481199,-0.09137454325,0.007246691885,0.03349382458,-0.03361103131,-0.007124431888,-0.03890288273,0.007961984192,0.03103126458,0.009631225447,0.04077863029,0.008209959623,0.01817580965,0.007616011335,0.02460850112,-0.01671417535,0.00753968254,0.01327284946,0.01538461538,-0.007598331347,-0.02913533835,0.03361344538,-0.03952772074,-0.01765765766,-0.009259259259,0.01291108404,0.02852852853,-0.01631701632,0.03521583901,0.02116613419,0.01105321333,0.01116475558,0.02670568868,0.008092251669,0.01097741186,0.06181818182,-0.006219765031,0.01944633152,0.01624304407,-0.02036979003,0.00470491971,-0.01214293975,0.02913155002,0.01339563863,0.02920723227,-0.0002352847937,0.02176729723,-0.02427184466,-0.02113113735,0.001421386398,0.005096623487,0.01082342954,0.0007154355214,0.009875702367,-0.06326092146,0.0310373444,0.05557432432,0.01077407592,0.0008728542333,0.004764573991,-0.02755220418,-0.01155015198
0.0231201145,-0.006906406287,-0.007518029581,0.0180746724,0.02216341383,0.02384131223,0.006072874494,0.02611386139,-0.006379585327,0.00847126287,0.005425200054,0.004503187321,-0.002895631374,0.01020682246,-0.0005207429266,-0.002156602522,0.005901231417,-0.006031613977,-0.007271230621,0.002457456381,0.009905316824,0.008029405467,0.0007583061139,-0.00931739923,0.04429250892,-0.03346529754,0.02358765288,0.01356604064,0.009278117221,0.01079452743,-0.03030716724,0.005206247497,0,0.04611238062,-0.01528384279,0.02191180485,0.0153603781,0.0001658099818,-0.02721388644,0.421408197,-0.001355275895,-0.02791327913,-0.009086050241,-0.008253851798,0.01794392523,-0.000481000481,0.0102189781,0.08395396073,0.004859695877,0.02150958154,-0.01874121506,0.0001492091913,0.005522893283,-0.006823198876,-0.01941950303,-0.03160024907,-0.0006954102921,-0.01162015827,0.0001479946722,0.05406269994,0.04143337066,0.01533598689,0.003738650525,-0.03857977252,0.03153153153,0.03511275271,-0.01166624398,-0.01053555751,-0.04126984127,0.007751937984,-0.0004225649694,-0.01175729582,0.01554959786,-0.001686056314,-0.01554536188,-0.01706374759,0.04144663146,-0.05903574943,0.01773255814,0.01868898187,0.02087682672,0.02675276753
0.032691273,0.006954436451,0.0270029109,0.01041596292,0.004207119741,0.009314456036,0.0152917505,0.05186346641,0.01512207485,0.01692943913,-0.007419398354,0.03469958081,0.02045454545,0.009040148897,0.01007294199,0.04106400665,0.0328886067,0.02364511404,0.004422332781,0.04543808029,-0.003173229482,0.1030190817,0.01463126369,0.03189531793,0.01110162254,0.028224,0.01536273115,0.01357906328,0.0130044843,0.00856823544,-0.01492327186,0.01261620186,0.006491398896,-0.002800492887,0.01818181818,-0.04259351267,-0.01939487975,0.008620689655,0.007409647664,0.02281368821,0.007561070182,0.008084750488,0.008629989213,0.01091178102,0.01634226956,-0.0031280077,-0.008670520231,-0.002810743285,0.02761310452,-0.005359877489,0.04981696642,-0.01700731016,-0.04836995039,0.005455647606,0.009156729131,-0.009001768204,0.02261656228,0.005773039484,0.01524119562,-0.002731411229,-0.009090909091,0.006226219301,-0.007981553742,0.01438848921,-0.001746724891,0.004523208367,0.01129073646,0.016563147,0.01887417219,0.03716143012,0.03128302684,0.006798385383,0.03766279479,0.008951190677,0.00336526016,0.01359318703,0.0135218193,0.03276402928,-0.03598971722,0.01916757941,0.01168565586,0.002395926924
0.005022507503,0.003572279114,0.06526761521,0.005924573744,0.01482436352,0.01605758583,0.008323424495,0.03027175783,-0.00982023968,-0.001652052357,-0.02840445773,-0.005514292145,-0.01608512744,0.01607378129,0.00894085282,-0.01909134462,-0.01820775553,0,0.002751788663,-0.01745366459,-0.01750832007,0.02047759443,-0.001242785256,-0.01030315039,0.005067567568,0.01929540645,-0.004202857943,0.008278975243,0,0.00135434622,0.004859225382,0.0222295082,0.0006449532409,-0.001179510222,0.004355400697,-0.02452697435,0.01344936709,0.01101249178,-0.02341639147,0.01590251962,-0.01327689051,0.01078539823,0.03155080214,-0.01481888035,-0.00108401084,0.01762008207,-0.01020408163,-0.03946132164,-0.008349779869,0.0007698229407,-0.0004548211037,-0.01608741842,-0.05269037423,-0.08581189711,0.001477104874,-0.04152473642,-0.04048996257,-0.006284565108,0.04401690716,0.02221545953,0.02643780211,-0.02566746878,0.001966744144,-0.0007880220646,-0.01596675416,0.009906250372,0.006343567622,-0.0130928135,-0.01446213845,0.02820432466,-0.01024800164,-0.0004220299641,0.01204206242,-0.003013056579,-0.03998968008,-0.02504443367,0.004244996968,0.01468106649,0.007259259259,-0.02256851155,-0.006064106266,-0.01673140125
-0.02603421462,0.06395348837,0.01249578549,0.007034128844,0.08161321054,-0.02234332425,0.0161163522,-0.01101836394,0.0004202386956,-0.01209266802,0.002517834662,-0.03462713591,0.001886317907,-0.007520746888,-0.002726653033,-0.01023207352,-0.05394839719,0.005110384301,-0.01262349067,-0.001393565471,-0.03181148748,-0.04472401321,0.007965425456,-0.01201201201,-0.06778711485,-0.002381533952,-0.07456387169,0.01055633217,0.008853474989,0.001229558588,-0.07922059451,-0.03650009622,0.003544956494,-0.01090929539,-0.006504770165,0.01073923437,0.002927400468,0.01853357178,-0.03504457424,-0.02104086196,0.05479719189,0.0511627907,-0.03836184552,-0.007242339833,-0.01591607886,-0.003320683112,0.01914580265,-0.005216824258,-0.005358236375,0.06333333333,-0.00318519642,-0.009409224125,-0.05758647799,-0.01077159815,0.1428571429,0.004569301066,-0.0007092198582,-0.0042162071,0.004467401927,-0.01548079786,0.004709274387,0.02669646007,0.002855103498,0,0.03845298955,-0.02585794057,-0.09329299042,0.00383254717,0.01599340478,0.00609570253,0.0008283288466,-0.001055520372,-0.01826713591,-0.0069677636,-0.01182477829,-0.03065959562,-0.0285326087,0.02195243639,0.009560229446,0.0195162177,-0.05607205113,0.004861744151
0.05408829134,-0.01929296309,-0.1093782574,0.0009690196125,0.004991192014,0.01690821256,0.002707930368,0.02925950934,0.03041250105,0.009663703131,-0.003069624669,0.02731215567,-0.04819882013,-0.001306506402,0.0006835269993,0.01922001447,0.1120327273,-0.0370144397,0.01028349083,-0.06038175955,0.00243383024,-0.00516939387,0.01864697851,0.03221884498,0.07872596154,-0.003856277162,-0.01307388264,0.02379201632,0.02544975867,0.01743829056,0.004016064257,0.009187749667,-0.01316634554,-0.0557734948,-0.0676560454,0.1969793167,-0.0167347733,-0.004788507582,0.01863650844,-0.007787353338,0.05453873174,-0.0866736075,-0.04474393531,-0.0544332211,0.008454328248,0.004997620181,-0.02312138728,0.09357587676,0.01847006311,0.0355678804,-0.01384662203,0.06244160698,-0.01689259645,0.0002222222222,-0.03797935103,0.01095013477,0.04719659333,0.002032348209,-0.03919388464,-0.03296038706,0.02037497609,-0.01512027491,-0.01797153025,0.08264984227,0.02440068493,-0.02768978912,-0.01501668521,-0.1116005874,0.02937358001,0.01797435121,-0.144837575,-0.06424344886,0.009388869921,-0.0009299179981,-0.006527060103,0.01624209267,-0.02222222222,0.01366965012,-0.02432983683,0.03936370989,-0.007386888273,0.03779860901
-0.03463946677,-0.0136456675,-0.02109797481,-0.02796234782,-0.005258545136,-0.01607893294,-0.02912808642,0.007872293899,0.04891969018,-0.01059213885,0.009237228831,-0.002053856686,-0.03389159963,-0.04631083203,0.008794398907,0.04892317375,-0.02925206732,-0.02027455121,-0.05405777166,-0.004615458158,0.07754172989,0.07704529953,-0.0155170198,-0.01766784452,0.01768802228,-0.023780263,-0.02895871842,0.0024554363,-0.0325203252,-0.02208811104,0.008461538462,-0.004947882306,-0.0328669053,-0.02631262042,-0.01076779026,-0.0220722655,-0.02830001979,-0.01507618284,0.01469898358,-0.09282126413,-0.03330995792,-0.02593331433,-0.0039503386,-0.01701285856,0.02004738473,-0.03244139238,-0.01183431953,-0.03461711374,-0.002720265982,-0.02887414134,-0.0456719642,-0.01861351312,0.02354688163,-0.01088646967,-0.001149865849,0.07115480753,-0.02372077262,-0.01326797938,0.01012584985,-0.009068167605,-0.01612449611,-0.04175389625,-0.01884399348,-0.01107226107,-0.01546176348,-0.01294402463,-0.005081874647,-0.02049586777,-0.02553996532,0.01279634957,-0.0002419549964,-0.008581752484,-0.007272112295,-0.007827043493,0.03887215987,-0.03061911171,-0.007787666879,-0.009471825333,-0.007764670748,0.005447470817,-0.02728682171,-0.03321678322
0.004184538132,-0.003919760203,0.01492077632,-0.008621089399,-0.03024963289,-0.001857010214,0.002582952513,0.008027771751,-0.0103381267,0.0043853992,-0.1403411455,-0.006631603019,0.02006552007,-0.01893004115,0.008717731697,0.007200443104,-0.01901700751,0.00237120069,0.002908244874,0.06822807387,0.0109843684,0.04108254704,0.001600161701,-0.110911271,-0.0203914055,0.01831686284,0.1031091371,0.01545329978,0.008403361345,0.00962725253,0.0700228833,0.01505005635,0.00269179004,0.01502690001,-0.001893043067,-0.02503165796,-0.07617107943,0.004233838137,0.02203729388,-0.005652324374,0.01976786362,0.02603861908,0.07082152975,0.004829945663,-0.01554404145,0.0178658835,0.0254491018,0.04998447687,-0.00409152902,0.0008392279103,0.0008084074373,-0.007467144564,0.003937823834,0.0004492362983,0,0.01011200996,-0.01076015272,-0.003168893457,-0.009451525132,-0.02997791101,0.04325869462,-0.01589998786,0.00350877193,0.01635238656,0.03098471986,-0.004052475265,0.01362088536,0.03273709079,0.005015369681,-0.01136141038,-0.003630203291,0.00728929385,-0.02896081772,0.003709863119,0.008168642951,0.006247830614,0.007528431844,0.01458670989,-0.06350639579,0.01444788442,0.07363723303,-0.02411091019
0.03302427336,0.04421296296,0.05089061722,0.02676483326,0.04209569958,0.01823255814,-0.02378121284,0.08394317693,0.04633993088,-0.003595736484,0.001290530731,0.05098987109,0.004014452027,0.007829977629,0.002349387481,-0.02528107051,0.07573239416,0.02279569892,0.0303030303,0.0320235266,0.02855550912,0.03143415568,0.02348199471,0.01753202967,0.04442581727,0.05229323773,0.03451251079,-0.01429207696,0.02061403509,0.03215158924,0.2609067579,0.005160026127,0.02818791946,0.04959181187,0.04788999526,0.04661520786,0.02469135802,0.02999837847,0.004523522316,0.05916473318,-0.005513071314,0.04562303964,0.02116402116,0.02823953535,-0.01524500907,0.0120221207,0.03649635036,-0.02602010645,0.02951917225,0.06732151414,0.02504038772,0.01369244658,0.06688687036,0.004041311181,0.04182655411,0.04712767596,-0.002807017544,0.02147950855,0.02168570189,0.04229017567,-0.001826650836,0.01325851011,-0.01012145749,0.009276706769,0.003705228489,0.05123196392,-0.01147816349,0.006535947712,-0.004185447521,-0.0009906875372,0.01894583435,0.009271822705,0.03894736842,0.01113093721,0.01280710925,0.04691272853,0.03402225755,-0.003354632588,0.0159087257,0.04552390641,0.03533254157,0.03242742434
0.02400161355,0.001330082022,-0.00152452786,-0.003594061076,0.01162452775,-0.001461721177,0.002842062525,0.06681890389,0.01178501726,0.004897538343,-0.02062187852,0.02288905925,0.02079168333,0.003052164262,0.01615603549,0.0006503784733,-0.00551335041,-0.003994953743,0.01069518717,0.03203928414,0.01868905742,-0.004435700796,0.00444460267,0.007952286282,0.008828250401,0.001879699248,-0.01139838755,0.04481317777,-0.009883970778,-0.01812152079,-0.02306648575,0.01994931445,0.003263707572,0.03267935918,0.0006787330317,0.01341776547,0.0436746988,0.01590050378,0.108075653,0.005038335159,0.01502145923,0.02590673575,-0.009844559585,0.01149201402,-0.007371913011,-0.004276550249,0.01126760563,-0.01958105647,0.01625775939,0.004938271605,-0.004570527975,0.02352679234,0.03328173375,0.02347942755,0.00847145488,0.04265333137,-0.007389162562,0.009925140887,0.01570680628,0.03651685393,0.006862475981,-0.02002312702,-0.004647704034,0.006031882809,-0.01353568499,-0.02618843332,-0.01246105919,0.001298701299,0.05512447462,0.0106108687,-0.00357568534,0.01187542012,0.02938196555,0.0001680672269,-0.006709677419,-0.003459637562,-0.009532595326,0.03125500882,0.02641569124,0.001945998541,-0.009176942931,0.02333233622
0.009454402206,0.005756032765,0.01502904918,-0.01390165904,0.003160011491,0.001280878317,0.01174089069,0.001023731968,0.03405297129,-0.002052071309,-0.004441519987,0.01734475375,-0.00639770205,0.001106500692,-0.002553752368,-0.02560669063,0.0009915377882,0.01709943002,0.001113895851,-0.006840910976,-0.01714969423,0.007314824902,-0.001674005207,0.002191540653,0.02121453195,-0.007446060038,-0.003937007874,0.0001798368623,0.02170138889,0.003377563329,0.02326388889,-0.00624362895,0.005530253741,0.008150188297,0.04476599593,-0.001126365931,0.00185528757,-0.000929800093,0.021674343,0.01972537053,0.01585623679,0.005847953216,0.01779173208,-0.01559792028,-0.004363163758,-0.006203769983,0.01114206128,-0.006502554575,0.009307737056,-0.01675228948,-0.005541481951,0.02994706693,0.01498127341,-0.01070570243,0.03469685902,0.00465509945,0.001063452676,-0.003164820521,0.00181108944,-0.01836796146,0.002271901127,0.007949323065,0.001867762421,0.002997858672,0.009563409563,0.02127954461,-0.01089761973,0.001621271077,0.02573923702,0.0107938377,0.01076555024,-0.001107174491,0.02657480315,-0.001428331373,0.01688750325,-0.001157216069,0.006054020491,-0.001243394467,-0.01818462013,0.0235494052,-0.003183791606,0.003800058462
-0.0403902439,0.02289236188,0.009733370536,0.03308950359,0.01174112257,0.02119883041,-0.001600640256,-0.009576050576,-0.0007892093557,-0.001799254595,0.0403172505,-0.01041885919,-0.002628120894,-0.02403979,0.04558969277,-0.03652626757,-0.034194283,0.006434205064,0.0207232267,0.003537810163,0.01203841472,-0.006719554134,0.007308060988,0,0.08569202804,-0.0303030303,0.01298701299,-0.02288226656,0.01359388275,0.01178167829,0.01696640652,0.01448903706,0.009058557101,0.004627564674,-0.01904349708,-0.006872197133,-0.01316872428,0.01574375679,0.01113762928,0.009832211179,0.03850156087,0.00422832981,0.01748071979,-0.0205399061,0.03571095571,0.01968787515,-0.01377410468,0.06139940782,0.02406340058,0.01010904134,-0.02133418246,0.012109265,-0.02970479705,0.02893109541,-0.002470878927,-0.02850322943,0.03647308782,-0.002673573398,0.0006953135864,0.01641104294,0.0296491069,-0.003450400493,0.01360924683,0.01992598918,0.002677100494,-0.05243694384,0.01014786895,0.006150857883,-0.0358476475,-0.02494903407,0.0149112426,0.008423852804,-0.02061361457,-0.003281447202,-0.008431272356,0.02308838133,0.01990433575,0.00871459695,0.01349866583,0,0.01335656214,-0.03552708212
0.03324522163,-0.00494942974,-0.05389352918,-0.03322640713,-0.02236060006,0.02040085898,0.004408817635,-0.05200413029,-0.009334386444,-0.03540620574,-0.003811944091,-0.04860151016,-0.01080368906,0.003114382786,-0.007030015798,-0.03776087283,-0.03377473289,-0.01856052794,-0.0425126039,-0.04502181066,-0.01911253675,-0.005946856061,-0.007492266441,-0.03105182593,0.01769911504,-0.02278265107,-0.02703455964,-0.06030003242,-0.06496227997,-0.00641634981,0.001001001001,-0.02755308392,0.009618467458,-0.06709584328,-0.02713434811,0.004284675558,-0.0252293578,-0.007100862793,-0.01717807501,-0.02497618796,-0.02488309953,-0.03868421053,-0.04699343103,-0.02396644697,0.001260352899,-0.008476571698,0.001396648045,-0.105124064,-0.005065428451,-0.02597548634,-0.03139742964,-0.02128547579,-0.09431450846,-0.01695642842,-0.04458598726,-0.03468709351,-0.03348138025,-0.02806400268,0.002362423569,-0.09400935567,-0.01946107784,-0.01966118462,-0.01177119735,-0.0001395478649,-0.006366810433,0.05654842587,-0.01492537313,-0.02155727156,-0.06754453912,-0.02877339705,-0.02122201493,-0.02308199604,-0.0399738946,-0.009876751646,-0.03195052821,-0.007522446008,-0.005446293495,0.004782474545,0.0006194827319,0.01672201139,-0.02808022923,-0.01539855072
-0.005608580144,0.01773356401,0.001883664789,0.02687212483,0.004921829763,-0.02034373904,-0.003591380686,0.0443608278,0.03051387983,-0.004271222637,-0.03667091837,0.03051643192,0.01611614278,-0.01128986734,0.000954577997,0.01057568113,0.03011340438,0.02248371507,-0.04368862957,-0.03270390624,-0.007766725712,0.04014134043,-0.00443478059,0.006544798014,-0.09165687427,-0.005173918464,-0.01117158407,0.02963460292,-0.0277902286,0.02272183688,0.02644444444,-0.01403691188,0.01810098444,0.01409875074,-0.004988662132,-0.02493708133,-0.004705882353,-0.00138418948,-0.004803202135,0.1365461847,0.003767768454,0.002189980838,0.001590668081,0.02148557397,0.02058982197,0.008786511517,-0.01813110181,-0.01640689089,0.01272804412,0.004502424382,-0.004198857911,-0.007960199005,-0.004618937644,-0.00327510917,0.0512962963,0.03428656985,-0.002827854366,0.01077400448,0.03909607653,0.01932045303,-0.01517736866,0.001765893037,0.02140331286,-0.01584089323,0.002893757751,0,-0.04341491841,0.005261427162,0.001827546104,0.006663249616,0.03859899929,0.01710171017,-0.02107409925,-0.006735442067,0.03273888741,0.0008964955175,-0.03452996653,-0.0221096269,0.02399009441,0.003149422606,-0.01267688679,0.00643974241
-0.009400356224,-0.01317467063,-0.008259476117,-0.01583873821,0.005473926822,-0.03043322592,0.00600720865,0.01934199298,-0.01484034323,0.008981233244,-0.01357166501,0.03742271396,-0.01926858042,-0.02369397659,-0.004053087499,-0.004065912386,0.001213307383,-0.008220304151,0.03005952381,0.01531281717,-0.01950013732,-0.01378056618,-0.003369368381,-0.005156950673,0.04838292367,0.0523842346,-0.0107184241,0.003618085901,-0.03596127248,0.02642656688,-0.01136609656,0.0005931979963,0.006238303182,-0.03079720772,-0.008659981768,0.01669299993,-0.01590371803,-0.006237486524,0.0116637619,0.08776621144,0.01842688961,-0.02267140126,-0.01985177343,-0.002203525641,-0.01224561713,0.04119585687,-0.005681818182,-0.0460383653,-0.01633850021,-0.02321572233,-0.03533479508,-0.007594211205,0.06559797511,-0.009857612267,0.03100228994,0.05674580197,-0.02020560085,-0.0004263665046,0.003735823883,0.1274509804,0.009848623017,-0.03273734576,0.002915451895,0.007019783025,-0.03483099753,-0.010979834,-0.07158087115,-0.001962708538,0.01873963516,-0.01985743381,-0.01376462491,-0.01039823009,-0.006076388889,-0.002660944206,-0.03195876289,-0.02711505578,0.02426343154,0.03940964045,0.0507859734,-0.01302325581,-0.007166318304,0.0225472273
-0.004894615922,-0.007536606374,0.001181406489,-5.103691704e-05,-0.02263610315,-0.01421713442,-0.004378980892,-0.02213747558,-0.01756264725,-0.001660688189,0.01761744966,-0.01191969887,-0.00126971398,0.006432748538,0.007101819342,-0.03551095991,-0.01541707518,-0.03387898881,-0.02239237215,0.03096408129,-0.007352941176,0.01191655398,0.02579067924,-0.002817218842,0.02467917078,0.03399821375,-0.001171303075,0.0169017389,-0.01291248207,-0.03554340396,0.01138727691,0.005401488703,-0.005889646621,-0.01271032563,-0.05287356322,0.04697409193,0.1133435248,-0.0003874467261,0.004373177843,-0.07146619842,-0.007538951248,0.006148686417,-0.02133405347,-0.05350331259,0.009097395648,0.01017408998,-0.02857142857,-0.01993355482,-0.04422203294,-0.009530533004,0.01949471108,0.007941091539,-0.05581947743,0.0171460177,-0.07577310781,-0.02671232877,-0.007597684515,-0.01373485753,-0.005184102087,-0.05594202899,0.01074589128,-0.02954959646,0.0570494186,-0.03112237713,0.004057228272,-0.009714012996,0.04527559055,-0.04228121927,-0.0003255738239,-0.0161038961,-0.04245173296,-0.05499664655,-0.01903930131,0.01506153714,0.02489350373,-0.009876129896,-0.005537609599,-0.001359516616,-0.006760644419,-0.03416588124,-0.008120300752,-0.01728247914
0.001907247541,-0.0529399002,-0.04888268156,-0.07320734738,-0.07739665787,-0.03277767372,-0.08316673331,-0.03509940074,-0.02943100065,-0.03932397365,0.0006595218467,-0.07428571429,-0.0537303446,-0.04183614178,0.006021709849,-0.07065421228,-0.07176858632,-0.1006970509,-0.088517807,-0.05372488726,-0.004444444444,-0.07541971531,-0.03448738594,-0.007119448525,-0.07562620424,-0.06270874122,-0.06713573732,-0.05770254681,-0.1075581395,-0.05882352941,0.005954314171,-0.02686234685,-0.01153726224,-0.08030897499,-0.0817961165,-0.04414758777,-0.06551588858,-0.03317829457,0.01424990104,0.001418305598,-0.0397535449,-0.07694444444,-0.07367549669,-0.08579913034,-0.01926816334,-0.03133393017,-0.06176470588,-0.08349687779,-0.08340141107,-0.01389878831,-0.04664723032,-0.04884687008,-0.04402515723,-0.1027732463,-0.1622146224,-0.04166080225,-0.06963179001,-0.03269613355,-0.1175841796,-0.1700951796,-0.05056731886,-0.08490945674,-0.1072533517,-0.05930232558,-0.05359421523,-0.03339462602,-0.05210295041,-0.1122518823,-0.06904412962,-0.08690601901,-0.1189116968,-0.08185474332,-0.05662393162,-0.008054943191,-0.0461098844,-0.06086221471,-0.07795823666,-0.03978218121,-0.113685735,-0.06757745792,-0.06882959369,-0.06640388114
-0.0005009518084,0.009851088202,-0.0007831620166,-0.02270784764,0.003495392437,-0.006584043377,0,0.007590694006,0.02957472297,0.03476935864,-0.008073817762,0.0516689529,0.0362042144,-0.001212856277,0.01142002048,0.0599308158,0.03204712667,0.05914619604,0.0486381323,-0.1809471671,0.01360544218,0.1024544121,0.01945795691,-0.008194855452,0.02344971339,0.03335995577,0.03834066625,-0.02496998234,0.02442996743,0.01706827309,0.02593628928,0.04329091766,0.0570977918,0.0963204906,0.06106264869,0.04341283824,0.05604534005,0.008819756254,0.01990373358,-0.0107638561,0.02522633383,0.05115859163,0.04676794757,0.05150812065,0.03352559481,0.01085951941,0.04388714734,0.07591979755,0.0860476422,0.08661607035,0.04191401331,0.02936746988,0.1138157895,0.003636363636,0.1443071492,0.04273755324,0.04271159875,0.01600643834,0.07995154452,0.09840917499,0.02559518208,0.01143359719,-0.002310358106,0.007030284302,0.01101123596,0.03237502045,-0.02433774834,0.02775636083,0.0568479972,0.01572799815,0.1486076647,0.02009791291,0.01642129105,0.01683904607,0.01293572985,-0.02808280828,-0.01526589498,0.01071203529,0.004003267974,0.008372579801,0.04070335396,-0.002923026957
0.0536287089,0.0415154265,-0.05303549851,0.03287126355,0.05129829006,0.05360623782,0.03619712167,0.1015556208,0.07773980074,0.01700133869,0.04833887043,0.1206521739,0.03507574724,0.05434122647,0.01946737268,0.02827563074,0.02752031968,0.07971177663,0.0363327149,0.05617815504,0.02460850112,0.1120789348,0.04253578732,0.04475556576,0.1379837067,0.1328775268,0.02209443099,0.04044486942,0.006359300477,0.048988154,0.02685408581,0.1054465669,0.04356908386,0.1631908555,0.04833084205,-0.01555826384,0.012721129,0.0510252742,0.02831632653,0.06509496993,0.07390260631,0.05553965073,0.05236198065,0.02868490733,0.02546215556,0.04617142857,0.006006006006,0.003980459562,0.04834377798,0.01962305987,0.05818370166,0.06569129481,0.131325064,0.02753623188,0.05784805245,0.16,0.05561818865,0.03758141172,0.05243970836,0.08790838666,0.03046151023,0.04188405797,0.05692782709,-0.02892213272,0.07801733719,0.04680433717,0.04021720686,0.06976744186,0.1893412777,0.05829443243,0.0350456073,0.03106845163,0.09080779944,0.03513786147,0.03374109423,0.02407853306,0.04514480409,0.02540523691,0.06322727643,0.05215360664,0.02158948686,0.03876221498
0.04081438493,0.03332607275,0.05431596372,0.02525987948,0.03343373494,0.02867715079,0.03451178451,-0.02318145484,0.09014844804,0.00171120179,0.02963080336,0.04180407371,0.03164556962,0.01957961417,0.02558814543,0.05665367729,0.003968998062,0.04442127216,0.04296583619,0.02374723247,0.05212882096,-0.02922709235,0.06891591474,0.07403339192,0.03668903803,0.002571503542,0.0171750074,0.02950145511,0.06898367562,0.03917186213,0.03411993053,0.02661996497,0.01143837575,0.01578589723,0.05560836502,0.03795147684,0.0518155054,0.05369026013,0.007690399405,0.01245631329,0.01005907712,0.1109302956,0.0746349378,0.0664950665,0.03554421769,0.02818440026,0.03880597015,0.05045954226,0.07884998577,0.02022398608,0.06689508892,0.01180669962,0.1829098503,0.03455571227,0.0978855268,0.02695483244,0.03844784621,0.01543812028,0.05435651479,0.03746130031,0.0001780785326,0.01307553206,0.05477451159,0.01769631853,0.03917525773,0.01721461965,0.01566068515,0.03576437588,0.02170887837,0.08391608392,0.02551020408,0.05707986281,0.0924412666,0.02752964106,0.03901170351,0.08012298788,0.04009779951,0.02735978112,0.04852288382,0.06214549938,0.01408882083,0.03480714958
-0.00521023766,0.03056492411,-0.001994962711,-0.00982635111,-0.03060332265,-0.0476618705,0.02318958503,-0.02691398436,0.009470165883,0.02036793693,0.04309018159,0.00558607206,-0.1134969325,0.07031911889,0.02547106576,-0.06549744685,0.02060731518,0.02955271565,0.02560434845,-0.002934015294,0.01154345006,-0.02350302257,0.04135062393,0.0973614236,0.06624946051,0.02491624791,0.01135371179,0.02257859452,0.03054187192,0.01743264659,0.0645065692,0.02405322416,0.03364433135,-0.03118406834,0.01891040072,0.02652106588,0.006717671207,0.005741352088,0.0131708518,0.03505045141,0.002529244388,0.00732421875,0.007549068948,0.01407884151,0.01576613565,0.009349766256,0.002873563218,-0.0315663064,0.01002638522,-0.007993179154,0.02202171586,0.01397557666,0.04398999559,0.00965689616,0.01228623609,0.03570584062,0.02605416524,0.0827833932,0.009855951478,-0.01253357207,0.00845722425,-0.03762185912,0.02821533668,0.03726129483,-0.005952380952,0.005275154673,0.01188564086,0.005754908599,0.002996458731,-0.03086848635,-0.01243781095,0.01135573581,-0.03740065451,0.009562949498,0.2027534418,0.0226054923,-0.002194013478,0.03136558663,0.005401459854,-0.02136057581,0.005436424041,0.0006060606061
0.04741339704,0.01165882594,0.05879811911,-0.02076223062,0.02946482261,0.02256846081,0.05228628231,-0.0614838348,-0.02421975596,0.002318094012,-0.018146946,-0.0337931673,0.01499423299,0.01240105541,0.005664899412,0.04141890323,-0.07762281465,-0.0001939487975,-0.02412831241,-0.01583029519,0.01371970765,0.03544291007,-0.003289473684,-0.0109972041,0.05990690144,-0.04606741573,0.01727115717,0.01734924673,-0.04875717017,0.01168224299,0.02143652561,-0.01549225387,0.003008752735,-0.02846975089,-0.006628369421,0.004715023871,0.0218721038,0.003425146282,-0.01178471632,-0.04549341543,0.01127404604,0.00339311682,-0.01623376623,-0.001388337961,-0.006143896524,-0.005684210526,0.008595988539,0.047829938,0.007967607106,0.08637730984,-0.004040101751,0.02596012311,-0.01775648253,-0.0007876673793,0.01935378055,-0.05136986301,0.004677581022,0.01018361364,-0.02665165165,-0.02417648837,0.0001765536723,0.0572121558,-0.006902356902,-0.01616524472,0.01716566866,0.02383111835,-0.02142857143,-0.01144395826,0.01262900598,0.009217533798,-0.005953743989,-0.008020164986,0.03593977659,-0.002113668389,-0.0133194589,0.01571966596,0.02528663421,0.02266532779,-0.02628139974,0.001897983393,0.01592069691,0.0890369473
0.04066146153,-0.03780832996,0.03897198576,0.001536843542,0.05870327103,0.01606796565,0.02134895145,0.00159299084,0.03167022747,0.03456250803,0.0177310293,0.063434266,0.01839488636,0.01615845713,0.009604968585,-0.005375468317,0.01428510492,0.02521823472,0.0179362584,-0.0647253827,0.02592967367,0.02527236964,-0.0006482791136,0.01262721447,-0.0103112469,0.0394581861,0.01160158461,-0.007930798367,0.07035175879,0.01913559881,-0.01162896339,0.01782289904,0.03299700027,0.04510414958,0.03380782918,0.01943761502,0.01505532378,0.004551272934,0.09466437177,0.01953055008,0.0005457238637,0.05314009662,0.04493526276,0.02879841112,0.09321620303,0.004128731738,0.01420454545,-0.004057480981,-0.002591680705,0.03856803797,0.01171875,0.0009130037824,0.08378766141,0.01869369369,0.05760257442,0.05824308063,0.03059527769,0.02451504506,0.02828127009,0.07556519046,0.03777581642,0.005330634278,0.03882013901,-0.005172676099,0.0125588697,0.005979552912,0.01216545012,-0.01106571331,0.02963658308,0.04282524863,0.02902557015,0.02772002772,0.03187998125,-0.0003137993253,0.0168740772,0.03417701112,0.1649816176,0.0336653107,0.08112138384,0.00947193938,0.01862803075,-0.01724137931
-0.02996838778,0.02164320235,-0.02872095958,-0.01430207496,0.02537931034,0.02881032446,0.02071772105,-0.0004970178926,0.01358265319,0.004098360656,0.0005905802451,0.02207604974,0.001325057535,-0.0002564760195,0.01559370529,-0.005982036651,0.005541826954,0.02649006623,0.03545103545,-0.0411257494,0.03131549747,-0.002513727883,0.01515598278,0.005955704448,-0.03337835231,-0.008447077002,0.0427972028,0.008824197522,-0.0117370892,0.01564691918,0.02307197353,0.005873877868,-0.07444561774,-0.008003766478,0.02151462995,-0.01457828735,0.03270192995,0.008211808014,0.01257861635,0.02680140598,0.002181704847,-0.01032110092,0,0.05501930502,0.01101190476,-0.002635740643,0.01120448179,-0.1583771855,0.00623619592,-0.001713959246,0.002227502228,-0.001954652072,-0.01773894625,-0.01790846783,0.0006085501293,0.02524448488,-0.00322684737,0.02258665673,0.02150268784,0.007486323064,0.0201564892,-0.004496946104,-0.01256527415,0.009787429271,0.02131782946,0.07280851121,-0.02019230769,0.00327078671,-0.004688721021,-0.005936161931,0.01387956123,0.02157788267,-0.001287293654,0.01710743153,0.01016386642,-0.01699142634,0.01433267587,-0.01004206812,-0.016,-0.0152474783,0.03686502177,0.008488964346
-0.02320326758,-0.01902509255,-0.05938680982,-0.01652904967,0.000807102502,-0.004240282686,-0.01304820587,0.04982595724,0.03142839974,0.0364873222,-0.0005902316659,0.041964207,0.01142220365,-0.01898409441,0.002465135935,-0.0151925078,0.1154523134,0.01529953917,-0.02305084746,-0.006817530207,0.0145845786,0.06417596399,-0.005576856047,-0.02775208141,-0.009580838323,0.02399875331,0.002950643777,0.005100980358,-0.006175771971,-0.008127921802,-0.04299191375,0.02787571617,0.02253280091,0.001371091072,0.02106149958,0.002705896093,-0.00969025783,-0.005898048027,0.0005545696539,0.0216516902,-0.005286891619,0.06628041715,0.01068999028,0.02799634035,0.0007359434795,-0.004016913319,-0.03878116343,-0.1125453812,0.019883796,-0.05942388401,0.0314861461,0.01240370806,0.04076819407,0.04952723998,0.0513912118,0.02839396628,-0.008740692781,-0.005977547747,0.008077346714,0.02943698199,-0.05710712797,0.01281014024,-0.006775739547,-0.02922913827,-0.004933586338,-0.02354653293,0.007523716061,0.06760466712,0.02761057315,0.0283896231,0.03554868624,0.0195819582,0.004473424824,0.01003009027,-0.01396303901,-0.007453219156,-0.06935442053,-0.0119259767,0.009391645641,0.01524535493,0.01315789474,0.004489337823
-0.03714412811,-0.0214907223,-0.001858205667,-0.02805550845,-0.03440860215,-0.02519517388,-0.02019831069,-0.0227358848,-0.07014681892,-0.03472553699,0.08430532999,-0.05338861156,-0.03084974521,-0.04105648536,-0.02908733226,-0.05022541561,-0.02397907281,-0.03658315178,0.01374045802,-0.03664342816,-0.0247437257,-0.0780319577,-0.03283093819,-0.03882017127,0.004030632809,-0.07061330087,-0.02380315592,0.005260346209,-0.0430210325,-0.007337582347,-0.01412946533,0.03017472398,-0.03682008368,-0.06098267418,-0.0350660066,-0.03127445425,-0.047352787,-0.02570984602,0.02039685179,-0.05444798124,-0.03720493982,-0.01217126712,-0.05913461538,-0.01352794589,0.008971907633,-0.01273614944,-0.03746397695,-0.01636363636,-0.01797695911,0.01156069364,-0.03023773612,-0.01225174104,-0.06584655228,-0.02938652939,-0.009255242227,-0.05921052632,-0.03069888961,-0.03531094163,-0.04904698312,-0.07398667407,-0.02572944297,-0.02702702703,-0.03144758735,-0.05959438378,-0.02974828375,-0.0216825356,-0.007142857143,-0.01510768242,-0.01158792818,0.003331746787,-0.05842217484,-0.01747949935,-0.03819444444,-0.02169429379,0.01082882132,-0.03323214571,-0.02423735896,0.01470588235,-0.06582419108,-0.04504927264,-0.0284609008,-0.06983240223
0.04356664357,0.02806942361,0.001535269208,0.03190891906,0.03591314031,0.04149981798,0.05772113943,-0.09945715394,0.03088972431,-0.004326863642,0.01130174292,0.01447979979,0.05954241864,0.02263430597,0.03632679644,0.06558258548,0.04910661108,0.03307264675,0.0199890471,0.02947559932,-0.005255527365,0.02982469265,0.03527422083,0.0752326272,0.02669610598,0.02696359369,0.06767123288,0.03408832794,0.01398601399,0.02179777706,0.06780306637,0.01428125488,0.05502461628,0.06236329987,0.0859341599,0.06979840083,0.04548789435,0.04929679571,0.01205866377,0.03366406804,0.05601558695,0.05280528053,0.06182933061,0.03735113677,0.007142857143,0.01118039131,0.04491017964,0.04366913124,0.0114735078,0.02917293233,0.02488520219,0.04191147669,0.05101192126,0.05414364641,0.08626477886,0.06385417861,0.05053908356,0.04519365996,0.04110813226,0.03837505621,0.03012977584,0.04515599343,0.03401477409,0.05507631055,0.02240566038,0.04784649141,-0.03335513407,0.03524804178,-0.004637979902,0.08425047438,-0.006567028986,0.02591697782,0.07722492544,0.03810416179,0.01091882983,0.05866798876,0.02698072805,0.0251572327,0.07403002824,0.05503685504,0.06626848692,0.05255255255
0.008588631132,-0.01104626928,0.01794219351,0.009412173586,-0.0008062348831,0.02892345334,0.008504606662,0.04736275565,-0.01021090379,0.02284579091,0.03393025448,0.008546255507,0.005700107296,-0.004266666667,0.0009077578381,0.009274565418,-0.02515001845,-0.006658153958,-0.004966442953,0.01559345574,0.04402744884,0.002179577209,-0.009684947491,-0.006996869821,-0.01212121212,0.002976348658,0.001026430588,-0.005230242572,0.002955665025,-0.009821522864,-0.00811558013,0.002692929137,0.01043096349,0.0005278994879,-0.003543307087,-0.007699121891,0.01245614035,-0.0004145364101,0.01009016745,0.02665409667,0.01629766298,-0.005433646813,-0.01058710298,-0.02452600452,0.02040816327,0.000318945354,0.007163323782,-0.001771087005,0.007902115728,-0.0313656731,0.005925711808,-0.002380952381,-0.02057504616,0.0106918239,-0.01679656006,-0.006357758621,-0.008017960231,0.0003636628118,-0.01103617413,0.02584091237,-0.009866972073,0.006546216287,0.009386941352,0.01981132075,0.008842752787,0.00948880526,0.04093369418,-0.008196721311,0.01850893088,-0.01089429471,-0.001823569638,-0.01209591094,-0.006411190441,0.002482136141,0.01294069696,-0.004214798626,0.01570753406,0.0245398773,0.0155017301,-0.02212389381,0.0001333688984,-0.01084165478
-0.06724607146,-0.02370916754,-0.03156678631,-0.03322122551,-0.03308230231,-0.04951167728,-0.04919184821,-0.00529290853,-0.02984341418,-0.03034717164,-0.02982159135,-0.02218921988,-0.01406948056,-0.02945902517,-0.0233012418,-0.05384297093,-0.01947966674,-0.03323845377,-0.02900310266,-0.03143891858,-0.02024197301,-0.003382945518,-0.0193236715,-0.02948266271,-0.02770631308,-0.03465635101,-0.04947449372,-0.02270994513,-0.02504911591,-0.03103668942,-0.01609422766,-0.03458154287,-0.05243140451,0.00627868939,-0.04543658633,-0.0289957148,-0.03448275862,-0.03483549903,-0.004675876727,0.01035144837,-0.02919818457,-0.02143307418,-0.03745136187,-0.02772824536,-0.0124822695,-0.01541077692,-0.03271692745,-0.01131071191,-0.04375316136,-0.0004022526146,-0.05373563218,-0.02009797764,-0.0005386479935,-0.03370669985,-0.01421347547,0.009760329682,-0.004849660524,-0.01403228152,-0.02690638562,-0.04939487757,-0.02820535635,-0.046566077,-0.03448275862,-0.04301572618,-0.03849085366,-0.0653020372,-0.01007474813,-0.009694850604,-0.02821197103,-0.03596231256,-0.02272208267,-0.01852855131,-0.03695556533,-0.02385954382,0.002112463535,-0.02900141088,-0.03599288354,-0.01262692007,-0.01908136841,-0.04620147654,-0.04600613415,-0.05307182002
0.02823529412,0.005936319482,-0.03567293281,-0.0431215108,0.01808066759,0.003752680486,0.03658536585,0.04571989461,-0.01120324071,0.004381572359,0.01610738255,0.04529616725,-0.004869471121,0.01738410596,0.018,-0.05247909036,0.03296341391,0.009022699212,-0.01194776327,-0.03729122368,-0.0135359772,0.002085242563,0.0109936321,0.03458158196,-0.006716873601,0.006532359884,-0.04584681769,-0.009596037105,-0.04987405542,-0.04545954871,0.02311980261,-0.0166384061,-0.02780963303,-0.003250838926,-0.02069536424,0.02165736305,-0.00807609476,0.03079346892,0.02316890882,-0.02247376683,0.009661835749,0.01052179515,-0.0050530571,-0.006510774874,-0.002729100833,0.01640759931,0.05,0.03880663975,0.03021687384,0.04637826962,-0.0004555116915,0.03422638123,-0.01239558071,-0.01985617688,0.002634132816,0.03726774783,0.01575698506,0.03133987169,-0.01490825688,-0.06262028127,0.0117194653,-0.01227830832,-0.0233549267,-0.01482197519,0.002378121284,-0.002620493948,-0.0508864084,0.0515166105,0.03648489604,0.01238873084,-0.007594345134,0.003532788695,-0.009593421654,0.01710222905,0.04025296125,-0.01921214078,0.01192504259,-0.03203691496,0.08322912325,-0.004494382022,-0.05479452055,0.04538531831
-0.02983981693,-0.007725321888,-0.002298823753,0.02694845151,-0.004098360656,0.01068185864,-0.01319073084,-0.004940223298,0.01414671617,0.004736382899,0.004359313078,0.04111111111,-0.03099089303,0.001898562517,-0.01964636542,-0.03053904883,0.01411539383,0.003106174699,0.008577052868,0.05805638559,0.02768415985,-0.01122637814,0.005050805158,0.0163434903,-0.04774590164,-0.01592495637,-0.01243640475,-0.02790057032,0.0737009544,-0.003459409594,0.06189710611,-0.01438732622,0.02801533471,-0.03303524461,-0.008030431107,0.009742726114,0.01320788855,0.01486730582,-0.03057497652,0.03845828755,0.0123475845,0.02178070548,0.01371254444,-0.00886099317,-0.03917614864,0.004672897196,-0.01120448179,-0.00518246599,-0.02586483538,0.04509181809,-0.02020355461,0.001611303917,0.01473396999,-0.008979413053,0.02115597345,0.02971629737,0.0030385415,-0.002574002574,0.003492433062,-0.0843335439,-0.008914027149,-0.05980662983,-0.007680223425,-0.04529844644,0.01344404903,-0.02541355656,-0.03787616742,-0.02274114774,-0.03456977038,-0.03580493111,-0.02955027078,-0.002860286029,-0.02506150062,0.01379180049,-0.006851297887,-0.02518518519,0.007996632997,0.001634432035,0.02603899436,-0.02809129671,-0.006506950606,0.007867132867
0.06708180017,0.01665224913,0.06507498108,0.05145388889,-0.01769547325,-0.001409194997,0.01047687861,0.0635488035,0.008205516632,0.09316461977,-0.002499013547,0.01896396027,0.01851592089,-0.009745533297,0.02279559118,0.03336573367,0.02746959603,0.03312376842,0.01408057995,0.3237693862,-0.007378777231,0.03689863635,0.02364904813,0.01935132189,0.06391220142,0.01285745954,-0.01144819691,0.04472576082,0.02888888889,0.0340199028,0.008873748843,0.04576020994,0.002868617326,0.09716026548,0.0328078398,-0.01812920832,0.01428571429,0.01738773275,0.02508073197,0.01839492105,0.03857295319,0.0289071436,0.03281563126,0.01806667908,0.05471443562,0.01849894292,0.03682719547,0.07488604298,0.04644880748,0.02171113155,0.01100775194,-0.009652270759,0.1152191449,0.01878453039,0.116858497,0.0006033182504,-0.0162627551,0.02931899642,0.0464037123,0.07002414626,0.08788750399,-0.008667548112,0.02427440633,0.04419321686,0.03726102224,0.02112009488,-0.04224339385,0.0595033578,0.06874019864,-0.05067218201,-0.05398519956,0.03254633716,-0.06860116701,0.008386134924,0.03944811504,0.03292806484,0.01809324983,0.06085123742,-0.01050131266,0.003870967742,-0.005061030068,0.04105232726
0.04889478338,-0.1218889598,0.1770009614,-0.008421523327,-0.0601871247,-0.05080261069,-0.04075795495,-0.008589300719,-0.0452638828,-0.001475261008,-0.01252637131,-0.04471479214,-0.09750723041,-0.0224166211,0.02165774466,-0.02767166414,0.07604046905,-0.02833787466,-0.0224085785,-0.01230674214,-0.03504424779,-0.02520211435,-0.03615571214,-0.03190730838,-0.09617718447,-0.02511490479,-0.02229299363,-0.041916726,0.01391888649,-0.01208594449,-0.0199674851,-0.005227938101,-0.03661327231,-0.03426219754,-0.0571369637,-0.02664075546,-0.06355633803,-0.01170771094,-0.03549301691,-0.1114130435,-0.02040516735,0.1109651339,-0.04826582585,-0.04326747164,0.02657760091,-0.04597820446,-0.01366120219,-0.02665589661,-0.05811244727,0.01647757969,-0.05827327097,-0.04410845933,-0.05515370705,-0.02451193059,-0.005577109602,-0.04190533615,-0.01426256078,-0.03370708267,-0.05567873861,-0.08333333333,-0.009568574786,-0.03482513337,-0.07066804053,-0.0124671916,-0.06187699831,-0.0006321126635,0.04767267267,-0.02329009434,-0.005074590364,-0.02535155476,-0.004103616312,-0.03899989315,-0.02133423637,-0.02435778969,-0.006356328286,-0.0438123263,-0.007655502392,-0.0301865026,0.01857233102,-0.01568123393,-0.02872531418,-0.02304915301
0.009188232319,0.0261627907,0.01670946854,-0.005486659151,-0.02139673105,0.06095521279,0.01080879612,-0.08748469724,-0.01632786885,0.009432890101,0.02016290559,-0.003795226449,0.02411109416,-0.001398210291,0.01054794521,0.01986120845,0.01764076923,0.01458216489,0.01715651807,0.004535845559,-0.006603081438,-0.03236606251,0.03080057526,0.0578162401,-0.04733131923,-0.03788516585,0.008291382884,0.01154149009,0.04331360947,-0.004984141368,-0.01369629945,0.07772755939,0.04809976247,-0.01283565231,0.02865893678,-0.01151558999,-0.003572100019,0.04125816993,0.03015786609,-0.02968159741,0.002098006893,-0.0125534431,0.03873598369,0.04321636868,0.0369652499,0.03220191471,0.02770083102,-0.03630705394,-0.0189171123,-0.05270617415,0.02849698746,-0.00431372549,-0.03272727273,-0.06026239715,-0.03584491587,-0.01405496119,0.05047681684,0.003459459459,0.01330550483,-0.002989273782,-0.01491525424,0.04775065254,0.05959530629,0.03629568106,-0.007618283881,0.02534296481,0,0.01811047389,0.0130891661,0.04247104247,0.01751223281,0.02068045364,0.04498269896,-0.008713441431,-0.003951081844,0.04222944093,0.04683840749,0.02431932329,-0.01438848921,0.01462522852,0.01663585952,-0.01364411597
0.06147677915,0.03564683664,0.03041342012,0.04133898881,0.04342544792,0.04160098091,0.08517699115,0.0515995872,0.02313179121,0.03107408241,0.0304973822,-0.01896376566,0.05617642676,0.02996359563,-0.002982242104,0.06796689735,-0.01315259352,0.06808549843,0.0577906816,0.05198988862,0.04505169867,0.00670444311,0.03185676084,0.04838990426,0.04345783416,0.06341150391,0.01953010279,0.03938984444,0.04854809437,0.02743624772,0.01548214594,0.002340664163,0.02209631728,0.03261039164,0.02594640578,0.01883141495,0.05377358491,0.02916176278,0.01648700063,0.05357804968,0.06146253926,0.03896821741,0.09470068695,0.04573366328,0.02563417891,0.02782462057,0.03234501348,0.006458557589,0.0818968454,0.05657377969,0.01686193794,0.05461467769,0.001714813349,0.0056791292,0.03502781993,0.07191489362,0.02144310534,0.02833441069,0.0583161689,0.1234567901,0.04667068135,0.01084407972,0.05807464248,0.03406267532,0.06383838384,0.08115336744,-0.01056968828,0.03528016602,0.0222006551,0.04883040936,0.05062009618,0.05413943355,0.02375827815,0.001834441642,0.06054023423,0.1281167979,0.01592314778,0.005290322581,0.05726151523,-0.01621621622,0.02,0.03314121037
0.04658482845,0.006382493731,-0.004426576113,-0.02931980356,-0.01746216531,-0.02110485159,0.006795786612,0.02561334642,0.03218660412,0.02183882944,-0.001778229392,0.06851915775,0.0008465011287,0.005845568244,0.008769544528,0.09444701233,0.04320125701,0.005261795911,0.02078159718,0.01231495651,0.02143698469,0.05643689275,0.004732394366,0.03652664785,-0.02003601981,0.01014866422,0.01872389457,0.02833340346,0.01125054089,0.06747922438,0.03720219136,0.01444903916,-0.008592017738,0.01213861187,0.03275290216,0.005815205686,0.03222918532,0.001397712834,0.02760449158,0.03044166813,0.02958579882,0.02057102323,-0.006723442403,0.03382997371,0.01275709451,0.01579163249,-0.001305483029,-0.0006417112299,0.0447761194,-0.01185945659,-0.004904632153,0.0256442176,0.09836713195,-0.006941176471,0.05076359194,0.07016673283,-0.001225865768,-0.001222280426,0.01179905121,-0.01412872841,-0.01894546501,0.01942592056,0.02109774188,-0.0223221206,-0.03418154197,0.0257182086,-0.08057215282,-0.01302978236,0.04889627344,0.03233900195,-0.005299927728,-0.009610416451,0.002506670979,0.02891584649,0.0148722059,0.02137559983,0.002461139896,-0.01707097934,0.0110701107,0.007587650445,0.0219845514,0.003626220363
-0.02939849624,-0.006115515289,0.01450807979,0.07480373832,0.008886255924,0.02851743687,0.01889976375,-0.006506554397,0.007637924504,0.006892498397,0.06400305382,-0.02834760136,0.02417535946,-0.002838221381,-0.003032549363,0.03463124596,0.01764623387,0.02865968766,0.02163892446,0.01782341849,-0.02064114391,-0.01569052347,0.01132667938,0.007848790646,0.01332414427,0.002606712284,-0.005938074367,0.005339519811,-0.005348737698,0.02428897654,0.1565327765,0.01668904661,-0.03075202684,-0.0342871361,0.0289040546,-0.02033307378,0.004163052905,0.000761324705,0.07239338291,0.02604166667,-0.009578544061,-0.001824500434,0.0196299639,0.01347914547,0.02724935733,0.01756511205,0.03529411765,-0.03381849315,0.02266425558,-0.1303179579,0.0156470036,0.02378929482,0.06318187268,-0.01670418197,0.05958955875,0.005471575628,0.007671064744,-0.007832167832,0.01562875691,-0.005095541401,0.04993297587,0.006114903299,0.03309120258,0.009513239258,-0.006685017696,0.01476568904,0.0460811343,0.03206151168,0.0105227427,-0.02079395085,0.01985953015,0.03401502504,-0.006936602678,0.01694349696,-0.01333801334,0.01267084282,-0.02235430934,-0.01188299817,0.02801977867,0.001817709686,-0.004069767442,-0.03891050584
-0.01510574018,-0.02347310848,-0.01839701287,-0.001599770443,-0.03934233705,0.01169199933,-0.0274925472,-0.0236925744,-0.02894192821,-0.01257628018,-0.001435063382,-0.01579253595,0.0006881838827,-0.03984819734,0.01852102204,-0.02593244757,-0.0006734168691,-0.02535869203,-0.02331119188,-0.07208729126,-0.03579418345,0.02014674031,-0.03703703704,-0.01589319771,-0.02561777375,0.001570794063,-0.01237377329,0.04153694004,0.003011400301,-0.01048844751,-0.02846420732,-0.02556603774,-0.02076723392,-0.005101514995,-0.06008583691,-0.02119164662,-0.03713940231,-0.009255737289,-0.005094820266,0.0566697179,-0.03150041448,-0.01357820524,0.0006638636867,-0.02199916353,-0.002752752753,-0.02222222222,-0.007575757576,0.03234381923,-0.02770246375,0.02996910402,-0.04090278848,-0.02276229994,0.0100360848,-0.01530120482,0.01080873477,0.04390333887,-0.02984165652,-0.02051029039,-0.04379734848,-0.08258642766,-0.02373922758,0.007491166078,-0.035,-0.03329668604,-0.03107680127,-0.00796112029,-0.03802710843,0.004779308406,-0.0440040309,-0.05699577128,-0.0346710995,-0.03592330979,-0.07439896036,0.002880163331,-0.01040554963,-0.02150991143,0.005551149881,-0.01110083256,0.02542372881,-0.003628823224,-0.01795096322,-0.04511278195
-0.01722510618,-0.0301050175,-0.01376267599,-0.02170388056,-0.05776283619,-0.01353805514,-0.03610354223,-0.0006905396074,0.05173859751,0.01080180567,0.03916167665,0.02052191538,-0.03720514408,-0.02004517222,-0.004579240775,-0.04811832375,0.01398305697,-0.001540568299,0.005132811497,-0.05309339725,0.0214922457,0.05833132843,0.005872869645,0.001776485788,0.01233131689,-0.03466551295,-0.01065668203,-0.02031143153,-0.005790263779,0.01776844693,0.006049121784,0.04102526866,0.02091310751,0.01890506034,0.0199252802,0.0288881161,0.09921062074,0.006782697722,0.01327643433,0.005906441959,0.0209700428,-0.01500044119,0.01592215834,0.005730413958,0.05031367629,0.03500405844,0,-0.05836909871,0.01224539282,-0.007099290071,0.004337001044,0.008006793643,0.01909121358,0.01199070109,0.05064321772,0.09886905814,-0.01443816698,0.001511117507,-0.01101757861,-0.005408234473,-0.02836241775,-0.02749719416,-0.00420984456,0.001299756296,-0.03207354443,-0.02823006586,-0.01976516634,0.01175153889,0.03443429375,-0.04269838175,0.01869618696,-0.004291396274,-0.03755703756,0.008288497892,-0.01752493934,0.03563218391,-0.03338590957,0.02605906722,0.001228501229,-0.03329864724,-0.009659681974,-0.003634161114
0.01808723489,0.03115976901,0.004714074002,0.00664162215,0.01200129744,-0.01054393305,0.00371024735,-0.01026653504,0.0215297798,0.03535541496,0.0132534286,0.01737835154,0.0009285714286,0.01685393258,0.01960130675,0.01962984704,0.1006595698,0.005657466141,-0.02527767139,0.007181319611,0.01984459056,0.0587690639,-0.0005151688609,0.03038852168,0.02769478281,0.03887955182,0.03493449782,-0.01594626611,0,0.007546790099,-0.0007244277021,0.001092743717,-0.02769763416,-0.02348515657,-0.02442002442,0.002742393208,0.03280561449,0.01989322486,-0.004398689752,-0.01518828779,0.03493083694,0.02606826122,-0.01131911189,0.02729823965,-0.007884362681,0.004999509852,-0.005089058524,0.3413855971,0.00934243622,0.04602215509,0.01959216313,0.01925622819,0.0231704645,0.02091645508,0.05145691259,-0.006030393182,0.0525477707,0.02126742348,-0.0182751283,-0.01701455885,0.0243533123,0.01557991922,-0.01089430894,0.03780626318,0.0303925707,0.006076059242,-0.0345378319,-0.003042035398,-0.00147192029,0.01466395112,0.001086694035,0.01461158415,0.01841721371,0.01330400923,-0.02542993048,0.01470588235,-0.005575197172,-0.01914561084,0.01293920803,-0.01412809473,0.03991596639,0.02978723404
-0.006603254461,-0.04421887761,-0.001386259661,-0.007490845377,0.008333333333,-0.04245602165,-0.0265798275,0.004288848993,-0.01342019935,-0.01427544418,-0.02195177434,-0.02375142346,-0.01691286662,0.03414081315,-0.003694500752,-0.02654125535,-0.06924266276,-0.01125127855,-0.03601833661,-0.00571858689,0.001113585746,-0.03876086328,-0.01620754825,-0.008996323242,0.005255507101,-0.02793356342,-0.03628691983,-0.0118555928,-0.006902502157,-0.01897533207,0.01812382195,0.0189976311,-0.01038575668,-0.02332118688,-0.05006257822,-0.004033962338,-0.05183312263,-0.006294011342,-0.006016168453,-0.0360918992,0.0005400297016,0.03841452768,-0.05460149714,0.07301324503,-0.0149307646,-0.02438548576,-0.01023017903,0.0005946313286,-0.03287053518,0.01107153172,-0.004705882353,-0.01428740111,0.008512232989,-0.009947891994,-0.01601808176,0.04461252225,-0.01028744327,-0.009145912481,-0.07956139232,-0.04782298358,-0.01297528127,-0.03210227273,-0.02515206313,0.0009380863039,-0.03523146252,-0.0246267837,-0.06327543424,-0.02981969487,-0.01831273387,-0.06734243276,0.02955011458,-0.01388313303,-0.04959713518,0.002383917452,-0.01727050873,-0.01695378726,-0.0321345549,0.01487186297,0.00792864222,-0.0342568582,-0.04329004329,-0.01948051948
0.007755005144,0.01428222656,0.006540215558,-0.03062542882,-0.01335028608,0.02826355768,-0.01555153707,-0.02880127123,-0.0549283345,-0.0152115024,0.02349110362,-0.05874020997,-0.0162601626,0.01369863014,0.0008860302563,0.03059582721,-0.04216717433,-0.02051724138,0.03573369565,-0.0006145731698,-0.006147181078,-0.04252033581,0.004191407614,-0.01452478686,-0.02847608454,-0.05342283368,0.005253940455,-0.01907758189,-0.01520417029,-0.003868471954,-0.01936770151,-0.01449539612,-0.003298350825,-0.02574352414,-0.02678963549,0.01614153946,-0.02533333333,0.001254233036,-0.01692831473,-0.02474226804,-0.009580353529,-0.03951572221,0.009082440615,-0.0313223268,-0.01014545899,-0.01599680064,0.01033591731,0.03854317005,-0.01496932515,0.05760807465,-0.02206461781,-0.007666506948,-0.06083448349,-0.01602870813,-0.04653949865,-0.08018740078,-0.009782940997,-0.003408122692,0.002216373459,0.02811094453,0.003328063899,0.006750807162,0.006913996627,-0.01351140269,0.0118895966,0.009576480802,0.05960264901,-0.0002859185132,-0.003869477332,0.002797804799,-0.01616682287,-0.02836730406,-0.006405425772,0.003052676416,-0.006112702961,-0.01363004172,0.005227465386,0.01386889965,-0.01649732328,0.01837196156,0.009803921569,-0.005719446117
-0.003926187672,0.005175111325,0.01411017399,0.008621932163,0.02222938144,0.009792131936,0.02792064658,0.04591471521,0.04643225142,0.02623783326,0.0420406772,0.03071611932,0.01431523022,0.006756756757,-0.02281967213,0.0124387136,0.02404383534,0.006953001232,-0.002754820937,0.1240079562,0.03787700283,0.03804829294,-0.003826086957,-0.01105414931,0.02518891688,0.07190998066,-0.01103368177,0.002111707221,0.005293339215,0.0004087889627,0.0004356665699,0.00934320074,-0.004813477738,0.0413042289,0.007671480144,0.05440086046,0.1723666211,-0.01102342478,0.002308802309,0.08084566596,0.01539509537,0.003676470588,0.0408492961,0.0154507805,0.01037293159,-0.003048160943,0.002557544757,0.03000081746,-0.0008719481814,0.06077248582,0.01208702659,0.0008450024143,0.1285326701,-0.02698760029,0.03257567822,0.0282875905,-0.04106205619,0.01268167569,0.004837595024,0.01640539555,-0.01559001576,0.01370262391,0.03450008374,0.0050668989,0.01279899287,-0.001340604915,0.01291666667,0.003289003289,0.01461038961,0.02478806739,0.04131936175,-0.004974048443,0.05062571104,0.001910963267,-0.00221026331,0.005922165821,-0.009838369642,-0.05536198219,0.03788047101,-0.01720788232,-0.009111277072,0.009688162277
0.005912495073,0.02741858238,0.01869938835,-0.00749107019,0.03151591554,-0.005273902688,0.01786990708,-0.01588775909,0.02141670257,-0.01092783505,-0.05004906771,-0.01451391274,-0.001309471846,-0.006979865772,-0.01818547846,-0.006943113149,-0.001039776776,0.01686915479,-0.02762430939,0.1953108179,-0.0262784494,-0.009978773688,-0.01303538175,-0.009638749393,-0.002568684387,0.01536358666,-0.003523194363,-0.01528074509,0.01250548486,-0.0126672796,0.01306430541,-0.004903308588,0.05471584039,0.01492066828,-0.02552619794,0.01967490556,-0.007511668611,-0.01000633312,-0.01828390441,-0.01768249746,-0.03797128673,-0.0006977149834,-0.02039911308,-0.0004705882353,-0.02578831582,-0.001630656339,-0.002551020408,0.00873015873,-0.005485600299,-0.03310134103,0.01719745223,0.03582197564,0.05689672443,0.01949025487,-0.03702576588,-0.0164565253,0.0206052801,-0.01737723371,-0.009766162311,0.01362984218,0.02636677618,0.01164797239,-0.01181803464,0.005750295392,0.002278848146,-0.03243095045,0.1197038256,0.003135689852,0.01177142857,0.06366492147,0.0008004574042,0.02173440556,0.06722613247,-0.01864933597,-0.06828469614,0.02971684889,-0.01745919092,-0.01215846995,-0.002461736059,0.0163795538,-0.001507386192,0.0191904048
0.03957680251,0.1194499476,0.125927704,0.03964905515,-0.007027192178,0.007012142979,0.01439606742,0.02270130644,-0.02163041514,0.0604544507,-0.01147842057,-0.0003050108932,0.008595571096,-0.005271695053,0.00444262183,0.05185409008,-0.0795656577,-0.04486848891,0.03557900433,-0.002308289238,0.01235719282,0.04654989756,-0.001179245283,-0.02658051852,-0.006606203113,-0.05901674654,0.01679434296,0.05386336478,0.02795232936,0.05121572685,0.02765439175,0.03674879116,0.05789624534,-0.04902163785,-0.08226102941,-0.09486780715,0.05400837681,0.01215455476,0.001857554871,0.01855834329,0.0189679219,0.04451038576,0.004979628791,-0.01647834275,0.008907288922,0.006124948959,0.01023017903,0.04295830055,0.02005766579,0.08198735955,0.04085785848,0.01746623195,-0.03914320917,0.03946078431,-0.004002949542,-0.02630483643,0.00141955836,0.002291114771,0.06028615085,0.0355626327,-0.02101116218,-0.005685856432,-0.007208387942,0.04871553885,0.02645721372,0.03708826672,0.05804555474,-0.05924978687,0.02394668474,-0.02638314629,-0.01165447898,-0.01765581791,-0.02063076013,-0.02778577599,0.01178416374,0.0487340049,0.006645478185,-0.01749412253,-0.02746781116,0.01055848847,0.02083333333,0.03471609297
-0.02977761025,0.004372267333,-0.03538876428,-0.02345791997,0.02861538462,-0.001698369565,0.009691934926,0.02642315912,-0.001662766351,-0.008354629448,-0.02310729215,-0.04197358671,-0.002527805865,0.04959913032,-0.008233532934,0.01137887009,-0.007835178668,-0.004769618431,-0.009144350098,-0.01975055831,0.006448641179,0.001457083721,0.0212514758,0.05494874811,-0.0522993688,-0.01974248927,-0.001159084323,0.0003377604072,-0.02234401349,-0.003051181102,-0.01108477412,-0.01039399458,-0.008127878624,0.03233356921,-0.00450676014,-0.004315312075,0.0185443391,-0.006193907218,-0.01166138082,-0.01235533312,0,-0.008856951872,0.01846846847,0.009254826871,-0.03867197215,0.002232142857,-0.01518987342,-0.03198551599,-0.01056900578,0.0382930391,-0.006542337194,-0.03879606317,-0.003748273821,0.01744871493,0.04822845056,-0.005556980422,0.001732556308,0.01478677048,0.007336564915,-0.02033145396,-0.02473172368,-0.001715511079,-0.04694719472,-0.002240477969,0.01973419251,0.01462858808,-0.03333333333,-0.0004531037608,-0.03662437948,0.006117290192,0.02323699422,0.01862278042,0.02236035569,0.001332741004,-0.003269309358,-0.02518172378,-0.01994833525,0.01358294039,-0.04777140335,0.009348364036,-0.006802721088,-0.00398066534
-0.01849261849,-0.01803482587,0.0231895329,-0.0127706004,-0.02213580616,-0.01726777816,0.001371271855,-0.008801817149,-0.006538769971,-0.01873327386,0.001426363961,0.03184713376,-7.240605315e-05,0.01838425686,-0.01015437393,-0.06397046061,0.02767826627,-0.01546251922,0.01232696111,0.06315518586,-0.01464530892,0.007149757924,0.008208092486,-0.001592863969,0.03710751665,-0.05989492119,-0.04873803307,-0.0130275222,0.06252695127,0.01021818541,-0.05530489954,-0.01036850846,-0.0150232177,0.04160295281,0.002012072435,-0.003993096558,-0.01943874059,0.02022386161,0.007207740916,-0.01757719715,-0.06788940597,0.05530264711,-0.08757187085,-0.009644268775,0.02160134523,-0.006479044341,-0.01542416452,-0.006390274314,-0.009812445659,0.007110486013,0.01052153508,0.02690796523,0.03574257426,-0.01587485516,-0.01967510847,0.03988995873,-0.02264150943,-0.03273264818,0.01586682273,-0.03208929194,-0.01005759477,-0.06301016755,-0.005280928058,-0.005988023952,0.004541864139,-0.0515489828,-0.0158045977,-0.004986400725,-0.002404671934,-0.034772122,-0.0084736188,-0.0149872449,-0.04137814558,-0.01234841763,-0.1241287413,0.01331557923,-0.02796895592,-0.02374670185,0.004055150041,-0.04780713702,-0.03186420488,0.03853839566
0.03063647878,0.01351066076,-0.01758137517,0.001630510462,0.02202508412,-0.01376265905,0.01882916809,0.0598682326,0.01484011177,0.03393939394,0.02504451039,0.02619047619,0.01984069515,0.01703534198,0.005475843904,0.02567474165,-0.003754000593,0.02479794269,0.03418636452,0.04733630921,0.01521133302,0.04016227486,0.003095975232,0.0328653478,0.01743119266,0.0131644312,0.02714242147,0.01919850126,0.03165584416,0.000146591742,-0.02048431029,0.01718976778,-0.009151414309,0.0163004961,0.01355421687,0.01265144697,-0.003490157755,0.01558409176,0.003333006568,0.02603159252,0.00234948605,0.01134366512,0.03102278236,0.01149425287,-0.007090402634,0.02139800285,0.0182767624,0.1290980392,0.01894129453,0.0964388238,-0.01468164794,0.005333333333,0.02906031928,0.004827505004,0.06041580897,0.04183201058,0.02155727156,0.02649006623,0.0172833184,-0.03567567568,0.02761375478,0.005043558001,0.01653611836,-0.007228915663,-0.009632396304,0.03219442844,-0.04087591241,0.04358390281,0.03455004591,0.01900150971,0.06210118505,0.02168986727,0.002466525722,0.03466347234,-0.0005851375073,0.02417871222,0.02561012353,0.0493598862,-0.06796676667,-0.004434272636,0.02983697324,0.003573391974
0.01805054152,-0.0231201833,0.005620120403,0.01435985409,0.001197246333,0.01579778831,-0.01680107527,0.006396396396,0.0008565834557,0.005861664713,0.001042149143,-0.002406118415,-0.01292246521,0.00425,-0.009513304839,-0.006853818086,0.008244400446,-0.007617852662,0.007933509634,0.00647352584,0.03442754203,0.03450477111,-0.007544581619,0.001081248069,-0.01972497746,0.05381220887,0.0169239905,0.004371558497,0.002753737215,0.04318936877,-0.01409416425,0.0005796584474,-0.007276798209,0.02111974497,-0.002476473502,-0.0146819884,-0.02409638554,-0.01092560766,-0.05197850513,-0.0175162988,0.001025490771,-0.01169036335,-0.01927597555,0.05894886364,-0.01581229278,-0.00518754988,0.002564102564,0.175743262,-0.01329558045,0.03453155958,-7.602250266e-05,0.005881674547,0.0003715745471,-0.006327630654,0.01611181209,0.009284240597,-0.01322834646,0.007089684509,0.02038761641,0.02130044843,-0.04174412709,0.01581508516,-0.03441780822,-0.004702669903,-0.01290194522,0.1058896401,0.002283105023,0.00101862631,0.004327083102,-0.02697455809,0.00718806995,-0.005914659907,-0.01950790861,0.0002894356006,-0.009367681499,-0.003592507057,0.01571680376,-0.02724684831,0.05138046304,-0.04770114943,0.0188172043,0.07395234182
-0.01512750868,0.007036247335,0.007693568668,-0.009575849383,0.01360239163,0.01572490064,-0.002734107997,0.02121564766,-0.04004156987,0.01437451437,-0.005436668595,-0.01412697045,-0.001366709826,0.01294498382,-0.008978285078,-0.03462143153,-0.01336861979,0.006231373611,-0.002123938031,0.001848295673,-0.04909332154,-0.0001358294029,-0.01750748675,0.009103533405,-0.0031045188,-0.04164243341,-0.0195620438,0.04755558031,-0.003726951746,-0.003231547396,-0.01730932695,-0.008511586453,-0.03467719199,0.002146341463,0.008440913605,0.01395178388,0.05254091301,-0.0001241156758,-0.005256106359,0.01375119923,-0.007610127323,0.005274936061,0.07286673058,0.02466651762,-0.002591344908,-0.009025270758,-0.007672634271,-0.03544842255,-0.02719900187,-0.01388508892,-0.02600167262,-0.02912176106,0.01847896741,-0.01698113208,0.04546757092,-0.0248447205,-0.0389403128,0.006546990496,0.02849037987,0.03988291255,0.01534391534,-0.001347305389,-0.03546728143,0.002438652644,-0.006836919365,-0.0003463752202,-0.02031131359,0.007995348161,-0.03060097216,0.01995169589,0.02961227098,0.01476838079,-0.01057537193,-0.004774305556,-0.02907801418,-0.03129023951,0.04222704266,-0.003205128205,-0.009185115403,0.0004526252263,-0.01905599531,-0.01020147921
-0.02095223503,-0.03175947491,-0.01721874529,-0.01043316764,-0.07683232562,-0.01556651922,-0.03101439342,-0.003330995792,-0.003566197542,-0.01321332823,-0.03163526401,-0.03180428135,-0.03082907153,-0.01572868027,-0.03047966852,-0.002237155641,-0.01774500629,-0.05187578532,-0.02140979091,0.006758214348,0.01162790698,0.02389988052,-0.02110199297,-0.02767584098,-0.030911188,-0.03277096735,-0.01518761167,-0.02733373591,0.001772002363,-0.01799558333,-0.01321066289,-0.002921479617,-0.00613317757,0.0254088785,-0.02166420483,-0.02313871981,0.004500818331,-0.012040715,0.01098217986,-0.01009463722,-0.02536499041,-0.01955795834,-0.02815013405,-0.04072727273,0.001688750325,-0.02742359846,-0.01804123711,-0.08930540243,-0.01295370014,-0.0006936255809,-0.01100616658,-0.01735947095,-0.02443471918,-0.003838771593,-0.06514390132,-0.001048133516,-0.02225174361,-0.02238075255,-0.01367070392,-0.08796622097,0.01094319958,0.006146005097,-0.002757859901,0.003344990117,-0.05122494432,-0.04249542921,0.0003875217981,-0.02422843957,-0.001823361823,-0.04663852569,-0.04138216429,-0.03852999686,-0.03913043478,-0.008576828027,-0.02617482347,-0.004519473614,0.0217843763,-0.0293583112,0.0001188495365,0.0001508068165,-0.01374775852,-0.04096882247
-0.006885758998,-0.005576208178,0.0004011806375,-0.0008831971738,0.002875399361,0.008208761773,0.007250221043,0.03922603342,-0.002364670544,0.01436056666,0.01393226039,0.001714646693,-0.009661835749,0.001498127341,-0.005939876856,0.009716077488,0.004943187892,0.004259750095,0.009467758444,0.04271111989,0.008965517241,-0.05137903184,-0.006946107784,-0.009592703255,-0.03665793859,0.0868364914,-0.0184457212,-0.01396698216,-0.03537735849,-0.01387559809,0.01131564268,0.006671474937,0.01880693506,0.02093420678,-0.008052340211,0.00228269686,-0.0008146639511,-0.0004397537379,-0.002049600328,-0.01613288719,0.0163413527,-0.001459617256,-0.03126436782,0.01137225171,0.01037478926,-0.01175736136,-0.01049868766,0.02407855798,0.0007796257796,0.02859720969,0.01499605367,-0.004686936666,-0.03102803738,0.008670520231,0.03704065676,-0.01589991929,0.01239809783,0.00908570611,-0.01203647416,-0.06481481481,0.0116838488,-0.01594159714,-0.01253687316,0.06106985907,0.0008536064874,0.01837083918,0.002130544257,0.01034584688,0.03105377326,-0.009179265659,-0.0004316857328,-0.0009800718719,0.006221719457,-0.01209677419,0.007625953244,-0.03191347309,-0.01887561108,-0.001872389457,-0.0320855615,0.01176115802,-0.02242424242,-0.03197205803
0.00543649543,0.01660252886,0.02978757755,0.03071804788,0.02771583307,0.04508056222,0.01615168539,0.02818212593,0.03920563741,0.0311842357,0.039445629,0.07684684685,0.01110694184,0.02343555223,0.02156962763,-0.02124455486,0.07543551046,0.04628145914,0.04283903676,0.03192609765,0.03725222146,0.04338134826,0.02508441872,0.003493172436,0.006424511984,0.08671054151,0.02495378928,0.02916519818,0.02811735941,0.02377486657,0.05192656213,0.0327780763,0.01096048457,0.02296926582,0.007610350076,0.01580316787,-0.02948770213,0.08151593237,0.03327171904,0.04481962833,0.04615155575,0.08202046451,0.03345989559,0.01979010495,0.03504043127,0.02737418404,0.02917771883,-0.02988309471,0.01155544015,-0.02226870909,0.0133748056,0.01352330355,0.05343364198,0.03521967526,0.04533031759,0.1481997868,0.028686462,0.03303792981,0.02965788826,0.01608910891,0.01651664402,0.03315669947,0.01848394324,0.01471008283,0.0157782516,0.02036052417,0.03846153846,0.04300760679,0.03033994021,-0.001634877384,0.00518246599,0.02790494877,0.009274873524,0.02055658627,0.03200992556,0.007034482759,-0.02588235294,0.01746031746,0.03327194598,0.02503725782,0.02262864228,0.04329725229
-0.0241360395,-0.04023361454,-0.01473767448,-0.03292935837,-0.05796652201,-0.01623749385,-0.04837595024,-0.04967487036,-0.06546665023,-0.006493506494,-0.03954415954,-0.03865138459,-0.07043717064,-0.005115712546,-0.03209929382,-0.03708307617,-0.05115332731,-0.07171171171,-0.01215362178,-0.04338464315,-0.02427237781,-0.03022795798,-0.04811764706,-0.03204113924,-0.04468450773,-0.05567360816,-0.02930568079,-0.03854293322,-0.0293301625,-0.04246445498,0.006666666667,-0.01825355532,-0.07332382311,-0.0274078451,-0.03272910373,-0.03137451196,-0.05306636796,-0.03730822873,-0.03508248857,-0.05425094939,-0.02903088089,-0.006004202942,-0.07600459242,-0.05924728021,-0.01599702381,-0.04088952654,-0.04381443299,-0.04393744499,-0.05236811706,-0.02953965077,-0.02685696746,-0.06814391232,-0.07690899103,-0.02640987199,-0.08010277678,-0.05492857143,-0.0518590998,-0.02395168485,-0.0414724513,-0.23954527,-0.03412555867,-0.05641852286,-0.07589367553,-0.01773399015,-0.02350965575,-0.05181212778,-0.03592034245,-0.03576437588,-0.03170338528,-0.1052401747,-0.05542427497,-0.05938494168,-0.08994708995,-0.0309045957,-0.04364029815,-0.05245856732,-0.03353225348,-0.02467735073,-0.06855988593,-0.07894736842,-0.03364655956,-0.02873104549
0.01180438449,0.0004507550146,0.01437653785,0.00807408776,-0.01151694636,0.03551183728,-0.0116194626,0.001775583561,0.0191292876,0.01409897292,0.01317038443,0.03402662954,0.007824976046,0.01028403526,0.001400250571,0.0304225759,0.02125110421,-0.002523291925,-0.009596456693,0.02537096911,-0.009117514633,0.01439689487,-0.0009887529354,-0.01986105435,-0.007710100231,0.04770477048,0.008515250039,0.04017208604,0.01347488771,0.008909126906,0.003199642831,0.02671907433,0.0006157635468,0.03051687074,0.003123373243,-0.01174066725,0.04613337276,0.01786792225,0.02719126584,0.05572400229,0,0.02703110843,0.002485089463,-0.006250976715,0.009199747952,0.02938348114,-0.008086253369,0.01302931596,0.006501422186,-0.04708057748,0.01214319508,0.02007159294,0.07696885539,-0.004027481639,-0.00093105307,0.05887688005,0.01547987616,0.01603150049,0.01172069825,-0.02189001602,-0.0006919218128,-0.01785991614,0.01071216029,-0.01447198739,-0.02515047291,-0.01341173942,-0.005019305019,-0.006109090909,0.01043285239,-0.02617130307,-0.01205367296,-0.01578354002,-0.0407996736,0.02746304495,-0.01269641735,0.00838392599,0.001470155837,-0.0007270612186,0.04069396607,-0.01183898974,0.0112923463,-0.0145165708
-0.002698412698,0.02590673575,0.04478969819,0.04785362563,-0.0103195739,0.02592175173,0.02094048494,-0.009597094933,0.008155339806,0.02568824233,0.1064527462,0.01742130954,0.005070511805,0.008240426563,0.06020017663,0.02624777691,-0.03311643554,-0.04008561977,0.01167701863,0.06889715072,0.03476087697,0.04679447134,0.01113447977,0.004503002001,0.003885003885,0.06910438144,0.03377341111,0.02777083101,0.0429089444,0.03443877551,0.03389704792,0.0315726084,-0.01846153846,0.004353544057,0.002075765439,0.04066073193,0.004381625442,0.03297354999,0.05103780207,-0.03562834743,0.0351751429,0.08131157183,-0.0143777888,-0.02704827803,0.02534965035,0.004567157982,0.03804347826,0.03187473787,0.03593056116,0.05261586686,0.006544094734,0.001879934829,0.04070731258,0.01855375833,-0.01422405336,0.03140613847,0.03861788618,0.01404844291,-0.02304658615,-0.03875545852,0.001990652588,-0.01170145478,0.03709519136,0.01948240768,0.03285556781,0.009504950495,0.01280558789,-0.05956388116,0.01625659051,-0.02637348869,-0.0211786372,-0.006872852234,-0.01573798384,-0.01029723216,0.03768780239,0.02737958716,0.01512037581,0.005529685681,0.02990929149,-0.0124600639,0.02698511166,0.01667593107
0.0510106637,0.0303030303,0.07140503734,0.2118309342,-0.02119071645,0.009416195857,0.008636200072,0.03186381493,0.05508474576,0.009156193896,0.01238357324,0.1186202333,0.005675547848,0.005048076923,0.006802721088,0.06532410214,0.0452416737,0.01540644638,0.007981335953,0.093611351,0.00878252278,0.04654874023,0.005383580081,0.004316785655,0.02012383901,0.02686956958,0.005049005049,0.06951271099,0.0141008306,0.01138195959,0.02410502906,0.001584521725,0.003134796238,0.0837585226,-0.07975142413,0.0001408931945,-0.05741626794,0.01205649328,0.008013737836,0.0742916935,0.01868894238,0.01699755235,-0.009054325956,0.001939550671,-0.006941907198,-0.02252531515,0.002617801047,-0.01395474868,0.01104182905,0.06473340896,0.004489164087,-0.03652739555,0.02451327434,-0.01471275105,0.02637078316,0.03204152249,-0.005544683627,0.01003207534,-0.02762709726,0.07268597388,0.0006910253088,-0.0392,-0.01873580621,-0.01098117513,-0.004269854825,0.03138485681,-0.08007662835,-0.03112356054,0.006593169045,0.008621798996,-0.006349952963,-0.008073817762,0.03133102852,-0.002508854782,0.01619631902,0.02525463932,-0.0399132321,-0.01693198263,0.03475363009,0.0009705596894,0.0009060706735,0.01722252597
-0.070417203,-0.03346121057,0.08873138932,-0.04989621703,-0.02577319588,-0.04990671642,0.006421691045,-0.06480541455,0.007301935013,0.01369863014,-0.01327757449,-0.01974413961,-0.02837435335,0.005261899067,-0.005446773304,-0.04954684232,-0.2433179868,-0.02116190856,-0.02631258375,-0.03726820443,-0.008597235825,-0.03767112242,-0.02981623464,0.004298231113,-0.04312089024,-0.03110632887,-0.01979905437,-0.01995099755,-0.02438095238,-0.01528650474,0.04210157618,-0.001498751041,-0.04625,-0.09478376802,-0.02194710186,0.09352663863,-0.1584054942,-0.03494440663,-0.01419647927,-0.07672136061,-0.0596247394,-0.04773365423,-0.01979695431,-0.06613969995,-0.04660289429,-0.02156448203,0.002610966057,-0.05138774389,-0.05049466787,-0.07717919691,-0.003698566805,0.06751493119,-0.0984711065,-0.04953780517,-0.09356214854,-0.03225373835,-0.05706789111,-0.009121621622,-0.0211468604,-0.0407623081,0.001640051791,-0.06094920899,-0.01542912247,-0.0106705119,-0.02572898799,-0.02757702548,-0.03873386089,0.087375522,-0.01127456244,-0.02411329421,-0.05183431953,-0.06348837209,0.003771213074,-0.02108300044,-0.03018594542,-0.02517691889,-0.03268564543,-0.04180774327,-0.01299746952,-0.004524886878,-0.02564876282,-0.01612469766
-0.03526920257,0.03219404631,0.006812255474,0.009798410986,0.02469135802,0.03436426117,0.005317263382,0.08196128098,0.06071040232,0.02123552124,0.01621106167,-0.008222691611,0.03952888028,0.08232215084,0.008804159445,0.04586537164,0.04831465867,0.02161941668,0.01839109221,0.05759654233,-0.02052689352,0.02636890543,0.004892122428,0.0350617284,-0.03026298401,-0.01196365472,0.03647874585,0.01178571429,-0.003514252245,0.0004761904762,0.04739177198,0.006962975317,0.02031454784,-0.002623463893,-0.01265822785,-0.0324357314,-0.02075572113,0.02656948037,0.01824116743,0.1116611215,0.04788649128,-0.00351024993,0.05075090627,0.01347382968,-0.001029071263,0.02679343129,0.03125,0.03490730012,-0.01799729364,0.001876172608,-0.002629543697,-0.02918997811,-0.00373670595,0.03266832918,-0.007594395122,0.01974778271,0.005913043478,0.0009546539379,0.003843605036,0.04856512141,0.04481213375,-0.004433410179,0.04407443683,0.1058154788,-0.01056338028,0.03852923919,-0.02469670711,-0.006499261448,-0.008036490009,0.1223689371,0.04593110334,0.02632232431,0.07409726571,0.06498904255,-0.1175298805,0.0575177998,0.02180006229,-0.01106160701,0.01375131104,-0.003571428571,0.03344688758,0.02594919421
0.01080715974,0.01110873745,-0.02061566641,-0.002377091106,0.02030981067,-0.05948425882,0.008110014104,-0.02525083612,-0.02841847486,-0.03299536003,-0.02043582525,-0.001825511524,-0.01986652181,0.0202242251,0.005016492578,0.06712724107,-0.02910167985,0.03972848872,0.02727272727,0.09301705757,-0.005155216855,0.04822559402,0.01859942579,0.08842239186,0.01253747615,-0.02707811782,-0.1082024433,0.01164842923,0.1289184953,-0.0005711565921,-0.0711122521,0.02558900253,-0.0289017341,-0.0227503461,0.02564102564,0.01094017094,0.04221014493,0.01740723775,0.01320007543,0.01927147967,-0.1084626234,0.04227138227,0.1720059142,0.04124765638,0.005794488797,0.01220538721,-0.002525252525,0.08565430371,-0.0002755959763,0.07476231634,-0.01023573201,0.03470308193,-0.0003846893633,-0.02028495532,-0.01886182367,-0.07433580213,0.01901798064,-0.006948702228,-0.01148666491,-0.009473684211,0.01831078852,-0.1624510153,0.02026266417,0.003426914459,0.01912811388,-0.01167608286,0.04575744114,0.03003270889,0.01937814758,-0.01036691904,0.05322195704,0.04040648439,-0.006218422075,0.02391258071,-0.03470654628,-0.009768976898,0.02483998781,-0.005748019264,-0.03230256351,0.02639296188,-0.09679352712,0.01091586794
-0.02138322753,-0.0002112824847,0.02141221374,0.0467023625,-0.01889338731,0.01614802355,0.008219657223,-0.001372448104,-0.004747948417,0.02612404478,-0.01330494944,-0.0001524041759,-0.01710213777,-0.004524886878,-0.001094017094,-0.01298583569,0.003620373284,-0.02265745008,0.03767041378,0.01893847029,0.00394277346,-0.007297762478,0.03799019608,-0.01154295733,-0.02839838493,0.004148506013,-0.004240052185,-0.01290997906,0.01700798334,0.005429088485,0.04131831687,0.02805926763,-0.01851851852,-0.01822732209,-0.03238636364,0.001484237027,-0.03545976013,0.01429536245,0.01433091383,-0.0001432356943,0.02104097453,-0.00365012843,-0.01640033642,-0.02602717302,0.004736909487,0.005613305613,0,-0.06162176099,0.005375603032,-0.1690121968,-0.01237856471,-0.004601041288,0.1025591688,-0.0051762386,-0.001098538943,0.02356309183,0.005768578215,0.0006174109899,-0.006411112595,-0.08501594049,0.03685404179,-0.06082518077,0.01875689592,0.02114803625,-0.04583151462,0.003239329268,-0.005522514868,-0.02338337182,0.00891418752,-0.01600753296,-0.004532064355,-0.03953488372,0.0256159562,0.01607761608,-0.01520023385,-0.01919744034,-0.0008921933086,-0.01140625,0.02589688762,-0.03047619048,0.0003317850033,-0.01369502239
-0.1198361215,-0.1191885038,-0.1342436755,-0.1094927159,-0.09731774415,-0.09932130442,-0.1261058109,-0.1354148772,-0.1304552683,-0.1281607205,-0.1125134844,-0.1358890328,-0.1093926212,-0.09177489177,-0.08980765282,-0.1013654176,-0.1193684765,-0.1180746562,-0.1440590066,-0.2271857052,-0.08202423698,-0.1251472016,-0.09940968123,-0.1155949741,-0.1325668375,-0.1274448279,-0.1267605634,-0.1187698834,-0.1071672355,-0.2018757105,-0.1011877115,-0.08949890041,-0.1148921833,-0.07762974364,-0.1133294187,-0.07924190976,-0.1023607857,-0.09654866275,-0.1132110092,-0.1456915694,-0.06058258444,-0.1356852103,-0.1145788799,-0.1315966387,-0.06077981651,-0.09055199504,-0.08860759494,-0.1688418739,-0.08568686592,-0.1359677419,-0.1053466603,-0.09025665977,-0.1503490401,-0.07333994054,-0.1145936435,-0.1417096959,-0.1069500675,-0.08604140957,-0.09503965587,-0.1614401858,-0.1056948676,-0.1360960145,-0.1084837545,-0.1378955493,-0.0846294602,-0.1135802469,-0.08415207176,-0.09133904818,-0.1102831595,-0.07990430622,-0.1019804234,-0.06949152542,-0.09208770257,-0.05858682308,-0.05550608489,-0.09582710344,-0.1333531776,-0.05278963174,-0.1494905049,-0.02193844139,-0.1094527363,-0.1081441923
0.0934833204,0.04414587332,0.1068687859,0.04806587047,0.08723809524,0.03528763095,0.02739182215,0.04386269932,0.02804118125,0.08680969408,0.05202382399,0.04145351914,0.02351664255,0.009532888465,0.05324509288,0.06346881068,0.06807937199,0.06571619514,0.0578968628,0.1873451693,0.02187996577,0.0176778672,0.01363398007,0.05198061173,0.0297029703,0.03200479473,0.02738184546,0.08744484557,0.09441896024,0.0178041543,0.02214675919,0.0354539573,0.04225352113,0.030453147,0.06523178808,0.04103399665,-0.004416783778,0.04741432256,0.006000413822,0.06917078897,0.01863763813,0.03846153846,0.08546595847,0.08109154248,0.0345950346,0.01523073426,0.05972222222,0.09834710744,0.05952916479,0.0377076722,0.04575279305,0.04305388421,0.1932833522,0.03048128342,0.08495839026,0.07987967914,0.03097846619,0.02625459455,0.08095662507,0.1364265928,0.03249475891,0.06867627785,-0.05345211581,0.01626380185,0.023988006,0.03106920934,0.09281716418,0.09531554977,0.02069873175,0.0655226209,0.0618504436,0.04813947437,0.07937841243,0.02253133377,0.02954116908,0.07200841852,0.01786020951,0.03637577173,0.04833219877,0.06996986943,0.03016759777,0.03233532934
-0.03095069173,-0.02090992647,-0.02708164072,-0.02911317509,-0.0007007708479,-0.009763891355,-0.01391035549,-0.02864756829,-0.03136118066,-0.007859623469,0.01016753322,-0.005843495935,-0.04047366561,0.004957507082,-0.01121028204,-0.00271495387,0.0166834847,-0.02738294314,-0.02138220695,-0.1411805616,-0.005980861244,-0.02630963973,-0.0151319193,-0.01890689546,-0.02047146402,-0.001219583019,-0.03358890106,-0.02323865732,-0.0185120503,-0.0072303207,-0.03047811642,-0.02257674845,-0.01935719503,-0.02251910328,-0.04320795772,-0.004990899305,-0.03105464811,-0.0136038466,-0.003702180173,-0.00415621079,-0.03125,0.003325774754,-0.03247330961,-0.03401360544,-0.1071334907,-0.007836990596,-0.009174311927,-0.03807373965,-0.009057458251,-0.03157042634,-0.03612006105,-0.00512754775,-0.002668043721,-0.0269849507,-0.0455638237,-0.02112349118,-0.008061561011,-0.02587530151,-0.04150061839,0.02498476539,-0.02326565144,0.06303654648,-0.02951871658,-0.003230069006,-0.04099560761,-0.01911886949,-0.02603499787,-0.0201960202,-0.02485054507,-0.02367008297,-0.04344712342,-0.02879841112,-0.06206225681,0.00297576874,-0.02258852259,0.01780956388,-0.005736460267,-0.0003220093383,-0.05194805195,-0.04349186483,-0.02675343456,-0.01711136891
0.05527592203,0.01009152781,0.044849499,0.03737916561,0.03050490884,0.008425959125,0.007053291536,0.07142857143,0.02707114678,0.03703021371,0.0313393572,0.04105971548,0.0003683919691,-0.006812309138,0.01928076256,0.03339088536,0.04621848739,0.02793896411,0.02041878008,-0.0313796943,0.01251504212,0.06282105642,0.02114248194,0.005344129555,-0.03989867004,-0.01849052215,-0.005666792595,-0.02756797583,0.03950177936,0.04334547163,-0.01549463647,0.04099722992,0.0573556797,0.06657693104,0.01364522417,0.004288356469,0.02101977107,0.013078112,0.0210569777,0.06189463737,0.03209092429,0.02983275576,0.0432183908,0.06671608599,-0.04038772213,0.02256826901,0.01322751323,0.03081977472,0.04241645244,0.06622086004,0.003870513723,0.01352918438,0.1064031757,0.01893333333,0.07352764783,0.03936447712,0.02475064647,0.01665791251,0.0394265233,-0.007134363853,-0.02996968385,0.01084448546,0.01719197708,0.04139048461,0.008142493639,-0.007627118644,-0.004382120947,0.04122461352,0.03510037264,0.007748062984,0.06887946094,0.03757668712,0.002489110143,-0.03178864086,-0.000624609619,0.0275558005,-0.01866621415,-0.01530037043,0.0201369863,0.01864573111,-0.009286775632,0.01180289171
-0.0008672274738,0.0248605948,0.05180483559,0.02223857036,-0.007825791085,0.02915555556,-0.006225680934,-0.03301326017,-0.02589403974,0.02220643098,-0.02129311301,-0.02512069389,0.001473025226,0.01348155156,0.01459440312,0.01604718572,-0.06030452519,-0.007944804516,0.06194239103,0.04817640297,-0.006299025434,-0.003801280354,0.02752057613,0.01192010309,0.02803430079,-0.04911137441,0.004939209726,0.006601941748,0.07908250599,-0.02263003828,0.02330508475,0.01039832972,-0.01021486439,-0.02829822347,0.002564102564,-0.01104665066,-0.01834488382,0.0305128506,-0.0004043671654,-0.1235446793,0.02801619433,0.03262618873,0.03702071397,-0.01615705351,0.03841444751,0.02957404546,0.003916449086,0.02701472151,-0.03795040416,0.00243902439,-0.008937960042,0.02453597763,-0.07448716949,-0.02695629416,-0.00312849162,-0.07148832611,0.0003604902668,0.010775703,-0.06110344828,-0.05688622754,-0.001607286365,0.02442364757,0.02730227519,0.03125884017,0.0227158001,0.04803586678,0.02068661972,-0.03580786026,-0.01416792475,-0.05431547619,-0.01097361662,-0.0209411185,-0.04407200497,0.01466511017,-0.000625,-0.03338696702,0.07937056891,-0.01063133791,0.05183295287,0.002569043031,-0.002624671916,-0.01516477107
-0.02404305182,-0.01858988891,-0.0808362809,-0.0640648895,-0.01371742112,-0.05320435308,0.004698512138,-0.1034613202,-0.1009585968,-0.03076120959,-0.06368271955,-0.1204465335,-0.03401360544,-0.03220536756,0.002374135884,-0.08286168813,-0.08372563054,-0.0105374078,-0.03360537686,-0.008275174477,-0.04317665351,-0.1424306061,-0.01602002503,-0.04425342248,-0.114533205,-0.09289140863,-0.04763705104,-0.06867283951,-0.006662436548,-0.006796452022,-0.008577343981,-0.00376808071,-0.07508896797,-0.1632449173,-0.08120204604,-0.0820491706,-0.1515780731,-0.03735337661,-0.03944174757,-0.1665961587,-0.08396345306,-0.05837347691,-0.009774755631,-0.05580081229,0.01252763449,-0.01907824223,-0.03381014304,-0.08585783952,-0.05767587582,-0.006386861314,-0.08452696729,-0.0258096538,-0.198044834,-0.02824098978,-0.07296570276,-0.1860103203,-0.03675675676,-0.06170135086,-0.09255178493,-0.1073015873,-0.05867095966,-0.03698752228,-0.02678759755,-0.05006171993,-0.01283316881,-0.1222244856,-0.06813281587,-0.03381642512,-0.03781364118,-0.1050354052,-0.04013220019,-0.03598389532,-0.08939393939,-0.005824404976,-0.03846153846,-0.05728949924,-0.09484139699,-0.05521573814,-0.2107749266,-0.06790518898,-0.04473684211,-0.07847201658
-0.01476342938,0.07715407715,0.07860134139,0.07597901482,0.08518776078,0.08775770845,0.046375682,0.0470464135,0.08741681791,0.05863367402,0.06450441728,0.1128924516,0.07023220404,0.06800096455,0.03148728666,0.0631452541,0.05240928456,0.06773162939,0.06607054148,0.1184276666,0.026,0.04220428213,0.05189519206,0.0844437042,0.1177536232,0.1223901099,0.1254466058,0.06607290804,0.02107952731,0.05903502668,0.007756563246,0.03387831463,0.07079646018,-0.02590890096,0.05080027836,0.01143470475,0.07440039158,0.05713947711,0.03495472731,0.1626395939,0.06827171109,0.0170027084,0.09098712446,0.07406022068,-0.008442503639,0.06381118881,0.04172274563,0.1165535079,0.0995919601,0.1296514933,0.04790419162,0.04903833907,0.2697562001,0.01882092444,-0.01015596663,0.1061581807,0.06023194912,0.07556420233,0.05909017322,0.2496443812,0.04047505938,0.05182785747,-0.04009536194,0.04966791799,0.0215,0.04641448132,0.0004627487274,0.065,0.08239471107,0.2035164835,0.07329070339,0.09109892978,0.06584264321,0.04245624186,0.1004878049,0.06121247793,0.05097345133,0.03937007874,0.08832093174,0.06151202749,0.129476584,0.04048843188
0.007402058133,0.007934805919,0.01197395747,0.007071820967,0.0320410125,0.01090238175,0.04134078212,0.002518637921,0.06418636996,0.02540650407,-0.019895407,0.008403361345,0.02774319758,0.01715962971,0.03754980752,0.05673564156,-0.07635700576,0.02413724317,-0.02236719478,0.0197752809,0.01742202729,0.1134763735,0.03603385732,0.01658731378,0.06515397083,-0.02178435932,0.01128747795,-0.04565766466,0.01908038786,0.02080823568,0.01731793961,0.01125093427,0.01940352138,-0.1015505301,0.03311258278,-0.01700048698,-0.02277904328,0.03446732319,0.02807731434,-0.01108976598,0.04958145525,0.007693445776,0.03658536585,-0.01480062685,-0.07442748092,0.03348397699,0.01291989664,-0.02504705371,0.05016492578,0.01788340946,0.01124423963,-0.02683341428,-0.1226516594,0.05433306167,-0.02784902895,-0.06385881925,0.02046577276,0.03595977136,0.01620299603,0.02618099032,-0.003926582047,0.02287725473,0.1639196207,0.04154057772,0.02202643172,-0.01685517853,0.04024051804,0.02288732394,-0.0302002036,0.03494034575,0.02406049496,-0.01339712919,0.09322033898,0.03809061264,-0.00561465721,0.00970604548,0.05085887504,-0.008249158249,-0.04875148633,0.08028488184,0.00487804878,-0.002161828289
0.001164874552,0.01319148936,0.04173104595,0.03477093487,0.04284383732,0.02140368342,0.01037195994,0.04120188926,0.009409919624,0.007102741989,0.02609906043,0.01539115646,0.02266828171,0.03041065483,-0.002668749593,0.0214817509,0.0315491108,0.02532138683,0.05338417541,-0.1036579991,0.04634175548,-0.006206934646,0.01890756303,-0.01722314549,0.01947656726,0.01407481546,0.02825252878,-0.0002035830619,0.03591160221,0.009333762472,-0.03462825549,-0.01886683827,-0.03665844202,0.006002728513,0.01314102564,0.03819068696,0.01958041958,0.00346170489,-0.002770631308,0.02322295806,0.003680981595,0.06137131111,0.05540796964,0.06433368682,0.01237113402,0.002981514609,0.005102040816,0.0692010692,-0.03965449548,0.05095832066,-0.04739336493,0.0054897068,0.04414677861,-0.04560680237,-0.02211333082,0.04246428918,-0.01521438451,0.01690180193,0.0174488568,0.06267332224,0.01595159516,0.05161290323,0.01726479146,0.001980982567,-0.005747126437,0.03270922626,0.0289017341,0.1368330465,0.01434569629,-0.05328784849,0.04184381293,0.0620756547,-0.2095063239,0.008153990108,0.004754829123,-0.03295797858,-0.01762820513,-0.004413512137,0.04359375,0.009289781241,0.02877947295,-0.005261528938
0.03177302425,0.1392272155,0.06186898052,0.04453189514,0.02977076511,0.01007147498,0.02477876106,0.04845092173,0.02660710818,0.04034771199,0.01153063532,0.03550791391,0.001861252115,0.00818612667,0.02290823652,0.02920508964,0.005787488096,0.1172112462,0.004977375566,0.01327564166,-0.02346074617,0.04261210891,0.03218785796,0.05226748655,-0.002985074627,0.04873234224,0.02544097693,0.1472205254,0.03348148148,0.03858418367,0.06601356443,0.04063912457,0.0204903037,0.001152698671,0.03321733629,0.0378524032,-0.04320987654,0.02996981458,-0.01012105577,-0.009578874698,-0.006876528117,0.02476137778,0.02337288745,0.02175357024,-0.002349992167,0.03349187475,0.03553299492,0.2608333333,0.04401744345,0.01946736141,0.05032529659,0.004839310088,0.01445478363,0.03887688985,0.00102788128,-0.02423564504,-0.02124297753,0.02726648352,0.1098462448,-0.1346555324,0.06145100162,0.01717791411,0.02231121281,0.08316857783,-0.009633911368,-0.03320227173,0.05834053587,-0.03734544537,0.05461653444,-0.1655069583,0.02663230241,0.03515981735,0.02064516129,-0.1839697693,-0.09198461993,0.07029253053,0.01615008157,0.006820119352,-0.1170833957,-0.01573634204,0.03067071116,0.03515868077
0.05117973629,-0.01861751152,0.03243455868,0.02273210653,-0.01387684302,0.00900611129,-0.00621761658,0.008929393354,0.0235212511,-0.01876083872,-0.03274474743,0.02871006874,0.02415132579,-0.007692307692,0.01544056658,0.0359170244,0.103714456,-0.03094711784,0.01204412427,0.04464285714,0.03199343724,0.06069191187,-0.03462434802,-0.000292184076,0.05598802395,0.06323157461,0.02084022494,0.01171458999,-0.008887614679,-0.002046873401,-0.04580800226,0.04331961748,-0.0164933668,0.008059600406,0.0342927128,0.01552713725,0.09462365591,0.01287418882,0.01563753007,0.1060381633,0.01800276966,-0.02807775378,0.008432888264,-0.01934015927,0.03988693467,-0.0046021093,0.01102941176,0.06146728354,0.01109515729,0.02505856463,-0.02149754054,0.04186218819,0.0744500846,0.045997921,0.0178410987,0.116163546,-0.01094170404,0.02968509728,0.02038097775,0.03075995175,0.03000935136,0.01950140732,0.06118261518,0.006935994159,0.006809338521,0.03163126977,0.01919150674,0.08309305374,0.003924989097,0.01012507445,-0.001046025105,-0.01279223644,-0.01694058154,0.009992688277,0.007166123779,-0.1803104684,0.02488360893,0.01524132091,0.04120739359,0.0371040724,0.01733158927,-0.00180342651
-0.005033833966,0.01728024042,0.04319232224,0.00940166368,-0.02228085605,-0.02215492509,-0.02050747306,-0.01359489051,-0.01651161358,-0.01446015424,-0.03547082611,-0.1031446541,-0.1269788918,-0.04414298019,-0.02507068803,-0.1063529604,-0.0319394114,0.003860326373,-0.001223445668,0.02062430323,0.001249148308,-0.03537132988,-0.002643982067,-0.006722197866,-0.04508080522,-0.0449214428,-0.04439403759,0.02385964912,-0.01504194388,0,0.1042376648,-0.01552000602,0.0127597521,0.03876646063,-0.004736530491,-0.0123349066,-0.01462562759,-0.01508732045,-0.03039873668,-0.06373089649,-0.1024788392,-0.01472222222,0.09442508711,0.01027510772,0.02099063727,0.01579657099,-0.003636363636,0.01618929016,-0.02194681126,0.02853185596,-0.03053435115,-0.03093516653,-0.1225859925,0.008198757764,0.07049180328,-0.04690174598,-0.0181356547,-0.006687877411,0.005221932115,-0.07314218841,-0.118520964,-0.05777953066,0.1163649147,-0.02827794562,-0.02801932367,-0.0002190100745,-0.01041666667,-0.03146176186,-0.0005430060817,-0.01813089623,-0.008167539267,-0.0004468275246,-0.01543209877,-0.003056628057,-0.01423027167,0.0008093234056,-0.0117481203,0.002668890742,-0.1123778502,-0.006980802792,-0.04532304725,-0.027100271
-0.05303972796,-0.007293205318,-0.01171627332,-0.005763477616,-0.03748125937,-8.14995925e-05,-0.04932576295,-0.03977430395,-0.03213681639,-0.01075970003,-0.01964542405,-0.0345371669,-0.003211182471,-0.007434106781,0.008313998453,-0.03377187965,-0.03363975243,-0.005855619647,-0.0003897550111,0.01356271618,-0.039809459,-0.0002508415097,-0.002766251729,-0.03104310725,-0.02182304038,-0.02160565338,0.02746693795,-0.02398903358,0.02643171806,-0.006255768639,-0.01060046964,-0.01157349621,-0.01691864651,0.1002522476,0.05532421178,0.005762388563,0.1076650421,0.00262301962,-0.06820032573,0.054101809,-0.03553384978,-0.04158443755,-0.03215536453,-0.0406824147,-0.07129122911,0.01194765788,-0.002433090024,-0.005412581699,-0.02692713833,-0.01811203878,-0.03284040714,-0.004036203523,0.02078216512,-0.03474618038,-0.1132053245,-0.06124281609,-0.007388252678,0.006798274284,0.005324675325,-0.05997474747,0.004868913858,0.08769359565,-0.04062352385,-0.0123119015,-0.007952286282,-0.03395399781,-0.03724696356,-0.02173913043,-0.0551993915,-0.0744632938,-0.005701013514,-0.01139919535,-0.1041013584,-0.00911731483,-0.01361548556,-0.04350638848,-0.01014423839,-0.1122941274,0.04403669725,-0.07762155829,0.03063973064,0.04580625193
0.0313115831,0.007904770762,0.04813123476,0.03502052651,0.07414330218,0.01279647893,0.02388951101,0.0245641075,0.05158576052,0.03230059328,0.0008553274682,0.03141456328,-0.0721053629,0.0004539264639,0.04474272931,-0.002012834782,0.03780905019,0.008351648352,0.0244527377,0.1228558599,0.009213323884,0.02233282394,0.009593157651,-0.02459763134,0.01259675216,0.0417974069,-0.01056105611,0.01264044944,0.0686695279,0.04262125903,0.01993625822,0.006679926446,0.06481142439,0.02651225678,0.02198421646,0.03629435154,0.0176,0.007325240686,0.1171072755,0.05595466156,0.02846167278,0.01456096485,0.01710526316,-0.02872777018,0.1076604555,0.0178035982,0.01097560976,0.1356402095,-0.01790558871,0.1305629843,0.0194598888,0.03647304433,0.04553026097,0.01404135818,0.03241232731,-0.06447292902,0.04875325642,0.00960914167,-0.0054256556,0.02887844191,-0.0448192322,-0.02155089475,0.02921385196,-0.04520271972,-0.003507014028,-0.03854875283,-0.009671993272,-0.01762452107,0.05186889017,-0.005352798054,0.03206625611,0.01989599819,0.01180930165,0.003989903102,-0.01646432729,-0.03703077443,0.01200960769,-0.008808095952,0.05729349736,-0.01524293426,-0.007513884352,-0.01302160402
0.004670912951,0.002952574276,-0.02089868776,-0.01783172396,0.008410672854,-0.02044101078,-0.006562158221,-0.003760812335,-0.008432325968,-0.01995530013,0.02588206568,-0.03653169014,-0.003573981415,-0.009528130672,-0.01241970021,-0.01223582637,-0.02511435854,0.01342632956,-0.005437146585,-0.01359673678,0.000468164794,-0.04615940332,-0.01247853463,0.005292652553,0.01348920863,0.01403648349,-0.01567711808,0.02600554785,0.008299866131,-0.00821538157,0.02792367529,-0.0163276794,-0.02235213205,0.05314396976,0.03530060673,0.001791403843,0.008254716981,-0.0002077706212,0.01721103071,-0.02214831053,0.01188455008,-0.01725137721,0.02587322122,0.08503521127,0.08497483825,-0.001104768919,-0.008443908323,-0.03245931284,-0.0205801105,0.01085703888,0.01207635372,0.03424170616,0.01115241636,0.02165156093,0.06819351518,-0.02484662577,-0.002484031228,0.006302250804,0.0157163268,0.03981723238,0.02585113647,-0.02084562439,0.01211927922,0.01107741,-0.01558572147,0.0002358490566,0.05562632696,0.008060322413,-0.02307019462,0.01777560339,0.02242798354,0.01352250055,0.03573487032,-0.02092457421,-0.01420358471,0.01158911326,-0.007753164557,0.03081868028,0.02194148936,-0.01128668172,-0.01415404872,0.006296851574
-0.0001690617075,0.02686292548,0.00756633574,0.01329212646,0.006183491516,-0.008051265199,0.00880733945,-0.02878444696,-0.017380509,0.008144648966,0.009996429846,-0.00365463682,0.07460545194,0.008474576271,0.03531160947,0.04289546383,-0.01823258097,0.003957329663,-0.02033675924,0.01645990432,0.01064576509,0.003875298439,0.003941571992,-0.03995044906,0.02573203194,0.003978928491,-0.006438495425,-0.01824940858,0.02734997345,-0.01367265469,0.006273850333,-0.02641527024,-0.08441786845,-0.04246873301,0.007458710709,0.004807507404,-0.004093567251,-0.0170407315,0.03480099981,-0.05851886209,0.006040268456,0.0442543148,0.04382093317,-0.05078695441,0.03962364166,-0.013640553,-0.01703163017,-0.007008690777,-0.01988436046,0.06768270731,-0.05658198614,-0.009623095429,-0.05707282913,0.006160670281,0.04420621537,0.001467966866,0.01173959445,0.01738241309,-0.003964194373,-0.06779661017,0.03680106504,-0.05302269532,0.004411533008,-0.0009130037824,0.02860061287,-0.0002357934449,0.0358004827,-0.02863038432,-0.01589255736,0.0153821503,-0.02314348964,-0.01531058618,-0.02337228715,-0.0391815772,0.05283018868,-0.03298038535,-0.02104927444,-0.003668378577,-0.03009108653,0.02837573386,0.002671118531,-0.01013110846
-0.04903618532,-0.01200501702,-0.01779585599,-0.01351893297,-0.01472059454,-0.0496935564,-0.03637686431,-0.02351569332,-0.001200252685,-0.03183066731,-0.02721809827,0.0110958276,-0.1068090788,-0.01612536907,-0.03159406415,-0.003485818707,0.002698577104,-0.03650385604,0.04084821429,-0.03741225271,-0.006597985878,-0.01220284806,-0.02309468822,-0.03612903226,-0.06026528258,0.04822774212,-0.07060027285,-0.03493975904,-0.01886792453,-0.02559951432,-0.02358915028,-0.02012418066,-0.02842873607,-0.008120847294,-0.04547858276,0.01192298859,0.0446271286,-0.01236786469,0.01096246748,-0.05000410543,-0.0003335557038,-0.0159627066,-0.01630927212,-0.02871794872,-0.00943275972,-0.01364230985,-0.009900990099,-0.086391869,-0.04417266187,-0.002023153872,-0.03080375357,-0.01399652979,0.01568882287,-0.02277736958,-0.09441688776,-0.01340173804,-0.02461322082,-0.03391959799,-0.004236744126,-0.08013468013,-0.06667889572,-0.1359490986,-0.04721568627,-0.01488250653,-0.02979145978,-0.06191037736,0.05126213592,0.01062134891,0.003298078017,-0.06304244911,-0.02544293366,-0.0330964016,-0.04074074074,0.00948357617,0.08634734441,-0.0831089571,-0.06189933214,-0.03902798233,-0.03689418078,-0.09070726292,-0.0675990676,-0.06080674293
-0.0457859175,-0.005622052956,0.01003192078,-0.00228184751,-0.006672468813,-0.01586194875,0.005473763684,0.02129565131,0.007399911454,-0.006341789052,0.02822189922,0.005260293851,0.04121289772,0.02585410896,-0.0151384083,-0.01708170247,0.05372075984,-0.007114905727,-0.01758524555,-0.03347973813,0.01549755302,-0.01368652326,-0.005437352246,-0.0003346720214,0.01150659712,-0.01448426434,-0.006605504587,-0.01587301587,0.02054794521,-0.006438213915,-0.02916200382,0.007945020458,-0.006722024516,0.06973548609,0.02603878116,0.01999073286,0.005059021922,-0.01123836027,-0.01102738467,0.04200518583,-0.004337671004,-0.01363766868,0.009978507829,-0.01742344245,-0.01042336894,-0.003410382721,0,0.003296250515,-0.01896733404,0.01362766077,-0.03662386866,-0.0414124824,0.03189836395,-0.02656641604,-0.001082733584,0.1051682055,0.01279740447,0.0005851755527,0.01534296029,0.08125915081,-0.003685141509,-0.03730976927,-0.009548896938,-0.01272197191,0.04452405322,-0.02225015713,-0.02548947174,-0.01050972149,-0.03922013149,-0.005305263158,-0.0001056970722,-0.01194578452,0.03059103059,0.01024852677,-0.01079784043,0.03122552858,-0.0001736412572,-0.03524904215,0.06494863312,-0.03732124172,-0.01464285714,0.004326923077
-0.004751700363,0.02042677366,0.01608704158,0.02818086225,0.02015186916,0.01292950762,0.02534259433,-0.009256552665,0.01538171773,0.01091703057,0.011190953,0.07452183327,0.01681706317,0.01417641764,0.01110483719,-0.002155662337,0.02110498014,0.01074883554,0.02815979044,0.004115579182,0.009179575445,0.01451506901,0.01913477537,0.01272179444,0.01926285454,0.02177554439,0.01292944219,0.001812250816,0.007485802788,0.02654682274,0.004610794684,0.008710046112,0.0326433121,0.006529651038,0.02591792657,0.01444411213,0.01286353468,0.008226888937,0.01077866568,0.02811877903,0.01575067024,0.006985882695,0.007447940416,0.01110514061,0.004421326398,0.02262357414,0.0175,-0.01540041068,0.05646769986,0.009611111111,0.04872187022,0.01015787541,-0.02852081488,0.06591143151,0.01134914563,0.01113885155,0.03007652607,0.02989148093,0.01625396825,-0.03926878808,0.03496572471,0.04971953085,0.02825797872,0.01986577181,0.03527682509,0.01465672409,0.0413191812,0.00477960701,0.01451156206,0.0209955977,0.01057082452,0.008835154615,0.05878962536,0.02832022994,0.03820497271,0.00958709065,0.005557485238,-0.0323669579,0.01079136691,-0.03731884058,-0.005074302283,0.01866921972
-0.01376146789,-0.02055406613,-0.05659063981,-0.02914719268,-0.02691096479,-0.02710264032,-0.03295496155,-0.03609362707,-0.02096086069,-0.0320651271,-0.03250232992,-0.01242653233,0.0108914885,-0.02840026625,-0.01005212211,-0.02167389392,-0.03034490839,-0.03686635945,-0.02367303609,-0.06105371019,-0.01500852757,-0.04392167025,-0.0429154519,-0.03917355372,-0.06547619048,-0.02337387626,-0.030269876,-0.04377713459,-0.03612605688,-0.03909590715,-0.02578293737,-0.03840743924,-0.005782575173,-0.03605232373,-0.02789473684,0.0005114144301,-0.01932633904,-0.0390809534,-0.0003677146534,-0.008551835418,-0.04058066645,-0.04465963289,-0.02323476162,-0.03560673162,0.02032625583,-0.04164342815,-0.02948402948,-0.056725756,-0.05039941903,-0.05288064711,-0.0175,-0.03707293433,-0.0579868709,-0.02922705314,-0.01740007565,-0.003608736942,-0.02695231513,-0.02037983469,-0.02873922279,0.009866102889,0.007910035262,-0.008501335924,-0.02505657937,-0.02382205844,-0.01372456223,0.0580334516,-0.001456133964,-0.03091966173,-0.02604954064,0.001658374793,-0.04184100418,-0.03180456326,-0.01279259662,-0.03099309438,-0.02832943925,-0.01635953366,-0.01053540587,-0.005335522266,-0.03235198965,-0.02070003764,-0.0306010929,0.008458646617
-0.06473659231,-0.04562043796,-0.03022025464,-0.03472269498,-0.0567814063,-0.016534867,-0.04316546763,-0.01540659116,-0.06726032588,-0.007552351528,-0.02444310656,-0.12404353,-0.08080606544,-0.04818451701,-0.03021185909,-0.08759645728,-0.05457910034,-0.05760029444,-0.02816135696,0.04556202255,-0.007618607873,-0.06917026425,-0.04337760448,-0.03457767074,-0.03917197452,-0.1247021876,-0.02670176758,-0.01248581158,-0.0374800638,-0.004026276754,0.01177774699,-0.03319653813,-0.08801861187,-0.08588923213,-0.09691391446,-0.01426734399,-0.07094594595,-0.0174301676,-0.03273864263,-0.1541215721,-0.01547455296,-0.02859304085,-0.08310163732,-0.06006612785,-0.01839868037,-0.08011639185,-0.03291139241,-0.03559584347,-0.03395533802,-0.07744596793,-0.0409245123,-0.03132863613,-0.1077235772,-0.03234635481,-0.1524445015,-0.1108463591,-0.06960227273,-0.05719438361,-0.08722500965,-0.1256106071,-0.01787065053,0.00367466928,-0.08423147073,-0.07145746259,-0.02303262956,-0.1494610778,-0.02661319723,-0.09844559585,-0.01313432836,-0.1258278146,-0.05851528384,-0.07022137586,-0.1356492969,0.0131500806,-0.04238052299,-0.1309501051,-0.07069296561,-0.04807097174,-0.1016382481,-0.1168332052,-0.02292371289,-0.001242621932
-0.01420887039,-0.02504780115,-0.07699048143,-0.03080210201,-0.07174048659,-0.01516812865,-0.06529481599,-0.04829015544,0.02444309026,0.003113109651,-0.01345346828,0.000291177327,-0.005426524853,-0.03286948177,-0.0279860393,-0.04359840884,-0.01870431536,-0.06209724663,-0.002349518908,-0.09506827868,-0.1323717576,-0.03716587555,-0.007514966246,0.04615110478,-0.03413987405,-0.01837302815,0.008500772798,-0.03218390805,-0.03590168462,-0.02670212766,-0.03362092577,-0.02429183828,-0.03231292517,0.03282843522,-0.03597122302,0.03274750125,0.004242424242,-0.00682283375,-0.00570450656,-0.0581048581,-0.008557457213,0.02881171157,-0.0865902965,-0.02638264608,-0.02662874871,-0.01518346689,-0.0497382199,-0.0497478221,-0.05715642812,-0.02393097802,0.001768737564,-0.01350824782,-0.1653107712,-0.03137053227,-0.08145344436,-0.1088005145,0.01259541985,0.002322721683,-0.04214235377,-0.1157222666,-0.114662559,-0.02733707591,-0.1055585732,-0.03731668361,-0.03094302554,-0.06617854126,-0.03782771536,-0.03236539625,-0.01403508772,-0.1053030303,-0.007189239332,-0.002816180236,-0.01467304625,-0.03567241668,-0.06277463905,-0.02881654201,-0.06198347107,-0.03792804508,-0.0225158169,-0.0317667537,0.006538461538,-0.04230171073
0.02378255946,0.01568935085,0.04621365993,0.032555138,-0.005376344086,0.005938021896,-0.01905165114,-0.01339285714,0.01407799075,-0.005,-0.01526335544,0.03531923152,0.03841117416,-0.002728851402,0.00259325753,0.01029685113,-0.04108585187,0.0426816573,-0.02691488169,-0.04728950404,-0.03056710015,0.0219680311,0.02784907598,0.03764265032,0.02196293754,-0.02609024452,-0.003831417625,0.03463974663,-0.005156115726,0.002623237512,-0.007369092326,0.05052549966,-0.03471001757,0.019456617,0.05161691542,0.001740690893,0.05853952927,0.03228761163,0.02543507363,-0.05913594117,-0.01039281311,0.05843172873,0.04832165253,0.02468887997,0.01726427623,0.01520342612,0.005509641873,0.03546441496,0.009571788413,0.02251758178,0.008828073273,-0.006583278473,0.01767381417,-0.02256437483,0.08109444536,0.02249218186,-0.01055408971,-0.01376772083,0.0005885815185,-0.05415162455,0.01903001305,0.05470514429,-0.02894736842,-0.003770739065,-0.04612265585,0.0205066345,0.0408719346,-0.01125351672,0.02491103203,-0.1009737511,0.1095538426,0.0485237484,-0.1453544837,0.0151962487,-0.0338245144,0.03510758777,-0.05766920304,-0.02252759631,0.1010850942,-0.04629213483,-0.006495987772,0.00649561546
-0.03026950925,0.05638154084,-0.03641040685,0.05063915234,0.04121621622,0.02951484966,0.01337936987,-0.07239819005,-0.004431988529,0.06394039161,0.01727861771,-0.05529522024,-0.03089533417,0.06293532338,0.003117124287,-0.01189511171,0.04330368436,0.05491214058,0.03273020629,-0.05074656981,-0.0004148803762,-0.1159327198,0.03595954551,0.02314510834,-0.007051712559,-0.07143781545,0.03730769231,-0.08398699063,-0.001727613015,0.0505832334,-0.01898779356,0.0875804666,0.04050978607,-0.08906464924,0.04376108811,-0.02697878972,-0.005131128848,0.04669476486,0.05856023872,0.002930959618,0.02563189747,-0.08180778032,0.03096410978,0.04152791381,0.07023498695,0.01982704071,0.01917808219,-0.02213420317,0.02162341983,-0.01243059061,0.06191205426,0.06865473824,-0.07317073171,0.09831613254,0.06144229303,-0.1101046936,0.08419047619,0.06302695232,0.06794117647,0.04580152672,0.04727350336,0.09564596717,-0.006670835939,0.07342922029,0.04941551541,0.03280141844,0.0007479431563,0.05912108758,0.03831417625,0.1582293384,0.05052631579,0.04211557297,0.1518939394,0.03199041998,0.03847487002,-0.00875273523,0.01742456439,0.006222631943,-0.0219571231,0.0301602262,0.04269230769,0.0558244595
-0.01472570777,-0.09687442881,-0.1508498198,-0.08642020317,-0.06489292667,0.06432538972,-0.0234241908,0.01439619274,-0.06382978723,-0.1182410423,-0.08942175596,-0.01607142857,-0.04814573845,-0.1495436462,-0.02796694215,-0.1023809304,-0.08294020845,-0.03653227333,-0.1637094074,-0.1144648741,-0.07692307692,-0.06632079757,-0.02073038448,-0.1328413284,-0.08522150829,-0.03031358885,-0.08824619948,-0.06098579783,-0.1716181136,-0.05655286915,-0.1434184676,-0.1195852969,0.00656167979,-0.1482949541,-0.08271954674,-0.06605771155,-0.03629417383,-0.02712726502,-0.0604298802,-0.1124580582,-0.05779243318,-0.122741433,-0.1392491468,-0.07541846906,-0.08111734569,-0.03185108583,-0.09677419355,-0.1167500596,-0.03223705633,-0.149383426,0.02781211372,-0.04613667369,-0.02300909341,0.07962413452,-0.1482332663,-0.1442167878,-0.03548840478,-0.04875828891,-0.09005783531,-0.07208029197,-0.1150397391,-0.09120521173,-0.08814270724,-0.1090267983,-0.02582278481,-0.08240343348,0.1943198804,-0.0823880597,-0.07956642066,-0.1479975605,-0.050501002,-0.03970864662,-0.001644195988,-0.1215084956,-0.01935914553,-0.09536423841,-0.1171679198,0.001832340815,-0.1046491073,0.02241537054,-0.09479896717,-0.1078850856
-0.01073571203,0.02206031168,0.03888546632,0.003876960332,-0.006245662734,-0.04410774411,0.09507195813,0.04902650715,0.01202797203,0.03176948652,0.05719380058,0.03297035693,0.01526543632,0.04843148046,0.01108692695,0.08647566235,-0.01415639829,0.004715127701,0.02308513477,0.04896783485,0.009292565947,-0.029498374,0.006030769231,-0.003330249769,-0.0003696857671,0.01408551922,-0.001626677511,0.0004448398577,-0.0208913649,0.04003519578,0.03950050968,0.08345822806,0.05128205128,0.05429563419,-0.008029647931,0.04731114966,-0.1709613479,0.01372399521,0.007875492218,0.015,0.01123595506,0.05202414773,0.020222046,0.009764035801,-0.001327492367,0.04550309763,0.02976190476,0.001618559482,0.0733512786,0.03981071133,0.002204850671,0.02288389026,-0.03596107742,-0.01420064132,-0.0281618887,0.08248378128,0.009107468124,0.08659103335,-0.0004539951574,-0.01474926254,0.02233736327,-0.2160095579,0.03383199079,0.01804654108,-0.004677754678,0.02369816027,-0.03754693367,0.05562784645,0.04585316963,-0.01980434264,0.005698607007,0.01908490335,-0.01581027668,0.00877441268,0.04322668482,0.2386530015,0.02460373788,-0.01828989483,-0.01105626851,-0.02058165548,0.005297473513,0.02432339842
0.03074795191,0.04257425743,0.1033759755,0.03134872913,0.02479050279,0.02412821416,0.06053365193,-0.003801431127,0.02653399668,0.05388471178,0.02231447846,0.02079062958,0.1508078995,0.04199475066,0.009485368315,0.2177767696,0.07527748564,0.04223699648,0.0929959567,0.05183066362,0.02390852391,0.04427323817,0.05701003181,0.05123445331,0.1527366864,0.02983488059,0.1140529532,0.07781236105,0.1209103841,0.03902284264,0.06079921549,0.02576871394,0.04588673005,0.07153867713,0.1575342466,0.03807784972,0.1191870891,0.05211131406,0.03125581395,0.0693259642,-0.04444444444,0.06784810127,0.2250291489,0.05983078163,0.08560414728,0.0608908868,0.06936416185,0.1397791543,0.04686520376,0.1563967348,0.0448,0.04626922588,0.08104154476,0.05390334572,0.11556481,0.1200057078,0.06606498195,0.05006604189,0.06495079485,0.1027944112,0.04764050006,0.1234379762,0.1208815672,0.08676722127,0.05117493473,0.1653975023,0.0533159948,0.03081664099,0.03485864878,0.1222005842,0.02602308499,0.04537815126,0.07864792503,0.0404040404,0.0003262642741,0.07328605201,0.07273147079,0.1110852352,0.006987422639,0.1407035176,0.1070125659,0.02508361204
-0.0019611891,-0.03361823362,-0.01247542449,-0.01622659626,0.008177172061,-0.007222699914,-0.01689823507,-0.02076318743,-0.0422724825,-0.0112111432,0.001776649746,-0.03585771658,-0.009555382215,0.02090680101,-0.000199920032,-0.0180143121,-0.02411389831,-0.005253283302,0.0161097852,0.01609920592,0.02073966642,-0.02973799237,-0.01979166667,0.006180469716,0.01989092076,-0.03110377099,-0.01206581353,-0.01815181518,0.004758883249,-0.01638676845,-0.0332023727,0.003005702397,-0.04584980237,-0.01758974694,0.01506186122,0.02094268463,-0.03717154454,-0.02338643791,-0.008118347465,-0.03943820225,-0.02668699962,0.01533112059,-0.005076142132,0.007222961414,-0.01738704543,-0.01020801233,0.005405405405,-0.03308128544,0.02036232969,-0.159107946,-0.01416539051,0.00923338598,-0.005412719892,-0.001543209877,0.03359776015,0.04306281055,-0.008127328141,-0.008984725966,0.04208131931,-0.03800904977,0.02010320361,-0.0002712967987,0.02760675273,0.01087423093,-0.04073522106,-0.03711447987,0.003703703704,0.01225710015,-0.02106725315,-0.0557483731,-0.03415831458,0.001837390905,-0.02699348433,0.02418194894,0.02120026093,-0.00936123348,0.01442100732,0.005030391951,-0.1710943695,-0.005206247497,-0.005492493592,-0.008156606852
0.05357327542,0.002948113208,0.01860566133,-0.006162683695,0.04562352146,0.02130608003,0.03666921314,0.02750716332,0.03535282541,-0.003607627555,0.00266024829,0.03391847664,0.049419177,0.029607698,-0.0123975205,0.02072383241,0.03893340488,0.04658619389,-0.0004697592484,0.02226742319,0.006678033532,0.06317379303,0.01653087732,0.000351000351,0.06826045926,0.0625,0.0325684678,0.01932773109,-0.0217871803,0.02835264901,0.01984063745,0.006491623198,0.057995029,0.07574547391,0.03020667727,0.0171026148,0.02374084757,0.009829551396,0.046380502,0.06386711896,0.0303564434,-0.01011830635,0.03125,0.06605019815,-0.04274143302,0.02335084647,0.04838709677,-0.03812316716,0.02039618489,0.05207636877,0.04174757282,0.003972553268,-0.002857142857,0.02274232722,0.09736644093,0.07756198852,0.01638784568,0.01009368389,0.02373806276,0.08936970837,0.01654547371,0.08738127544,0.1242752223,0.06553432413,-0.1149663387,0.01384364821,0.0036900369,0.005906674542,0.01466240984,0.150241213,-0.002117746717,-0.003438789546,0.131377551,0.006846309137,0.0734589588,0.02519918473,0.05771270953,0.08633993743,0.0662520928,0.08172302738,0.03571428571,0.02401315789
0.00638068126,0.04193611601,0.01878127221,0.05252525253,0.01583710407,0.004579375848,0.02063375092,0.009035136642,-0.01826081054,0.01120689655,0.02994314593,-0.04086330935,-0.02270168856,0.01222142344,0.03037052035,0.02655970513,-0.04359602256,0.002162551811,0.02232405123,0.02764687402,0.001270289344,-0.08574997551,0.01370658613,0.01964912281,-0.01118963486,-0.1009358289,-0.002867383513,0.0008244023083,0.04615881214,0.0005031193399,0.03101804829,0.03667837105,0.0250587314,-0.0423833684,0.02417695473,0.03558679837,0.03749458171,0.01905353629,0.01112463063,-0.05893347993,0.0131153773,0.01887089165,-0.00123685838,-0.01451584351,0.05389221557,0.007986309184,0.005128205128,0.04725609756,0.01998849583,0.03502330179,0.001304753029,-0.01366906475,-0.05880747715,0.0133851468,-0.001782775645,-0.02539106779,0.01847497481,0.007180469124,0.0250533049,-0.03713298791,-0.02166701223,-0.007736461193,-0.02527075812,0.02058979809,0.08484493856,-0.01499330656,0.005514705882,0.009982384028,0.0497611001,-0.03754743359,-0.002546689304,0.005521048999,-0.003382187148,0.01080986836,-0.003570365963,-0.0009036688957,-0.01624874624,-0.03781915915,-0.05607895917,-0.009676218831,0.0003554923569,0.01381304208
0.03306671869,0.01297724281,-0.0338177732,0.0158881158,0.0289532294,0.01029883505,0.01768953069,0.0244306876,0.01652606832,0.007672634271,0.02490186457,0.01150115012,0.002303705126,-0.03669507576,0.008318595664,0.01869158879,-0.006672615122,0.02535515195,0.06309619584,0.02985835117,-0.02255427122,-0.005974227771,0.01993812307,0.0240880936,0.05628350208,-0.02557620818,0.005391804457,0.002471169687,-0.01141622956,0.02594790305,0.01939981813,-0.007400041455,0.01833460657,0.002326032177,0.041185334,-0.0169964731,-0.05034468352,0.02042475358,0.004469657899,-0.0183432644,-0.003001876173,-0.01311930854,0.04984520124,0.057122328,-0.006175889328,0.02339181287,-0.002551020408,0.09558466764,0.01931481743,0.0143948697,0.02252419955,0.01203501094,-0.005363873587,0.06242011078,0.06072262673,-0.09060246569,0.02506596306,-0.006891634981,0.03692147686,0.03408071749,0.04302214687,0.03018108652,0.02592592593,0.01548874138,0.0167206041,0.03560750204,-0.006703229738,0.02674418605,-0.00588365897,0.02282631251,0.01042553191,0.01441317776,0.03337104072,0.06080206986,-0.006569125112,0.01827062229,-0.01529363785,0.006384676776,-0.3146387833,0.006764374295,-0.00355366027,-0.003802281369
-0.006798224908,-0.005941329372,0.04673471966,-0.01165096721,-0.01360544218,0.004177807487,-0.01028733593,-0.002266105536,0.009251071356,-0.002368866328,-0.009096349491,-0.01898358711,-0.03868990615,-0.03072007864,-0.00824996752,-0.04700446498,-0.01675454013,-0.008768853034,-0.001081081081,0.001484266772,-0.02408422267,-0.01937769513,-0.007976631839,0.01108870968,-0.006766281365,0.01098733405,-0.002860207365,-0.009038619556,0.003121098627,0.0003921184198,-0.009515313708,0.01390897448,-0.03900975244,-0.01933861922,-0.02556681138,0.00202387691,-0.005719313682,-0.009061939853,-0.01437617662,-0.06331825756,-0.02954459917,0.01094776353,0.02713063993,-0.009005947324,0.004722843649,-0.001474654378,0,-0.04007971656,-0.0132780083,-0.05844374201,-0.02093573639,-0.001321321321,-0.002332021571,-0.02747142571,-0.003755990157,0.010359381,-0.01126126126,0.01005025126,-0.007898696088,-0.09973980919,-0.007111652951,-0.01440429688,-0.01822245144,-0.01820046142,-0.02015915119,-0.03228346457,-0.006748466258,0.00651189128,-0.002456728085,-0.02454858998,-0.00947567909,-0.004736129905,-0.08210180624,0.01089430894,-0.03546738804,-0.02416059691,-0.01573824808,-0.02458366376,-0.01976421637,-0.0115714819,-0.001783166904,0
0.05637418006,0.03530070975,0.02297031697,0.01571805969,0.003134796238,0.02229988351,0.008602150538,0.01925156825,0.04239401496,0.02187924016,0.04251721222,0.01844386212,0.009165172345,0.04513184584,0.03314338115,-0.004094698647,0.04865745154,0.02123142251,0.02272727273,0.03102460231,0.009605438156,0.1139202655,0.01596828992,0.02625456962,0.05080896963,0.1101886792,0.0247400502,-0.003731343284,0.06502800249,0.02851543361,0.01148303813,-0.004427127441,-0.01795472287,0.1016893446,0.04801980198,0.06486160961,0.04491150442,0.02924329213,0.01840597326,0.05298602287,0.05875509017,0.01701732673,0.02784955498,0.007544581619,0.02102919347,-0.01329148975,-0.002557544757,0.02399077278,-0.06980656013,0.009357142857,-0.002045370026,0.03091171518,0.07363038714,-0.02329896907,0.007540301612,0.06924050633,-0.000325414904,0.0201374082,0.04587387843,0.04046242775,0.04215696306,-0.02006440426,0.01891087375,0.03485639687,0.007038440715,0.05804176838,0.04416306362,0.03037974684,0.01320944811,-0.03764559068,0.00212585034,0.006571493315,0.0002981514609,0.02525333762,-0.05453412278,0.007281995267,-0.03408373659,0.001422764228,0.004952246197,0.005287009063,0.03644158628,0.009541984733
-0.02213822894,-0.01822117987,0.002377316269,-0.007384592301,-0.0115625,0.002767377503,-0.01599147122,0.01963073005,0.01163843269,0.0131120332,-0.05723554629,0.05155863434,-0.001776900296,0.02668607472,-0.03854688392,-0.00593714892,0.02583273361,0.002945252945,-0.00455026455,-0.00517489219,0.02590749415,-0.0008884776709,0.006911158176,-0.02590673575,-0.02566180443,0.01216859279,0.0003498950315,0.001664585934,-0.007595676307,-0.01505335366,-0.01624990725,-0.008560723337,-0.01430842607,0.004534606205,-0.01794992915,-0.003681477079,-0.004869786153,-0.01913688733,-0.03614663257,0.02871968143,0.03388278388,-0.0228171585,-0.003910614525,0.000680735194,-0.03489217349,-0.007670720299,-0.01282051282,0.0009011038522,0.003164556962,0.01372868162,-0.01900503074,-0.006650332517,0.05415702817,-0.005066497783,-0.001806451613,0.008760506689,-0.02213541667,-0.02467487227,-0.01981633639,-0.007407407407,-0.02002945508,-0.03968655207,-0.02457466919,-0.009713636937,-0.02419354839,0.000256344527,-0.0446613428,0.000546000546,-0.03988509557,-0.0685109142,-0.01781926177,-0.002926609635,-0.009538002981,0.005647944776,-0.002307185234,-0.05331646485,-0.05358309736,-0.04627562411,-0.0038718761,-0.03042824944,-0.007928300586,0.01512287335
